ISO-10303-21;
HEADER;
FILE_DESCRIPTION(('KiCad electronic assembly'),'2;1');
FILE_NAME('PoseDoll_RevO3_distal4_narrow.step','2026-09-24T02:25:10',(
    'Pcbnew'),('Kicad'),'Open CASCADE STEP processor 7.9',
  'KiCad to STEP converter','Unknown');
FILE_SCHEMA(('AUTOMOTIVE_DESIGN { 1 0 10303 214 1 1 1 1 }'));
ENDSEC;
DATA;
#1 = APPLICATION_PROTOCOL_DEFINITION('international standard',
  'automotive_design',2000,#2);
#2 = APPLICATION_CONTEXT(
  'core data for automotive mechanical design processes');
#3 = SHAPE_DEFINITION_REPRESENTATION(#4,#10);
#4 = PRODUCT_DEFINITION_SHAPE('','',#5);
#5 = PRODUCT_DEFINITION('design','',#6,#9);
#6 = PRODUCT_DEFINITION_FORMATION('','',#7);
#7 = PRODUCT('PoseDoll_RevO3_distal4_narrow 1',
  'PoseDoll_RevO3_distal4_narrow 1','',(#8));
#8 = PRODUCT_CONTEXT('',#2,'mechanical');
#9 = PRODUCT_DEFINITION_CONTEXT('part definition',#2,'design');
#10 = SHAPE_REPRESENTATION('',(#11,#15,#19,#23,#27,#31,#35,#39,#43,#47,
    #51,#55,#59,#63,#67,#71,#75,#79,#83,#87,#91,#95,#99,#103,#107,#111,
    #115,#119,#123,#127,#131,#135,#139,#143,#147,#151,#155,#159,#163,
    #167,#171,#175,#179,#183,#187),#191);
#11 = AXIS2_PLACEMENT_3D('',#12,#13,#14);
#12 = CARTESIAN_POINT('',(0.,0.,0.));
#13 = DIRECTION('',(0.,0.,1.));
#14 = DIRECTION('',(1.,0.,-0.));
#15 = AXIS2_PLACEMENT_3D('',#16,#17,#18);
#16 = CARTESIAN_POINT('',(13.175,-5.475,1.194998));
#17 = DIRECTION('',(0.,-0.,1.));
#18 = DIRECTION('',(1.110223024625E-16,1.,0.));
#19 = AXIS2_PLACEMENT_3D('',#20,#21,#22);
#20 = CARTESIAN_POINT('',(5.475,-8.575,1.194998));
#21 = DIRECTION('',(0.,0.,1.));
#22 = DIRECTION('',(1.,0.,0.));
#23 = AXIS2_PLACEMENT_3D('',#24,#25,#26);
#24 = CARTESIAN_POINT('',(5.475,-3.175,1.194998));
#25 = DIRECTION('',(0.,0.,1.));
#26 = DIRECTION('',(1.,0.,0.));
#27 = AXIS2_PLACEMENT_3D('',#28,#29,#30);
#28 = CARTESIAN_POINT('',(13.175,-15.475,1.194998));
#29 = DIRECTION('',(0.,-0.,1.));
#30 = DIRECTION('',(1.110223024625E-16,1.,0.));
#31 = AXIS2_PLACEMENT_3D('',#32,#33,#34);
#32 = CARTESIAN_POINT('',(10.,-32.825,1.194998));
#33 = DIRECTION('',(0.,0.,1.));
#34 = DIRECTION('',(1.,0.,0.));
#35 = AXIS2_PLACEMENT_3D('',#36,#37,#38);
#36 = CARTESIAN_POINT('',(5.215,-10.185,-8.5E-02));
#37 = DIRECTION('',(0.,-1.224646799147E-16,-1.));
#38 = DIRECTION('',(1.,0.,0.));
#39 = AXIS2_PLACEMENT_3D('',#40,#41,#42);
#40 = CARTESIAN_POINT('',(5.215,-11.845,-8.5E-02));
#41 = DIRECTION('',(0.,-1.224646799147E-16,-1.));
#42 = DIRECTION('',(1.,0.,0.));
#43 = AXIS2_PLACEMENT_3D('',#44,#45,#46);
#44 = CARTESIAN_POINT('',(17.855,-8.525,-8.5E-02));
#45 = DIRECTION('',(0.,-1.224646799147E-16,-1.));
#46 = DIRECTION('',(1.,0.,0.));
#47 = AXIS2_PLACEMENT_3D('',#48,#49,#50);
#48 = CARTESIAN_POINT('',(5.215,-6.865,-8.5E-02));
#49 = DIRECTION('',(0.,-1.224646799147E-16,-1.));
#50 = DIRECTION('',(1.,0.,0.));
#51 = AXIS2_PLACEMENT_3D('',#52,#53,#54);
#52 = CARTESIAN_POINT('',(8.375,-8.525,-8.5E-02));
#53 = DIRECTION('',(0.,-1.224646799147E-16,-1.));
#54 = DIRECTION('',(1.,0.,0.));
#55 = AXIS2_PLACEMENT_3D('',#56,#57,#58);
#56 = CARTESIAN_POINT('',(8.375,-11.845,-8.5E-02));
#57 = DIRECTION('',(0.,-1.224646799147E-16,-1.));
#58 = DIRECTION('',(1.,0.,0.));
#59 = AXIS2_PLACEMENT_3D('',#60,#61,#62);
#60 = CARTESIAN_POINT('',(14.695,-6.865,-8.5E-02));
#61 = DIRECTION('',(0.,-1.224646799147E-16,-1.));
#62 = DIRECTION('',(1.,0.,0.));
#63 = AXIS2_PLACEMENT_3D('',#64,#65,#66);
#64 = CARTESIAN_POINT('',(17.855,-6.865,-8.5E-02));
#65 = DIRECTION('',(0.,-1.224646799147E-16,-1.));
#66 = DIRECTION('',(1.,0.,0.));
#67 = AXIS2_PLACEMENT_3D('',#68,#69,#70);
#68 = CARTESIAN_POINT('',(11.535,-8.525,-8.5E-02));
#69 = DIRECTION('',(0.,-1.224646799147E-16,-1.));
#70 = DIRECTION('',(1.,0.,0.));
#71 = AXIS2_PLACEMENT_3D('',#72,#73,#74);
#72 = CARTESIAN_POINT('',(2.055,-5.205,-8.5E-02));
#73 = DIRECTION('',(0.,-1.224646799147E-16,-1.));
#74 = DIRECTION('',(1.,0.,0.));
#75 = AXIS2_PLACEMENT_3D('',#76,#77,#78);
#76 = CARTESIAN_POINT('',(8.375,-10.185,-8.5E-02));
#77 = DIRECTION('',(0.,-1.224646799147E-16,-1.));
#78 = DIRECTION('',(1.,0.,0.));
#79 = AXIS2_PLACEMENT_3D('',#80,#81,#82);
#80 = CARTESIAN_POINT('',(11.535,-10.185,-8.5E-02));
#81 = DIRECTION('',(0.,-1.224646799147E-16,-1.));
#82 = DIRECTION('',(1.,0.,0.));
#83 = AXIS2_PLACEMENT_3D('',#84,#85,#86);
#84 = CARTESIAN_POINT('',(11.535,-11.845,-8.5E-02));
#85 = DIRECTION('',(0.,-1.224646799147E-16,-1.));
#86 = DIRECTION('',(1.,0.,0.));
#87 = AXIS2_PLACEMENT_3D('',#88,#89,#90);
#88 = CARTESIAN_POINT('',(14.695,-13.505,-8.5E-02));
#89 = DIRECTION('',(0.,-1.224646799147E-16,-1.));
#90 = DIRECTION('',(1.,0.,0.));
#91 = AXIS2_PLACEMENT_3D('',#92,#93,#94);
#92 = CARTESIAN_POINT('',(8.375,-5.205,-8.5E-02));
#93 = DIRECTION('',(0.,-1.224646799147E-16,-1.));
#94 = DIRECTION('',(1.,0.,0.));
#95 = AXIS2_PLACEMENT_3D('',#96,#97,#98);
#96 = CARTESIAN_POINT('',(8.375,-6.865,-8.5E-02));
#97 = DIRECTION('',(0.,-1.224646799147E-16,-1.));
#98 = DIRECTION('',(1.,0.,0.));
#99 = AXIS2_PLACEMENT_3D('',#100,#101,#102);
#100 = CARTESIAN_POINT('',(14.695,-8.525,-8.5E-02));
#101 = DIRECTION('',(0.,-1.224646799147E-16,-1.));
#102 = DIRECTION('',(1.,0.,0.));
#103 = AXIS2_PLACEMENT_3D('',#104,#105,#106);
#104 = CARTESIAN_POINT('',(2.055,-6.865,-8.5E-02));
#105 = DIRECTION('',(0.,-1.224646799147E-16,-1.));
#106 = DIRECTION('',(1.,0.,0.));
#107 = AXIS2_PLACEMENT_3D('',#108,#109,#110);
#108 = CARTESIAN_POINT('',(2.055,-10.185,-8.5E-02));
#109 = DIRECTION('',(0.,-1.224646799147E-16,-1.));
#110 = DIRECTION('',(1.,0.,0.));
#111 = AXIS2_PLACEMENT_3D('',#112,#113,#114);
#112 = CARTESIAN_POINT('',(2.055,-15.165,-8.5E-02));
#113 = DIRECTION('',(0.,-1.224646799147E-16,-1.));
#114 = DIRECTION('',(1.,0.,0.));
#115 = AXIS2_PLACEMENT_3D('',#116,#117,#118);
#116 = CARTESIAN_POINT('',(14.695,-10.185,-8.5E-02));
#117 = DIRECTION('',(0.,-1.224646799147E-16,-1.));
#118 = DIRECTION('',(1.,0.,0.));
#119 = AXIS2_PLACEMENT_3D('',#120,#121,#122);
#120 = CARTESIAN_POINT('',(14.695,-11.845,-8.5E-02));
#121 = DIRECTION('',(0.,-1.224646799147E-16,-1.));
#122 = DIRECTION('',(1.,0.,0.));
#123 = AXIS2_PLACEMENT_3D('',#124,#125,#126);
#124 = CARTESIAN_POINT('',(2.055,-11.845,-8.5E-02));
#125 = DIRECTION('',(0.,-1.224646799147E-16,-1.));
#126 = DIRECTION('',(1.,0.,0.));
#127 = AXIS2_PLACEMENT_3D('',#128,#129,#130);
#128 = CARTESIAN_POINT('',(5.215,-5.205,-8.5E-02));
#129 = DIRECTION('',(0.,-1.224646799147E-16,-1.));
#130 = DIRECTION('',(1.,0.,0.));
#131 = AXIS2_PLACEMENT_3D('',#132,#133,#134);
#132 = CARTESIAN_POINT('',(14.695,-5.205,-8.5E-02));
#133 = DIRECTION('',(0.,-1.224646799147E-16,-1.));
#134 = DIRECTION('',(1.,0.,0.));
#135 = AXIS2_PLACEMENT_3D('',#136,#137,#138);
#136 = CARTESIAN_POINT('',(17.855,-11.845,-8.5E-02));
#137 = DIRECTION('',(0.,-1.224646799147E-16,-1.));
#138 = DIRECTION('',(1.,0.,0.));
#139 = AXIS2_PLACEMENT_3D('',#140,#141,#142);
#140 = CARTESIAN_POINT('',(11.535,-6.865,-8.5E-02));
#141 = DIRECTION('',(0.,-1.224646799147E-16,-1.));
#142 = DIRECTION('',(1.,0.,0.));
#143 = AXIS2_PLACEMENT_3D('',#144,#145,#146);
#144 = CARTESIAN_POINT('',(8.375,-13.505,-8.5E-02));
#145 = DIRECTION('',(0.,-1.224646799147E-16,-1.));
#146 = DIRECTION('',(1.,0.,0.));
#147 = AXIS2_PLACEMENT_3D('',#148,#149,#150);
#148 = CARTESIAN_POINT('',(17.855,-13.505,-8.5E-02));
#149 = DIRECTION('',(0.,-1.224646799147E-16,-1.));
#150 = DIRECTION('',(1.,0.,0.));
#151 = AXIS2_PLACEMENT_3D('',#152,#153,#154);
#152 = CARTESIAN_POINT('',(2.055,-8.525,-8.5E-02));
#153 = DIRECTION('',(0.,-1.224646799147E-16,-1.));
#154 = DIRECTION('',(1.,0.,0.));
#155 = AXIS2_PLACEMENT_3D('',#156,#157,#158);
#156 = CARTESIAN_POINT('',(11.535,-13.505,-8.5E-02));
#157 = DIRECTION('',(0.,-1.224646799147E-16,-1.));
#158 = DIRECTION('',(1.,0.,0.));
#159 = AXIS2_PLACEMENT_3D('',#160,#161,#162);
#160 = CARTESIAN_POINT('',(17.855,-10.185,-8.5E-02));
#161 = DIRECTION('',(0.,-1.224646799147E-16,-1.));
#162 = DIRECTION('',(1.,0.,0.));
#163 = AXIS2_PLACEMENT_3D('',#164,#165,#166);
#164 = CARTESIAN_POINT('',(11.535,-5.205,-8.5E-02));
#165 = DIRECTION('',(0.,-1.224646799147E-16,-1.));
#166 = DIRECTION('',(1.,0.,0.));
#167 = AXIS2_PLACEMENT_3D('',#168,#169,#170);
#168 = CARTESIAN_POINT('',(2.055,-13.505,-8.5E-02));
#169 = DIRECTION('',(0.,-1.224646799147E-16,-1.));
#170 = DIRECTION('',(1.,0.,0.));
#171 = AXIS2_PLACEMENT_3D('',#172,#173,#174);
#172 = CARTESIAN_POINT('',(5.215,-15.165,-8.5E-02));
#173 = DIRECTION('',(0.,-1.224646799147E-16,-1.));
#174 = DIRECTION('',(1.,0.,0.));
#175 = AXIS2_PLACEMENT_3D('',#176,#177,#178);
#176 = CARTESIAN_POINT('',(5.215,-13.505,-8.5E-02));
#177 = DIRECTION('',(0.,-1.224646799147E-16,-1.));
#178 = DIRECTION('',(1.,0.,0.));
#179 = AXIS2_PLACEMENT_3D('',#180,#181,#182);
#180 = CARTESIAN_POINT('',(5.215,-8.525,-8.5E-02));
#181 = DIRECTION('',(0.,-1.224646799147E-16,-1.));
#182 = DIRECTION('',(1.,0.,0.));
#183 = AXIS2_PLACEMENT_3D('',#184,#185,#186);
#184 = CARTESIAN_POINT('',(17.855,-5.205,-8.5E-02));
#185 = DIRECTION('',(0.,-1.224646799147E-16,-1.));
#186 = DIRECTION('',(1.,0.,0.));
#187 = AXIS2_PLACEMENT_3D('',#188,#189,#190);
#188 = CARTESIAN_POINT('',(0.,0.,0.));
#189 = DIRECTION('',(0.,0.,1.));
#190 = DIRECTION('',(1.,0.,-0.));
#191 = ( GEOMETRIC_REPRESENTATION_CONTEXT(3) 
GLOBAL_UNCERTAINTY_ASSIGNED_CONTEXT((#195)) GLOBAL_UNIT_ASSIGNED_CONTEXT
((#192,#193,#194)) REPRESENTATION_CONTEXT('Context #1',
  '3D Context with UNIT and UNCERTAINTY') );
#192 = ( LENGTH_UNIT() NAMED_UNIT(*) SI_UNIT(.MILLI.,.METRE.) );
#193 = ( NAMED_UNIT(*) PLANE_ANGLE_UNIT() SI_UNIT($,.RADIAN.) );
#194 = ( NAMED_UNIT(*) SI_UNIT($,.STERADIAN.) SOLID_ANGLE_UNIT() );
#195 = UNCERTAINTY_MEASURE_WITH_UNIT(LENGTH_MEASURE(1.E-07),#192,
  'distance_accuracy_value','confusion accuracy');
#196 = PRODUCT_RELATED_PRODUCT_CATEGORY('part',$,(#7));
#197 = SHAPE_DEFINITION_REPRESENTATION(#198,#204);
#198 = PRODUCT_DEFINITION_SHAPE('','',#199);
#199 = PRODUCT_DEFINITION('design','',#200,#203);
#200 = PRODUCT_DEFINITION_FORMATION('','',#201);
#201 = PRODUCT('JST_SH_BM06B-SRSS-TB_1x06-1MP_P1.00mm_Vertical',
  'JST_SH_BM06B-SRSS-TB_1x06-1MP_P1.00mm_Vertical','',(#202));
#202 = PRODUCT_CONTEXT('',#2,'mechanical');
#203 = PRODUCT_DEFINITION_CONTEXT('part definition',#2,'design');
#204 = SHAPE_REPRESENTATION('',(#11,#205),#209);
#205 = AXIS2_PLACEMENT_3D('',#206,#207,#208);
#206 = CARTESIAN_POINT('',(0.,0.,0.));
#207 = DIRECTION('',(0.,0.,1.));
#208 = DIRECTION('',(1.,0.,-0.));
#209 = ( GEOMETRIC_REPRESENTATION_CONTEXT(3) 
GLOBAL_UNCERTAINTY_ASSIGNED_CONTEXT((#213)) GLOBAL_UNIT_ASSIGNED_CONTEXT
((#210,#211,#212)) REPRESENTATION_CONTEXT('Context #1',
  '3D Context with UNIT and UNCERTAINTY') );
#210 = ( LENGTH_UNIT() NAMED_UNIT(*) SI_UNIT(.MILLI.,.METRE.) );
#211 = ( NAMED_UNIT(*) PLANE_ANGLE_UNIT() SI_UNIT($,.RADIAN.) );
#212 = ( NAMED_UNIT(*) SI_UNIT($,.STERADIAN.) SOLID_ANGLE_UNIT() );
#213 = UNCERTAINTY_MEASURE_WITH_UNIT(LENGTH_MEASURE(1.E-07),#210,
  'distance_accuracy_value','confusion accuracy');
#214 = CONTEXT_DEPENDENT_SHAPE_REPRESENTATION(#215,#217);
#215 = ( REPRESENTATION_RELATIONSHIP('','',#204,#10) 
REPRESENTATION_RELATIONSHIP_WITH_TRANSFORMATION(#216) 
SHAPE_REPRESENTATION_RELATIONSHIP() );
#216 = ITEM_DEFINED_TRANSFORMATION('','',#11,#15);
#217 = PRODUCT_DEFINITION_SHAPE('Placement','Placement of an item',#218
  );
#218 = NEXT_ASSEMBLY_USAGE_OCCURRENCE('2','J17','',#5,#199,$);
#219 = PRODUCT_RELATED_PRODUCT_CATEGORY('part',$,(#201));
#220 = SHAPE_DEFINITION_REPRESENTATION(#221,#227);
#221 = PRODUCT_DEFINITION_SHAPE('','',#222);
#222 = PRODUCT_DEFINITION('design','',#223,#226);
#223 = PRODUCT_DEFINITION_FORMATION('','',#224);
#224 = PRODUCT('JST_SH_BM06B-SRSS-TB_1x06-1MP_P1.00mm_Vertical',
  'JST_SH_BM06B-SRSS-TB_1x06-1MP_P1.00mm_Vertical','',(#225));
#225 = PRODUCT_CONTEXT('',#2,'mechanical');
#226 = PRODUCT_DEFINITION_CONTEXT('part definition',#2,'design');
#227 = ADVANCED_BREP_SHAPE_REPRESENTATION('',(#11,#228),#3808);
#228 = MANIFOLD_SOLID_BREP('',#229);
#229 = CLOSED_SHELL('',(#230,#334,#589,#613,#637,#661,#685,#830,#902,
    #934,#958,#982,#1006,#1200,#1272,#1296,#1329,#1343,#1383,#1407,#1440
    ,#1480,#1504,#1537,#1577,#1601,#1634,#1674,#1698,#1731,#1771,#1795,
    #1828,#1868,#1892,#1925,#1942,#1996,#2020,#2044,#2061,#2085,#2132,
    #2156,#2180,#2197,#2214,#2237,#2276,#2301,#2317,#2356,#2373,#2400,
    #2424,#2441,#2465,#2489,#2513,#2530,#2547,#2564,#2581,#2598,#2615,
    #2632,#2644,#2668,#2685,#2702,#2714,#2731,#2743,#2760,#2772,#2789,
    #2801,#2818,#2830,#2847,#2859,#2871,#3087,#3099,#3116,#3133,#3148,
    #3160,#3191,#3215,#3239,#3256,#3287,#3311,#3335,#3352,#3383,#3407,
    #3431,#3448,#3479,#3503,#3527,#3544,#3575,#3599,#3623,#3640,#3671,
    #3695,#3719,#3736,#3748,#3760,#3772,#3784,#3796));
#230 = ADVANCED_FACE('',(#231),#329,.F.);
#231 = FACE_BOUND('',#232,.F.);
#232 = EDGE_LOOP('',(#233,#243,#251,#259,#267,#275,#283,#291,#299,#307,
    #315,#323));
#233 = ORIENTED_EDGE('',*,*,#234,.F.);
#234 = EDGE_CURVE('',#235,#237,#239,.T.);
#235 = VERTEX_POINT('',#236);
#236 = CARTESIAN_POINT('',(-4.,-1.1,7.E-02));
#237 = VERTEX_POINT('',#238);
#238 = CARTESIAN_POINT('',(-4.,-1.1,2.82));
#239 = LINE('',#240,#241);
#240 = CARTESIAN_POINT('',(-4.,-1.1,7.E-02));
#241 = VECTOR('',#242,1.);
#242 = DIRECTION('',(0.,0.,1.));
#243 = ORIENTED_EDGE('',*,*,#244,.T.);
#244 = EDGE_CURVE('',#235,#245,#247,.T.);
#245 = VERTEX_POINT('',#246);
#246 = CARTESIAN_POINT('',(-4.,0.3,7.E-02));
#247 = LINE('',#248,#249);
#248 = CARTESIAN_POINT('',(-4.,-1.1,7.E-02));
#249 = VECTOR('',#250,1.);
#250 = DIRECTION('',(0.,1.,0.));
#251 = ORIENTED_EDGE('',*,*,#252,.T.);
#252 = EDGE_CURVE('',#245,#253,#255,.T.);
#253 = VERTEX_POINT('',#254);
#254 = CARTESIAN_POINT('',(-4.,0.3,0.62));
#255 = LINE('',#256,#257);
#256 = CARTESIAN_POINT('',(-4.,0.3,7.E-02));
#257 = VECTOR('',#258,1.);
#258 = DIRECTION('',(0.,0.,1.));
#259 = ORIENTED_EDGE('',*,*,#260,.T.);
#260 = EDGE_CURVE('',#253,#261,#263,.T.);
#261 = VERTEX_POINT('',#262);
#262 = CARTESIAN_POINT('',(-4.,1.3,0.62));
#263 = LINE('',#264,#265);
#264 = CARTESIAN_POINT('',(-4.,0.3,0.62));
#265 = VECTOR('',#266,1.);
#266 = DIRECTION('',(0.,1.,0.));
#267 = ORIENTED_EDGE('',*,*,#268,.T.);
#268 = EDGE_CURVE('',#261,#269,#271,.T.);
#269 = VERTEX_POINT('',#270);
#270 = CARTESIAN_POINT('',(-4.,1.3,1.27));
#271 = LINE('',#272,#273);
#272 = CARTESIAN_POINT('',(-4.,1.3,0.62));
#273 = VECTOR('',#274,1.);
#274 = DIRECTION('',(0.,0.,1.));
#275 = ORIENTED_EDGE('',*,*,#276,.T.);
#276 = EDGE_CURVE('',#269,#277,#279,.T.);
#277 = VERTEX_POINT('',#278);
#278 = CARTESIAN_POINT('',(-4.,1.8,1.559));
#279 = LINE('',#280,#281);
#280 = CARTESIAN_POINT('',(-4.,1.3,1.27));
#281 = VECTOR('',#282,1.);
#282 = DIRECTION('',(0.,0.865781720524,0.500421834463));
#283 = ORIENTED_EDGE('',*,*,#284,.T.);
#284 = EDGE_CURVE('',#277,#285,#287,.T.);
#285 = VERTEX_POINT('',#286);
#286 = CARTESIAN_POINT('',(-4.,1.8,4.32));
#287 = LINE('',#288,#289);
#288 = CARTESIAN_POINT('',(-4.,1.8,7.E-02));
#289 = VECTOR('',#290,1.);
#290 = DIRECTION('',(0.,0.,1.));
#291 = ORIENTED_EDGE('',*,*,#292,.F.);
#292 = EDGE_CURVE('',#293,#285,#295,.T.);
#293 = VERTEX_POINT('',#294);
#294 = CARTESIAN_POINT('',(-4.,0.1,4.32));
#295 = LINE('',#296,#297);
#296 = CARTESIAN_POINT('',(-4.,-1.1,4.32));
#297 = VECTOR('',#298,1.);
#298 = DIRECTION('',(0.,1.,0.));
#299 = ORIENTED_EDGE('',*,*,#300,.T.);
#300 = EDGE_CURVE('',#293,#301,#303,.T.);
#301 = VERTEX_POINT('',#302);
#302 = CARTESIAN_POINT('',(-4.,0.1,3.82));
#303 = LINE('',#304,#305);
#304 = CARTESIAN_POINT('',(-4.,0.1,4.32));
#305 = VECTOR('',#306,1.);
#306 = DIRECTION('',(0.,0.,-1.));
#307 = ORIENTED_EDGE('',*,*,#308,.T.);
#308 = EDGE_CURVE('',#301,#309,#311,.T.);
#309 = VERTEX_POINT('',#310);
#310 = CARTESIAN_POINT('',(-4.,-0.55,3.82));
#311 = LINE('',#312,#313);
#312 = CARTESIAN_POINT('',(-4.,0.1,3.82));
#313 = VECTOR('',#314,1.);
#314 = DIRECTION('',(0.,-1.,0.));
#315 = ORIENTED_EDGE('',*,*,#316,.T.);
#316 = EDGE_CURVE('',#309,#317,#319,.T.);
#317 = VERTEX_POINT('',#318);
#318 = CARTESIAN_POINT('',(-4.,-0.55,2.82));
#319 = LINE('',#320,#321);
#320 = CARTESIAN_POINT('',(-4.,-0.55,3.82));
#321 = VECTOR('',#322,1.);
#322 = DIRECTION('',(0.,0.,-1.));
#323 = ORIENTED_EDGE('',*,*,#324,.T.);
#324 = EDGE_CURVE('',#317,#237,#325,.T.);
#325 = LINE('',#326,#327);
#326 = CARTESIAN_POINT('',(-4.,-0.55,2.82));
#327 = VECTOR('',#328,1.);
#328 = DIRECTION('',(0.,-1.,0.));
#329 = PLANE('',#330);
#330 = AXIS2_PLACEMENT_3D('',#331,#332,#333);
#331 = CARTESIAN_POINT('',(-4.,-1.1,7.E-02));
#332 = DIRECTION('',(1.,0.,0.));
#333 = DIRECTION('',(0.,0.,1.));
#334 = ADVANCED_FACE('',(#335),#584,.F.);
#335 = FACE_BOUND('',#336,.F.);
#336 = EDGE_LOOP('',(#337,#347,#355,#363,#371,#379,#387,#395,#403,#411,
    #419,#427,#435,#443,#451,#459,#467,#475,#483,#491,#499,#507,#515,
    #523,#531,#539,#545,#546,#554,#562,#570,#578));
#337 = ORIENTED_EDGE('',*,*,#338,.F.);
#338 = EDGE_CURVE('',#339,#341,#343,.T.);
#339 = VERTEX_POINT('',#340);
#340 = CARTESIAN_POINT('',(4.,-1.1,7.E-02));
#341 = VERTEX_POINT('',#342);
#342 = CARTESIAN_POINT('',(4.,-1.1,2.82));
#343 = LINE('',#344,#345);
#344 = CARTESIAN_POINT('',(4.,-1.1,7.E-02));
#345 = VECTOR('',#346,1.);
#346 = DIRECTION('',(0.,0.,1.));
#347 = ORIENTED_EDGE('',*,*,#348,.F.);
#348 = EDGE_CURVE('',#349,#339,#351,.T.);
#349 = VERTEX_POINT('',#350);
#350 = CARTESIAN_POINT('',(2.6,-1.1,7.E-02));
#351 = LINE('',#352,#353);
#352 = CARTESIAN_POINT('',(-4.,-1.1,7.E-02));
#353 = VECTOR('',#354,1.);
#354 = DIRECTION('',(1.,0.,0.));
#355 = ORIENTED_EDGE('',*,*,#356,.F.);
#356 = EDGE_CURVE('',#357,#349,#359,.T.);
#357 = VERTEX_POINT('',#358);
#358 = CARTESIAN_POINT('',(2.6,-1.1,0.2));
#359 = LINE('',#360,#361);
#360 = CARTESIAN_POINT('',(2.6,-1.1,0.2));
#361 = VECTOR('',#362,1.);
#362 = DIRECTION('',(0.,0.,-1.));
#363 = ORIENTED_EDGE('',*,*,#364,.F.);
#364 = EDGE_CURVE('',#365,#357,#367,.T.);
#365 = VERTEX_POINT('',#366);
#366 = CARTESIAN_POINT('',(2.4,-1.1,0.2));
#367 = LINE('',#368,#369);
#368 = CARTESIAN_POINT('',(2.4,-1.1,0.2));
#369 = VECTOR('',#370,1.);
#370 = DIRECTION('',(1.,0.,0.));
#371 = ORIENTED_EDGE('',*,*,#372,.T.);
#372 = EDGE_CURVE('',#365,#373,#375,.T.);
#373 = VERTEX_POINT('',#374);
#374 = CARTESIAN_POINT('',(2.4,-1.1,7.E-02));
#375 = LINE('',#376,#377);
#376 = CARTESIAN_POINT('',(2.4,-1.1,0.2));
#377 = VECTOR('',#378,1.);
#378 = DIRECTION('',(0.,0.,-1.));
#379 = ORIENTED_EDGE('',*,*,#380,.F.);
#380 = EDGE_CURVE('',#381,#373,#383,.T.);
#381 = VERTEX_POINT('',#382);
#382 = CARTESIAN_POINT('',(1.6,-1.1,7.E-02));
#383 = LINE('',#384,#385);
#384 = CARTESIAN_POINT('',(-4.,-1.1,7.E-02));
#385 = VECTOR('',#386,1.);
#386 = DIRECTION('',(1.,0.,0.));
#387 = ORIENTED_EDGE('',*,*,#388,.F.);
#388 = EDGE_CURVE('',#389,#381,#391,.T.);
#389 = VERTEX_POINT('',#390);
#390 = CARTESIAN_POINT('',(1.6,-1.1,0.2));
#391 = LINE('',#392,#393);
#392 = CARTESIAN_POINT('',(1.6,-1.1,0.2));
#393 = VECTOR('',#394,1.);
#394 = DIRECTION('',(0.,0.,-1.));
#395 = ORIENTED_EDGE('',*,*,#396,.F.);
#396 = EDGE_CURVE('',#397,#389,#399,.T.);
#397 = VERTEX_POINT('',#398);
#398 = CARTESIAN_POINT('',(1.4,-1.1,0.2));
#399 = LINE('',#400,#401);
#400 = CARTESIAN_POINT('',(1.4,-1.1,0.2));
#401 = VECTOR('',#402,1.);
#402 = DIRECTION('',(1.,0.,0.));
#403 = ORIENTED_EDGE('',*,*,#404,.T.);
#404 = EDGE_CURVE('',#397,#405,#407,.T.);
#405 = VERTEX_POINT('',#406);
#406 = CARTESIAN_POINT('',(1.4,-1.1,7.E-02));
#407 = LINE('',#408,#409);
#408 = CARTESIAN_POINT('',(1.4,-1.1,0.2));
#409 = VECTOR('',#410,1.);
#410 = DIRECTION('',(0.,0.,-1.));
#411 = ORIENTED_EDGE('',*,*,#412,.F.);
#412 = EDGE_CURVE('',#413,#405,#415,.T.);
#413 = VERTEX_POINT('',#414);
#414 = CARTESIAN_POINT('',(0.6,-1.1,7.E-02));
#415 = LINE('',#416,#417);
#416 = CARTESIAN_POINT('',(-4.,-1.1,7.E-02));
#417 = VECTOR('',#418,1.);
#418 = DIRECTION('',(1.,0.,0.));
#419 = ORIENTED_EDGE('',*,*,#420,.F.);
#420 = EDGE_CURVE('',#421,#413,#423,.T.);
#421 = VERTEX_POINT('',#422);
#422 = CARTESIAN_POINT('',(0.6,-1.1,0.2));
#423 = LINE('',#424,#425);
#424 = CARTESIAN_POINT('',(0.6,-1.1,0.2));
#425 = VECTOR('',#426,1.);
#426 = DIRECTION('',(0.,0.,-1.));
#427 = ORIENTED_EDGE('',*,*,#428,.F.);
#428 = EDGE_CURVE('',#429,#421,#431,.T.);
#429 = VERTEX_POINT('',#430);
#430 = CARTESIAN_POINT('',(0.4,-1.1,0.2));
#431 = LINE('',#432,#433);
#432 = CARTESIAN_POINT('',(0.4,-1.1,0.2));
#433 = VECTOR('',#434,1.);
#434 = DIRECTION('',(1.,0.,0.));
#435 = ORIENTED_EDGE('',*,*,#436,.T.);
#436 = EDGE_CURVE('',#429,#437,#439,.T.);
#437 = VERTEX_POINT('',#438);
#438 = CARTESIAN_POINT('',(0.4,-1.1,7.E-02));
#439 = LINE('',#440,#441);
#440 = CARTESIAN_POINT('',(0.4,-1.1,0.2));
#441 = VECTOR('',#442,1.);
#442 = DIRECTION('',(0.,0.,-1.));
#443 = ORIENTED_EDGE('',*,*,#444,.F.);
#444 = EDGE_CURVE('',#445,#437,#447,.T.);
#445 = VERTEX_POINT('',#446);
#446 = CARTESIAN_POINT('',(-0.4,-1.1,7.E-02));
#447 = LINE('',#448,#449);
#448 = CARTESIAN_POINT('',(-4.,-1.1,7.E-02));
#449 = VECTOR('',#450,1.);
#450 = DIRECTION('',(1.,0.,0.));
#451 = ORIENTED_EDGE('',*,*,#452,.F.);
#452 = EDGE_CURVE('',#453,#445,#455,.T.);
#453 = VERTEX_POINT('',#454);
#454 = CARTESIAN_POINT('',(-0.4,-1.1,0.2));
#455 = LINE('',#456,#457);
#456 = CARTESIAN_POINT('',(-0.4,-1.1,0.2));
#457 = VECTOR('',#458,1.);
#458 = DIRECTION('',(0.,0.,-1.));
#459 = ORIENTED_EDGE('',*,*,#460,.F.);
#460 = EDGE_CURVE('',#461,#453,#463,.T.);
#461 = VERTEX_POINT('',#462);
#462 = CARTESIAN_POINT('',(-0.6,-1.1,0.2));
#463 = LINE('',#464,#465);
#464 = CARTESIAN_POINT('',(-0.6,-1.1,0.2));
#465 = VECTOR('',#466,1.);
#466 = DIRECTION('',(1.,0.,0.));
#467 = ORIENTED_EDGE('',*,*,#468,.T.);
#468 = EDGE_CURVE('',#461,#469,#471,.T.);
#469 = VERTEX_POINT('',#470);
#470 = CARTESIAN_POINT('',(-0.6,-1.1,7.E-02));
#471 = LINE('',#472,#473);
#472 = CARTESIAN_POINT('',(-0.6,-1.1,0.2));
#473 = VECTOR('',#474,1.);
#474 = DIRECTION('',(0.,0.,-1.));
#475 = ORIENTED_EDGE('',*,*,#476,.F.);
#476 = EDGE_CURVE('',#477,#469,#479,.T.);
#477 = VERTEX_POINT('',#478);
#478 = CARTESIAN_POINT('',(-1.4,-1.1,7.E-02));
#479 = LINE('',#480,#481);
#480 = CARTESIAN_POINT('',(-4.,-1.1,7.E-02));
#481 = VECTOR('',#482,1.);
#482 = DIRECTION('',(1.,0.,0.));
#483 = ORIENTED_EDGE('',*,*,#484,.F.);
#484 = EDGE_CURVE('',#485,#477,#487,.T.);
#485 = VERTEX_POINT('',#486);
#486 = CARTESIAN_POINT('',(-1.4,-1.1,0.2));
#487 = LINE('',#488,#489);
#488 = CARTESIAN_POINT('',(-1.4,-1.1,0.2));
#489 = VECTOR('',#490,1.);
#490 = DIRECTION('',(0.,0.,-1.));
#491 = ORIENTED_EDGE('',*,*,#492,.F.);
#492 = EDGE_CURVE('',#493,#485,#495,.T.);
#493 = VERTEX_POINT('',#494);
#494 = CARTESIAN_POINT('',(-1.6,-1.1,0.2));
#495 = LINE('',#496,#497);
#496 = CARTESIAN_POINT('',(-1.6,-1.1,0.2));
#497 = VECTOR('',#498,1.);
#498 = DIRECTION('',(1.,0.,0.));
#499 = ORIENTED_EDGE('',*,*,#500,.T.);
#500 = EDGE_CURVE('',#493,#501,#503,.T.);
#501 = VERTEX_POINT('',#502);
#502 = CARTESIAN_POINT('',(-1.6,-1.1,7.E-02));
#503 = LINE('',#504,#505);
#504 = CARTESIAN_POINT('',(-1.6,-1.1,0.2));
#505 = VECTOR('',#506,1.);
#506 = DIRECTION('',(0.,0.,-1.));
#507 = ORIENTED_EDGE('',*,*,#508,.F.);
#508 = EDGE_CURVE('',#509,#501,#511,.T.);
#509 = VERTEX_POINT('',#510);
#510 = CARTESIAN_POINT('',(-2.4,-1.1,7.E-02));
#511 = LINE('',#512,#513);
#512 = CARTESIAN_POINT('',(-4.,-1.1,7.E-02));
#513 = VECTOR('',#514,1.);
#514 = DIRECTION('',(1.,0.,0.));
#515 = ORIENTED_EDGE('',*,*,#516,.F.);
#516 = EDGE_CURVE('',#517,#509,#519,.T.);
#517 = VERTEX_POINT('',#518);
#518 = CARTESIAN_POINT('',(-2.4,-1.1,0.2));
#519 = LINE('',#520,#521);
#520 = CARTESIAN_POINT('',(-2.4,-1.1,0.2));
#521 = VECTOR('',#522,1.);
#522 = DIRECTION('',(0.,0.,-1.));
#523 = ORIENTED_EDGE('',*,*,#524,.F.);
#524 = EDGE_CURVE('',#525,#517,#527,.T.);
#525 = VERTEX_POINT('',#526);
#526 = CARTESIAN_POINT('',(-2.6,-1.1,0.2));
#527 = LINE('',#528,#529);
#528 = CARTESIAN_POINT('',(-2.6,-1.1,0.2));
#529 = VECTOR('',#530,1.);
#530 = DIRECTION('',(1.,0.,0.));
#531 = ORIENTED_EDGE('',*,*,#532,.T.);
#532 = EDGE_CURVE('',#525,#533,#535,.T.);
#533 = VERTEX_POINT('',#534);
#534 = CARTESIAN_POINT('',(-2.6,-1.1,7.E-02));
#535 = LINE('',#536,#537);
#536 = CARTESIAN_POINT('',(-2.6,-1.1,0.2));
#537 = VECTOR('',#538,1.);
#538 = DIRECTION('',(0.,0.,-1.));
#539 = ORIENTED_EDGE('',*,*,#540,.F.);
#540 = EDGE_CURVE('',#235,#533,#541,.T.);
#541 = LINE('',#542,#543);
#542 = CARTESIAN_POINT('',(-4.,-1.1,7.E-02));
#543 = VECTOR('',#544,1.);
#544 = DIRECTION('',(1.,0.,0.));
#545 = ORIENTED_EDGE('',*,*,#234,.T.);
#546 = ORIENTED_EDGE('',*,*,#547,.T.);
#547 = EDGE_CURVE('',#237,#548,#550,.T.);
#548 = VERTEX_POINT('',#549);
#549 = CARTESIAN_POINT('',(-3.5,-1.1,2.82));
#550 = LINE('',#551,#552);
#551 = CARTESIAN_POINT('',(-4.,-1.1,2.82));
#552 = VECTOR('',#553,1.);
#553 = DIRECTION('',(1.,0.,0.));
#554 = ORIENTED_EDGE('',*,*,#555,.T.);
#555 = EDGE_CURVE('',#548,#556,#558,.T.);
#556 = VERTEX_POINT('',#557);
#557 = CARTESIAN_POINT('',(-3.5,-1.1,4.32));
#558 = LINE('',#559,#560);
#559 = CARTESIAN_POINT('',(-3.5,-1.1,2.82));
#560 = VECTOR('',#561,1.);
#561 = DIRECTION('',(0.,1.480297366167E-16,1.));
#562 = ORIENTED_EDGE('',*,*,#563,.T.);
#563 = EDGE_CURVE('',#556,#564,#566,.T.);
#564 = VERTEX_POINT('',#565);
#565 = CARTESIAN_POINT('',(3.5,-1.1,4.32));
#566 = LINE('',#567,#568);
#567 = CARTESIAN_POINT('',(-4.,-1.1,4.32));
#568 = VECTOR('',#569,1.);
#569 = DIRECTION('',(1.,0.,0.));
#570 = ORIENTED_EDGE('',*,*,#571,.F.);
#571 = EDGE_CURVE('',#572,#564,#574,.T.);
#572 = VERTEX_POINT('',#573);
#573 = CARTESIAN_POINT('',(3.5,-1.1,2.82));
#574 = LINE('',#575,#576);
#575 = CARTESIAN_POINT('',(3.5,-1.1,2.82));
#576 = VECTOR('',#577,1.);
#577 = DIRECTION('',(0.,1.480297366167E-16,1.));
#578 = ORIENTED_EDGE('',*,*,#579,.T.);
#579 = EDGE_CURVE('',#572,#341,#580,.T.);
#580 = LINE('',#581,#582);
#581 = CARTESIAN_POINT('',(3.5,-1.1,2.82));
#582 = VECTOR('',#583,1.);
#583 = DIRECTION('',(1.,0.,0.));
#584 = PLANE('',#585);
#585 = AXIS2_PLACEMENT_3D('',#586,#587,#588);
#586 = CARTESIAN_POINT('',(-4.,-1.1,7.E-02));
#587 = DIRECTION('',(0.,1.,0.));
#588 = DIRECTION('',(0.,-0.,1.));
#589 = ADVANCED_FACE('',(#590),#608,.F.);
#590 = FACE_BOUND('',#591,.F.);
#591 = EDGE_LOOP('',(#592,#600,#606,#607));
#592 = ORIENTED_EDGE('',*,*,#593,.T.);
#593 = EDGE_CURVE('',#317,#594,#596,.T.);
#594 = VERTEX_POINT('',#595);
#595 = CARTESIAN_POINT('',(-3.5,-0.55,2.82));
#596 = LINE('',#597,#598);
#597 = CARTESIAN_POINT('',(-4.,-0.55,2.82));
#598 = VECTOR('',#599,1.);
#599 = DIRECTION('',(1.,0.,0.));
#600 = ORIENTED_EDGE('',*,*,#601,.T.);
#601 = EDGE_CURVE('',#594,#548,#602,.T.);
#602 = LINE('',#603,#604);
#603 = CARTESIAN_POINT('',(-3.5,-0.55,2.82));
#604 = VECTOR('',#605,1.);
#605 = DIRECTION('',(0.,-1.,0.));
#606 = ORIENTED_EDGE('',*,*,#547,.F.);
#607 = ORIENTED_EDGE('',*,*,#324,.F.);
#608 = PLANE('',#609);
#609 = AXIS2_PLACEMENT_3D('',#610,#611,#612);
#610 = CARTESIAN_POINT('',(-4.,-0.55,2.82));
#611 = DIRECTION('',(0.,0.,-1.));
#612 = DIRECTION('',(0.,-1.,0.));
#613 = ADVANCED_FACE('',(#614),#632,.F.);
#614 = FACE_BOUND('',#615,.F.);
#615 = EDGE_LOOP('',(#616,#624,#630,#631));
#616 = ORIENTED_EDGE('',*,*,#617,.T.);
#617 = EDGE_CURVE('',#309,#618,#620,.T.);
#618 = VERTEX_POINT('',#619);
#619 = CARTESIAN_POINT('',(-3.5,-0.55,3.82));
#620 = LINE('',#621,#622);
#621 = CARTESIAN_POINT('',(-4.,-0.55,3.82));
#622 = VECTOR('',#623,1.);
#623 = DIRECTION('',(1.,0.,0.));
#624 = ORIENTED_EDGE('',*,*,#625,.T.);
#625 = EDGE_CURVE('',#618,#594,#626,.T.);
#626 = LINE('',#627,#628);
#627 = CARTESIAN_POINT('',(-3.5,-0.55,3.82));
#628 = VECTOR('',#629,1.);
#629 = DIRECTION('',(0.,0.,-1.));
#630 = ORIENTED_EDGE('',*,*,#593,.F.);
#631 = ORIENTED_EDGE('',*,*,#316,.F.);
#632 = PLANE('',#633);
#633 = AXIS2_PLACEMENT_3D('',#634,#635,#636);
#634 = CARTESIAN_POINT('',(-4.,-0.55,3.82));
#635 = DIRECTION('',(0.,1.,0.));
#636 = DIRECTION('',(0.,0.,-1.));
#637 = ADVANCED_FACE('',(#638),#656,.F.);
#638 = FACE_BOUND('',#639,.F.);
#639 = EDGE_LOOP('',(#640,#648,#654,#655));
#640 = ORIENTED_EDGE('',*,*,#641,.T.);
#641 = EDGE_CURVE('',#301,#642,#644,.T.);
#642 = VERTEX_POINT('',#643);
#643 = CARTESIAN_POINT('',(-3.5,0.1,3.82));
#644 = LINE('',#645,#646);
#645 = CARTESIAN_POINT('',(-4.,0.1,3.82));
#646 = VECTOR('',#647,1.);
#647 = DIRECTION('',(1.,0.,0.));
#648 = ORIENTED_EDGE('',*,*,#649,.T.);
#649 = EDGE_CURVE('',#642,#618,#650,.T.);
#650 = LINE('',#651,#652);
#651 = CARTESIAN_POINT('',(-3.5,0.1,3.82));
#652 = VECTOR('',#653,1.);
#653 = DIRECTION('',(0.,-1.,0.));
#654 = ORIENTED_EDGE('',*,*,#617,.F.);
#655 = ORIENTED_EDGE('',*,*,#308,.F.);
#656 = PLANE('',#657);
#657 = AXIS2_PLACEMENT_3D('',#658,#659,#660);
#658 = CARTESIAN_POINT('',(-4.,0.1,3.82));
#659 = DIRECTION('',(0.,0.,-1.));
#660 = DIRECTION('',(0.,-1.,0.));
#661 = ADVANCED_FACE('',(#662),#680,.F.);
#662 = FACE_BOUND('',#663,.F.);
#663 = EDGE_LOOP('',(#664,#672,#678,#679));
#664 = ORIENTED_EDGE('',*,*,#665,.T.);
#665 = EDGE_CURVE('',#293,#666,#668,.T.);
#666 = VERTEX_POINT('',#667);
#667 = CARTESIAN_POINT('',(-3.5,0.1,4.32));
#668 = LINE('',#669,#670);
#669 = CARTESIAN_POINT('',(-4.,0.1,4.32));
#670 = VECTOR('',#671,1.);
#671 = DIRECTION('',(1.,0.,0.));
#672 = ORIENTED_EDGE('',*,*,#673,.T.);
#673 = EDGE_CURVE('',#666,#642,#674,.T.);
#674 = LINE('',#675,#676);
#675 = CARTESIAN_POINT('',(-3.5,0.1,4.32));
#676 = VECTOR('',#677,1.);
#677 = DIRECTION('',(0.,0.,-1.));
#678 = ORIENTED_EDGE('',*,*,#641,.F.);
#679 = ORIENTED_EDGE('',*,*,#300,.F.);
#680 = PLANE('',#681);
#681 = AXIS2_PLACEMENT_3D('',#682,#683,#684);
#682 = CARTESIAN_POINT('',(-4.,0.1,4.32));
#683 = DIRECTION('',(0.,1.,0.));
#684 = DIRECTION('',(0.,0.,-1.));
#685 = ADVANCED_FACE('',(#686,#727),#825,.T.);
#686 = FACE_BOUND('',#687,.T.);
#687 = EDGE_LOOP('',(#688,#689,#690,#696,#697,#705,#713,#721));
#688 = ORIENTED_EDGE('',*,*,#292,.F.);
#689 = ORIENTED_EDGE('',*,*,#665,.T.);
#690 = ORIENTED_EDGE('',*,*,#691,.F.);
#691 = EDGE_CURVE('',#556,#666,#692,.T.);
#692 = LINE('',#693,#694);
#693 = CARTESIAN_POINT('',(-3.5,-1.1,4.32));
#694 = VECTOR('',#695,1.);
#695 = DIRECTION('',(0.,1.,0.));
#696 = ORIENTED_EDGE('',*,*,#563,.T.);
#697 = ORIENTED_EDGE('',*,*,#698,.T.);
#698 = EDGE_CURVE('',#564,#699,#701,.T.);
#699 = VERTEX_POINT('',#700);
#700 = CARTESIAN_POINT('',(3.5,0.1,4.32));
#701 = LINE('',#702,#703);
#702 = CARTESIAN_POINT('',(3.5,-1.1,4.32));
#703 = VECTOR('',#704,1.);
#704 = DIRECTION('',(0.,1.,0.));
#705 = ORIENTED_EDGE('',*,*,#706,.T.);
#706 = EDGE_CURVE('',#699,#707,#709,.T.);
#707 = VERTEX_POINT('',#708);
#708 = CARTESIAN_POINT('',(4.,0.1,4.32));
#709 = LINE('',#710,#711);
#710 = CARTESIAN_POINT('',(3.5,0.1,4.32));
#711 = VECTOR('',#712,1.);
#712 = DIRECTION('',(1.,0.,0.));
#713 = ORIENTED_EDGE('',*,*,#714,.T.);
#714 = EDGE_CURVE('',#707,#715,#717,.T.);
#715 = VERTEX_POINT('',#716);
#716 = CARTESIAN_POINT('',(4.,1.8,4.32));
#717 = LINE('',#718,#719);
#718 = CARTESIAN_POINT('',(4.,-1.1,4.32));
#719 = VECTOR('',#720,1.);
#720 = DIRECTION('',(0.,1.,0.));
#721 = ORIENTED_EDGE('',*,*,#722,.F.);
#722 = EDGE_CURVE('',#285,#715,#723,.T.);
#723 = LINE('',#724,#725);
#724 = CARTESIAN_POINT('',(-4.,1.8,4.32));
#725 = VECTOR('',#726,1.);
#726 = DIRECTION('',(1.,0.,0.));
#727 = FACE_BOUND('',#728,.T.);
#728 = EDGE_LOOP('',(#729,#739,#747,#755,#763,#771,#779,#787,#795,#803,
    #811,#819));
#729 = ORIENTED_EDGE('',*,*,#730,.F.);
#730 = EDGE_CURVE('',#731,#733,#735,.T.);
#731 = VERTEX_POINT('',#732);
#732 = CARTESIAN_POINT('',(3.2,-0.7,4.32));
#733 = VERTEX_POINT('',#734);
#734 = CARTESIAN_POINT('',(3.2,0.3,4.32));
#735 = LINE('',#736,#737);
#736 = CARTESIAN_POINT('',(3.2,-0.7,4.32));
#737 = VECTOR('',#738,1.);
#738 = DIRECTION('',(0.,1.,0.));
#739 = ORIENTED_EDGE('',*,*,#740,.F.);
#740 = EDGE_CURVE('',#741,#731,#743,.T.);
#741 = VERTEX_POINT('',#742);
#742 = CARTESIAN_POINT('',(-3.2,-0.7,4.32));
#743 = LINE('',#744,#745);
#744 = CARTESIAN_POINT('',(-3.2,-0.7,4.32));
#745 = VECTOR('',#746,1.);
#746 = DIRECTION('',(1.,0.,0.));
#747 = ORIENTED_EDGE('',*,*,#748,.F.);
#748 = EDGE_CURVE('',#749,#741,#751,.T.);
#749 = VERTEX_POINT('',#750);
#750 = CARTESIAN_POINT('',(-3.2,0.3,4.32));
#751 = LINE('',#752,#753);
#752 = CARTESIAN_POINT('',(-3.2,1.4,4.32));
#753 = VECTOR('',#754,1.);
#754 = DIRECTION('',(0.,-1.,0.));
#755 = ORIENTED_EDGE('',*,*,#756,.F.);
#756 = EDGE_CURVE('',#757,#749,#759,.T.);
#757 = VERTEX_POINT('',#758);
#758 = CARTESIAN_POINT('',(-3.55,0.3,4.32));
#759 = LINE('',#760,#761);
#760 = CARTESIAN_POINT('',(-3.55,0.3,4.32));
#761 = VECTOR('',#762,1.);
#762 = DIRECTION('',(1.,0.,0.));
#763 = ORIENTED_EDGE('',*,*,#764,.F.);
#764 = EDGE_CURVE('',#765,#757,#767,.T.);
#765 = VERTEX_POINT('',#766);
#766 = CARTESIAN_POINT('',(-3.55,0.9,4.32));
#767 = LINE('',#768,#769);
#768 = CARTESIAN_POINT('',(-3.55,0.9,4.32));
#769 = VECTOR('',#770,1.);
#770 = DIRECTION('',(0.,-1.,0.));
#771 = ORIENTED_EDGE('',*,*,#772,.F.);
#772 = EDGE_CURVE('',#773,#765,#775,.T.);
#773 = VERTEX_POINT('',#774);
#774 = CARTESIAN_POINT('',(-3.2,0.9,4.32));
#775 = LINE('',#776,#777);
#776 = CARTESIAN_POINT('',(3.55,0.9,4.32));
#777 = VECTOR('',#778,1.);
#778 = DIRECTION('',(-1.,0.,0.));
#779 = ORIENTED_EDGE('',*,*,#780,.F.);
#780 = EDGE_CURVE('',#781,#773,#783,.T.);
#781 = VERTEX_POINT('',#782);
#782 = CARTESIAN_POINT('',(-3.2,1.4,4.32));
#783 = LINE('',#784,#785);
#784 = CARTESIAN_POINT('',(-3.2,1.4,4.32));
#785 = VECTOR('',#786,1.);
#786 = DIRECTION('',(0.,-1.,0.));
#787 = ORIENTED_EDGE('',*,*,#788,.F.);
#788 = EDGE_CURVE('',#789,#781,#791,.T.);
#789 = VERTEX_POINT('',#790);
#790 = CARTESIAN_POINT('',(3.2,1.4,4.32));
#791 = LINE('',#792,#793);
#792 = CARTESIAN_POINT('',(3.2,1.4,4.32));
#793 = VECTOR('',#794,1.);
#794 = DIRECTION('',(-1.,0.,0.));
#795 = ORIENTED_EDGE('',*,*,#796,.F.);
#796 = EDGE_CURVE('',#797,#789,#799,.T.);
#797 = VERTEX_POINT('',#798);
#798 = CARTESIAN_POINT('',(3.2,0.9,4.32));
#799 = LINE('',#800,#801);
#800 = CARTESIAN_POINT('',(3.2,-0.7,4.32));
#801 = VECTOR('',#802,1.);
#802 = DIRECTION('',(0.,1.,0.));
#803 = ORIENTED_EDGE('',*,*,#804,.F.);
#804 = EDGE_CURVE('',#805,#797,#807,.T.);
#805 = VERTEX_POINT('',#806);
#806 = CARTESIAN_POINT('',(3.55,0.9,4.32));
#807 = LINE('',#808,#809);
#808 = CARTESIAN_POINT('',(3.55,0.9,4.32));
#809 = VECTOR('',#810,1.);
#810 = DIRECTION('',(-1.,0.,0.));
#811 = ORIENTED_EDGE('',*,*,#812,.F.);
#812 = EDGE_CURVE('',#813,#805,#815,.T.);
#813 = VERTEX_POINT('',#814);
#814 = CARTESIAN_POINT('',(3.55,0.3,4.32));
#815 = LINE('',#816,#817);
#816 = CARTESIAN_POINT('',(3.55,0.3,4.32));
#817 = VECTOR('',#818,1.);
#818 = DIRECTION('',(0.,1.,0.));
#819 = ORIENTED_EDGE('',*,*,#820,.F.);
#820 = EDGE_CURVE('',#733,#813,#821,.T.);
#821 = LINE('',#822,#823);
#822 = CARTESIAN_POINT('',(-3.55,0.3,4.32));
#823 = VECTOR('',#824,1.);
#824 = DIRECTION('',(1.,0.,0.));
#825 = PLANE('',#826);
#826 = AXIS2_PLACEMENT_3D('',#827,#828,#829);
#827 = CARTESIAN_POINT('',(-4.,-1.1,4.32));
#828 = DIRECTION('',(0.,0.,1.));
#829 = DIRECTION('',(1.,0.,-0.));
#830 = ADVANCED_FACE('',(#831),#897,.T.);
#831 = FACE_BOUND('',#832,.T.);
#832 = EDGE_LOOP('',(#833,#843,#851,#859,#865,#866,#867,#875,#883,#891)
  );
#833 = ORIENTED_EDGE('',*,*,#834,.F.);
#834 = EDGE_CURVE('',#835,#837,#839,.T.);
#835 = VERTEX_POINT('',#836);
#836 = CARTESIAN_POINT('',(-3.5,1.8,7.E-02));
#837 = VERTEX_POINT('',#838);
#838 = CARTESIAN_POINT('',(3.5,1.8,7.E-02));
#839 = LINE('',#840,#841);
#840 = CARTESIAN_POINT('',(-4.,1.8,7.E-02));
#841 = VECTOR('',#842,1.);
#842 = DIRECTION('',(1.,0.,0.));
#843 = ORIENTED_EDGE('',*,*,#844,.F.);
#844 = EDGE_CURVE('',#845,#835,#847,.T.);
#845 = VERTEX_POINT('',#846);
#846 = CARTESIAN_POINT('',(-3.5,1.8,1.27));
#847 = LINE('',#848,#849);
#848 = CARTESIAN_POINT('',(-3.5,1.8,1.559));
#849 = VECTOR('',#850,1.);
#850 = DIRECTION('',(0.,0.,-1.));
#851 = ORIENTED_EDGE('',*,*,#852,.F.);
#852 = EDGE_CURVE('',#853,#845,#855,.T.);
#853 = VERTEX_POINT('',#854);
#854 = CARTESIAN_POINT('',(-3.5,1.8,1.559));
#855 = LINE('',#856,#857);
#856 = CARTESIAN_POINT('',(-3.5,1.8,1.559));
#857 = VECTOR('',#858,1.);
#858 = DIRECTION('',(0.,0.,-1.));
#859 = ORIENTED_EDGE('',*,*,#860,.F.);
#860 = EDGE_CURVE('',#277,#853,#861,.T.);
#861 = LINE('',#862,#863);
#862 = CARTESIAN_POINT('',(-4.,1.8,1.559));
#863 = VECTOR('',#864,1.);
#864 = DIRECTION('',(1.,0.,0.));
#865 = ORIENTED_EDGE('',*,*,#284,.T.);
#866 = ORIENTED_EDGE('',*,*,#722,.T.);
#867 = ORIENTED_EDGE('',*,*,#868,.F.);
#868 = EDGE_CURVE('',#869,#715,#871,.T.);
#869 = VERTEX_POINT('',#870);
#870 = CARTESIAN_POINT('',(4.,1.8,1.559));
#871 = LINE('',#872,#873);
#872 = CARTESIAN_POINT('',(4.,1.8,7.E-02));
#873 = VECTOR('',#874,1.);
#874 = DIRECTION('',(0.,0.,1.));
#875 = ORIENTED_EDGE('',*,*,#876,.F.);
#876 = EDGE_CURVE('',#877,#869,#879,.T.);
#877 = VERTEX_POINT('',#878);
#878 = CARTESIAN_POINT('',(3.5,1.8,1.559));
#879 = LINE('',#880,#881);
#880 = CARTESIAN_POINT('',(3.5,1.8,1.559));
#881 = VECTOR('',#882,1.);
#882 = DIRECTION('',(1.,0.,0.));
#883 = ORIENTED_EDGE('',*,*,#884,.T.);
#884 = EDGE_CURVE('',#877,#885,#887,.T.);
#885 = VERTEX_POINT('',#886);
#886 = CARTESIAN_POINT('',(3.5,1.8,1.27));
#887 = LINE('',#888,#889);
#888 = CARTESIAN_POINT('',(3.5,1.8,1.559));
#889 = VECTOR('',#890,1.);
#890 = DIRECTION('',(0.,0.,-1.));
#891 = ORIENTED_EDGE('',*,*,#892,.T.);
#892 = EDGE_CURVE('',#885,#837,#893,.T.);
#893 = LINE('',#894,#895);
#894 = CARTESIAN_POINT('',(3.5,1.8,1.559));
#895 = VECTOR('',#896,1.);
#896 = DIRECTION('',(0.,0.,-1.));
#897 = PLANE('',#898);
#898 = AXIS2_PLACEMENT_3D('',#899,#900,#901);
#899 = CARTESIAN_POINT('',(-4.,1.8,7.E-02));
#900 = DIRECTION('',(0.,1.,0.));
#901 = DIRECTION('',(0.,-0.,1.));
#902 = ADVANCED_FACE('',(#903),#929,.F.);
#903 = FACE_BOUND('',#904,.F.);
#904 = EDGE_LOOP('',(#905,#913,#921,#927,#928));
#905 = ORIENTED_EDGE('',*,*,#906,.T.);
#906 = EDGE_CURVE('',#269,#907,#909,.T.);
#907 = VERTEX_POINT('',#908);
#908 = CARTESIAN_POINT('',(-3.7,1.3,1.27));
#909 = LINE('',#910,#911);
#910 = CARTESIAN_POINT('',(-4.,1.3,1.27));
#911 = VECTOR('',#912,1.);
#912 = DIRECTION('',(1.,0.,0.));
#913 = ORIENTED_EDGE('',*,*,#914,.T.);
#914 = EDGE_CURVE('',#907,#915,#917,.T.);
#915 = VERTEX_POINT('',#916);
#916 = CARTESIAN_POINT('',(-3.5,1.3,1.27));
#917 = LINE('',#918,#919);
#918 = CARTESIAN_POINT('',(-4.,1.3,1.27));
#919 = VECTOR('',#920,1.);
#920 = DIRECTION('',(1.,0.,0.));
#921 = ORIENTED_EDGE('',*,*,#922,.T.);
#922 = EDGE_CURVE('',#915,#853,#923,.T.);
#923 = LINE('',#924,#925);
#924 = CARTESIAN_POINT('',(-3.5,1.3,1.27));
#925 = VECTOR('',#926,1.);
#926 = DIRECTION('',(0.,0.865781720524,0.500421834463));
#927 = ORIENTED_EDGE('',*,*,#860,.F.);
#928 = ORIENTED_EDGE('',*,*,#276,.F.);
#929 = PLANE('',#930);
#930 = AXIS2_PLACEMENT_3D('',#931,#932,#933);
#931 = CARTESIAN_POINT('',(-4.,1.3,1.27));
#932 = DIRECTION('',(0.,-0.500421834463,0.865781720524));
#933 = DIRECTION('',(0.,0.865781720524,0.500421834463));
#934 = ADVANCED_FACE('',(#935),#953,.F.);
#935 = FACE_BOUND('',#936,.F.);
#936 = EDGE_LOOP('',(#937,#938,#946,#952));
#937 = ORIENTED_EDGE('',*,*,#268,.F.);
#938 = ORIENTED_EDGE('',*,*,#939,.T.);
#939 = EDGE_CURVE('',#261,#940,#942,.T.);
#940 = VERTEX_POINT('',#941);
#941 = CARTESIAN_POINT('',(-3.7,1.3,0.62));
#942 = LINE('',#943,#944);
#943 = CARTESIAN_POINT('',(-4.,1.3,0.62));
#944 = VECTOR('',#945,1.);
#945 = DIRECTION('',(1.,0.,0.));
#946 = ORIENTED_EDGE('',*,*,#947,.T.);
#947 = EDGE_CURVE('',#940,#907,#948,.T.);
#948 = LINE('',#949,#950);
#949 = CARTESIAN_POINT('',(-3.7,1.3,0.62));
#950 = VECTOR('',#951,1.);
#951 = DIRECTION('',(0.,0.,1.));
#952 = ORIENTED_EDGE('',*,*,#906,.F.);
#953 = PLANE('',#954);
#954 = AXIS2_PLACEMENT_3D('',#955,#956,#957);
#955 = CARTESIAN_POINT('',(-4.,1.3,0.62));
#956 = DIRECTION('',(0.,-1.,0.));
#957 = DIRECTION('',(0.,0.,1.));
#958 = ADVANCED_FACE('',(#959),#977,.F.);
#959 = FACE_BOUND('',#960,.F.);
#960 = EDGE_LOOP('',(#961,#962,#970,#976));
#961 = ORIENTED_EDGE('',*,*,#260,.F.);
#962 = ORIENTED_EDGE('',*,*,#963,.T.);
#963 = EDGE_CURVE('',#253,#964,#966,.T.);
#964 = VERTEX_POINT('',#965);
#965 = CARTESIAN_POINT('',(-3.7,0.3,0.62));
#966 = LINE('',#967,#968);
#967 = CARTESIAN_POINT('',(-4.,0.3,0.62));
#968 = VECTOR('',#969,1.);
#969 = DIRECTION('',(1.,0.,0.));
#970 = ORIENTED_EDGE('',*,*,#971,.T.);
#971 = EDGE_CURVE('',#964,#940,#972,.T.);
#972 = LINE('',#973,#974);
#973 = CARTESIAN_POINT('',(-3.7,0.3,0.62));
#974 = VECTOR('',#975,1.);
#975 = DIRECTION('',(0.,1.,0.));
#976 = ORIENTED_EDGE('',*,*,#939,.F.);
#977 = PLANE('',#978);
#978 = AXIS2_PLACEMENT_3D('',#979,#980,#981);
#979 = CARTESIAN_POINT('',(-4.,0.3,0.62));
#980 = DIRECTION('',(0.,0.,1.));
#981 = DIRECTION('',(0.,1.,0.));
#982 = ADVANCED_FACE('',(#983),#1001,.F.);
#983 = FACE_BOUND('',#984,.F.);
#984 = EDGE_LOOP('',(#985,#986,#994,#1000));
#985 = ORIENTED_EDGE('',*,*,#252,.F.);
#986 = ORIENTED_EDGE('',*,*,#987,.T.);
#987 = EDGE_CURVE('',#245,#988,#990,.T.);
#988 = VERTEX_POINT('',#989);
#989 = CARTESIAN_POINT('',(-3.7,0.3,7.E-02));
#990 = LINE('',#991,#992);
#991 = CARTESIAN_POINT('',(-4.,0.3,7.E-02));
#992 = VECTOR('',#993,1.);
#993 = DIRECTION('',(1.,0.,0.));
#994 = ORIENTED_EDGE('',*,*,#995,.T.);
#995 = EDGE_CURVE('',#988,#964,#996,.T.);
#996 = LINE('',#997,#998);
#997 = CARTESIAN_POINT('',(-3.7,0.3,2.E-02));
#998 = VECTOR('',#999,1.);
#999 = DIRECTION('',(0.,0.,1.));
#1000 = ORIENTED_EDGE('',*,*,#963,.F.);
#1001 = PLANE('',#1002);
#1002 = AXIS2_PLACEMENT_3D('',#1003,#1004,#1005);
#1003 = CARTESIAN_POINT('',(-4.,0.3,7.E-02));
#1004 = DIRECTION('',(0.,-1.,0.));
#1005 = DIRECTION('',(0.,0.,1.));
#1006 = ADVANCED_FACE('',(#1007),#1195,.F.);
#1007 = FACE_BOUND('',#1008,.F.);
#1008 = EDGE_LOOP('',(#1009,#1010,#1011,#1019,#1027,#1033,#1034,#1042,
    #1050,#1056,#1057,#1065,#1073,#1079,#1080,#1088,#1096,#1102,#1103,
    #1111,#1119,#1125,#1126,#1134,#1142,#1148,#1149,#1157,#1165,#1173,
    #1179,#1180,#1188,#1194));
#1009 = ORIENTED_EDGE('',*,*,#244,.F.);
#1010 = ORIENTED_EDGE('',*,*,#540,.T.);
#1011 = ORIENTED_EDGE('',*,*,#1012,.T.);
#1012 = EDGE_CURVE('',#533,#1013,#1015,.T.);
#1013 = VERTEX_POINT('',#1014);
#1014 = CARTESIAN_POINT('',(-2.6,-1.,7.E-02));
#1015 = LINE('',#1016,#1017);
#1016 = CARTESIAN_POINT('',(-2.6,-1.1,7.E-02));
#1017 = VECTOR('',#1018,1.);
#1018 = DIRECTION('',(0.,1.,0.));
#1019 = ORIENTED_EDGE('',*,*,#1020,.T.);
#1020 = EDGE_CURVE('',#1013,#1021,#1023,.T.);
#1021 = VERTEX_POINT('',#1022);
#1022 = CARTESIAN_POINT('',(-2.4,-1.,7.E-02));
#1023 = LINE('',#1024,#1025);
#1024 = CARTESIAN_POINT('',(-2.6,-1.,7.E-02));
#1025 = VECTOR('',#1026,1.);
#1026 = DIRECTION('',(1.,0.,0.));
#1027 = ORIENTED_EDGE('',*,*,#1028,.F.);
#1028 = EDGE_CURVE('',#509,#1021,#1029,.T.);
#1029 = LINE('',#1030,#1031);
#1030 = CARTESIAN_POINT('',(-2.4,-1.1,7.E-02));
#1031 = VECTOR('',#1032,1.);
#1032 = DIRECTION('',(0.,1.,0.));
#1033 = ORIENTED_EDGE('',*,*,#508,.T.);
#1034 = ORIENTED_EDGE('',*,*,#1035,.T.);
#1035 = EDGE_CURVE('',#501,#1036,#1038,.T.);
#1036 = VERTEX_POINT('',#1037);
#1037 = CARTESIAN_POINT('',(-1.6,-1.,7.E-02));
#1038 = LINE('',#1039,#1040);
#1039 = CARTESIAN_POINT('',(-1.6,-1.1,7.E-02));
#1040 = VECTOR('',#1041,1.);
#1041 = DIRECTION('',(0.,1.,0.));
#1042 = ORIENTED_EDGE('',*,*,#1043,.T.);
#1043 = EDGE_CURVE('',#1036,#1044,#1046,.T.);
#1044 = VERTEX_POINT('',#1045);
#1045 = CARTESIAN_POINT('',(-1.4,-1.,7.E-02));
#1046 = LINE('',#1047,#1048);
#1047 = CARTESIAN_POINT('',(-1.6,-1.,7.E-02));
#1048 = VECTOR('',#1049,1.);
#1049 = DIRECTION('',(1.,0.,0.));
#1050 = ORIENTED_EDGE('',*,*,#1051,.F.);
#1051 = EDGE_CURVE('',#477,#1044,#1052,.T.);
#1052 = LINE('',#1053,#1054);
#1053 = CARTESIAN_POINT('',(-1.4,-1.1,7.E-02));
#1054 = VECTOR('',#1055,1.);
#1055 = DIRECTION('',(0.,1.,0.));
#1056 = ORIENTED_EDGE('',*,*,#476,.T.);
#1057 = ORIENTED_EDGE('',*,*,#1058,.T.);
#1058 = EDGE_CURVE('',#469,#1059,#1061,.T.);
#1059 = VERTEX_POINT('',#1060);
#1060 = CARTESIAN_POINT('',(-0.6,-1.,7.E-02));
#1061 = LINE('',#1062,#1063);
#1062 = CARTESIAN_POINT('',(-0.6,-1.1,7.E-02));
#1063 = VECTOR('',#1064,1.);
#1064 = DIRECTION('',(0.,1.,0.));
#1065 = ORIENTED_EDGE('',*,*,#1066,.T.);
#1066 = EDGE_CURVE('',#1059,#1067,#1069,.T.);
#1067 = VERTEX_POINT('',#1068);
#1068 = CARTESIAN_POINT('',(-0.4,-1.,7.E-02));
#1069 = LINE('',#1070,#1071);
#1070 = CARTESIAN_POINT('',(-0.6,-1.,7.E-02));
#1071 = VECTOR('',#1072,1.);
#1072 = DIRECTION('',(1.,0.,0.));
#1073 = ORIENTED_EDGE('',*,*,#1074,.F.);
#1074 = EDGE_CURVE('',#445,#1067,#1075,.T.);
#1075 = LINE('',#1076,#1077);
#1076 = CARTESIAN_POINT('',(-0.4,-1.1,7.E-02));
#1077 = VECTOR('',#1078,1.);
#1078 = DIRECTION('',(0.,1.,0.));
#1079 = ORIENTED_EDGE('',*,*,#444,.T.);
#1080 = ORIENTED_EDGE('',*,*,#1081,.T.);
#1081 = EDGE_CURVE('',#437,#1082,#1084,.T.);
#1082 = VERTEX_POINT('',#1083);
#1083 = CARTESIAN_POINT('',(0.4,-1.,7.E-02));
#1084 = LINE('',#1085,#1086);
#1085 = CARTESIAN_POINT('',(0.4,-1.1,7.E-02));
#1086 = VECTOR('',#1087,1.);
#1087 = DIRECTION('',(0.,1.,0.));
#1088 = ORIENTED_EDGE('',*,*,#1089,.T.);
#1089 = EDGE_CURVE('',#1082,#1090,#1092,.T.);
#1090 = VERTEX_POINT('',#1091);
#1091 = CARTESIAN_POINT('',(0.6,-1.,7.E-02));
#1092 = LINE('',#1093,#1094);
#1093 = CARTESIAN_POINT('',(0.4,-1.,7.E-02));
#1094 = VECTOR('',#1095,1.);
#1095 = DIRECTION('',(1.,0.,0.));
#1096 = ORIENTED_EDGE('',*,*,#1097,.F.);
#1097 = EDGE_CURVE('',#413,#1090,#1098,.T.);
#1098 = LINE('',#1099,#1100);
#1099 = CARTESIAN_POINT('',(0.6,-1.1,7.E-02));
#1100 = VECTOR('',#1101,1.);
#1101 = DIRECTION('',(0.,1.,0.));
#1102 = ORIENTED_EDGE('',*,*,#412,.T.);
#1103 = ORIENTED_EDGE('',*,*,#1104,.T.);
#1104 = EDGE_CURVE('',#405,#1105,#1107,.T.);
#1105 = VERTEX_POINT('',#1106);
#1106 = CARTESIAN_POINT('',(1.4,-1.,7.E-02));
#1107 = LINE('',#1108,#1109);
#1108 = CARTESIAN_POINT('',(1.4,-1.1,7.E-02));
#1109 = VECTOR('',#1110,1.);
#1110 = DIRECTION('',(0.,1.,0.));
#1111 = ORIENTED_EDGE('',*,*,#1112,.T.);
#1112 = EDGE_CURVE('',#1105,#1113,#1115,.T.);
#1113 = VERTEX_POINT('',#1114);
#1114 = CARTESIAN_POINT('',(1.6,-1.,7.E-02));
#1115 = LINE('',#1116,#1117);
#1116 = CARTESIAN_POINT('',(1.4,-1.,7.E-02));
#1117 = VECTOR('',#1118,1.);
#1118 = DIRECTION('',(1.,0.,0.));
#1119 = ORIENTED_EDGE('',*,*,#1120,.F.);
#1120 = EDGE_CURVE('',#381,#1113,#1121,.T.);
#1121 = LINE('',#1122,#1123);
#1122 = CARTESIAN_POINT('',(1.6,-1.1,7.E-02));
#1123 = VECTOR('',#1124,1.);
#1124 = DIRECTION('',(0.,1.,0.));
#1125 = ORIENTED_EDGE('',*,*,#380,.T.);
#1126 = ORIENTED_EDGE('',*,*,#1127,.T.);
#1127 = EDGE_CURVE('',#373,#1128,#1130,.T.);
#1128 = VERTEX_POINT('',#1129);
#1129 = CARTESIAN_POINT('',(2.4,-1.,7.E-02));
#1130 = LINE('',#1131,#1132);
#1131 = CARTESIAN_POINT('',(2.4,-1.1,7.E-02));
#1132 = VECTOR('',#1133,1.);
#1133 = DIRECTION('',(0.,1.,0.));
#1134 = ORIENTED_EDGE('',*,*,#1135,.T.);
#1135 = EDGE_CURVE('',#1128,#1136,#1138,.T.);
#1136 = VERTEX_POINT('',#1137);
#1137 = CARTESIAN_POINT('',(2.6,-1.,7.E-02));
#1138 = LINE('',#1139,#1140);
#1139 = CARTESIAN_POINT('',(2.4,-1.,7.E-02));
#1140 = VECTOR('',#1141,1.);
#1141 = DIRECTION('',(1.,0.,0.));
#1142 = ORIENTED_EDGE('',*,*,#1143,.F.);
#1143 = EDGE_CURVE('',#349,#1136,#1144,.T.);
#1144 = LINE('',#1145,#1146);
#1145 = CARTESIAN_POINT('',(2.6,-1.1,7.E-02));
#1146 = VECTOR('',#1147,1.);
#1147 = DIRECTION('',(0.,1.,0.));
#1148 = ORIENTED_EDGE('',*,*,#348,.T.);
#1149 = ORIENTED_EDGE('',*,*,#1150,.T.);
#1150 = EDGE_CURVE('',#339,#1151,#1153,.T.);
#1151 = VERTEX_POINT('',#1152);
#1152 = CARTESIAN_POINT('',(4.,0.3,7.E-02));
#1153 = LINE('',#1154,#1155);
#1154 = CARTESIAN_POINT('',(4.,-1.1,7.E-02));
#1155 = VECTOR('',#1156,1.);
#1156 = DIRECTION('',(0.,1.,0.));
#1157 = ORIENTED_EDGE('',*,*,#1158,.F.);
#1158 = EDGE_CURVE('',#1159,#1151,#1161,.T.);
#1159 = VERTEX_POINT('',#1160);
#1160 = CARTESIAN_POINT('',(3.7,0.3,7.E-02));
#1161 = LINE('',#1162,#1163);
#1162 = CARTESIAN_POINT('',(3.5,0.3,7.E-02));
#1163 = VECTOR('',#1164,1.);
#1164 = DIRECTION('',(1.,0.,0.));
#1165 = ORIENTED_EDGE('',*,*,#1166,.F.);
#1166 = EDGE_CURVE('',#1167,#1159,#1169,.T.);
#1167 = VERTEX_POINT('',#1168);
#1168 = CARTESIAN_POINT('',(3.5,0.3,7.E-02));
#1169 = LINE('',#1170,#1171);
#1170 = CARTESIAN_POINT('',(3.5,0.3,7.E-02));
#1171 = VECTOR('',#1172,1.);
#1172 = DIRECTION('',(1.,0.,0.));
#1173 = ORIENTED_EDGE('',*,*,#1174,.F.);
#1174 = EDGE_CURVE('',#837,#1167,#1175,.T.);
#1175 = LINE('',#1176,#1177);
#1176 = CARTESIAN_POINT('',(3.5,1.8,7.E-02));
#1177 = VECTOR('',#1178,1.);
#1178 = DIRECTION('',(0.,-1.,0.));
#1179 = ORIENTED_EDGE('',*,*,#834,.F.);
#1180 = ORIENTED_EDGE('',*,*,#1181,.T.);
#1181 = EDGE_CURVE('',#835,#1182,#1184,.T.);
#1182 = VERTEX_POINT('',#1183);
#1183 = CARTESIAN_POINT('',(-3.5,0.3,7.E-02));
#1184 = LINE('',#1185,#1186);
#1185 = CARTESIAN_POINT('',(-3.5,1.8,7.E-02));
#1186 = VECTOR('',#1187,1.);
#1187 = DIRECTION('',(0.,-1.,0.));
#1188 = ORIENTED_EDGE('',*,*,#1189,.F.);
#1189 = EDGE_CURVE('',#988,#1182,#1190,.T.);
#1190 = LINE('',#1191,#1192);
#1191 = CARTESIAN_POINT('',(-4.,0.3,7.E-02));
#1192 = VECTOR('',#1193,1.);
#1193 = DIRECTION('',(1.,0.,0.));
#1194 = ORIENTED_EDGE('',*,*,#987,.F.);
#1195 = PLANE('',#1196);
#1196 = AXIS2_PLACEMENT_3D('',#1197,#1198,#1199);
#1197 = CARTESIAN_POINT('',(-4.,-1.1,7.E-02));
#1198 = DIRECTION('',(0.,0.,1.));
#1199 = DIRECTION('',(1.,0.,-0.));
#1200 = ADVANCED_FACE('',(#1201),#1267,.T.);
#1201 = FACE_BOUND('',#1202,.T.);
#1202 = EDGE_LOOP('',(#1203,#1204,#1205,#1213,#1221,#1229,#1235,#1236,
    #1237,#1245,#1253,#1261));
#1203 = ORIENTED_EDGE('',*,*,#338,.F.);
#1204 = ORIENTED_EDGE('',*,*,#1150,.T.);
#1205 = ORIENTED_EDGE('',*,*,#1206,.T.);
#1206 = EDGE_CURVE('',#1151,#1207,#1209,.T.);
#1207 = VERTEX_POINT('',#1208);
#1208 = CARTESIAN_POINT('',(4.,0.3,0.62));
#1209 = LINE('',#1210,#1211);
#1210 = CARTESIAN_POINT('',(4.,0.3,7.E-02));
#1211 = VECTOR('',#1212,1.);
#1212 = DIRECTION('',(0.,0.,1.));
#1213 = ORIENTED_EDGE('',*,*,#1214,.T.);
#1214 = EDGE_CURVE('',#1207,#1215,#1217,.T.);
#1215 = VERTEX_POINT('',#1216);
#1216 = CARTESIAN_POINT('',(4.,1.3,0.62));
#1217 = LINE('',#1218,#1219);
#1218 = CARTESIAN_POINT('',(4.,0.3,0.62));
#1219 = VECTOR('',#1220,1.);
#1220 = DIRECTION('',(0.,1.,0.));
#1221 = ORIENTED_EDGE('',*,*,#1222,.T.);
#1222 = EDGE_CURVE('',#1215,#1223,#1225,.T.);
#1223 = VERTEX_POINT('',#1224);
#1224 = CARTESIAN_POINT('',(4.,1.3,1.27));
#1225 = LINE('',#1226,#1227);
#1226 = CARTESIAN_POINT('',(4.,1.3,0.62));
#1227 = VECTOR('',#1228,1.);
#1228 = DIRECTION('',(0.,0.,1.));
#1229 = ORIENTED_EDGE('',*,*,#1230,.T.);
#1230 = EDGE_CURVE('',#1223,#869,#1231,.T.);
#1231 = LINE('',#1232,#1233);
#1232 = CARTESIAN_POINT('',(4.,1.3,1.27));
#1233 = VECTOR('',#1234,1.);
#1234 = DIRECTION('',(0.,0.865781720524,0.500421834463));
#1235 = ORIENTED_EDGE('',*,*,#868,.T.);
#1236 = ORIENTED_EDGE('',*,*,#714,.F.);
#1237 = ORIENTED_EDGE('',*,*,#1238,.T.);
#1238 = EDGE_CURVE('',#707,#1239,#1241,.T.);
#1239 = VERTEX_POINT('',#1240);
#1240 = CARTESIAN_POINT('',(4.,0.1,3.82));
#1241 = LINE('',#1242,#1243);
#1242 = CARTESIAN_POINT('',(4.,0.1,4.32));
#1243 = VECTOR('',#1244,1.);
#1244 = DIRECTION('',(0.,0.,-1.));
#1245 = ORIENTED_EDGE('',*,*,#1246,.T.);
#1246 = EDGE_CURVE('',#1239,#1247,#1249,.T.);
#1247 = VERTEX_POINT('',#1248);
#1248 = CARTESIAN_POINT('',(4.,-0.55,3.82));
#1249 = LINE('',#1250,#1251);
#1250 = CARTESIAN_POINT('',(4.,0.1,3.82));
#1251 = VECTOR('',#1252,1.);
#1252 = DIRECTION('',(0.,-1.,0.));
#1253 = ORIENTED_EDGE('',*,*,#1254,.T.);
#1254 = EDGE_CURVE('',#1247,#1255,#1257,.T.);
#1255 = VERTEX_POINT('',#1256);
#1256 = CARTESIAN_POINT('',(4.,-0.55,2.82));
#1257 = LINE('',#1258,#1259);
#1258 = CARTESIAN_POINT('',(4.,-0.55,3.82));
#1259 = VECTOR('',#1260,1.);
#1260 = DIRECTION('',(0.,0.,-1.));
#1261 = ORIENTED_EDGE('',*,*,#1262,.T.);
#1262 = EDGE_CURVE('',#1255,#341,#1263,.T.);
#1263 = LINE('',#1264,#1265);
#1264 = CARTESIAN_POINT('',(4.,-0.55,2.82));
#1265 = VECTOR('',#1266,1.);
#1266 = DIRECTION('',(0.,-1.,0.));
#1267 = PLANE('',#1268);
#1268 = AXIS2_PLACEMENT_3D('',#1269,#1270,#1271);
#1269 = CARTESIAN_POINT('',(4.,-1.1,7.E-02));
#1270 = DIRECTION('',(1.,0.,0.));
#1271 = DIRECTION('',(0.,0.,1.));
#1272 = ADVANCED_FACE('',(#1273),#1291,.F.);
#1273 = FACE_BOUND('',#1274,.F.);
#1274 = EDGE_LOOP('',(#1275,#1283,#1284,#1285));
#1275 = ORIENTED_EDGE('',*,*,#1276,.T.);
#1276 = EDGE_CURVE('',#1277,#1255,#1279,.T.);
#1277 = VERTEX_POINT('',#1278);
#1278 = CARTESIAN_POINT('',(3.5,-0.55,2.82));
#1279 = LINE('',#1280,#1281);
#1280 = CARTESIAN_POINT('',(3.5,-0.55,2.82));
#1281 = VECTOR('',#1282,1.);
#1282 = DIRECTION('',(1.,0.,0.));
#1283 = ORIENTED_EDGE('',*,*,#1262,.T.);
#1284 = ORIENTED_EDGE('',*,*,#579,.F.);
#1285 = ORIENTED_EDGE('',*,*,#1286,.F.);
#1286 = EDGE_CURVE('',#1277,#572,#1287,.T.);
#1287 = LINE('',#1288,#1289);
#1288 = CARTESIAN_POINT('',(3.5,-0.55,2.82));
#1289 = VECTOR('',#1290,1.);
#1290 = DIRECTION('',(0.,-1.,0.));
#1291 = PLANE('',#1292);
#1292 = AXIS2_PLACEMENT_3D('',#1293,#1294,#1295);
#1293 = CARTESIAN_POINT('',(3.5,-0.55,2.82));
#1294 = DIRECTION('',(0.,0.,-1.));
#1295 = DIRECTION('',(0.,-1.,0.));
#1296 = ADVANCED_FACE('',(#1297),#1324,.F.);
#1297 = FACE_BOUND('',#1298,.F.);
#1298 = EDGE_LOOP('',(#1299,#1300,#1308,#1316,#1322,#1323));
#1299 = ORIENTED_EDGE('',*,*,#698,.T.);
#1300 = ORIENTED_EDGE('',*,*,#1301,.T.);
#1301 = EDGE_CURVE('',#699,#1302,#1304,.T.);
#1302 = VERTEX_POINT('',#1303);
#1303 = CARTESIAN_POINT('',(3.5,0.1,3.82));
#1304 = LINE('',#1305,#1306);
#1305 = CARTESIAN_POINT('',(3.5,0.1,4.32));
#1306 = VECTOR('',#1307,1.);
#1307 = DIRECTION('',(0.,0.,-1.));
#1308 = ORIENTED_EDGE('',*,*,#1309,.T.);
#1309 = EDGE_CURVE('',#1302,#1310,#1312,.T.);
#1310 = VERTEX_POINT('',#1311);
#1311 = CARTESIAN_POINT('',(3.5,-0.55,3.82));
#1312 = LINE('',#1313,#1314);
#1313 = CARTESIAN_POINT('',(3.5,0.1,3.82));
#1314 = VECTOR('',#1315,1.);
#1315 = DIRECTION('',(0.,-1.,0.));
#1316 = ORIENTED_EDGE('',*,*,#1317,.T.);
#1317 = EDGE_CURVE('',#1310,#1277,#1318,.T.);
#1318 = LINE('',#1319,#1320);
#1319 = CARTESIAN_POINT('',(3.5,-0.55,3.82));
#1320 = VECTOR('',#1321,1.);
#1321 = DIRECTION('',(0.,0.,-1.));
#1322 = ORIENTED_EDGE('',*,*,#1286,.T.);
#1323 = ORIENTED_EDGE('',*,*,#571,.T.);
#1324 = PLANE('',#1325);
#1325 = AXIS2_PLACEMENT_3D('',#1326,#1327,#1328);
#1326 = CARTESIAN_POINT('',(3.5,-0.62037037037,3.69037037037));
#1327 = DIRECTION('',(-1.,-0.,-0.));
#1328 = DIRECTION('',(0.,0.,-1.));
#1329 = ADVANCED_FACE('',(#1330),#1338,.T.);
#1330 = FACE_BOUND('',#1331,.T.);
#1331 = EDGE_LOOP('',(#1332,#1333,#1334,#1335,#1336,#1337));
#1332 = ORIENTED_EDGE('',*,*,#691,.T.);
#1333 = ORIENTED_EDGE('',*,*,#673,.T.);
#1334 = ORIENTED_EDGE('',*,*,#649,.T.);
#1335 = ORIENTED_EDGE('',*,*,#625,.T.);
#1336 = ORIENTED_EDGE('',*,*,#601,.T.);
#1337 = ORIENTED_EDGE('',*,*,#555,.T.);
#1338 = PLANE('',#1339);
#1339 = AXIS2_PLACEMENT_3D('',#1340,#1341,#1342);
#1340 = CARTESIAN_POINT('',(-3.5,-0.62037037037,3.69037037037));
#1341 = DIRECTION('',(-1.,-0.,-0.));
#1342 = DIRECTION('',(0.,0.,-1.));
#1343 = ADVANCED_FACE('',(#1344),#1378,.T.);
#1344 = FACE_BOUND('',#1345,.T.);
#1345 = EDGE_LOOP('',(#1346,#1356,#1362,#1363,#1364,#1372));
#1346 = ORIENTED_EDGE('',*,*,#1347,.T.);
#1347 = EDGE_CURVE('',#1348,#1350,#1352,.T.);
#1348 = VERTEX_POINT('',#1349);
#1349 = CARTESIAN_POINT('',(-2.6,-1.8,0.));
#1350 = VERTEX_POINT('',#1351);
#1351 = CARTESIAN_POINT('',(-2.6,-1.8,0.2));
#1352 = LINE('',#1353,#1354);
#1353 = CARTESIAN_POINT('',(-2.6,-1.8,0.));
#1354 = VECTOR('',#1355,1.);
#1355 = DIRECTION('',(0.,0.,1.));
#1356 = ORIENTED_EDGE('',*,*,#1357,.T.);
#1357 = EDGE_CURVE('',#1350,#525,#1358,.T.);
#1358 = LINE('',#1359,#1360);
#1359 = CARTESIAN_POINT('',(-2.6,-1.8,0.2));
#1360 = VECTOR('',#1361,1.);
#1361 = DIRECTION('',(0.,1.,0.));
#1362 = ORIENTED_EDGE('',*,*,#532,.T.);
#1363 = ORIENTED_EDGE('',*,*,#1012,.T.);
#1364 = ORIENTED_EDGE('',*,*,#1365,.T.);
#1365 = EDGE_CURVE('',#1013,#1366,#1368,.T.);
#1366 = VERTEX_POINT('',#1367);
#1367 = CARTESIAN_POINT('',(-2.6,-1.,0.));
#1368 = LINE('',#1369,#1370);
#1369 = CARTESIAN_POINT('',(-2.6,-1.,7.E-02));
#1370 = VECTOR('',#1371,1.);
#1371 = DIRECTION('',(0.,0.,-1.));
#1372 = ORIENTED_EDGE('',*,*,#1373,.T.);
#1373 = EDGE_CURVE('',#1366,#1348,#1374,.T.);
#1374 = LINE('',#1375,#1376);
#1375 = CARTESIAN_POINT('',(-2.6,-1.,0.));
#1376 = VECTOR('',#1377,1.);
#1377 = DIRECTION('',(0.,-1.,0.));
#1378 = PLANE('',#1379);
#1379 = AXIS2_PLACEMENT_3D('',#1380,#1381,#1382);
#1380 = CARTESIAN_POINT('',(-2.6,-1.4065,9.35E-02));
#1381 = DIRECTION('',(-1.,-0.,-0.));
#1382 = DIRECTION('',(0.,0.,-1.));
#1383 = ADVANCED_FACE('',(#1384),#1402,.T.);
#1384 = FACE_BOUND('',#1385,.T.);
#1385 = EDGE_LOOP('',(#1386,#1394,#1400,#1401));
#1386 = ORIENTED_EDGE('',*,*,#1387,.T.);
#1387 = EDGE_CURVE('',#1350,#1388,#1390,.T.);
#1388 = VERTEX_POINT('',#1389);
#1389 = CARTESIAN_POINT('',(-2.4,-1.8,0.2));
#1390 = LINE('',#1391,#1392);
#1391 = CARTESIAN_POINT('',(-2.6,-1.8,0.2));
#1392 = VECTOR('',#1393,1.);
#1393 = DIRECTION('',(1.,0.,0.));
#1394 = ORIENTED_EDGE('',*,*,#1395,.T.);
#1395 = EDGE_CURVE('',#1388,#517,#1396,.T.);
#1396 = LINE('',#1397,#1398);
#1397 = CARTESIAN_POINT('',(-2.4,-1.8,0.2));
#1398 = VECTOR('',#1399,1.);
#1399 = DIRECTION('',(0.,1.,0.));
#1400 = ORIENTED_EDGE('',*,*,#524,.F.);
#1401 = ORIENTED_EDGE('',*,*,#1357,.F.);
#1402 = PLANE('',#1403);
#1403 = AXIS2_PLACEMENT_3D('',#1404,#1405,#1406);
#1404 = CARTESIAN_POINT('',(-2.6,-1.8,0.2));
#1405 = DIRECTION('',(0.,0.,1.));
#1406 = DIRECTION('',(0.,1.,0.));
#1407 = ADVANCED_FACE('',(#1408),#1435,.F.);
#1408 = FACE_BOUND('',#1409,.F.);
#1409 = EDGE_LOOP('',(#1410,#1418,#1419,#1420,#1421,#1429));
#1410 = ORIENTED_EDGE('',*,*,#1411,.T.);
#1411 = EDGE_CURVE('',#1412,#1388,#1414,.T.);
#1412 = VERTEX_POINT('',#1413);
#1413 = CARTESIAN_POINT('',(-2.4,-1.8,0.));
#1414 = LINE('',#1415,#1416);
#1415 = CARTESIAN_POINT('',(-2.4,-1.8,0.));
#1416 = VECTOR('',#1417,1.);
#1417 = DIRECTION('',(0.,0.,1.));
#1418 = ORIENTED_EDGE('',*,*,#1395,.T.);
#1419 = ORIENTED_EDGE('',*,*,#516,.T.);
#1420 = ORIENTED_EDGE('',*,*,#1028,.T.);
#1421 = ORIENTED_EDGE('',*,*,#1422,.T.);
#1422 = EDGE_CURVE('',#1021,#1423,#1425,.T.);
#1423 = VERTEX_POINT('',#1424);
#1424 = CARTESIAN_POINT('',(-2.4,-1.,0.));
#1425 = LINE('',#1426,#1427);
#1426 = CARTESIAN_POINT('',(-2.4,-1.,7.E-02));
#1427 = VECTOR('',#1428,1.);
#1428 = DIRECTION('',(0.,0.,-1.));
#1429 = ORIENTED_EDGE('',*,*,#1430,.T.);
#1430 = EDGE_CURVE('',#1423,#1412,#1431,.T.);
#1431 = LINE('',#1432,#1433);
#1432 = CARTESIAN_POINT('',(-2.4,-1.,0.));
#1433 = VECTOR('',#1434,1.);
#1434 = DIRECTION('',(0.,-1.,0.));
#1435 = PLANE('',#1436);
#1436 = AXIS2_PLACEMENT_3D('',#1437,#1438,#1439);
#1437 = CARTESIAN_POINT('',(-2.4,-1.4065,9.35E-02));
#1438 = DIRECTION('',(-1.,-0.,-0.));
#1439 = DIRECTION('',(0.,0.,-1.));
#1440 = ADVANCED_FACE('',(#1441),#1475,.T.);
#1441 = FACE_BOUND('',#1442,.T.);
#1442 = EDGE_LOOP('',(#1443,#1453,#1459,#1460,#1461,#1469));
#1443 = ORIENTED_EDGE('',*,*,#1444,.T.);
#1444 = EDGE_CURVE('',#1445,#1447,#1449,.T.);
#1445 = VERTEX_POINT('',#1446);
#1446 = CARTESIAN_POINT('',(-1.6,-1.8,0.));
#1447 = VERTEX_POINT('',#1448);
#1448 = CARTESIAN_POINT('',(-1.6,-1.8,0.2));
#1449 = LINE('',#1450,#1451);
#1450 = CARTESIAN_POINT('',(-1.6,-1.8,0.));
#1451 = VECTOR('',#1452,1.);
#1452 = DIRECTION('',(0.,0.,1.));
#1453 = ORIENTED_EDGE('',*,*,#1454,.T.);
#1454 = EDGE_CURVE('',#1447,#493,#1455,.T.);
#1455 = LINE('',#1456,#1457);
#1456 = CARTESIAN_POINT('',(-1.6,-1.8,0.2));
#1457 = VECTOR('',#1458,1.);
#1458 = DIRECTION('',(0.,1.,0.));
#1459 = ORIENTED_EDGE('',*,*,#500,.T.);
#1460 = ORIENTED_EDGE('',*,*,#1035,.T.);
#1461 = ORIENTED_EDGE('',*,*,#1462,.T.);
#1462 = EDGE_CURVE('',#1036,#1463,#1465,.T.);
#1463 = VERTEX_POINT('',#1464);
#1464 = CARTESIAN_POINT('',(-1.6,-1.,0.));
#1465 = LINE('',#1466,#1467);
#1466 = CARTESIAN_POINT('',(-1.6,-1.,7.E-02));
#1467 = VECTOR('',#1468,1.);
#1468 = DIRECTION('',(0.,0.,-1.));
#1469 = ORIENTED_EDGE('',*,*,#1470,.T.);
#1470 = EDGE_CURVE('',#1463,#1445,#1471,.T.);
#1471 = LINE('',#1472,#1473);
#1472 = CARTESIAN_POINT('',(-1.6,-1.,0.));
#1473 = VECTOR('',#1474,1.);
#1474 = DIRECTION('',(0.,-1.,0.));
#1475 = PLANE('',#1476);
#1476 = AXIS2_PLACEMENT_3D('',#1477,#1478,#1479);
#1477 = CARTESIAN_POINT('',(-1.6,-1.4065,9.35E-02));
#1478 = DIRECTION('',(-1.,-0.,-0.));
#1479 = DIRECTION('',(0.,0.,-1.));
#1480 = ADVANCED_FACE('',(#1481),#1499,.T.);
#1481 = FACE_BOUND('',#1482,.T.);
#1482 = EDGE_LOOP('',(#1483,#1491,#1497,#1498));
#1483 = ORIENTED_EDGE('',*,*,#1484,.T.);
#1484 = EDGE_CURVE('',#1447,#1485,#1487,.T.);
#1485 = VERTEX_POINT('',#1486);
#1486 = CARTESIAN_POINT('',(-1.4,-1.8,0.2));
#1487 = LINE('',#1488,#1489);
#1488 = CARTESIAN_POINT('',(-1.6,-1.8,0.2));
#1489 = VECTOR('',#1490,1.);
#1490 = DIRECTION('',(1.,0.,0.));
#1491 = ORIENTED_EDGE('',*,*,#1492,.T.);
#1492 = EDGE_CURVE('',#1485,#485,#1493,.T.);
#1493 = LINE('',#1494,#1495);
#1494 = CARTESIAN_POINT('',(-1.4,-1.8,0.2));
#1495 = VECTOR('',#1496,1.);
#1496 = DIRECTION('',(0.,1.,0.));
#1497 = ORIENTED_EDGE('',*,*,#492,.F.);
#1498 = ORIENTED_EDGE('',*,*,#1454,.F.);
#1499 = PLANE('',#1500);
#1500 = AXIS2_PLACEMENT_3D('',#1501,#1502,#1503);
#1501 = CARTESIAN_POINT('',(-1.6,-1.8,0.2));
#1502 = DIRECTION('',(0.,0.,1.));
#1503 = DIRECTION('',(0.,1.,0.));
#1504 = ADVANCED_FACE('',(#1505),#1532,.F.);
#1505 = FACE_BOUND('',#1506,.F.);
#1506 = EDGE_LOOP('',(#1507,#1515,#1516,#1517,#1518,#1526));
#1507 = ORIENTED_EDGE('',*,*,#1508,.T.);
#1508 = EDGE_CURVE('',#1509,#1485,#1511,.T.);
#1509 = VERTEX_POINT('',#1510);
#1510 = CARTESIAN_POINT('',(-1.4,-1.8,0.));
#1511 = LINE('',#1512,#1513);
#1512 = CARTESIAN_POINT('',(-1.4,-1.8,0.));
#1513 = VECTOR('',#1514,1.);
#1514 = DIRECTION('',(0.,0.,1.));
#1515 = ORIENTED_EDGE('',*,*,#1492,.T.);
#1516 = ORIENTED_EDGE('',*,*,#484,.T.);
#1517 = ORIENTED_EDGE('',*,*,#1051,.T.);
#1518 = ORIENTED_EDGE('',*,*,#1519,.T.);
#1519 = EDGE_CURVE('',#1044,#1520,#1522,.T.);
#1520 = VERTEX_POINT('',#1521);
#1521 = CARTESIAN_POINT('',(-1.4,-1.,0.));
#1522 = LINE('',#1523,#1524);
#1523 = CARTESIAN_POINT('',(-1.4,-1.,7.E-02));
#1524 = VECTOR('',#1525,1.);
#1525 = DIRECTION('',(0.,0.,-1.));
#1526 = ORIENTED_EDGE('',*,*,#1527,.T.);
#1527 = EDGE_CURVE('',#1520,#1509,#1528,.T.);
#1528 = LINE('',#1529,#1530);
#1529 = CARTESIAN_POINT('',(-1.4,-1.,0.));
#1530 = VECTOR('',#1531,1.);
#1531 = DIRECTION('',(0.,-1.,0.));
#1532 = PLANE('',#1533);
#1533 = AXIS2_PLACEMENT_3D('',#1534,#1535,#1536);
#1534 = CARTESIAN_POINT('',(-1.4,-1.4065,9.35E-02));
#1535 = DIRECTION('',(-1.,-0.,-0.));
#1536 = DIRECTION('',(0.,0.,-1.));
#1537 = ADVANCED_FACE('',(#1538),#1572,.T.);
#1538 = FACE_BOUND('',#1539,.T.);
#1539 = EDGE_LOOP('',(#1540,#1550,#1556,#1557,#1558,#1566));
#1540 = ORIENTED_EDGE('',*,*,#1541,.T.);
#1541 = EDGE_CURVE('',#1542,#1544,#1546,.T.);
#1542 = VERTEX_POINT('',#1543);
#1543 = CARTESIAN_POINT('',(-0.6,-1.8,0.));
#1544 = VERTEX_POINT('',#1545);
#1545 = CARTESIAN_POINT('',(-0.6,-1.8,0.2));
#1546 = LINE('',#1547,#1548);
#1547 = CARTESIAN_POINT('',(-0.6,-1.8,0.));
#1548 = VECTOR('',#1549,1.);
#1549 = DIRECTION('',(0.,0.,1.));
#1550 = ORIENTED_EDGE('',*,*,#1551,.T.);
#1551 = EDGE_CURVE('',#1544,#461,#1552,.T.);
#1552 = LINE('',#1553,#1554);
#1553 = CARTESIAN_POINT('',(-0.6,-1.8,0.2));
#1554 = VECTOR('',#1555,1.);
#1555 = DIRECTION('',(0.,1.,0.));
#1556 = ORIENTED_EDGE('',*,*,#468,.T.);
#1557 = ORIENTED_EDGE('',*,*,#1058,.T.);
#1558 = ORIENTED_EDGE('',*,*,#1559,.T.);
#1559 = EDGE_CURVE('',#1059,#1560,#1562,.T.);
#1560 = VERTEX_POINT('',#1561);
#1561 = CARTESIAN_POINT('',(-0.6,-1.,0.));
#1562 = LINE('',#1563,#1564);
#1563 = CARTESIAN_POINT('',(-0.6,-1.,7.E-02));
#1564 = VECTOR('',#1565,1.);
#1565 = DIRECTION('',(0.,0.,-1.));
#1566 = ORIENTED_EDGE('',*,*,#1567,.T.);
#1567 = EDGE_CURVE('',#1560,#1542,#1568,.T.);
#1568 = LINE('',#1569,#1570);
#1569 = CARTESIAN_POINT('',(-0.6,-1.,0.));
#1570 = VECTOR('',#1571,1.);
#1571 = DIRECTION('',(0.,-1.,0.));
#1572 = PLANE('',#1573);
#1573 = AXIS2_PLACEMENT_3D('',#1574,#1575,#1576);
#1574 = CARTESIAN_POINT('',(-0.6,-1.4065,9.35E-02));
#1575 = DIRECTION('',(-1.,-0.,-0.));
#1576 = DIRECTION('',(0.,0.,-1.));
#1577 = ADVANCED_FACE('',(#1578),#1596,.T.);
#1578 = FACE_BOUND('',#1579,.T.);
#1579 = EDGE_LOOP('',(#1580,#1588,#1594,#1595));
#1580 = ORIENTED_EDGE('',*,*,#1581,.T.);
#1581 = EDGE_CURVE('',#1544,#1582,#1584,.T.);
#1582 = VERTEX_POINT('',#1583);
#1583 = CARTESIAN_POINT('',(-0.4,-1.8,0.2));
#1584 = LINE('',#1585,#1586);
#1585 = CARTESIAN_POINT('',(-0.6,-1.8,0.2));
#1586 = VECTOR('',#1587,1.);
#1587 = DIRECTION('',(1.,0.,0.));
#1588 = ORIENTED_EDGE('',*,*,#1589,.T.);
#1589 = EDGE_CURVE('',#1582,#453,#1590,.T.);
#1590 = LINE('',#1591,#1592);
#1591 = CARTESIAN_POINT('',(-0.4,-1.8,0.2));
#1592 = VECTOR('',#1593,1.);
#1593 = DIRECTION('',(0.,1.,0.));
#1594 = ORIENTED_EDGE('',*,*,#460,.F.);
#1595 = ORIENTED_EDGE('',*,*,#1551,.F.);
#1596 = PLANE('',#1597);
#1597 = AXIS2_PLACEMENT_3D('',#1598,#1599,#1600);
#1598 = CARTESIAN_POINT('',(-0.6,-1.8,0.2));
#1599 = DIRECTION('',(0.,0.,1.));
#1600 = DIRECTION('',(0.,1.,0.));
#1601 = ADVANCED_FACE('',(#1602),#1629,.F.);
#1602 = FACE_BOUND('',#1603,.F.);
#1603 = EDGE_LOOP('',(#1604,#1612,#1613,#1614,#1615,#1623));
#1604 = ORIENTED_EDGE('',*,*,#1605,.T.);
#1605 = EDGE_CURVE('',#1606,#1582,#1608,.T.);
#1606 = VERTEX_POINT('',#1607);
#1607 = CARTESIAN_POINT('',(-0.4,-1.8,0.));
#1608 = LINE('',#1609,#1610);
#1609 = CARTESIAN_POINT('',(-0.4,-1.8,0.));
#1610 = VECTOR('',#1611,1.);
#1611 = DIRECTION('',(0.,0.,1.));
#1612 = ORIENTED_EDGE('',*,*,#1589,.T.);
#1613 = ORIENTED_EDGE('',*,*,#452,.T.);
#1614 = ORIENTED_EDGE('',*,*,#1074,.T.);
#1615 = ORIENTED_EDGE('',*,*,#1616,.T.);
#1616 = EDGE_CURVE('',#1067,#1617,#1619,.T.);
#1617 = VERTEX_POINT('',#1618);
#1618 = CARTESIAN_POINT('',(-0.4,-1.,0.));
#1619 = LINE('',#1620,#1621);
#1620 = CARTESIAN_POINT('',(-0.4,-1.,7.E-02));
#1621 = VECTOR('',#1622,1.);
#1622 = DIRECTION('',(0.,0.,-1.));
#1623 = ORIENTED_EDGE('',*,*,#1624,.T.);
#1624 = EDGE_CURVE('',#1617,#1606,#1625,.T.);
#1625 = LINE('',#1626,#1627);
#1626 = CARTESIAN_POINT('',(-0.4,-1.,0.));
#1627 = VECTOR('',#1628,1.);
#1628 = DIRECTION('',(0.,-1.,0.));
#1629 = PLANE('',#1630);
#1630 = AXIS2_PLACEMENT_3D('',#1631,#1632,#1633);
#1631 = CARTESIAN_POINT('',(-0.4,-1.4065,9.35E-02));
#1632 = DIRECTION('',(-1.,-0.,-0.));
#1633 = DIRECTION('',(0.,0.,-1.));
#1634 = ADVANCED_FACE('',(#1635),#1669,.T.);
#1635 = FACE_BOUND('',#1636,.T.);
#1636 = EDGE_LOOP('',(#1637,#1647,#1653,#1654,#1655,#1663));
#1637 = ORIENTED_EDGE('',*,*,#1638,.T.);
#1638 = EDGE_CURVE('',#1639,#1641,#1643,.T.);
#1639 = VERTEX_POINT('',#1640);
#1640 = CARTESIAN_POINT('',(0.4,-1.8,0.));
#1641 = VERTEX_POINT('',#1642);
#1642 = CARTESIAN_POINT('',(0.4,-1.8,0.2));
#1643 = LINE('',#1644,#1645);
#1644 = CARTESIAN_POINT('',(0.4,-1.8,0.));
#1645 = VECTOR('',#1646,1.);
#1646 = DIRECTION('',(0.,0.,1.));
#1647 = ORIENTED_EDGE('',*,*,#1648,.T.);
#1648 = EDGE_CURVE('',#1641,#429,#1649,.T.);
#1649 = LINE('',#1650,#1651);
#1650 = CARTESIAN_POINT('',(0.4,-1.8,0.2));
#1651 = VECTOR('',#1652,1.);
#1652 = DIRECTION('',(0.,1.,0.));
#1653 = ORIENTED_EDGE('',*,*,#436,.T.);
#1654 = ORIENTED_EDGE('',*,*,#1081,.T.);
#1655 = ORIENTED_EDGE('',*,*,#1656,.T.);
#1656 = EDGE_CURVE('',#1082,#1657,#1659,.T.);
#1657 = VERTEX_POINT('',#1658);
#1658 = CARTESIAN_POINT('',(0.4,-1.,0.));
#1659 = LINE('',#1660,#1661);
#1660 = CARTESIAN_POINT('',(0.4,-1.,7.E-02));
#1661 = VECTOR('',#1662,1.);
#1662 = DIRECTION('',(0.,0.,-1.));
#1663 = ORIENTED_EDGE('',*,*,#1664,.T.);
#1664 = EDGE_CURVE('',#1657,#1639,#1665,.T.);
#1665 = LINE('',#1666,#1667);
#1666 = CARTESIAN_POINT('',(0.4,-1.,0.));
#1667 = VECTOR('',#1668,1.);
#1668 = DIRECTION('',(0.,-1.,0.));
#1669 = PLANE('',#1670);
#1670 = AXIS2_PLACEMENT_3D('',#1671,#1672,#1673);
#1671 = CARTESIAN_POINT('',(0.4,-1.4065,9.35E-02));
#1672 = DIRECTION('',(-1.,-0.,-0.));
#1673 = DIRECTION('',(0.,0.,-1.));
#1674 = ADVANCED_FACE('',(#1675),#1693,.T.);
#1675 = FACE_BOUND('',#1676,.T.);
#1676 = EDGE_LOOP('',(#1677,#1685,#1691,#1692));
#1677 = ORIENTED_EDGE('',*,*,#1678,.T.);
#1678 = EDGE_CURVE('',#1641,#1679,#1681,.T.);
#1679 = VERTEX_POINT('',#1680);
#1680 = CARTESIAN_POINT('',(0.6,-1.8,0.2));
#1681 = LINE('',#1682,#1683);
#1682 = CARTESIAN_POINT('',(0.4,-1.8,0.2));
#1683 = VECTOR('',#1684,1.);
#1684 = DIRECTION('',(1.,0.,0.));
#1685 = ORIENTED_EDGE('',*,*,#1686,.T.);
#1686 = EDGE_CURVE('',#1679,#421,#1687,.T.);
#1687 = LINE('',#1688,#1689);
#1688 = CARTESIAN_POINT('',(0.6,-1.8,0.2));
#1689 = VECTOR('',#1690,1.);
#1690 = DIRECTION('',(0.,1.,0.));
#1691 = ORIENTED_EDGE('',*,*,#428,.F.);
#1692 = ORIENTED_EDGE('',*,*,#1648,.F.);
#1693 = PLANE('',#1694);
#1694 = AXIS2_PLACEMENT_3D('',#1695,#1696,#1697);
#1695 = CARTESIAN_POINT('',(0.4,-1.8,0.2));
#1696 = DIRECTION('',(0.,0.,1.));
#1697 = DIRECTION('',(0.,1.,0.));
#1698 = ADVANCED_FACE('',(#1699),#1726,.F.);
#1699 = FACE_BOUND('',#1700,.F.);
#1700 = EDGE_LOOP('',(#1701,#1709,#1710,#1711,#1712,#1720));
#1701 = ORIENTED_EDGE('',*,*,#1702,.T.);
#1702 = EDGE_CURVE('',#1703,#1679,#1705,.T.);
#1703 = VERTEX_POINT('',#1704);
#1704 = CARTESIAN_POINT('',(0.6,-1.8,0.));
#1705 = LINE('',#1706,#1707);
#1706 = CARTESIAN_POINT('',(0.6,-1.8,0.));
#1707 = VECTOR('',#1708,1.);
#1708 = DIRECTION('',(0.,0.,1.));
#1709 = ORIENTED_EDGE('',*,*,#1686,.T.);
#1710 = ORIENTED_EDGE('',*,*,#420,.T.);
#1711 = ORIENTED_EDGE('',*,*,#1097,.T.);
#1712 = ORIENTED_EDGE('',*,*,#1713,.T.);
#1713 = EDGE_CURVE('',#1090,#1714,#1716,.T.);
#1714 = VERTEX_POINT('',#1715);
#1715 = CARTESIAN_POINT('',(0.6,-1.,0.));
#1716 = LINE('',#1717,#1718);
#1717 = CARTESIAN_POINT('',(0.6,-1.,7.E-02));
#1718 = VECTOR('',#1719,1.);
#1719 = DIRECTION('',(0.,0.,-1.));
#1720 = ORIENTED_EDGE('',*,*,#1721,.T.);
#1721 = EDGE_CURVE('',#1714,#1703,#1722,.T.);
#1722 = LINE('',#1723,#1724);
#1723 = CARTESIAN_POINT('',(0.6,-1.,0.));
#1724 = VECTOR('',#1725,1.);
#1725 = DIRECTION('',(0.,-1.,0.));
#1726 = PLANE('',#1727);
#1727 = AXIS2_PLACEMENT_3D('',#1728,#1729,#1730);
#1728 = CARTESIAN_POINT('',(0.6,-1.4065,9.35E-02));
#1729 = DIRECTION('',(-1.,-0.,-0.));
#1730 = DIRECTION('',(0.,0.,-1.));
#1731 = ADVANCED_FACE('',(#1732),#1766,.T.);
#1732 = FACE_BOUND('',#1733,.T.);
#1733 = EDGE_LOOP('',(#1734,#1744,#1750,#1751,#1752,#1760));
#1734 = ORIENTED_EDGE('',*,*,#1735,.T.);
#1735 = EDGE_CURVE('',#1736,#1738,#1740,.T.);
#1736 = VERTEX_POINT('',#1737);
#1737 = CARTESIAN_POINT('',(1.4,-1.8,0.));
#1738 = VERTEX_POINT('',#1739);
#1739 = CARTESIAN_POINT('',(1.4,-1.8,0.2));
#1740 = LINE('',#1741,#1742);
#1741 = CARTESIAN_POINT('',(1.4,-1.8,0.));
#1742 = VECTOR('',#1743,1.);
#1743 = DIRECTION('',(0.,0.,1.));
#1744 = ORIENTED_EDGE('',*,*,#1745,.T.);
#1745 = EDGE_CURVE('',#1738,#397,#1746,.T.);
#1746 = LINE('',#1747,#1748);
#1747 = CARTESIAN_POINT('',(1.4,-1.8,0.2));
#1748 = VECTOR('',#1749,1.);
#1749 = DIRECTION('',(0.,1.,0.));
#1750 = ORIENTED_EDGE('',*,*,#404,.T.);
#1751 = ORIENTED_EDGE('',*,*,#1104,.T.);
#1752 = ORIENTED_EDGE('',*,*,#1753,.T.);
#1753 = EDGE_CURVE('',#1105,#1754,#1756,.T.);
#1754 = VERTEX_POINT('',#1755);
#1755 = CARTESIAN_POINT('',(1.4,-1.,0.));
#1756 = LINE('',#1757,#1758);
#1757 = CARTESIAN_POINT('',(1.4,-1.,7.E-02));
#1758 = VECTOR('',#1759,1.);
#1759 = DIRECTION('',(0.,0.,-1.));
#1760 = ORIENTED_EDGE('',*,*,#1761,.T.);
#1761 = EDGE_CURVE('',#1754,#1736,#1762,.T.);
#1762 = LINE('',#1763,#1764);
#1763 = CARTESIAN_POINT('',(1.4,-1.,0.));
#1764 = VECTOR('',#1765,1.);
#1765 = DIRECTION('',(0.,-1.,0.));
#1766 = PLANE('',#1767);
#1767 = AXIS2_PLACEMENT_3D('',#1768,#1769,#1770);
#1768 = CARTESIAN_POINT('',(1.4,-1.4065,9.35E-02));
#1769 = DIRECTION('',(-1.,-0.,-0.));
#1770 = DIRECTION('',(0.,0.,-1.));
#1771 = ADVANCED_FACE('',(#1772),#1790,.T.);
#1772 = FACE_BOUND('',#1773,.T.);
#1773 = EDGE_LOOP('',(#1774,#1782,#1788,#1789));
#1774 = ORIENTED_EDGE('',*,*,#1775,.T.);
#1775 = EDGE_CURVE('',#1738,#1776,#1778,.T.);
#1776 = VERTEX_POINT('',#1777);
#1777 = CARTESIAN_POINT('',(1.6,-1.8,0.2));
#1778 = LINE('',#1779,#1780);
#1779 = CARTESIAN_POINT('',(1.4,-1.8,0.2));
#1780 = VECTOR('',#1781,1.);
#1781 = DIRECTION('',(1.,0.,0.));
#1782 = ORIENTED_EDGE('',*,*,#1783,.T.);
#1783 = EDGE_CURVE('',#1776,#389,#1784,.T.);
#1784 = LINE('',#1785,#1786);
#1785 = CARTESIAN_POINT('',(1.6,-1.8,0.2));
#1786 = VECTOR('',#1787,1.);
#1787 = DIRECTION('',(0.,1.,0.));
#1788 = ORIENTED_EDGE('',*,*,#396,.F.);
#1789 = ORIENTED_EDGE('',*,*,#1745,.F.);
#1790 = PLANE('',#1791);
#1791 = AXIS2_PLACEMENT_3D('',#1792,#1793,#1794);
#1792 = CARTESIAN_POINT('',(1.4,-1.8,0.2));
#1793 = DIRECTION('',(0.,0.,1.));
#1794 = DIRECTION('',(0.,1.,0.));
#1795 = ADVANCED_FACE('',(#1796),#1823,.F.);
#1796 = FACE_BOUND('',#1797,.F.);
#1797 = EDGE_LOOP('',(#1798,#1806,#1807,#1808,#1809,#1817));
#1798 = ORIENTED_EDGE('',*,*,#1799,.T.);
#1799 = EDGE_CURVE('',#1800,#1776,#1802,.T.);
#1800 = VERTEX_POINT('',#1801);
#1801 = CARTESIAN_POINT('',(1.6,-1.8,0.));
#1802 = LINE('',#1803,#1804);
#1803 = CARTESIAN_POINT('',(1.6,-1.8,0.));
#1804 = VECTOR('',#1805,1.);
#1805 = DIRECTION('',(0.,0.,1.));
#1806 = ORIENTED_EDGE('',*,*,#1783,.T.);
#1807 = ORIENTED_EDGE('',*,*,#388,.T.);
#1808 = ORIENTED_EDGE('',*,*,#1120,.T.);
#1809 = ORIENTED_EDGE('',*,*,#1810,.T.);
#1810 = EDGE_CURVE('',#1113,#1811,#1813,.T.);
#1811 = VERTEX_POINT('',#1812);
#1812 = CARTESIAN_POINT('',(1.6,-1.,0.));
#1813 = LINE('',#1814,#1815);
#1814 = CARTESIAN_POINT('',(1.6,-1.,7.E-02));
#1815 = VECTOR('',#1816,1.);
#1816 = DIRECTION('',(0.,0.,-1.));
#1817 = ORIENTED_EDGE('',*,*,#1818,.T.);
#1818 = EDGE_CURVE('',#1811,#1800,#1819,.T.);
#1819 = LINE('',#1820,#1821);
#1820 = CARTESIAN_POINT('',(1.6,-1.,0.));
#1821 = VECTOR('',#1822,1.);
#1822 = DIRECTION('',(0.,-1.,0.));
#1823 = PLANE('',#1824);
#1824 = AXIS2_PLACEMENT_3D('',#1825,#1826,#1827);
#1825 = CARTESIAN_POINT('',(1.6,-1.4065,9.35E-02));
#1826 = DIRECTION('',(-1.,-0.,-0.));
#1827 = DIRECTION('',(0.,0.,-1.));
#1828 = ADVANCED_FACE('',(#1829),#1863,.T.);
#1829 = FACE_BOUND('',#1830,.T.);
#1830 = EDGE_LOOP('',(#1831,#1841,#1847,#1848,#1849,#1857));
#1831 = ORIENTED_EDGE('',*,*,#1832,.T.);
#1832 = EDGE_CURVE('',#1833,#1835,#1837,.T.);
#1833 = VERTEX_POINT('',#1834);
#1834 = CARTESIAN_POINT('',(2.4,-1.8,0.));
#1835 = VERTEX_POINT('',#1836);
#1836 = CARTESIAN_POINT('',(2.4,-1.8,0.2));
#1837 = LINE('',#1838,#1839);
#1838 = CARTESIAN_POINT('',(2.4,-1.8,0.));
#1839 = VECTOR('',#1840,1.);
#1840 = DIRECTION('',(0.,0.,1.));
#1841 = ORIENTED_EDGE('',*,*,#1842,.T.);
#1842 = EDGE_CURVE('',#1835,#365,#1843,.T.);
#1843 = LINE('',#1844,#1845);
#1844 = CARTESIAN_POINT('',(2.4,-1.8,0.2));
#1845 = VECTOR('',#1846,1.);
#1846 = DIRECTION('',(0.,1.,0.));
#1847 = ORIENTED_EDGE('',*,*,#372,.T.);
#1848 = ORIENTED_EDGE('',*,*,#1127,.T.);
#1849 = ORIENTED_EDGE('',*,*,#1850,.T.);
#1850 = EDGE_CURVE('',#1128,#1851,#1853,.T.);
#1851 = VERTEX_POINT('',#1852);
#1852 = CARTESIAN_POINT('',(2.4,-1.,0.));
#1853 = LINE('',#1854,#1855);
#1854 = CARTESIAN_POINT('',(2.4,-1.,7.E-02));
#1855 = VECTOR('',#1856,1.);
#1856 = DIRECTION('',(0.,0.,-1.));
#1857 = ORIENTED_EDGE('',*,*,#1858,.T.);
#1858 = EDGE_CURVE('',#1851,#1833,#1859,.T.);
#1859 = LINE('',#1860,#1861);
#1860 = CARTESIAN_POINT('',(2.4,-1.,0.));
#1861 = VECTOR('',#1862,1.);
#1862 = DIRECTION('',(0.,-1.,0.));
#1863 = PLANE('',#1864);
#1864 = AXIS2_PLACEMENT_3D('',#1865,#1866,#1867);
#1865 = CARTESIAN_POINT('',(2.4,-1.4065,9.35E-02));
#1866 = DIRECTION('',(-1.,-0.,-0.));
#1867 = DIRECTION('',(0.,0.,-1.));
#1868 = ADVANCED_FACE('',(#1869),#1887,.T.);
#1869 = FACE_BOUND('',#1870,.T.);
#1870 = EDGE_LOOP('',(#1871,#1879,#1885,#1886));
#1871 = ORIENTED_EDGE('',*,*,#1872,.T.);
#1872 = EDGE_CURVE('',#1835,#1873,#1875,.T.);
#1873 = VERTEX_POINT('',#1874);
#1874 = CARTESIAN_POINT('',(2.6,-1.8,0.2));
#1875 = LINE('',#1876,#1877);
#1876 = CARTESIAN_POINT('',(2.4,-1.8,0.2));
#1877 = VECTOR('',#1878,1.);
#1878 = DIRECTION('',(1.,0.,0.));
#1879 = ORIENTED_EDGE('',*,*,#1880,.T.);
#1880 = EDGE_CURVE('',#1873,#357,#1881,.T.);
#1881 = LINE('',#1882,#1883);
#1882 = CARTESIAN_POINT('',(2.6,-1.8,0.2));
#1883 = VECTOR('',#1884,1.);
#1884 = DIRECTION('',(0.,1.,0.));
#1885 = ORIENTED_EDGE('',*,*,#364,.F.);
#1886 = ORIENTED_EDGE('',*,*,#1842,.F.);
#1887 = PLANE('',#1888);
#1888 = AXIS2_PLACEMENT_3D('',#1889,#1890,#1891);
#1889 = CARTESIAN_POINT('',(2.4,-1.8,0.2));
#1890 = DIRECTION('',(0.,0.,1.));
#1891 = DIRECTION('',(0.,1.,0.));
#1892 = ADVANCED_FACE('',(#1893),#1920,.F.);
#1893 = FACE_BOUND('',#1894,.F.);
#1894 = EDGE_LOOP('',(#1895,#1903,#1904,#1905,#1906,#1914));
#1895 = ORIENTED_EDGE('',*,*,#1896,.T.);
#1896 = EDGE_CURVE('',#1897,#1873,#1899,.T.);
#1897 = VERTEX_POINT('',#1898);
#1898 = CARTESIAN_POINT('',(2.6,-1.8,0.));
#1899 = LINE('',#1900,#1901);
#1900 = CARTESIAN_POINT('',(2.6,-1.8,0.));
#1901 = VECTOR('',#1902,1.);
#1902 = DIRECTION('',(0.,0.,1.));
#1903 = ORIENTED_EDGE('',*,*,#1880,.T.);
#1904 = ORIENTED_EDGE('',*,*,#356,.T.);
#1905 = ORIENTED_EDGE('',*,*,#1143,.T.);
#1906 = ORIENTED_EDGE('',*,*,#1907,.T.);
#1907 = EDGE_CURVE('',#1136,#1908,#1910,.T.);
#1908 = VERTEX_POINT('',#1909);
#1909 = CARTESIAN_POINT('',(2.6,-1.,0.));
#1910 = LINE('',#1911,#1912);
#1911 = CARTESIAN_POINT('',(2.6,-1.,7.E-02));
#1912 = VECTOR('',#1913,1.);
#1913 = DIRECTION('',(0.,0.,-1.));
#1914 = ORIENTED_EDGE('',*,*,#1915,.T.);
#1915 = EDGE_CURVE('',#1908,#1897,#1916,.T.);
#1916 = LINE('',#1917,#1918);
#1917 = CARTESIAN_POINT('',(2.6,-1.,0.));
#1918 = VECTOR('',#1919,1.);
#1919 = DIRECTION('',(0.,-1.,0.));
#1920 = PLANE('',#1921);
#1921 = AXIS2_PLACEMENT_3D('',#1922,#1923,#1924);
#1922 = CARTESIAN_POINT('',(2.6,-1.4065,9.35E-02));
#1923 = DIRECTION('',(-1.,-0.,-0.));
#1924 = DIRECTION('',(0.,0.,-1.));
#1925 = ADVANCED_FACE('',(#1926),#1937,.F.);
#1926 = FACE_BOUND('',#1927,.F.);
#1927 = EDGE_LOOP('',(#1928,#1929,#1930,#1936));
#1928 = ORIENTED_EDGE('',*,*,#706,.T.);
#1929 = ORIENTED_EDGE('',*,*,#1238,.T.);
#1930 = ORIENTED_EDGE('',*,*,#1931,.F.);
#1931 = EDGE_CURVE('',#1302,#1239,#1932,.T.);
#1932 = LINE('',#1933,#1934);
#1933 = CARTESIAN_POINT('',(3.5,0.1,3.82));
#1934 = VECTOR('',#1935,1.);
#1935 = DIRECTION('',(1.,0.,0.));
#1936 = ORIENTED_EDGE('',*,*,#1301,.F.);
#1937 = PLANE('',#1938);
#1938 = AXIS2_PLACEMENT_3D('',#1939,#1940,#1941);
#1939 = CARTESIAN_POINT('',(3.5,0.1,4.32));
#1940 = DIRECTION('',(0.,1.,0.));
#1941 = DIRECTION('',(0.,0.,-1.));
#1942 = ADVANCED_FACE('',(#1943),#1991,.F.);
#1943 = FACE_BOUND('',#1944,.F.);
#1944 = EDGE_LOOP('',(#1945,#1946,#1954,#1962,#1968,#1969,#1977,#1985));
#1945 = ORIENTED_EDGE('',*,*,#730,.F.);
#1946 = ORIENTED_EDGE('',*,*,#1947,.T.);
#1947 = EDGE_CURVE('',#731,#1948,#1950,.T.);
#1948 = VERTEX_POINT('',#1949);
#1949 = CARTESIAN_POINT('',(3.2,-0.7,1.32));
#1950 = LINE('',#1951,#1952);
#1951 = CARTESIAN_POINT('',(3.2,-0.7,4.32));
#1952 = VECTOR('',#1953,1.);
#1953 = DIRECTION('',(-0.,-0.,-1.));
#1954 = ORIENTED_EDGE('',*,*,#1955,.T.);
#1955 = EDGE_CURVE('',#1948,#1956,#1958,.T.);
#1956 = VERTEX_POINT('',#1957);
#1957 = CARTESIAN_POINT('',(3.2,1.4,1.32));
#1958 = LINE('',#1959,#1960);
#1959 = CARTESIAN_POINT('',(3.2,-0.7,1.32));
#1960 = VECTOR('',#1961,1.);
#1961 = DIRECTION('',(0.,1.,0.));
#1962 = ORIENTED_EDGE('',*,*,#1963,.F.);
#1963 = EDGE_CURVE('',#789,#1956,#1964,.T.);
#1964 = LINE('',#1965,#1966);
#1965 = CARTESIAN_POINT('',(3.2,1.4,4.32));
#1966 = VECTOR('',#1967,1.);
#1967 = DIRECTION('',(-0.,-0.,-1.));
#1968 = ORIENTED_EDGE('',*,*,#796,.F.);
#1969 = ORIENTED_EDGE('',*,*,#1970,.F.);
#1970 = EDGE_CURVE('',#1971,#797,#1973,.T.);
#1971 = VERTEX_POINT('',#1972);
#1972 = CARTESIAN_POINT('',(3.2,0.9,1.92));
#1973 = LINE('',#1974,#1975);
#1974 = CARTESIAN_POINT('',(3.2,0.9,4.32));
#1975 = VECTOR('',#1976,1.);
#1976 = DIRECTION('',(0.,0.,1.));
#1977 = ORIENTED_EDGE('',*,*,#1978,.T.);
#1978 = EDGE_CURVE('',#1971,#1979,#1981,.T.);
#1979 = VERTEX_POINT('',#1980);
#1980 = CARTESIAN_POINT('',(3.2,0.3,1.92));
#1981 = LINE('',#1982,#1983);
#1982 = CARTESIAN_POINT('',(3.2,-5.E-02,1.92));
#1983 = VECTOR('',#1984,1.);
#1984 = DIRECTION('',(0.,-1.,0.));
#1985 = ORIENTED_EDGE('',*,*,#1986,.F.);
#1986 = EDGE_CURVE('',#733,#1979,#1987,.T.);
#1987 = LINE('',#1988,#1989);
#1988 = CARTESIAN_POINT('',(3.2,0.3,4.32));
#1989 = VECTOR('',#1990,1.);
#1990 = DIRECTION('',(0.,0.,-1.));
#1991 = PLANE('',#1992);
#1992 = AXIS2_PLACEMENT_3D('',#1993,#1994,#1995);
#1993 = CARTESIAN_POINT('',(3.2,-0.7,4.32));
#1994 = DIRECTION('',(1.,0.,0.));
#1995 = DIRECTION('',(-0.,1.,0.));
#1996 = ADVANCED_FACE('',(#1997),#2015,.F.);
#1997 = FACE_BOUND('',#1998,.F.);
#1998 = EDGE_LOOP('',(#1999,#2000,#2001,#2009));
#1999 = ORIENTED_EDGE('',*,*,#820,.F.);
#2000 = ORIENTED_EDGE('',*,*,#1986,.T.);
#2001 = ORIENTED_EDGE('',*,*,#2002,.T.);
#2002 = EDGE_CURVE('',#1979,#2003,#2005,.T.);
#2003 = VERTEX_POINT('',#2004);
#2004 = CARTESIAN_POINT('',(3.55,0.3,1.92));
#2005 = LINE('',#2006,#2007);
#2006 = CARTESIAN_POINT('',(-3.55,0.3,1.92));
#2007 = VECTOR('',#2008,1.);
#2008 = DIRECTION('',(1.,0.,0.));
#2009 = ORIENTED_EDGE('',*,*,#2010,.F.);
#2010 = EDGE_CURVE('',#813,#2003,#2011,.T.);
#2011 = LINE('',#2012,#2013);
#2012 = CARTESIAN_POINT('',(3.55,0.3,4.32));
#2013 = VECTOR('',#2014,1.);
#2014 = DIRECTION('',(-0.,-0.,-1.));
#2015 = PLANE('',#2016);
#2016 = AXIS2_PLACEMENT_3D('',#2017,#2018,#2019);
#2017 = CARTESIAN_POINT('',(-3.55,0.3,4.32));
#2018 = DIRECTION('',(0.,-1.,0.));
#2019 = DIRECTION('',(1.,0.,0.));
#2020 = ADVANCED_FACE('',(#2021),#2039,.F.);
#2021 = FACE_BOUND('',#2022,.F.);
#2022 = EDGE_LOOP('',(#2023,#2024,#2032,#2038));
#2023 = ORIENTED_EDGE('',*,*,#2010,.T.);
#2024 = ORIENTED_EDGE('',*,*,#2025,.T.);
#2025 = EDGE_CURVE('',#2003,#2026,#2028,.T.);
#2026 = VERTEX_POINT('',#2027);
#2027 = CARTESIAN_POINT('',(3.55,0.9,1.92));
#2028 = LINE('',#2029,#2030);
#2029 = CARTESIAN_POINT('',(3.55,0.3,1.92));
#2030 = VECTOR('',#2031,1.);
#2031 = DIRECTION('',(0.,1.,0.));
#2032 = ORIENTED_EDGE('',*,*,#2033,.F.);
#2033 = EDGE_CURVE('',#805,#2026,#2034,.T.);
#2034 = LINE('',#2035,#2036);
#2035 = CARTESIAN_POINT('',(3.55,0.9,4.32));
#2036 = VECTOR('',#2037,1.);
#2037 = DIRECTION('',(-0.,-0.,-1.));
#2038 = ORIENTED_EDGE('',*,*,#812,.F.);
#2039 = PLANE('',#2040);
#2040 = AXIS2_PLACEMENT_3D('',#2041,#2042,#2043);
#2041 = CARTESIAN_POINT('',(3.55,0.3,4.32));
#2042 = DIRECTION('',(1.,0.,0.));
#2043 = DIRECTION('',(-0.,1.,0.));
#2044 = ADVANCED_FACE('',(#2045),#2056,.F.);
#2045 = FACE_BOUND('',#2046,.F.);
#2046 = EDGE_LOOP('',(#2047,#2048,#2049,#2055));
#2047 = ORIENTED_EDGE('',*,*,#804,.F.);
#2048 = ORIENTED_EDGE('',*,*,#2033,.T.);
#2049 = ORIENTED_EDGE('',*,*,#2050,.T.);
#2050 = EDGE_CURVE('',#2026,#1971,#2051,.T.);
#2051 = LINE('',#2052,#2053);
#2052 = CARTESIAN_POINT('',(3.55,0.9,1.92));
#2053 = VECTOR('',#2054,1.);
#2054 = DIRECTION('',(-1.,0.,0.));
#2055 = ORIENTED_EDGE('',*,*,#1970,.T.);
#2056 = PLANE('',#2057);
#2057 = AXIS2_PLACEMENT_3D('',#2058,#2059,#2060);
#2058 = CARTESIAN_POINT('',(3.55,0.9,4.32));
#2059 = DIRECTION('',(0.,1.,0.));
#2060 = DIRECTION('',(-1.,0.,0.));
#2061 = ADVANCED_FACE('',(#2062),#2080,.F.);
#2062 = FACE_BOUND('',#2063,.F.);
#2063 = EDGE_LOOP('',(#2064,#2065,#2073,#2079));
#2064 = ORIENTED_EDGE('',*,*,#1963,.T.);
#2065 = ORIENTED_EDGE('',*,*,#2066,.T.);
#2066 = EDGE_CURVE('',#1956,#2067,#2069,.T.);
#2067 = VERTEX_POINT('',#2068);
#2068 = CARTESIAN_POINT('',(-3.2,1.4,1.32));
#2069 = LINE('',#2070,#2071);
#2070 = CARTESIAN_POINT('',(3.2,1.4,1.32));
#2071 = VECTOR('',#2072,1.);
#2072 = DIRECTION('',(-1.,0.,0.));
#2073 = ORIENTED_EDGE('',*,*,#2074,.F.);
#2074 = EDGE_CURVE('',#781,#2067,#2075,.T.);
#2075 = LINE('',#2076,#2077);
#2076 = CARTESIAN_POINT('',(-3.2,1.4,4.32));
#2077 = VECTOR('',#2078,1.);
#2078 = DIRECTION('',(-0.,-0.,-1.));
#2079 = ORIENTED_EDGE('',*,*,#788,.F.);
#2080 = PLANE('',#2081);
#2081 = AXIS2_PLACEMENT_3D('',#2082,#2083,#2084);
#2082 = CARTESIAN_POINT('',(3.2,1.4,4.32));
#2083 = DIRECTION('',(0.,1.,0.));
#2084 = DIRECTION('',(-1.,0.,0.));
#2085 = ADVANCED_FACE('',(#2086),#2127,.F.);
#2086 = FACE_BOUND('',#2087,.F.);
#2087 = EDGE_LOOP('',(#2088,#2089,#2090,#2098,#2104,#2105,#2113,#2121));
#2088 = ORIENTED_EDGE('',*,*,#780,.F.);
#2089 = ORIENTED_EDGE('',*,*,#2074,.T.);
#2090 = ORIENTED_EDGE('',*,*,#2091,.T.);
#2091 = EDGE_CURVE('',#2067,#2092,#2094,.T.);
#2092 = VERTEX_POINT('',#2093);
#2093 = CARTESIAN_POINT('',(-3.2,-0.7,1.32));
#2094 = LINE('',#2095,#2096);
#2095 = CARTESIAN_POINT('',(-3.2,1.4,1.32));
#2096 = VECTOR('',#2097,1.);
#2097 = DIRECTION('',(0.,-1.,0.));
#2098 = ORIENTED_EDGE('',*,*,#2099,.F.);
#2099 = EDGE_CURVE('',#741,#2092,#2100,.T.);
#2100 = LINE('',#2101,#2102);
#2101 = CARTESIAN_POINT('',(-3.2,-0.7,4.32));
#2102 = VECTOR('',#2103,1.);
#2103 = DIRECTION('',(-0.,-0.,-1.));
#2104 = ORIENTED_EDGE('',*,*,#748,.F.);
#2105 = ORIENTED_EDGE('',*,*,#2106,.F.);
#2106 = EDGE_CURVE('',#2107,#749,#2109,.T.);
#2107 = VERTEX_POINT('',#2108);
#2108 = CARTESIAN_POINT('',(-3.2,0.3,1.92));
#2109 = LINE('',#2110,#2111);
#2110 = CARTESIAN_POINT('',(-3.2,0.3,4.32));
#2111 = VECTOR('',#2112,1.);
#2112 = DIRECTION('',(0.,0.,1.));
#2113 = ORIENTED_EDGE('',*,*,#2114,.T.);
#2114 = EDGE_CURVE('',#2107,#2115,#2117,.T.);
#2115 = VERTEX_POINT('',#2116);
#2116 = CARTESIAN_POINT('',(-3.2,0.9,1.92));
#2117 = LINE('',#2118,#2119);
#2118 = CARTESIAN_POINT('',(-3.2,1.,1.92));
#2119 = VECTOR('',#2120,1.);
#2120 = DIRECTION('',(0.,1.,0.));
#2121 = ORIENTED_EDGE('',*,*,#2122,.F.);
#2122 = EDGE_CURVE('',#773,#2115,#2123,.T.);
#2123 = LINE('',#2124,#2125);
#2124 = CARTESIAN_POINT('',(-3.2,0.9,4.32));
#2125 = VECTOR('',#2126,1.);
#2126 = DIRECTION('',(0.,0.,-1.));
#2127 = PLANE('',#2128);
#2128 = AXIS2_PLACEMENT_3D('',#2129,#2130,#2131);
#2129 = CARTESIAN_POINT('',(-3.2,1.4,4.32));
#2130 = DIRECTION('',(-1.,0.,0.));
#2131 = DIRECTION('',(0.,-1.,0.));
#2132 = ADVANCED_FACE('',(#2133),#2151,.F.);
#2133 = FACE_BOUND('',#2134,.F.);
#2134 = EDGE_LOOP('',(#2135,#2136,#2137,#2145));
#2135 = ORIENTED_EDGE('',*,*,#772,.F.);
#2136 = ORIENTED_EDGE('',*,*,#2122,.T.);
#2137 = ORIENTED_EDGE('',*,*,#2138,.T.);
#2138 = EDGE_CURVE('',#2115,#2139,#2141,.T.);
#2139 = VERTEX_POINT('',#2140);
#2140 = CARTESIAN_POINT('',(-3.55,0.9,1.92));
#2141 = LINE('',#2142,#2143);
#2142 = CARTESIAN_POINT('',(3.55,0.9,1.92));
#2143 = VECTOR('',#2144,1.);
#2144 = DIRECTION('',(-1.,0.,0.));
#2145 = ORIENTED_EDGE('',*,*,#2146,.F.);
#2146 = EDGE_CURVE('',#765,#2139,#2147,.T.);
#2147 = LINE('',#2148,#2149);
#2148 = CARTESIAN_POINT('',(-3.55,0.9,4.32));
#2149 = VECTOR('',#2150,1.);
#2150 = DIRECTION('',(-0.,-0.,-1.));
#2151 = PLANE('',#2152);
#2152 = AXIS2_PLACEMENT_3D('',#2153,#2154,#2155);
#2153 = CARTESIAN_POINT('',(3.55,0.9,4.32));
#2154 = DIRECTION('',(0.,1.,0.));
#2155 = DIRECTION('',(-1.,0.,0.));
#2156 = ADVANCED_FACE('',(#2157),#2175,.F.);
#2157 = FACE_BOUND('',#2158,.F.);
#2158 = EDGE_LOOP('',(#2159,#2160,#2168,#2174));
#2159 = ORIENTED_EDGE('',*,*,#2146,.T.);
#2160 = ORIENTED_EDGE('',*,*,#2161,.T.);
#2161 = EDGE_CURVE('',#2139,#2162,#2164,.T.);
#2162 = VERTEX_POINT('',#2163);
#2163 = CARTESIAN_POINT('',(-3.55,0.3,1.92));
#2164 = LINE('',#2165,#2166);
#2165 = CARTESIAN_POINT('',(-3.55,0.9,1.92));
#2166 = VECTOR('',#2167,1.);
#2167 = DIRECTION('',(0.,-1.,0.));
#2168 = ORIENTED_EDGE('',*,*,#2169,.F.);
#2169 = EDGE_CURVE('',#757,#2162,#2170,.T.);
#2170 = LINE('',#2171,#2172);
#2171 = CARTESIAN_POINT('',(-3.55,0.3,4.32));
#2172 = VECTOR('',#2173,1.);
#2173 = DIRECTION('',(-0.,-0.,-1.));
#2174 = ORIENTED_EDGE('',*,*,#764,.F.);
#2175 = PLANE('',#2176);
#2176 = AXIS2_PLACEMENT_3D('',#2177,#2178,#2179);
#2177 = CARTESIAN_POINT('',(-3.55,0.9,4.32));
#2178 = DIRECTION('',(-1.,0.,0.));
#2179 = DIRECTION('',(0.,-1.,0.));
#2180 = ADVANCED_FACE('',(#2181),#2192,.F.);
#2181 = FACE_BOUND('',#2182,.F.);
#2182 = EDGE_LOOP('',(#2183,#2184,#2185,#2191));
#2183 = ORIENTED_EDGE('',*,*,#756,.F.);
#2184 = ORIENTED_EDGE('',*,*,#2169,.T.);
#2185 = ORIENTED_EDGE('',*,*,#2186,.T.);
#2186 = EDGE_CURVE('',#2162,#2107,#2187,.T.);
#2187 = LINE('',#2188,#2189);
#2188 = CARTESIAN_POINT('',(-3.55,0.3,1.92));
#2189 = VECTOR('',#2190,1.);
#2190 = DIRECTION('',(1.,0.,0.));
#2191 = ORIENTED_EDGE('',*,*,#2106,.T.);
#2192 = PLANE('',#2193);
#2193 = AXIS2_PLACEMENT_3D('',#2194,#2195,#2196);
#2194 = CARTESIAN_POINT('',(-3.55,0.3,4.32));
#2195 = DIRECTION('',(0.,-1.,0.));
#2196 = DIRECTION('',(1.,0.,0.));
#2197 = ADVANCED_FACE('',(#2198),#2209,.F.);
#2198 = FACE_BOUND('',#2199,.F.);
#2199 = EDGE_LOOP('',(#2200,#2201,#2207,#2208));
#2200 = ORIENTED_EDGE('',*,*,#2099,.T.);
#2201 = ORIENTED_EDGE('',*,*,#2202,.T.);
#2202 = EDGE_CURVE('',#2092,#1948,#2203,.T.);
#2203 = LINE('',#2204,#2205);
#2204 = CARTESIAN_POINT('',(-3.2,-0.7,1.32));
#2205 = VECTOR('',#2206,1.);
#2206 = DIRECTION('',(1.,0.,0.));
#2207 = ORIENTED_EDGE('',*,*,#1947,.F.);
#2208 = ORIENTED_EDGE('',*,*,#740,.F.);
#2209 = PLANE('',#2210);
#2210 = AXIS2_PLACEMENT_3D('',#2211,#2212,#2213);
#2211 = CARTESIAN_POINT('',(-3.2,-0.7,4.32));
#2212 = DIRECTION('',(0.,-1.,0.));
#2213 = DIRECTION('',(1.,0.,0.));
#2214 = ADVANCED_FACE('',(#2215),#2232,.F.);
#2215 = FACE_BOUND('',#2216,.F.);
#2216 = EDGE_LOOP('',(#2217,#2218,#2226));
#2217 = ORIENTED_EDGE('',*,*,#884,.T.);
#2218 = ORIENTED_EDGE('',*,*,#2219,.F.);
#2219 = EDGE_CURVE('',#2220,#885,#2222,.T.);
#2220 = VERTEX_POINT('',#2221);
#2221 = CARTESIAN_POINT('',(3.5,1.3,1.27));
#2222 = LINE('',#2223,#2224);
#2223 = CARTESIAN_POINT('',(3.5,1.3,1.27));
#2224 = VECTOR('',#2225,1.);
#2225 = DIRECTION('',(0.,1.,0.));
#2226 = ORIENTED_EDGE('',*,*,#2227,.T.);
#2227 = EDGE_CURVE('',#2220,#877,#2228,.T.);
#2228 = LINE('',#2229,#2230);
#2229 = CARTESIAN_POINT('',(3.5,1.3,1.27));
#2230 = VECTOR('',#2231,1.);
#2231 = DIRECTION('',(0.,0.865781720524,0.500421834463));
#2232 = PLANE('',#2233);
#2233 = AXIS2_PLACEMENT_3D('',#2234,#2235,#2236);
#2234 = CARTESIAN_POINT('',(3.5,1.2070284193,0.61712900941));
#2235 = DIRECTION('',(-1.,-0.,-0.));
#2236 = DIRECTION('',(0.,0.,-1.));
#2237 = ADVANCED_FACE('',(#2238),#2271,.T.);
#2238 = FACE_BOUND('',#2239,.T.);
#2239 = EDGE_LOOP('',(#2240,#2248,#2256,#2264,#2270));
#2240 = ORIENTED_EDGE('',*,*,#2241,.T.);
#2241 = EDGE_CURVE('',#885,#2242,#2244,.T.);
#2242 = VERTEX_POINT('',#2243);
#2243 = CARTESIAN_POINT('',(3.7,1.8,1.27));
#2244 = LINE('',#2245,#2246);
#2245 = CARTESIAN_POINT('',(3.5,1.8,1.27));
#2246 = VECTOR('',#2247,1.);
#2247 = DIRECTION('',(1.,0.,0.));
#2248 = ORIENTED_EDGE('',*,*,#2249,.T.);
#2249 = EDGE_CURVE('',#2242,#2250,#2252,.T.);
#2250 = VERTEX_POINT('',#2251);
#2251 = CARTESIAN_POINT('',(3.7,1.8,2.E-02));
#2252 = LINE('',#2253,#2254);
#2253 = CARTESIAN_POINT('',(3.7,1.8,1.27));
#2254 = VECTOR('',#2255,1.);
#2255 = DIRECTION('',(0.,0.,-1.));
#2256 = ORIENTED_EDGE('',*,*,#2257,.F.);
#2257 = EDGE_CURVE('',#2258,#2250,#2260,.T.);
#2258 = VERTEX_POINT('',#2259);
#2259 = CARTESIAN_POINT('',(3.5,1.8,2.E-02));
#2260 = LINE('',#2261,#2262);
#2261 = CARTESIAN_POINT('',(3.5,1.8,2.E-02));
#2262 = VECTOR('',#2263,1.);
#2263 = DIRECTION('',(1.,0.,0.));
#2264 = ORIENTED_EDGE('',*,*,#2265,.F.);
#2265 = EDGE_CURVE('',#837,#2258,#2266,.T.);
#2266 = LINE('',#2267,#2268);
#2267 = CARTESIAN_POINT('',(3.5,1.8,1.27));
#2268 = VECTOR('',#2269,1.);
#2269 = DIRECTION('',(0.,0.,-1.));
#2270 = ORIENTED_EDGE('',*,*,#892,.F.);
#2271 = PLANE('',#2272);
#2272 = AXIS2_PLACEMENT_3D('',#2273,#2274,#2275);
#2273 = CARTESIAN_POINT('',(3.5,1.8,1.27));
#2274 = DIRECTION('',(0.,1.,0.));
#2275 = DIRECTION('',(0.,0.,-1.));
#2276 = ADVANCED_FACE('',(#2277),#2296,.F.);
#2277 = FACE_BOUND('',#2278,.F.);
#2278 = EDGE_LOOP('',(#2279,#2287,#2293,#2294,#2295));
#2279 = ORIENTED_EDGE('',*,*,#2280,.T.);
#2280 = EDGE_CURVE('',#2220,#2281,#2283,.T.);
#2281 = VERTEX_POINT('',#2282);
#2282 = CARTESIAN_POINT('',(3.7,1.3,1.27));
#2283 = LINE('',#2284,#2285);
#2284 = CARTESIAN_POINT('',(3.5,1.3,1.27));
#2285 = VECTOR('',#2286,1.);
#2286 = DIRECTION('',(1.,0.,0.));
#2287 = ORIENTED_EDGE('',*,*,#2288,.T.);
#2288 = EDGE_CURVE('',#2281,#1223,#2289,.T.);
#2289 = LINE('',#2290,#2291);
#2290 = CARTESIAN_POINT('',(3.5,1.3,1.27));
#2291 = VECTOR('',#2292,1.);
#2292 = DIRECTION('',(1.,0.,0.));
#2293 = ORIENTED_EDGE('',*,*,#1230,.T.);
#2294 = ORIENTED_EDGE('',*,*,#876,.F.);
#2295 = ORIENTED_EDGE('',*,*,#2227,.F.);
#2296 = PLANE('',#2297);
#2297 = AXIS2_PLACEMENT_3D('',#2298,#2299,#2300);
#2298 = CARTESIAN_POINT('',(3.5,1.3,1.27));
#2299 = DIRECTION('',(0.,-0.500421834463,0.865781720524));
#2300 = DIRECTION('',(0.,0.865781720524,0.500421834463));
#2301 = ADVANCED_FACE('',(#2302),#2312,.T.);
#2302 = FACE_BOUND('',#2303,.T.);
#2303 = EDGE_LOOP('',(#2304,#2305,#2311));
#2304 = ORIENTED_EDGE('',*,*,#852,.T.);
#2305 = ORIENTED_EDGE('',*,*,#2306,.F.);
#2306 = EDGE_CURVE('',#915,#845,#2307,.T.);
#2307 = LINE('',#2308,#2309);
#2308 = CARTESIAN_POINT('',(-3.5,1.3,1.27));
#2309 = VECTOR('',#2310,1.);
#2310 = DIRECTION('',(0.,1.,0.));
#2311 = ORIENTED_EDGE('',*,*,#922,.T.);
#2312 = PLANE('',#2313);
#2313 = AXIS2_PLACEMENT_3D('',#2314,#2315,#2316);
#2314 = CARTESIAN_POINT('',(-3.5,1.2070284193,0.61712900941));
#2315 = DIRECTION('',(-1.,-0.,-0.));
#2316 = DIRECTION('',(0.,0.,-1.));
#2317 = ADVANCED_FACE('',(#2318),#2351,.T.);
#2318 = FACE_BOUND('',#2319,.T.);
#2319 = EDGE_LOOP('',(#2320,#2328,#2329,#2337,#2345));
#2320 = ORIENTED_EDGE('',*,*,#2321,.T.);
#2321 = EDGE_CURVE('',#2322,#845,#2324,.T.);
#2322 = VERTEX_POINT('',#2323);
#2323 = CARTESIAN_POINT('',(-3.7,1.8,1.27));
#2324 = LINE('',#2325,#2326);
#2325 = CARTESIAN_POINT('',(-3.7,1.8,1.27));
#2326 = VECTOR('',#2327,1.);
#2327 = DIRECTION('',(1.,0.,0.));
#2328 = ORIENTED_EDGE('',*,*,#844,.T.);
#2329 = ORIENTED_EDGE('',*,*,#2330,.T.);
#2330 = EDGE_CURVE('',#835,#2331,#2333,.T.);
#2331 = VERTEX_POINT('',#2332);
#2332 = CARTESIAN_POINT('',(-3.5,1.8,2.E-02));
#2333 = LINE('',#2334,#2335);
#2334 = CARTESIAN_POINT('',(-3.5,1.8,1.27));
#2335 = VECTOR('',#2336,1.);
#2336 = DIRECTION('',(0.,0.,-1.));
#2337 = ORIENTED_EDGE('',*,*,#2338,.F.);
#2338 = EDGE_CURVE('',#2339,#2331,#2341,.T.);
#2339 = VERTEX_POINT('',#2340);
#2340 = CARTESIAN_POINT('',(-3.7,1.8,2.E-02));
#2341 = LINE('',#2342,#2343);
#2342 = CARTESIAN_POINT('',(-3.7,1.8,2.E-02));
#2343 = VECTOR('',#2344,1.);
#2344 = DIRECTION('',(1.,0.,0.));
#2345 = ORIENTED_EDGE('',*,*,#2346,.F.);
#2346 = EDGE_CURVE('',#2322,#2339,#2347,.T.);
#2347 = LINE('',#2348,#2349);
#2348 = CARTESIAN_POINT('',(-3.7,1.8,1.27));
#2349 = VECTOR('',#2350,1.);
#2350 = DIRECTION('',(0.,0.,-1.));
#2351 = PLANE('',#2352);
#2352 = AXIS2_PLACEMENT_3D('',#2353,#2354,#2355);
#2353 = CARTESIAN_POINT('',(-3.7,1.8,1.27));
#2354 = DIRECTION('',(0.,1.,0.));
#2355 = DIRECTION('',(0.,0.,-1.));
#2356 = ADVANCED_FACE('',(#2357),#2368,.T.);
#2357 = FACE_BOUND('',#2358,.T.);
#2358 = EDGE_LOOP('',(#2359,#2360,#2361,#2362));
#2359 = ORIENTED_EDGE('',*,*,#914,.T.);
#2360 = ORIENTED_EDGE('',*,*,#2306,.T.);
#2361 = ORIENTED_EDGE('',*,*,#2321,.F.);
#2362 = ORIENTED_EDGE('',*,*,#2363,.F.);
#2363 = EDGE_CURVE('',#907,#2322,#2364,.T.);
#2364 = LINE('',#2365,#2366);
#2365 = CARTESIAN_POINT('',(-3.7,1.3,1.27));
#2366 = VECTOR('',#2367,1.);
#2367 = DIRECTION('',(0.,1.,0.));
#2368 = PLANE('',#2369);
#2369 = AXIS2_PLACEMENT_3D('',#2370,#2371,#2372);
#2370 = CARTESIAN_POINT('',(-3.7,1.3,1.27));
#2371 = DIRECTION('',(0.,0.,1.));
#2372 = DIRECTION('',(0.,1.,0.));
#2373 = ADVANCED_FACE('',(#2374),#2395,.T.);
#2374 = FACE_BOUND('',#2375,.T.);
#2375 = EDGE_LOOP('',(#2376,#2384,#2385,#2386,#2387,#2388,#2389));
#2376 = ORIENTED_EDGE('',*,*,#2377,.T.);
#2377 = EDGE_CURVE('',#2378,#988,#2380,.T.);
#2378 = VERTEX_POINT('',#2379);
#2379 = CARTESIAN_POINT('',(-3.7,0.3,2.E-02));
#2380 = LINE('',#2381,#2382);
#2381 = CARTESIAN_POINT('',(-3.7,0.3,2.E-02));
#2382 = VECTOR('',#2383,1.);
#2383 = DIRECTION('',(0.,0.,1.));
#2384 = ORIENTED_EDGE('',*,*,#995,.T.);
#2385 = ORIENTED_EDGE('',*,*,#971,.T.);
#2386 = ORIENTED_EDGE('',*,*,#947,.T.);
#2387 = ORIENTED_EDGE('',*,*,#2363,.T.);
#2388 = ORIENTED_EDGE('',*,*,#2346,.T.);
#2389 = ORIENTED_EDGE('',*,*,#2390,.T.);
#2390 = EDGE_CURVE('',#2339,#2378,#2391,.T.);
#2391 = LINE('',#2392,#2393);
#2392 = CARTESIAN_POINT('',(-3.7,1.8,2.E-02));
#2393 = VECTOR('',#2394,1.);
#2394 = DIRECTION('',(0.,-1.,-1.156482317318E-17));
#2395 = PLANE('',#2396);
#2396 = AXIS2_PLACEMENT_3D('',#2397,#2398,#2399);
#2397 = CARTESIAN_POINT('',(-3.7,1.168181818182,0.526818181818));
#2398 = DIRECTION('',(-1.,-0.,-0.));
#2399 = DIRECTION('',(0.,0.,-1.));
#2400 = ADVANCED_FACE('',(#2401),#2419,.T.);
#2401 = FACE_BOUND('',#2402,.T.);
#2402 = EDGE_LOOP('',(#2403,#2404,#2412,#2418));
#2403 = ORIENTED_EDGE('',*,*,#2377,.F.);
#2404 = ORIENTED_EDGE('',*,*,#2405,.T.);
#2405 = EDGE_CURVE('',#2378,#2406,#2408,.T.);
#2406 = VERTEX_POINT('',#2407);
#2407 = CARTESIAN_POINT('',(-3.5,0.3,2.E-02));
#2408 = LINE('',#2409,#2410);
#2409 = CARTESIAN_POINT('',(-3.7,0.3,2.E-02));
#2410 = VECTOR('',#2411,1.);
#2411 = DIRECTION('',(1.,0.,0.));
#2412 = ORIENTED_EDGE('',*,*,#2413,.T.);
#2413 = EDGE_CURVE('',#2406,#1182,#2414,.T.);
#2414 = LINE('',#2415,#2416);
#2415 = CARTESIAN_POINT('',(-3.5,0.3,2.E-02));
#2416 = VECTOR('',#2417,1.);
#2417 = DIRECTION('',(0.,0.,1.));
#2418 = ORIENTED_EDGE('',*,*,#1189,.F.);
#2419 = PLANE('',#2420);
#2420 = AXIS2_PLACEMENT_3D('',#2421,#2422,#2423);
#2421 = CARTESIAN_POINT('',(-3.7,0.3,2.E-02));
#2422 = DIRECTION('',(0.,-1.,0.));
#2423 = DIRECTION('',(0.,0.,1.));
#2424 = ADVANCED_FACE('',(#2425),#2436,.F.);
#2425 = FACE_BOUND('',#2426,.F.);
#2426 = EDGE_LOOP('',(#2427,#2433,#2434,#2435));
#2427 = ORIENTED_EDGE('',*,*,#2428,.T.);
#2428 = EDGE_CURVE('',#2331,#2406,#2429,.T.);
#2429 = LINE('',#2430,#2431);
#2430 = CARTESIAN_POINT('',(-3.5,1.8,2.E-02));
#2431 = VECTOR('',#2432,1.);
#2432 = DIRECTION('',(0.,-1.,-1.156482317318E-17));
#2433 = ORIENTED_EDGE('',*,*,#2413,.T.);
#2434 = ORIENTED_EDGE('',*,*,#1181,.F.);
#2435 = ORIENTED_EDGE('',*,*,#2330,.T.);
#2436 = PLANE('',#2437);
#2437 = AXIS2_PLACEMENT_3D('',#2438,#2439,#2440);
#2438 = CARTESIAN_POINT('',(-3.5,1.168181818182,0.526818181818));
#2439 = DIRECTION('',(-1.,-0.,-0.));
#2440 = DIRECTION('',(0.,0.,-1.));
#2441 = ADVANCED_FACE('',(#2442),#2460,.T.);
#2442 = FACE_BOUND('',#2443,.T.);
#2443 = EDGE_LOOP('',(#2444,#2452,#2458,#2459));
#2444 = ORIENTED_EDGE('',*,*,#2445,.T.);
#2445 = EDGE_CURVE('',#2258,#2446,#2448,.T.);
#2446 = VERTEX_POINT('',#2447);
#2447 = CARTESIAN_POINT('',(3.5,0.3,2.E-02));
#2448 = LINE('',#2449,#2450);
#2449 = CARTESIAN_POINT('',(3.5,1.8,2.E-02));
#2450 = VECTOR('',#2451,1.);
#2451 = DIRECTION('',(0.,-1.,-1.156482317318E-17));
#2452 = ORIENTED_EDGE('',*,*,#2453,.T.);
#2453 = EDGE_CURVE('',#2446,#1167,#2454,.T.);
#2454 = LINE('',#2455,#2456);
#2455 = CARTESIAN_POINT('',(3.5,0.3,2.E-02));
#2456 = VECTOR('',#2457,1.);
#2457 = DIRECTION('',(0.,0.,1.));
#2458 = ORIENTED_EDGE('',*,*,#1174,.F.);
#2459 = ORIENTED_EDGE('',*,*,#2265,.T.);
#2460 = PLANE('',#2461);
#2461 = AXIS2_PLACEMENT_3D('',#2462,#2463,#2464);
#2462 = CARTESIAN_POINT('',(3.5,1.168181818182,0.526818181818));
#2463 = DIRECTION('',(-1.,-0.,-0.));
#2464 = DIRECTION('',(0.,0.,-1.));
#2465 = ADVANCED_FACE('',(#2466),#2484,.T.);
#2466 = FACE_BOUND('',#2467,.T.);
#2467 = EDGE_LOOP('',(#2468,#2469,#2477,#2483));
#2468 = ORIENTED_EDGE('',*,*,#2453,.F.);
#2469 = ORIENTED_EDGE('',*,*,#2470,.T.);
#2470 = EDGE_CURVE('',#2446,#2471,#2473,.T.);
#2471 = VERTEX_POINT('',#2472);
#2472 = CARTESIAN_POINT('',(3.7,0.3,2.E-02));
#2473 = LINE('',#2474,#2475);
#2474 = CARTESIAN_POINT('',(3.5,0.3,2.E-02));
#2475 = VECTOR('',#2476,1.);
#2476 = DIRECTION('',(1.,0.,0.));
#2477 = ORIENTED_EDGE('',*,*,#2478,.T.);
#2478 = EDGE_CURVE('',#2471,#1159,#2479,.T.);
#2479 = LINE('',#2480,#2481);
#2480 = CARTESIAN_POINT('',(3.7,0.3,2.E-02));
#2481 = VECTOR('',#2482,1.);
#2482 = DIRECTION('',(0.,0.,1.));
#2483 = ORIENTED_EDGE('',*,*,#1166,.F.);
#2484 = PLANE('',#2485);
#2485 = AXIS2_PLACEMENT_3D('',#2486,#2487,#2488);
#2486 = CARTESIAN_POINT('',(3.5,0.3,2.E-02));
#2487 = DIRECTION('',(0.,-1.,0.));
#2488 = DIRECTION('',(0.,0.,1.));
#2489 = ADVANCED_FACE('',(#2490),#2508,.F.);
#2490 = FACE_BOUND('',#2491,.F.);
#2491 = EDGE_LOOP('',(#2492,#2500,#2501,#2502));
#2492 = ORIENTED_EDGE('',*,*,#2493,.F.);
#2493 = EDGE_CURVE('',#1159,#2494,#2496,.T.);
#2494 = VERTEX_POINT('',#2495);
#2495 = CARTESIAN_POINT('',(3.7,0.3,0.62));
#2496 = LINE('',#2497,#2498);
#2497 = CARTESIAN_POINT('',(3.7,0.3,2.E-02));
#2498 = VECTOR('',#2499,1.);
#2499 = DIRECTION('',(0.,0.,1.));
#2500 = ORIENTED_EDGE('',*,*,#1158,.T.);
#2501 = ORIENTED_EDGE('',*,*,#1206,.T.);
#2502 = ORIENTED_EDGE('',*,*,#2503,.F.);
#2503 = EDGE_CURVE('',#2494,#1207,#2504,.T.);
#2504 = LINE('',#2505,#2506);
#2505 = CARTESIAN_POINT('',(3.5,0.3,0.62));
#2506 = VECTOR('',#2507,1.);
#2507 = DIRECTION('',(1.,0.,0.));
#2508 = PLANE('',#2509);
#2509 = AXIS2_PLACEMENT_3D('',#2510,#2511,#2512);
#2510 = CARTESIAN_POINT('',(3.5,0.3,7.E-02));
#2511 = DIRECTION('',(0.,-1.,0.));
#2512 = DIRECTION('',(0.,0.,1.));
#2513 = ADVANCED_FACE('',(#2514),#2525,.T.);
#2514 = FACE_BOUND('',#2515,.T.);
#2515 = EDGE_LOOP('',(#2516,#2517,#2518,#2524));
#2516 = ORIENTED_EDGE('',*,*,#1135,.T.);
#2517 = ORIENTED_EDGE('',*,*,#1907,.T.);
#2518 = ORIENTED_EDGE('',*,*,#2519,.F.);
#2519 = EDGE_CURVE('',#1851,#1908,#2520,.T.);
#2520 = LINE('',#2521,#2522);
#2521 = CARTESIAN_POINT('',(2.4,-1.,0.));
#2522 = VECTOR('',#2523,1.);
#2523 = DIRECTION('',(1.,0.,0.));
#2524 = ORIENTED_EDGE('',*,*,#1850,.F.);
#2525 = PLANE('',#2526);
#2526 = AXIS2_PLACEMENT_3D('',#2527,#2528,#2529);
#2527 = CARTESIAN_POINT('',(2.4,-1.,7.E-02));
#2528 = DIRECTION('',(0.,1.,0.));
#2529 = DIRECTION('',(0.,0.,-1.));
#2530 = ADVANCED_FACE('',(#2531),#2542,.T.);
#2531 = FACE_BOUND('',#2532,.T.);
#2532 = EDGE_LOOP('',(#2533,#2534,#2535,#2541));
#2533 = ORIENTED_EDGE('',*,*,#1112,.T.);
#2534 = ORIENTED_EDGE('',*,*,#1810,.T.);
#2535 = ORIENTED_EDGE('',*,*,#2536,.F.);
#2536 = EDGE_CURVE('',#1754,#1811,#2537,.T.);
#2537 = LINE('',#2538,#2539);
#2538 = CARTESIAN_POINT('',(1.4,-1.,0.));
#2539 = VECTOR('',#2540,1.);
#2540 = DIRECTION('',(1.,0.,0.));
#2541 = ORIENTED_EDGE('',*,*,#1753,.F.);
#2542 = PLANE('',#2543);
#2543 = AXIS2_PLACEMENT_3D('',#2544,#2545,#2546);
#2544 = CARTESIAN_POINT('',(1.4,-1.,7.E-02));
#2545 = DIRECTION('',(0.,1.,0.));
#2546 = DIRECTION('',(0.,0.,-1.));
#2547 = ADVANCED_FACE('',(#2548),#2559,.T.);
#2548 = FACE_BOUND('',#2549,.T.);
#2549 = EDGE_LOOP('',(#2550,#2551,#2552,#2558));
#2550 = ORIENTED_EDGE('',*,*,#1089,.T.);
#2551 = ORIENTED_EDGE('',*,*,#1713,.T.);
#2552 = ORIENTED_EDGE('',*,*,#2553,.F.);
#2553 = EDGE_CURVE('',#1657,#1714,#2554,.T.);
#2554 = LINE('',#2555,#2556);
#2555 = CARTESIAN_POINT('',(0.4,-1.,0.));
#2556 = VECTOR('',#2557,1.);
#2557 = DIRECTION('',(1.,0.,0.));
#2558 = ORIENTED_EDGE('',*,*,#1656,.F.);
#2559 = PLANE('',#2560);
#2560 = AXIS2_PLACEMENT_3D('',#2561,#2562,#2563);
#2561 = CARTESIAN_POINT('',(0.4,-1.,7.E-02));
#2562 = DIRECTION('',(0.,1.,0.));
#2563 = DIRECTION('',(0.,0.,-1.));
#2564 = ADVANCED_FACE('',(#2565),#2576,.T.);
#2565 = FACE_BOUND('',#2566,.T.);
#2566 = EDGE_LOOP('',(#2567,#2568,#2569,#2575));
#2567 = ORIENTED_EDGE('',*,*,#1066,.T.);
#2568 = ORIENTED_EDGE('',*,*,#1616,.T.);
#2569 = ORIENTED_EDGE('',*,*,#2570,.F.);
#2570 = EDGE_CURVE('',#1560,#1617,#2571,.T.);
#2571 = LINE('',#2572,#2573);
#2572 = CARTESIAN_POINT('',(-0.6,-1.,0.));
#2573 = VECTOR('',#2574,1.);
#2574 = DIRECTION('',(1.,0.,0.));
#2575 = ORIENTED_EDGE('',*,*,#1559,.F.);
#2576 = PLANE('',#2577);
#2577 = AXIS2_PLACEMENT_3D('',#2578,#2579,#2580);
#2578 = CARTESIAN_POINT('',(-0.6,-1.,7.E-02));
#2579 = DIRECTION('',(0.,1.,0.));
#2580 = DIRECTION('',(0.,0.,-1.));
#2581 = ADVANCED_FACE('',(#2582),#2593,.T.);
#2582 = FACE_BOUND('',#2583,.T.);
#2583 = EDGE_LOOP('',(#2584,#2585,#2586,#2592));
#2584 = ORIENTED_EDGE('',*,*,#1043,.T.);
#2585 = ORIENTED_EDGE('',*,*,#1519,.T.);
#2586 = ORIENTED_EDGE('',*,*,#2587,.F.);
#2587 = EDGE_CURVE('',#1463,#1520,#2588,.T.);
#2588 = LINE('',#2589,#2590);
#2589 = CARTESIAN_POINT('',(-1.6,-1.,0.));
#2590 = VECTOR('',#2591,1.);
#2591 = DIRECTION('',(1.,0.,0.));
#2592 = ORIENTED_EDGE('',*,*,#1462,.F.);
#2593 = PLANE('',#2594);
#2594 = AXIS2_PLACEMENT_3D('',#2595,#2596,#2597);
#2595 = CARTESIAN_POINT('',(-1.6,-1.,7.E-02));
#2596 = DIRECTION('',(0.,1.,0.));
#2597 = DIRECTION('',(0.,0.,-1.));
#2598 = ADVANCED_FACE('',(#2599),#2610,.T.);
#2599 = FACE_BOUND('',#2600,.T.);
#2600 = EDGE_LOOP('',(#2601,#2602,#2603,#2609));
#2601 = ORIENTED_EDGE('',*,*,#1020,.T.);
#2602 = ORIENTED_EDGE('',*,*,#1422,.T.);
#2603 = ORIENTED_EDGE('',*,*,#2604,.F.);
#2604 = EDGE_CURVE('',#1366,#1423,#2605,.T.);
#2605 = LINE('',#2606,#2607);
#2606 = CARTESIAN_POINT('',(-2.6,-1.,0.));
#2607 = VECTOR('',#2608,1.);
#2608 = DIRECTION('',(1.,0.,0.));
#2609 = ORIENTED_EDGE('',*,*,#1365,.F.);
#2610 = PLANE('',#2611);
#2611 = AXIS2_PLACEMENT_3D('',#2612,#2613,#2614);
#2612 = CARTESIAN_POINT('',(-2.6,-1.,7.E-02));
#2613 = DIRECTION('',(0.,1.,0.));
#2614 = DIRECTION('',(0.,0.,-1.));
#2615 = ADVANCED_FACE('',(#2616),#2627,.F.);
#2616 = FACE_BOUND('',#2617,.F.);
#2617 = EDGE_LOOP('',(#2618,#2624,#2625,#2626));
#2618 = ORIENTED_EDGE('',*,*,#2619,.T.);
#2619 = EDGE_CURVE('',#1310,#1247,#2620,.T.);
#2620 = LINE('',#2621,#2622);
#2621 = CARTESIAN_POINT('',(3.5,-0.55,3.82));
#2622 = VECTOR('',#2623,1.);
#2623 = DIRECTION('',(1.,0.,0.));
#2624 = ORIENTED_EDGE('',*,*,#1254,.T.);
#2625 = ORIENTED_EDGE('',*,*,#1276,.F.);
#2626 = ORIENTED_EDGE('',*,*,#1317,.F.);
#2627 = PLANE('',#2628);
#2628 = AXIS2_PLACEMENT_3D('',#2629,#2630,#2631);
#2629 = CARTESIAN_POINT('',(3.5,-0.55,3.82));
#2630 = DIRECTION('',(0.,1.,0.));
#2631 = DIRECTION('',(0.,0.,-1.));
#2632 = ADVANCED_FACE('',(#2633),#2639,.F.);
#2633 = FACE_BOUND('',#2634,.F.);
#2634 = EDGE_LOOP('',(#2635,#2636,#2637,#2638));
#2635 = ORIENTED_EDGE('',*,*,#1931,.T.);
#2636 = ORIENTED_EDGE('',*,*,#1246,.T.);
#2637 = ORIENTED_EDGE('',*,*,#2619,.F.);
#2638 = ORIENTED_EDGE('',*,*,#1309,.F.);
#2639 = PLANE('',#2640);
#2640 = AXIS2_PLACEMENT_3D('',#2641,#2642,#2643);
#2641 = CARTESIAN_POINT('',(3.5,0.1,3.82));
#2642 = DIRECTION('',(0.,0.,-1.));
#2643 = DIRECTION('',(0.,-1.,0.));
#2644 = ADVANCED_FACE('',(#2645),#2663,.F.);
#2645 = FACE_BOUND('',#2646,.F.);
#2646 = EDGE_LOOP('',(#2647,#2655,#2661,#2662));
#2647 = ORIENTED_EDGE('',*,*,#2648,.F.);
#2648 = EDGE_CURVE('',#2649,#2281,#2651,.T.);
#2649 = VERTEX_POINT('',#2650);
#2650 = CARTESIAN_POINT('',(3.7,1.3,0.62));
#2651 = LINE('',#2652,#2653);
#2652 = CARTESIAN_POINT('',(3.7,1.3,0.62));
#2653 = VECTOR('',#2654,1.);
#2654 = DIRECTION('',(0.,0.,1.));
#2655 = ORIENTED_EDGE('',*,*,#2656,.T.);
#2656 = EDGE_CURVE('',#2649,#1215,#2657,.T.);
#2657 = LINE('',#2658,#2659);
#2658 = CARTESIAN_POINT('',(3.5,1.3,0.62));
#2659 = VECTOR('',#2660,1.);
#2660 = DIRECTION('',(1.,0.,0.));
#2661 = ORIENTED_EDGE('',*,*,#1222,.T.);
#2662 = ORIENTED_EDGE('',*,*,#2288,.F.);
#2663 = PLANE('',#2664);
#2664 = AXIS2_PLACEMENT_3D('',#2665,#2666,#2667);
#2665 = CARTESIAN_POINT('',(3.5,1.3,0.62));
#2666 = DIRECTION('',(0.,-1.,0.));
#2667 = DIRECTION('',(0.,0.,1.));
#2668 = ADVANCED_FACE('',(#2669),#2680,.F.);
#2669 = FACE_BOUND('',#2670,.F.);
#2670 = EDGE_LOOP('',(#2671,#2677,#2678,#2679));
#2671 = ORIENTED_EDGE('',*,*,#2672,.F.);
#2672 = EDGE_CURVE('',#2494,#2649,#2673,.T.);
#2673 = LINE('',#2674,#2675);
#2674 = CARTESIAN_POINT('',(3.7,0.3,0.62));
#2675 = VECTOR('',#2676,1.);
#2676 = DIRECTION('',(0.,1.,0.));
#2677 = ORIENTED_EDGE('',*,*,#2503,.T.);
#2678 = ORIENTED_EDGE('',*,*,#1214,.T.);
#2679 = ORIENTED_EDGE('',*,*,#2656,.F.);
#2680 = PLANE('',#2681);
#2681 = AXIS2_PLACEMENT_3D('',#2682,#2683,#2684);
#2682 = CARTESIAN_POINT('',(3.5,0.3,0.62));
#2683 = DIRECTION('',(0.,0.,1.));
#2684 = DIRECTION('',(0.,1.,0.));
#2685 = ADVANCED_FACE('',(#2686),#2697,.T.);
#2686 = FACE_BOUND('',#2687,.T.);
#2687 = EDGE_LOOP('',(#2688,#2694,#2695,#2696));
#2688 = ORIENTED_EDGE('',*,*,#2689,.T.);
#2689 = EDGE_CURVE('',#1348,#1412,#2690,.T.);
#2690 = LINE('',#2691,#2692);
#2691 = CARTESIAN_POINT('',(-2.6,-1.8,0.));
#2692 = VECTOR('',#2693,1.);
#2693 = DIRECTION('',(1.,0.,0.));
#2694 = ORIENTED_EDGE('',*,*,#1411,.T.);
#2695 = ORIENTED_EDGE('',*,*,#1387,.F.);
#2696 = ORIENTED_EDGE('',*,*,#1347,.F.);
#2697 = PLANE('',#2698);
#2698 = AXIS2_PLACEMENT_3D('',#2699,#2700,#2701);
#2699 = CARTESIAN_POINT('',(-2.6,-1.8,0.));
#2700 = DIRECTION('',(0.,-1.,0.));
#2701 = DIRECTION('',(0.,0.,1.));
#2702 = ADVANCED_FACE('',(#2703),#2709,.T.);
#2703 = FACE_BOUND('',#2704,.T.);
#2704 = EDGE_LOOP('',(#2705,#2706,#2707,#2708));
#2705 = ORIENTED_EDGE('',*,*,#2604,.T.);
#2706 = ORIENTED_EDGE('',*,*,#1430,.T.);
#2707 = ORIENTED_EDGE('',*,*,#2689,.F.);
#2708 = ORIENTED_EDGE('',*,*,#1373,.F.);
#2709 = PLANE('',#2710);
#2710 = AXIS2_PLACEMENT_3D('',#2711,#2712,#2713);
#2711 = CARTESIAN_POINT('',(-2.6,-1.,0.));
#2712 = DIRECTION('',(0.,0.,-1.));
#2713 = DIRECTION('',(0.,-1.,0.));
#2714 = ADVANCED_FACE('',(#2715),#2726,.T.);
#2715 = FACE_BOUND('',#2716,.T.);
#2716 = EDGE_LOOP('',(#2717,#2723,#2724,#2725));
#2717 = ORIENTED_EDGE('',*,*,#2718,.T.);
#2718 = EDGE_CURVE('',#1445,#1509,#2719,.T.);
#2719 = LINE('',#2720,#2721);
#2720 = CARTESIAN_POINT('',(-1.6,-1.8,0.));
#2721 = VECTOR('',#2722,1.);
#2722 = DIRECTION('',(1.,0.,0.));
#2723 = ORIENTED_EDGE('',*,*,#1508,.T.);
#2724 = ORIENTED_EDGE('',*,*,#1484,.F.);
#2725 = ORIENTED_EDGE('',*,*,#1444,.F.);
#2726 = PLANE('',#2727);
#2727 = AXIS2_PLACEMENT_3D('',#2728,#2729,#2730);
#2728 = CARTESIAN_POINT('',(-1.6,-1.8,0.));
#2729 = DIRECTION('',(0.,-1.,0.));
#2730 = DIRECTION('',(0.,0.,1.));
#2731 = ADVANCED_FACE('',(#2732),#2738,.T.);
#2732 = FACE_BOUND('',#2733,.T.);
#2733 = EDGE_LOOP('',(#2734,#2735,#2736,#2737));
#2734 = ORIENTED_EDGE('',*,*,#2587,.T.);
#2735 = ORIENTED_EDGE('',*,*,#1527,.T.);
#2736 = ORIENTED_EDGE('',*,*,#2718,.F.);
#2737 = ORIENTED_EDGE('',*,*,#1470,.F.);
#2738 = PLANE('',#2739);
#2739 = AXIS2_PLACEMENT_3D('',#2740,#2741,#2742);
#2740 = CARTESIAN_POINT('',(-1.6,-1.,0.));
#2741 = DIRECTION('',(0.,0.,-1.));
#2742 = DIRECTION('',(0.,-1.,0.));
#2743 = ADVANCED_FACE('',(#2744),#2755,.T.);
#2744 = FACE_BOUND('',#2745,.T.);
#2745 = EDGE_LOOP('',(#2746,#2752,#2753,#2754));
#2746 = ORIENTED_EDGE('',*,*,#2747,.T.);
#2747 = EDGE_CURVE('',#1542,#1606,#2748,.T.);
#2748 = LINE('',#2749,#2750);
#2749 = CARTESIAN_POINT('',(-0.6,-1.8,0.));
#2750 = VECTOR('',#2751,1.);
#2751 = DIRECTION('',(1.,0.,0.));
#2752 = ORIENTED_EDGE('',*,*,#1605,.T.);
#2753 = ORIENTED_EDGE('',*,*,#1581,.F.);
#2754 = ORIENTED_EDGE('',*,*,#1541,.F.);
#2755 = PLANE('',#2756);
#2756 = AXIS2_PLACEMENT_3D('',#2757,#2758,#2759);
#2757 = CARTESIAN_POINT('',(-0.6,-1.8,0.));
#2758 = DIRECTION('',(0.,-1.,0.));
#2759 = DIRECTION('',(0.,0.,1.));
#2760 = ADVANCED_FACE('',(#2761),#2767,.T.);
#2761 = FACE_BOUND('',#2762,.T.);
#2762 = EDGE_LOOP('',(#2763,#2764,#2765,#2766));
#2763 = ORIENTED_EDGE('',*,*,#2570,.T.);
#2764 = ORIENTED_EDGE('',*,*,#1624,.T.);
#2765 = ORIENTED_EDGE('',*,*,#2747,.F.);
#2766 = ORIENTED_EDGE('',*,*,#1567,.F.);
#2767 = PLANE('',#2768);
#2768 = AXIS2_PLACEMENT_3D('',#2769,#2770,#2771);
#2769 = CARTESIAN_POINT('',(-0.6,-1.,0.));
#2770 = DIRECTION('',(0.,0.,-1.));
#2771 = DIRECTION('',(0.,-1.,0.));
#2772 = ADVANCED_FACE('',(#2773),#2784,.T.);
#2773 = FACE_BOUND('',#2774,.T.);
#2774 = EDGE_LOOP('',(#2775,#2781,#2782,#2783));
#2775 = ORIENTED_EDGE('',*,*,#2776,.T.);
#2776 = EDGE_CURVE('',#1639,#1703,#2777,.T.);
#2777 = LINE('',#2778,#2779);
#2778 = CARTESIAN_POINT('',(0.4,-1.8,0.));
#2779 = VECTOR('',#2780,1.);
#2780 = DIRECTION('',(1.,0.,0.));
#2781 = ORIENTED_EDGE('',*,*,#1702,.T.);
#2782 = ORIENTED_EDGE('',*,*,#1678,.F.);
#2783 = ORIENTED_EDGE('',*,*,#1638,.F.);
#2784 = PLANE('',#2785);
#2785 = AXIS2_PLACEMENT_3D('',#2786,#2787,#2788);
#2786 = CARTESIAN_POINT('',(0.4,-1.8,0.));
#2787 = DIRECTION('',(0.,-1.,0.));
#2788 = DIRECTION('',(0.,0.,1.));
#2789 = ADVANCED_FACE('',(#2790),#2796,.T.);
#2790 = FACE_BOUND('',#2791,.T.);
#2791 = EDGE_LOOP('',(#2792,#2793,#2794,#2795));
#2792 = ORIENTED_EDGE('',*,*,#2553,.T.);
#2793 = ORIENTED_EDGE('',*,*,#1721,.T.);
#2794 = ORIENTED_EDGE('',*,*,#2776,.F.);
#2795 = ORIENTED_EDGE('',*,*,#1664,.F.);
#2796 = PLANE('',#2797);
#2797 = AXIS2_PLACEMENT_3D('',#2798,#2799,#2800);
#2798 = CARTESIAN_POINT('',(0.4,-1.,0.));
#2799 = DIRECTION('',(0.,0.,-1.));
#2800 = DIRECTION('',(0.,-1.,0.));
#2801 = ADVANCED_FACE('',(#2802),#2813,.T.);
#2802 = FACE_BOUND('',#2803,.T.);
#2803 = EDGE_LOOP('',(#2804,#2810,#2811,#2812));
#2804 = ORIENTED_EDGE('',*,*,#2805,.T.);
#2805 = EDGE_CURVE('',#1736,#1800,#2806,.T.);
#2806 = LINE('',#2807,#2808);
#2807 = CARTESIAN_POINT('',(1.4,-1.8,0.));
#2808 = VECTOR('',#2809,1.);
#2809 = DIRECTION('',(1.,0.,0.));
#2810 = ORIENTED_EDGE('',*,*,#1799,.T.);
#2811 = ORIENTED_EDGE('',*,*,#1775,.F.);
#2812 = ORIENTED_EDGE('',*,*,#1735,.F.);
#2813 = PLANE('',#2814);
#2814 = AXIS2_PLACEMENT_3D('',#2815,#2816,#2817);
#2815 = CARTESIAN_POINT('',(1.4,-1.8,0.));
#2816 = DIRECTION('',(0.,-1.,0.));
#2817 = DIRECTION('',(0.,0.,1.));
#2818 = ADVANCED_FACE('',(#2819),#2825,.T.);
#2819 = FACE_BOUND('',#2820,.T.);
#2820 = EDGE_LOOP('',(#2821,#2822,#2823,#2824));
#2821 = ORIENTED_EDGE('',*,*,#2536,.T.);
#2822 = ORIENTED_EDGE('',*,*,#1818,.T.);
#2823 = ORIENTED_EDGE('',*,*,#2805,.F.);
#2824 = ORIENTED_EDGE('',*,*,#1761,.F.);
#2825 = PLANE('',#2826);
#2826 = AXIS2_PLACEMENT_3D('',#2827,#2828,#2829);
#2827 = CARTESIAN_POINT('',(1.4,-1.,0.));
#2828 = DIRECTION('',(0.,0.,-1.));
#2829 = DIRECTION('',(0.,-1.,0.));
#2830 = ADVANCED_FACE('',(#2831),#2842,.T.);
#2831 = FACE_BOUND('',#2832,.T.);
#2832 = EDGE_LOOP('',(#2833,#2839,#2840,#2841));
#2833 = ORIENTED_EDGE('',*,*,#2834,.T.);
#2834 = EDGE_CURVE('',#1833,#1897,#2835,.T.);
#2835 = LINE('',#2836,#2837);
#2836 = CARTESIAN_POINT('',(2.4,-1.8,0.));
#2837 = VECTOR('',#2838,1.);
#2838 = DIRECTION('',(1.,0.,0.));
#2839 = ORIENTED_EDGE('',*,*,#1896,.T.);
#2840 = ORIENTED_EDGE('',*,*,#1872,.F.);
#2841 = ORIENTED_EDGE('',*,*,#1832,.F.);
#2842 = PLANE('',#2843);
#2843 = AXIS2_PLACEMENT_3D('',#2844,#2845,#2846);
#2844 = CARTESIAN_POINT('',(2.4,-1.8,0.));
#2845 = DIRECTION('',(0.,-1.,0.));
#2846 = DIRECTION('',(0.,0.,1.));
#2847 = ADVANCED_FACE('',(#2848),#2854,.T.);
#2848 = FACE_BOUND('',#2849,.T.);
#2849 = EDGE_LOOP('',(#2850,#2851,#2852,#2853));
#2850 = ORIENTED_EDGE('',*,*,#2519,.T.);
#2851 = ORIENTED_EDGE('',*,*,#1915,.T.);
#2852 = ORIENTED_EDGE('',*,*,#2834,.F.);
#2853 = ORIENTED_EDGE('',*,*,#1858,.F.);
#2854 = PLANE('',#2855);
#2855 = AXIS2_PLACEMENT_3D('',#2856,#2857,#2858);
#2856 = CARTESIAN_POINT('',(2.4,-1.,0.));
#2857 = DIRECTION('',(0.,0.,-1.));
#2858 = DIRECTION('',(0.,-1.,0.));
#2859 = ADVANCED_FACE('',(#2860),#2866,.T.);
#2860 = FACE_BOUND('',#2861,.T.);
#2861 = EDGE_LOOP('',(#2862,#2863,#2864,#2865));
#2862 = ORIENTED_EDGE('',*,*,#2002,.T.);
#2863 = ORIENTED_EDGE('',*,*,#2025,.T.);
#2864 = ORIENTED_EDGE('',*,*,#2050,.T.);
#2865 = ORIENTED_EDGE('',*,*,#1978,.T.);
#2866 = PLANE('',#2867);
#2867 = AXIS2_PLACEMENT_3D('',#2868,#2869,#2870);
#2868 = CARTESIAN_POINT('',(5.767392335715E-16,0.6,1.92));
#2869 = DIRECTION('',(0.,0.,1.));
#2870 = DIRECTION('',(1.,0.,-0.));
#2871 = ADVANCED_FACE('',(#2872,#2878,#2912,#2946,#2980,#3014,#3048),
  #3082,.T.);
#2872 = FACE_BOUND('',#2873,.T.);
#2873 = EDGE_LOOP('',(#2874,#2875,#2876,#2877));
#2874 = ORIENTED_EDGE('',*,*,#1955,.T.);
#2875 = ORIENTED_EDGE('',*,*,#2066,.T.);
#2876 = ORIENTED_EDGE('',*,*,#2091,.T.);
#2877 = ORIENTED_EDGE('',*,*,#2202,.T.);
#2878 = FACE_BOUND('',#2879,.T.);
#2879 = EDGE_LOOP('',(#2880,#2890,#2898,#2906));
#2880 = ORIENTED_EDGE('',*,*,#2881,.F.);
#2881 = EDGE_CURVE('',#2882,#2884,#2886,.T.);
#2882 = VERTEX_POINT('',#2883);
#2883 = CARTESIAN_POINT('',(-2.6,0.5,1.32));
#2884 = VERTEX_POINT('',#2885);
#2885 = CARTESIAN_POINT('',(-2.4,0.5,1.32));
#2886 = LINE('',#2887,#2888);
#2887 = CARTESIAN_POINT('',(-2.6,0.5,1.32));
#2888 = VECTOR('',#2889,1.);
#2889 = DIRECTION('',(1.,0.,0.));
#2890 = ORIENTED_EDGE('',*,*,#2891,.F.);
#2891 = EDGE_CURVE('',#2892,#2882,#2894,.T.);
#2892 = VERTEX_POINT('',#2893);
#2893 = CARTESIAN_POINT('',(-2.6,0.98,1.32));
#2894 = LINE('',#2895,#2896);
#2895 = CARTESIAN_POINT('',(-2.6,0.98,1.32));
#2896 = VECTOR('',#2897,1.);
#2897 = DIRECTION('',(0.,-1.,-4.625929269271E-16));
#2898 = ORIENTED_EDGE('',*,*,#2899,.T.);
#2899 = EDGE_CURVE('',#2892,#2900,#2902,.T.);
#2900 = VERTEX_POINT('',#2901);
#2901 = CARTESIAN_POINT('',(-2.4,0.98,1.32));
#2902 = LINE('',#2903,#2904);
#2903 = CARTESIAN_POINT('',(-2.6,0.98,1.32));
#2904 = VECTOR('',#2905,1.);
#2905 = DIRECTION('',(1.,0.,0.));
#2906 = ORIENTED_EDGE('',*,*,#2907,.T.);
#2907 = EDGE_CURVE('',#2900,#2884,#2908,.T.);
#2908 = LINE('',#2909,#2910);
#2909 = CARTESIAN_POINT('',(-2.4,0.98,1.32));
#2910 = VECTOR('',#2911,1.);
#2911 = DIRECTION('',(0.,-1.,-4.625929269271E-16));
#2912 = FACE_BOUND('',#2913,.T.);
#2913 = EDGE_LOOP('',(#2914,#2924,#2932,#2940));
#2914 = ORIENTED_EDGE('',*,*,#2915,.F.);
#2915 = EDGE_CURVE('',#2916,#2918,#2920,.T.);
#2916 = VERTEX_POINT('',#2917);
#2917 = CARTESIAN_POINT('',(-1.6,0.5,1.32));
#2918 = VERTEX_POINT('',#2919);
#2919 = CARTESIAN_POINT('',(-1.4,0.5,1.32));
#2920 = LINE('',#2921,#2922);
#2921 = CARTESIAN_POINT('',(-1.6,0.5,1.32));
#2922 = VECTOR('',#2923,1.);
#2923 = DIRECTION('',(1.,0.,0.));
#2924 = ORIENTED_EDGE('',*,*,#2925,.F.);
#2925 = EDGE_CURVE('',#2926,#2916,#2928,.T.);
#2926 = VERTEX_POINT('',#2927);
#2927 = CARTESIAN_POINT('',(-1.6,0.98,1.32));
#2928 = LINE('',#2929,#2930);
#2929 = CARTESIAN_POINT('',(-1.6,0.98,1.32));
#2930 = VECTOR('',#2931,1.);
#2931 = DIRECTION('',(0.,-1.,-4.625929269271E-16));
#2932 = ORIENTED_EDGE('',*,*,#2933,.T.);
#2933 = EDGE_CURVE('',#2926,#2934,#2936,.T.);
#2934 = VERTEX_POINT('',#2935);
#2935 = CARTESIAN_POINT('',(-1.4,0.98,1.32));
#2936 = LINE('',#2937,#2938);
#2937 = CARTESIAN_POINT('',(-1.6,0.98,1.32));
#2938 = VECTOR('',#2939,1.);
#2939 = DIRECTION('',(1.,0.,0.));
#2940 = ORIENTED_EDGE('',*,*,#2941,.T.);
#2941 = EDGE_CURVE('',#2934,#2918,#2942,.T.);
#2942 = LINE('',#2943,#2944);
#2943 = CARTESIAN_POINT('',(-1.4,0.98,1.32));
#2944 = VECTOR('',#2945,1.);
#2945 = DIRECTION('',(0.,-1.,-4.625929269271E-16));
#2946 = FACE_BOUND('',#2947,.T.);
#2947 = EDGE_LOOP('',(#2948,#2958,#2966,#2974));
#2948 = ORIENTED_EDGE('',*,*,#2949,.F.);
#2949 = EDGE_CURVE('',#2950,#2952,#2954,.T.);
#2950 = VERTEX_POINT('',#2951);
#2951 = CARTESIAN_POINT('',(-0.6,0.5,1.32));
#2952 = VERTEX_POINT('',#2953);
#2953 = CARTESIAN_POINT('',(-0.4,0.5,1.32));
#2954 = LINE('',#2955,#2956);
#2955 = CARTESIAN_POINT('',(-0.6,0.5,1.32));
#2956 = VECTOR('',#2957,1.);
#2957 = DIRECTION('',(1.,0.,0.));
#2958 = ORIENTED_EDGE('',*,*,#2959,.F.);
#2959 = EDGE_CURVE('',#2960,#2950,#2962,.T.);
#2960 = VERTEX_POINT('',#2961);
#2961 = CARTESIAN_POINT('',(-0.6,0.98,1.32));
#2962 = LINE('',#2963,#2964);
#2963 = CARTESIAN_POINT('',(-0.6,0.98,1.32));
#2964 = VECTOR('',#2965,1.);
#2965 = DIRECTION('',(0.,-1.,-4.625929269271E-16));
#2966 = ORIENTED_EDGE('',*,*,#2967,.T.);
#2967 = EDGE_CURVE('',#2960,#2968,#2970,.T.);
#2968 = VERTEX_POINT('',#2969);
#2969 = CARTESIAN_POINT('',(-0.4,0.98,1.32));
#2970 = LINE('',#2971,#2972);
#2971 = CARTESIAN_POINT('',(-0.6,0.98,1.32));
#2972 = VECTOR('',#2973,1.);
#2973 = DIRECTION('',(1.,0.,0.));
#2974 = ORIENTED_EDGE('',*,*,#2975,.T.);
#2975 = EDGE_CURVE('',#2968,#2952,#2976,.T.);
#2976 = LINE('',#2977,#2978);
#2977 = CARTESIAN_POINT('',(-0.4,0.98,1.32));
#2978 = VECTOR('',#2979,1.);
#2979 = DIRECTION('',(0.,-1.,-4.625929269271E-16));
#2980 = FACE_BOUND('',#2981,.T.);
#2981 = EDGE_LOOP('',(#2982,#2992,#3000,#3008));
#2982 = ORIENTED_EDGE('',*,*,#2983,.F.);
#2983 = EDGE_CURVE('',#2984,#2986,#2988,.T.);
#2984 = VERTEX_POINT('',#2985);
#2985 = CARTESIAN_POINT('',(0.4,0.5,1.32));
#2986 = VERTEX_POINT('',#2987);
#2987 = CARTESIAN_POINT('',(0.6,0.5,1.32));
#2988 = LINE('',#2989,#2990);
#2989 = CARTESIAN_POINT('',(0.4,0.5,1.32));
#2990 = VECTOR('',#2991,1.);
#2991 = DIRECTION('',(1.,0.,0.));
#2992 = ORIENTED_EDGE('',*,*,#2993,.F.);
#2993 = EDGE_CURVE('',#2994,#2984,#2996,.T.);
#2994 = VERTEX_POINT('',#2995);
#2995 = CARTESIAN_POINT('',(0.4,0.98,1.32));
#2996 = LINE('',#2997,#2998);
#2997 = CARTESIAN_POINT('',(0.4,0.98,1.32));
#2998 = VECTOR('',#2999,1.);
#2999 = DIRECTION('',(0.,-1.,-4.625929269271E-16));
#3000 = ORIENTED_EDGE('',*,*,#3001,.T.);
#3001 = EDGE_CURVE('',#2994,#3002,#3004,.T.);
#3002 = VERTEX_POINT('',#3003);
#3003 = CARTESIAN_POINT('',(0.6,0.98,1.32));
#3004 = LINE('',#3005,#3006);
#3005 = CARTESIAN_POINT('',(0.4,0.98,1.32));
#3006 = VECTOR('',#3007,1.);
#3007 = DIRECTION('',(1.,0.,0.));
#3008 = ORIENTED_EDGE('',*,*,#3009,.T.);
#3009 = EDGE_CURVE('',#3002,#2986,#3010,.T.);
#3010 = LINE('',#3011,#3012);
#3011 = CARTESIAN_POINT('',(0.6,0.98,1.32));
#3012 = VECTOR('',#3013,1.);
#3013 = DIRECTION('',(0.,-1.,-4.625929269271E-16));
#3014 = FACE_BOUND('',#3015,.T.);
#3015 = EDGE_LOOP('',(#3016,#3026,#3034,#3042));
#3016 = ORIENTED_EDGE('',*,*,#3017,.F.);
#3017 = EDGE_CURVE('',#3018,#3020,#3022,.T.);
#3018 = VERTEX_POINT('',#3019);
#3019 = CARTESIAN_POINT('',(1.4,0.5,1.32));
#3020 = VERTEX_POINT('',#3021);
#3021 = CARTESIAN_POINT('',(1.6,0.5,1.32));
#3022 = LINE('',#3023,#3024);
#3023 = CARTESIAN_POINT('',(1.4,0.5,1.32));
#3024 = VECTOR('',#3025,1.);
#3025 = DIRECTION('',(1.,0.,0.));
#3026 = ORIENTED_EDGE('',*,*,#3027,.F.);
#3027 = EDGE_CURVE('',#3028,#3018,#3030,.T.);
#3028 = VERTEX_POINT('',#3029);
#3029 = CARTESIAN_POINT('',(1.4,0.98,1.32));
#3030 = LINE('',#3031,#3032);
#3031 = CARTESIAN_POINT('',(1.4,0.98,1.32));
#3032 = VECTOR('',#3033,1.);
#3033 = DIRECTION('',(0.,-1.,-4.625929269271E-16));
#3034 = ORIENTED_EDGE('',*,*,#3035,.T.);
#3035 = EDGE_CURVE('',#3028,#3036,#3038,.T.);
#3036 = VERTEX_POINT('',#3037);
#3037 = CARTESIAN_POINT('',(1.6,0.98,1.32));
#3038 = LINE('',#3039,#3040);
#3039 = CARTESIAN_POINT('',(1.4,0.98,1.32));
#3040 = VECTOR('',#3041,1.);
#3041 = DIRECTION('',(1.,0.,0.));
#3042 = ORIENTED_EDGE('',*,*,#3043,.T.);
#3043 = EDGE_CURVE('',#3036,#3020,#3044,.T.);
#3044 = LINE('',#3045,#3046);
#3045 = CARTESIAN_POINT('',(1.6,0.98,1.32));
#3046 = VECTOR('',#3047,1.);
#3047 = DIRECTION('',(0.,-1.,-4.625929269271E-16));
#3048 = FACE_BOUND('',#3049,.T.);
#3049 = EDGE_LOOP('',(#3050,#3060,#3068,#3076));
#3050 = ORIENTED_EDGE('',*,*,#3051,.F.);
#3051 = EDGE_CURVE('',#3052,#3054,#3056,.T.);
#3052 = VERTEX_POINT('',#3053);
#3053 = CARTESIAN_POINT('',(2.4,0.5,1.32));
#3054 = VERTEX_POINT('',#3055);
#3055 = CARTESIAN_POINT('',(2.6,0.5,1.32));
#3056 = LINE('',#3057,#3058);
#3057 = CARTESIAN_POINT('',(2.4,0.5,1.32));
#3058 = VECTOR('',#3059,1.);
#3059 = DIRECTION('',(1.,0.,0.));
#3060 = ORIENTED_EDGE('',*,*,#3061,.F.);
#3061 = EDGE_CURVE('',#3062,#3052,#3064,.T.);
#3062 = VERTEX_POINT('',#3063);
#3063 = CARTESIAN_POINT('',(2.4,0.98,1.32));
#3064 = LINE('',#3065,#3066);
#3065 = CARTESIAN_POINT('',(2.4,0.98,1.32));
#3066 = VECTOR('',#3067,1.);
#3067 = DIRECTION('',(0.,-1.,-4.625929269271E-16));
#3068 = ORIENTED_EDGE('',*,*,#3069,.T.);
#3069 = EDGE_CURVE('',#3062,#3070,#3072,.T.);
#3070 = VERTEX_POINT('',#3071);
#3071 = CARTESIAN_POINT('',(2.6,0.98,1.32));
#3072 = LINE('',#3073,#3074);
#3073 = CARTESIAN_POINT('',(2.4,0.98,1.32));
#3074 = VECTOR('',#3075,1.);
#3075 = DIRECTION('',(1.,0.,0.));
#3076 = ORIENTED_EDGE('',*,*,#3077,.T.);
#3077 = EDGE_CURVE('',#3070,#3054,#3078,.T.);
#3078 = LINE('',#3079,#3080);
#3079 = CARTESIAN_POINT('',(2.6,0.98,1.32));
#3080 = VECTOR('',#3081,1.);
#3081 = DIRECTION('',(0.,-1.,-4.625929269271E-16));
#3082 = PLANE('',#3083);
#3083 = AXIS2_PLACEMENT_3D('',#3084,#3085,#3086);
#3084 = CARTESIAN_POINT('',(-1.044915787883E-16,0.35,1.32));
#3085 = DIRECTION('',(0.,0.,1.));
#3086 = DIRECTION('',(1.,0.,-0.));
#3087 = ADVANCED_FACE('',(#3088),#3094,.T.);
#3088 = FACE_BOUND('',#3089,.T.);
#3089 = EDGE_LOOP('',(#3090,#3091,#3092,#3093));
#3090 = ORIENTED_EDGE('',*,*,#2186,.T.);
#3091 = ORIENTED_EDGE('',*,*,#2114,.T.);
#3092 = ORIENTED_EDGE('',*,*,#2138,.T.);
#3093 = ORIENTED_EDGE('',*,*,#2161,.T.);
#3094 = PLANE('',#3095);
#3095 = AXIS2_PLACEMENT_3D('',#3096,#3097,#3098);
#3096 = CARTESIAN_POINT('',(5.767392335715E-16,0.6,1.92));
#3097 = DIRECTION('',(0.,0.,1.));
#3098 = DIRECTION('',(1.,0.,-0.));
#3099 = ADVANCED_FACE('',(#3100),#3111,.T.);
#3100 = FACE_BOUND('',#3101,.T.);
#3101 = EDGE_LOOP('',(#3102,#3103,#3109,#3110));
#3102 = ORIENTED_EDGE('',*,*,#2280,.T.);
#3103 = ORIENTED_EDGE('',*,*,#3104,.T.);
#3104 = EDGE_CURVE('',#2281,#2242,#3105,.T.);
#3105 = LINE('',#3106,#3107);
#3106 = CARTESIAN_POINT('',(3.7,1.3,1.27));
#3107 = VECTOR('',#3108,1.);
#3108 = DIRECTION('',(0.,1.,0.));
#3109 = ORIENTED_EDGE('',*,*,#2241,.F.);
#3110 = ORIENTED_EDGE('',*,*,#2219,.F.);
#3111 = PLANE('',#3112);
#3112 = AXIS2_PLACEMENT_3D('',#3113,#3114,#3115);
#3113 = CARTESIAN_POINT('',(3.5,1.3,1.27));
#3114 = DIRECTION('',(0.,0.,1.));
#3115 = DIRECTION('',(0.,1.,0.));
#3116 = ADVANCED_FACE('',(#3117),#3128,.T.);
#3117 = FACE_BOUND('',#3118,.T.);
#3118 = EDGE_LOOP('',(#3119,#3120,#3126,#3127));
#3119 = ORIENTED_EDGE('',*,*,#2257,.T.);
#3120 = ORIENTED_EDGE('',*,*,#3121,.T.);
#3121 = EDGE_CURVE('',#2250,#2471,#3122,.T.);
#3122 = LINE('',#3123,#3124);
#3123 = CARTESIAN_POINT('',(3.7,1.8,2.E-02));
#3124 = VECTOR('',#3125,1.);
#3125 = DIRECTION('',(0.,-1.,-1.156482317318E-17));
#3126 = ORIENTED_EDGE('',*,*,#2470,.F.);
#3127 = ORIENTED_EDGE('',*,*,#2445,.F.);
#3128 = PLANE('',#3129);
#3129 = AXIS2_PLACEMENT_3D('',#3130,#3131,#3132);
#3130 = CARTESIAN_POINT('',(3.5,1.8,2.E-02));
#3131 = DIRECTION('',(0.,1.156482317318E-17,-1.));
#3132 = DIRECTION('',(0.,-1.,-1.156482317318E-17));
#3133 = ADVANCED_FACE('',(#3134),#3143,.F.);
#3134 = FACE_BOUND('',#3135,.F.);
#3135 = EDGE_LOOP('',(#3136,#3137,#3138,#3139,#3140,#3141,#3142));
#3136 = ORIENTED_EDGE('',*,*,#2478,.T.);
#3137 = ORIENTED_EDGE('',*,*,#2493,.T.);
#3138 = ORIENTED_EDGE('',*,*,#2672,.T.);
#3139 = ORIENTED_EDGE('',*,*,#2648,.T.);
#3140 = ORIENTED_EDGE('',*,*,#3104,.T.);
#3141 = ORIENTED_EDGE('',*,*,#2249,.T.);
#3142 = ORIENTED_EDGE('',*,*,#3121,.T.);
#3143 = PLANE('',#3144);
#3144 = AXIS2_PLACEMENT_3D('',#3145,#3146,#3147);
#3145 = CARTESIAN_POINT('',(3.7,1.168181818182,0.526818181818));
#3146 = DIRECTION('',(-1.,-0.,-0.));
#3147 = DIRECTION('',(0.,0.,-1.));
#3148 = ADVANCED_FACE('',(#3149),#3155,.T.);
#3149 = FACE_BOUND('',#3150,.T.);
#3150 = EDGE_LOOP('',(#3151,#3152,#3153,#3154));
#3151 = ORIENTED_EDGE('',*,*,#2338,.T.);
#3152 = ORIENTED_EDGE('',*,*,#2428,.T.);
#3153 = ORIENTED_EDGE('',*,*,#2405,.F.);
#3154 = ORIENTED_EDGE('',*,*,#2390,.F.);
#3155 = PLANE('',#3156);
#3156 = AXIS2_PLACEMENT_3D('',#3157,#3158,#3159);
#3157 = CARTESIAN_POINT('',(-3.7,1.8,2.E-02));
#3158 = DIRECTION('',(0.,1.156482317318E-17,-1.));
#3159 = DIRECTION('',(0.,-1.,-1.156482317318E-17));
#3160 = ADVANCED_FACE('',(#3161),#3186,.T.);
#3161 = FACE_BOUND('',#3162,.T.);
#3162 = EDGE_LOOP('',(#3163,#3164,#3172,#3180));
#3163 = ORIENTED_EDGE('',*,*,#2881,.T.);
#3164 = ORIENTED_EDGE('',*,*,#3165,.T.);
#3165 = EDGE_CURVE('',#2884,#3166,#3168,.T.);
#3166 = VERTEX_POINT('',#3167);
#3167 = CARTESIAN_POINT('',(-2.4,0.63,3.07));
#3168 = LINE('',#3169,#3170);
#3169 = CARTESIAN_POINT('',(-2.4,0.5,1.32));
#3170 = VECTOR('',#3171,1.);
#3171 = DIRECTION('',(0.,7.408159078957E-02,0.997252183706));
#3172 = ORIENTED_EDGE('',*,*,#3173,.F.);
#3173 = EDGE_CURVE('',#3174,#3166,#3176,.T.);
#3174 = VERTEX_POINT('',#3175);
#3175 = CARTESIAN_POINT('',(-2.6,0.63,3.07));
#3176 = LINE('',#3177,#3178);
#3177 = CARTESIAN_POINT('',(-2.6,0.63,3.07));
#3178 = VECTOR('',#3179,1.);
#3179 = DIRECTION('',(1.,0.,0.));
#3180 = ORIENTED_EDGE('',*,*,#3181,.F.);
#3181 = EDGE_CURVE('',#2882,#3174,#3182,.T.);
#3182 = LINE('',#3183,#3184);
#3183 = CARTESIAN_POINT('',(-2.6,0.5,1.32));
#3184 = VECTOR('',#3185,1.);
#3185 = DIRECTION('',(0.,7.408159078957E-02,0.997252183706));
#3186 = PLANE('',#3187);
#3187 = AXIS2_PLACEMENT_3D('',#3188,#3189,#3190);
#3188 = CARTESIAN_POINT('',(-2.6,0.5,1.32));
#3189 = DIRECTION('',(0.,-0.997252183706,7.408159078957E-02));
#3190 = DIRECTION('',(0.,7.408159078957E-02,0.997252183706));
#3191 = ADVANCED_FACE('',(#3192),#3210,.F.);
#3192 = FACE_BOUND('',#3193,.F.);
#3193 = EDGE_LOOP('',(#3194,#3195,#3203,#3209));
#3194 = ORIENTED_EDGE('',*,*,#3165,.T.);
#3195 = ORIENTED_EDGE('',*,*,#3196,.T.);
#3196 = EDGE_CURVE('',#3166,#3197,#3199,.T.);
#3197 = VERTEX_POINT('',#3198);
#3198 = CARTESIAN_POINT('',(-2.4,0.98,3.07));
#3199 = LINE('',#3200,#3201);
#3200 = CARTESIAN_POINT('',(-2.4,0.63,3.07));
#3201 = VECTOR('',#3202,1.);
#3202 = DIRECTION('',(0.,1.,0.));
#3203 = ORIENTED_EDGE('',*,*,#3204,.T.);
#3204 = EDGE_CURVE('',#3197,#2900,#3205,.T.);
#3205 = LINE('',#3206,#3207);
#3206 = CARTESIAN_POINT('',(-2.4,0.98,3.07));
#3207 = VECTOR('',#3208,1.);
#3208 = DIRECTION('',(0.,0.,-1.));
#3209 = ORIENTED_EDGE('',*,*,#2907,.T.);
#3210 = PLANE('',#3211);
#3211 = AXIS2_PLACEMENT_3D('',#3212,#3213,#3214);
#3212 = CARTESIAN_POINT('',(-2.4,0.771294517928,2.168759014354));
#3213 = DIRECTION('',(-1.,-0.,-0.));
#3214 = DIRECTION('',(0.,0.,-1.));
#3215 = ADVANCED_FACE('',(#3216),#3234,.T.);
#3216 = FACE_BOUND('',#3217,.T.);
#3217 = EDGE_LOOP('',(#3218,#3226,#3227,#3228));
#3218 = ORIENTED_EDGE('',*,*,#3219,.T.);
#3219 = EDGE_CURVE('',#3220,#3197,#3222,.T.);
#3220 = VERTEX_POINT('',#3221);
#3221 = CARTESIAN_POINT('',(-2.6,0.98,3.07));
#3222 = LINE('',#3223,#3224);
#3223 = CARTESIAN_POINT('',(-2.6,0.98,3.07));
#3224 = VECTOR('',#3225,1.);
#3225 = DIRECTION('',(1.,0.,0.));
#3226 = ORIENTED_EDGE('',*,*,#3204,.T.);
#3227 = ORIENTED_EDGE('',*,*,#2899,.F.);
#3228 = ORIENTED_EDGE('',*,*,#3229,.F.);
#3229 = EDGE_CURVE('',#3220,#2892,#3230,.T.);
#3230 = LINE('',#3231,#3232);
#3231 = CARTESIAN_POINT('',(-2.6,0.98,3.07));
#3232 = VECTOR('',#3233,1.);
#3233 = DIRECTION('',(0.,0.,-1.));
#3234 = PLANE('',#3235);
#3235 = AXIS2_PLACEMENT_3D('',#3236,#3237,#3238);
#3236 = CARTESIAN_POINT('',(-2.6,0.98,3.07));
#3237 = DIRECTION('',(0.,1.,0.));
#3238 = DIRECTION('',(0.,0.,-1.));
#3239 = ADVANCED_FACE('',(#3240),#3251,.T.);
#3240 = FACE_BOUND('',#3241,.T.);
#3241 = EDGE_LOOP('',(#3242,#3243,#3249,#3250));
#3242 = ORIENTED_EDGE('',*,*,#3181,.T.);
#3243 = ORIENTED_EDGE('',*,*,#3244,.T.);
#3244 = EDGE_CURVE('',#3174,#3220,#3245,.T.);
#3245 = LINE('',#3246,#3247);
#3246 = CARTESIAN_POINT('',(-2.6,0.63,3.07));
#3247 = VECTOR('',#3248,1.);
#3248 = DIRECTION('',(0.,1.,0.));
#3249 = ORIENTED_EDGE('',*,*,#3229,.T.);
#3250 = ORIENTED_EDGE('',*,*,#2891,.T.);
#3251 = PLANE('',#3252);
#3252 = AXIS2_PLACEMENT_3D('',#3253,#3254,#3255);
#3253 = CARTESIAN_POINT('',(-2.6,0.771294517928,2.168759014354));
#3254 = DIRECTION('',(-1.,-0.,-0.));
#3255 = DIRECTION('',(0.,0.,-1.));
#3256 = ADVANCED_FACE('',(#3257),#3282,.T.);
#3257 = FACE_BOUND('',#3258,.T.);
#3258 = EDGE_LOOP('',(#3259,#3260,#3268,#3276));
#3259 = ORIENTED_EDGE('',*,*,#2915,.T.);
#3260 = ORIENTED_EDGE('',*,*,#3261,.T.);
#3261 = EDGE_CURVE('',#2918,#3262,#3264,.T.);
#3262 = VERTEX_POINT('',#3263);
#3263 = CARTESIAN_POINT('',(-1.4,0.63,3.07));
#3264 = LINE('',#3265,#3266);
#3265 = CARTESIAN_POINT('',(-1.4,0.5,1.32));
#3266 = VECTOR('',#3267,1.);
#3267 = DIRECTION('',(0.,7.408159078957E-02,0.997252183706));
#3268 = ORIENTED_EDGE('',*,*,#3269,.F.);
#3269 = EDGE_CURVE('',#3270,#3262,#3272,.T.);
#3270 = VERTEX_POINT('',#3271);
#3271 = CARTESIAN_POINT('',(-1.6,0.63,3.07));
#3272 = LINE('',#3273,#3274);
#3273 = CARTESIAN_POINT('',(-1.6,0.63,3.07));
#3274 = VECTOR('',#3275,1.);
#3275 = DIRECTION('',(1.,0.,0.));
#3276 = ORIENTED_EDGE('',*,*,#3277,.F.);
#3277 = EDGE_CURVE('',#2916,#3270,#3278,.T.);
#3278 = LINE('',#3279,#3280);
#3279 = CARTESIAN_POINT('',(-1.6,0.5,1.32));
#3280 = VECTOR('',#3281,1.);
#3281 = DIRECTION('',(0.,7.408159078957E-02,0.997252183706));
#3282 = PLANE('',#3283);
#3283 = AXIS2_PLACEMENT_3D('',#3284,#3285,#3286);
#3284 = CARTESIAN_POINT('',(-1.6,0.5,1.32));
#3285 = DIRECTION('',(0.,-0.997252183706,7.408159078957E-02));
#3286 = DIRECTION('',(0.,7.408159078957E-02,0.997252183706));
#3287 = ADVANCED_FACE('',(#3288),#3306,.F.);
#3288 = FACE_BOUND('',#3289,.F.);
#3289 = EDGE_LOOP('',(#3290,#3291,#3299,#3305));
#3290 = ORIENTED_EDGE('',*,*,#3261,.T.);
#3291 = ORIENTED_EDGE('',*,*,#3292,.T.);
#3292 = EDGE_CURVE('',#3262,#3293,#3295,.T.);
#3293 = VERTEX_POINT('',#3294);
#3294 = CARTESIAN_POINT('',(-1.4,0.98,3.07));
#3295 = LINE('',#3296,#3297);
#3296 = CARTESIAN_POINT('',(-1.4,0.63,3.07));
#3297 = VECTOR('',#3298,1.);
#3298 = DIRECTION('',(0.,1.,0.));
#3299 = ORIENTED_EDGE('',*,*,#3300,.T.);
#3300 = EDGE_CURVE('',#3293,#2934,#3301,.T.);
#3301 = LINE('',#3302,#3303);
#3302 = CARTESIAN_POINT('',(-1.4,0.98,3.07));
#3303 = VECTOR('',#3304,1.);
#3304 = DIRECTION('',(0.,0.,-1.));
#3305 = ORIENTED_EDGE('',*,*,#2941,.T.);
#3306 = PLANE('',#3307);
#3307 = AXIS2_PLACEMENT_3D('',#3308,#3309,#3310);
#3308 = CARTESIAN_POINT('',(-1.4,0.771294517928,2.168759014354));
#3309 = DIRECTION('',(-1.,-0.,-0.));
#3310 = DIRECTION('',(0.,0.,-1.));
#3311 = ADVANCED_FACE('',(#3312),#3330,.T.);
#3312 = FACE_BOUND('',#3313,.T.);
#3313 = EDGE_LOOP('',(#3314,#3322,#3323,#3324));
#3314 = ORIENTED_EDGE('',*,*,#3315,.T.);
#3315 = EDGE_CURVE('',#3316,#3293,#3318,.T.);
#3316 = VERTEX_POINT('',#3317);
#3317 = CARTESIAN_POINT('',(-1.6,0.98,3.07));
#3318 = LINE('',#3319,#3320);
#3319 = CARTESIAN_POINT('',(-1.6,0.98,3.07));
#3320 = VECTOR('',#3321,1.);
#3321 = DIRECTION('',(1.,0.,0.));
#3322 = ORIENTED_EDGE('',*,*,#3300,.T.);
#3323 = ORIENTED_EDGE('',*,*,#2933,.F.);
#3324 = ORIENTED_EDGE('',*,*,#3325,.F.);
#3325 = EDGE_CURVE('',#3316,#2926,#3326,.T.);
#3326 = LINE('',#3327,#3328);
#3327 = CARTESIAN_POINT('',(-1.6,0.98,3.07));
#3328 = VECTOR('',#3329,1.);
#3329 = DIRECTION('',(0.,0.,-1.));
#3330 = PLANE('',#3331);
#3331 = AXIS2_PLACEMENT_3D('',#3332,#3333,#3334);
#3332 = CARTESIAN_POINT('',(-1.6,0.98,3.07));
#3333 = DIRECTION('',(0.,1.,0.));
#3334 = DIRECTION('',(0.,0.,-1.));
#3335 = ADVANCED_FACE('',(#3336),#3347,.T.);
#3336 = FACE_BOUND('',#3337,.T.);
#3337 = EDGE_LOOP('',(#3338,#3339,#3345,#3346));
#3338 = ORIENTED_EDGE('',*,*,#3277,.T.);
#3339 = ORIENTED_EDGE('',*,*,#3340,.T.);
#3340 = EDGE_CURVE('',#3270,#3316,#3341,.T.);
#3341 = LINE('',#3342,#3343);
#3342 = CARTESIAN_POINT('',(-1.6,0.63,3.07));
#3343 = VECTOR('',#3344,1.);
#3344 = DIRECTION('',(0.,1.,0.));
#3345 = ORIENTED_EDGE('',*,*,#3325,.T.);
#3346 = ORIENTED_EDGE('',*,*,#2925,.T.);
#3347 = PLANE('',#3348);
#3348 = AXIS2_PLACEMENT_3D('',#3349,#3350,#3351);
#3349 = CARTESIAN_POINT('',(-1.6,0.771294517928,2.168759014354));
#3350 = DIRECTION('',(-1.,-0.,-0.));
#3351 = DIRECTION('',(0.,0.,-1.));
#3352 = ADVANCED_FACE('',(#3353),#3378,.T.);
#3353 = FACE_BOUND('',#3354,.T.);
#3354 = EDGE_LOOP('',(#3355,#3356,#3364,#3372));
#3355 = ORIENTED_EDGE('',*,*,#2949,.T.);
#3356 = ORIENTED_EDGE('',*,*,#3357,.T.);
#3357 = EDGE_CURVE('',#2952,#3358,#3360,.T.);
#3358 = VERTEX_POINT('',#3359);
#3359 = CARTESIAN_POINT('',(-0.4,0.63,3.07));
#3360 = LINE('',#3361,#3362);
#3361 = CARTESIAN_POINT('',(-0.4,0.5,1.32));
#3362 = VECTOR('',#3363,1.);
#3363 = DIRECTION('',(0.,7.408159078957E-02,0.997252183706));
#3364 = ORIENTED_EDGE('',*,*,#3365,.F.);
#3365 = EDGE_CURVE('',#3366,#3358,#3368,.T.);
#3366 = VERTEX_POINT('',#3367);
#3367 = CARTESIAN_POINT('',(-0.6,0.63,3.07));
#3368 = LINE('',#3369,#3370);
#3369 = CARTESIAN_POINT('',(-0.6,0.63,3.07));
#3370 = VECTOR('',#3371,1.);
#3371 = DIRECTION('',(1.,0.,0.));
#3372 = ORIENTED_EDGE('',*,*,#3373,.F.);
#3373 = EDGE_CURVE('',#2950,#3366,#3374,.T.);
#3374 = LINE('',#3375,#3376);
#3375 = CARTESIAN_POINT('',(-0.6,0.5,1.32));
#3376 = VECTOR('',#3377,1.);
#3377 = DIRECTION('',(0.,7.408159078957E-02,0.997252183706));
#3378 = PLANE('',#3379);
#3379 = AXIS2_PLACEMENT_3D('',#3380,#3381,#3382);
#3380 = CARTESIAN_POINT('',(-0.6,0.5,1.32));
#3381 = DIRECTION('',(0.,-0.997252183706,7.408159078957E-02));
#3382 = DIRECTION('',(0.,7.408159078957E-02,0.997252183706));
#3383 = ADVANCED_FACE('',(#3384),#3402,.F.);
#3384 = FACE_BOUND('',#3385,.F.);
#3385 = EDGE_LOOP('',(#3386,#3387,#3395,#3401));
#3386 = ORIENTED_EDGE('',*,*,#3357,.T.);
#3387 = ORIENTED_EDGE('',*,*,#3388,.T.);
#3388 = EDGE_CURVE('',#3358,#3389,#3391,.T.);
#3389 = VERTEX_POINT('',#3390);
#3390 = CARTESIAN_POINT('',(-0.4,0.98,3.07));
#3391 = LINE('',#3392,#3393);
#3392 = CARTESIAN_POINT('',(-0.4,0.63,3.07));
#3393 = VECTOR('',#3394,1.);
#3394 = DIRECTION('',(0.,1.,0.));
#3395 = ORIENTED_EDGE('',*,*,#3396,.T.);
#3396 = EDGE_CURVE('',#3389,#2968,#3397,.T.);
#3397 = LINE('',#3398,#3399);
#3398 = CARTESIAN_POINT('',(-0.4,0.98,3.07));
#3399 = VECTOR('',#3400,1.);
#3400 = DIRECTION('',(0.,0.,-1.));
#3401 = ORIENTED_EDGE('',*,*,#2975,.T.);
#3402 = PLANE('',#3403);
#3403 = AXIS2_PLACEMENT_3D('',#3404,#3405,#3406);
#3404 = CARTESIAN_POINT('',(-0.4,0.771294517928,2.168759014354));
#3405 = DIRECTION('',(-1.,-0.,-0.));
#3406 = DIRECTION('',(0.,0.,-1.));
#3407 = ADVANCED_FACE('',(#3408),#3426,.T.);
#3408 = FACE_BOUND('',#3409,.T.);
#3409 = EDGE_LOOP('',(#3410,#3418,#3419,#3420));
#3410 = ORIENTED_EDGE('',*,*,#3411,.T.);
#3411 = EDGE_CURVE('',#3412,#3389,#3414,.T.);
#3412 = VERTEX_POINT('',#3413);
#3413 = CARTESIAN_POINT('',(-0.6,0.98,3.07));
#3414 = LINE('',#3415,#3416);
#3415 = CARTESIAN_POINT('',(-0.6,0.98,3.07));
#3416 = VECTOR('',#3417,1.);
#3417 = DIRECTION('',(1.,0.,0.));
#3418 = ORIENTED_EDGE('',*,*,#3396,.T.);
#3419 = ORIENTED_EDGE('',*,*,#2967,.F.);
#3420 = ORIENTED_EDGE('',*,*,#3421,.F.);
#3421 = EDGE_CURVE('',#3412,#2960,#3422,.T.);
#3422 = LINE('',#3423,#3424);
#3423 = CARTESIAN_POINT('',(-0.6,0.98,3.07));
#3424 = VECTOR('',#3425,1.);
#3425 = DIRECTION('',(0.,0.,-1.));
#3426 = PLANE('',#3427);
#3427 = AXIS2_PLACEMENT_3D('',#3428,#3429,#3430);
#3428 = CARTESIAN_POINT('',(-0.6,0.98,3.07));
#3429 = DIRECTION('',(0.,1.,0.));
#3430 = DIRECTION('',(0.,0.,-1.));
#3431 = ADVANCED_FACE('',(#3432),#3443,.T.);
#3432 = FACE_BOUND('',#3433,.T.);
#3433 = EDGE_LOOP('',(#3434,#3435,#3441,#3442));
#3434 = ORIENTED_EDGE('',*,*,#3373,.T.);
#3435 = ORIENTED_EDGE('',*,*,#3436,.T.);
#3436 = EDGE_CURVE('',#3366,#3412,#3437,.T.);
#3437 = LINE('',#3438,#3439);
#3438 = CARTESIAN_POINT('',(-0.6,0.63,3.07));
#3439 = VECTOR('',#3440,1.);
#3440 = DIRECTION('',(0.,1.,0.));
#3441 = ORIENTED_EDGE('',*,*,#3421,.T.);
#3442 = ORIENTED_EDGE('',*,*,#2959,.T.);
#3443 = PLANE('',#3444);
#3444 = AXIS2_PLACEMENT_3D('',#3445,#3446,#3447);
#3445 = CARTESIAN_POINT('',(-0.6,0.771294517928,2.168759014354));
#3446 = DIRECTION('',(-1.,-0.,-0.));
#3447 = DIRECTION('',(0.,0.,-1.));
#3448 = ADVANCED_FACE('',(#3449),#3474,.T.);
#3449 = FACE_BOUND('',#3450,.T.);
#3450 = EDGE_LOOP('',(#3451,#3452,#3460,#3468));
#3451 = ORIENTED_EDGE('',*,*,#2983,.T.);
#3452 = ORIENTED_EDGE('',*,*,#3453,.T.);
#3453 = EDGE_CURVE('',#2986,#3454,#3456,.T.);
#3454 = VERTEX_POINT('',#3455);
#3455 = CARTESIAN_POINT('',(0.6,0.63,3.07));
#3456 = LINE('',#3457,#3458);
#3457 = CARTESIAN_POINT('',(0.6,0.5,1.32));
#3458 = VECTOR('',#3459,1.);
#3459 = DIRECTION('',(0.,7.408159078957E-02,0.997252183706));
#3460 = ORIENTED_EDGE('',*,*,#3461,.F.);
#3461 = EDGE_CURVE('',#3462,#3454,#3464,.T.);
#3462 = VERTEX_POINT('',#3463);
#3463 = CARTESIAN_POINT('',(0.4,0.63,3.07));
#3464 = LINE('',#3465,#3466);
#3465 = CARTESIAN_POINT('',(0.4,0.63,3.07));
#3466 = VECTOR('',#3467,1.);
#3467 = DIRECTION('',(1.,0.,0.));
#3468 = ORIENTED_EDGE('',*,*,#3469,.F.);
#3469 = EDGE_CURVE('',#2984,#3462,#3470,.T.);
#3470 = LINE('',#3471,#3472);
#3471 = CARTESIAN_POINT('',(0.4,0.5,1.32));
#3472 = VECTOR('',#3473,1.);
#3473 = DIRECTION('',(0.,7.408159078957E-02,0.997252183706));
#3474 = PLANE('',#3475);
#3475 = AXIS2_PLACEMENT_3D('',#3476,#3477,#3478);
#3476 = CARTESIAN_POINT('',(0.4,0.5,1.32));
#3477 = DIRECTION('',(0.,-0.997252183706,7.408159078957E-02));
#3478 = DIRECTION('',(0.,7.408159078957E-02,0.997252183706));
#3479 = ADVANCED_FACE('',(#3480),#3498,.F.);
#3480 = FACE_BOUND('',#3481,.F.);
#3481 = EDGE_LOOP('',(#3482,#3483,#3491,#3497));
#3482 = ORIENTED_EDGE('',*,*,#3453,.T.);
#3483 = ORIENTED_EDGE('',*,*,#3484,.T.);
#3484 = EDGE_CURVE('',#3454,#3485,#3487,.T.);
#3485 = VERTEX_POINT('',#3486);
#3486 = CARTESIAN_POINT('',(0.6,0.98,3.07));
#3487 = LINE('',#3488,#3489);
#3488 = CARTESIAN_POINT('',(0.6,0.63,3.07));
#3489 = VECTOR('',#3490,1.);
#3490 = DIRECTION('',(0.,1.,0.));
#3491 = ORIENTED_EDGE('',*,*,#3492,.T.);
#3492 = EDGE_CURVE('',#3485,#3002,#3493,.T.);
#3493 = LINE('',#3494,#3495);
#3494 = CARTESIAN_POINT('',(0.6,0.98,3.07));
#3495 = VECTOR('',#3496,1.);
#3496 = DIRECTION('',(0.,0.,-1.));
#3497 = ORIENTED_EDGE('',*,*,#3009,.T.);
#3498 = PLANE('',#3499);
#3499 = AXIS2_PLACEMENT_3D('',#3500,#3501,#3502);
#3500 = CARTESIAN_POINT('',(0.6,0.771294517928,2.168759014354));
#3501 = DIRECTION('',(-1.,-0.,-0.));
#3502 = DIRECTION('',(0.,0.,-1.));
#3503 = ADVANCED_FACE('',(#3504),#3522,.T.);
#3504 = FACE_BOUND('',#3505,.T.);
#3505 = EDGE_LOOP('',(#3506,#3514,#3515,#3516));
#3506 = ORIENTED_EDGE('',*,*,#3507,.T.);
#3507 = EDGE_CURVE('',#3508,#3485,#3510,.T.);
#3508 = VERTEX_POINT('',#3509);
#3509 = CARTESIAN_POINT('',(0.4,0.98,3.07));
#3510 = LINE('',#3511,#3512);
#3511 = CARTESIAN_POINT('',(0.4,0.98,3.07));
#3512 = VECTOR('',#3513,1.);
#3513 = DIRECTION('',(1.,0.,0.));
#3514 = ORIENTED_EDGE('',*,*,#3492,.T.);
#3515 = ORIENTED_EDGE('',*,*,#3001,.F.);
#3516 = ORIENTED_EDGE('',*,*,#3517,.F.);
#3517 = EDGE_CURVE('',#3508,#2994,#3518,.T.);
#3518 = LINE('',#3519,#3520);
#3519 = CARTESIAN_POINT('',(0.4,0.98,3.07));
#3520 = VECTOR('',#3521,1.);
#3521 = DIRECTION('',(0.,0.,-1.));
#3522 = PLANE('',#3523);
#3523 = AXIS2_PLACEMENT_3D('',#3524,#3525,#3526);
#3524 = CARTESIAN_POINT('',(0.4,0.98,3.07));
#3525 = DIRECTION('',(0.,1.,0.));
#3526 = DIRECTION('',(0.,0.,-1.));
#3527 = ADVANCED_FACE('',(#3528),#3539,.T.);
#3528 = FACE_BOUND('',#3529,.T.);
#3529 = EDGE_LOOP('',(#3530,#3531,#3537,#3538));
#3530 = ORIENTED_EDGE('',*,*,#3469,.T.);
#3531 = ORIENTED_EDGE('',*,*,#3532,.T.);
#3532 = EDGE_CURVE('',#3462,#3508,#3533,.T.);
#3533 = LINE('',#3534,#3535);
#3534 = CARTESIAN_POINT('',(0.4,0.63,3.07));
#3535 = VECTOR('',#3536,1.);
#3536 = DIRECTION('',(0.,1.,0.));
#3537 = ORIENTED_EDGE('',*,*,#3517,.T.);
#3538 = ORIENTED_EDGE('',*,*,#2993,.T.);
#3539 = PLANE('',#3540);
#3540 = AXIS2_PLACEMENT_3D('',#3541,#3542,#3543);
#3541 = CARTESIAN_POINT('',(0.4,0.771294517928,2.168759014354));
#3542 = DIRECTION('',(-1.,-0.,-0.));
#3543 = DIRECTION('',(0.,0.,-1.));
#3544 = ADVANCED_FACE('',(#3545),#3570,.T.);
#3545 = FACE_BOUND('',#3546,.T.);
#3546 = EDGE_LOOP('',(#3547,#3548,#3556,#3564));
#3547 = ORIENTED_EDGE('',*,*,#3017,.T.);
#3548 = ORIENTED_EDGE('',*,*,#3549,.T.);
#3549 = EDGE_CURVE('',#3020,#3550,#3552,.T.);
#3550 = VERTEX_POINT('',#3551);
#3551 = CARTESIAN_POINT('',(1.6,0.63,3.07));
#3552 = LINE('',#3553,#3554);
#3553 = CARTESIAN_POINT('',(1.6,0.5,1.32));
#3554 = VECTOR('',#3555,1.);
#3555 = DIRECTION('',(0.,7.408159078957E-02,0.997252183706));
#3556 = ORIENTED_EDGE('',*,*,#3557,.F.);
#3557 = EDGE_CURVE('',#3558,#3550,#3560,.T.);
#3558 = VERTEX_POINT('',#3559);
#3559 = CARTESIAN_POINT('',(1.4,0.63,3.07));
#3560 = LINE('',#3561,#3562);
#3561 = CARTESIAN_POINT('',(1.4,0.63,3.07));
#3562 = VECTOR('',#3563,1.);
#3563 = DIRECTION('',(1.,0.,0.));
#3564 = ORIENTED_EDGE('',*,*,#3565,.F.);
#3565 = EDGE_CURVE('',#3018,#3558,#3566,.T.);
#3566 = LINE('',#3567,#3568);
#3567 = CARTESIAN_POINT('',(1.4,0.5,1.32));
#3568 = VECTOR('',#3569,1.);
#3569 = DIRECTION('',(0.,7.408159078957E-02,0.997252183706));
#3570 = PLANE('',#3571);
#3571 = AXIS2_PLACEMENT_3D('',#3572,#3573,#3574);
#3572 = CARTESIAN_POINT('',(1.4,0.5,1.32));
#3573 = DIRECTION('',(0.,-0.997252183706,7.408159078957E-02));
#3574 = DIRECTION('',(0.,7.408159078957E-02,0.997252183706));
#3575 = ADVANCED_FACE('',(#3576),#3594,.F.);
#3576 = FACE_BOUND('',#3577,.F.);
#3577 = EDGE_LOOP('',(#3578,#3579,#3587,#3593));
#3578 = ORIENTED_EDGE('',*,*,#3549,.T.);
#3579 = ORIENTED_EDGE('',*,*,#3580,.T.);
#3580 = EDGE_CURVE('',#3550,#3581,#3583,.T.);
#3581 = VERTEX_POINT('',#3582);
#3582 = CARTESIAN_POINT('',(1.6,0.98,3.07));
#3583 = LINE('',#3584,#3585);
#3584 = CARTESIAN_POINT('',(1.6,0.63,3.07));
#3585 = VECTOR('',#3586,1.);
#3586 = DIRECTION('',(0.,1.,0.));
#3587 = ORIENTED_EDGE('',*,*,#3588,.T.);
#3588 = EDGE_CURVE('',#3581,#3036,#3589,.T.);
#3589 = LINE('',#3590,#3591);
#3590 = CARTESIAN_POINT('',(1.6,0.98,3.07));
#3591 = VECTOR('',#3592,1.);
#3592 = DIRECTION('',(0.,0.,-1.));
#3593 = ORIENTED_EDGE('',*,*,#3043,.T.);
#3594 = PLANE('',#3595);
#3595 = AXIS2_PLACEMENT_3D('',#3596,#3597,#3598);
#3596 = CARTESIAN_POINT('',(1.6,0.771294517928,2.168759014354));
#3597 = DIRECTION('',(-1.,-0.,-0.));
#3598 = DIRECTION('',(0.,0.,-1.));
#3599 = ADVANCED_FACE('',(#3600),#3618,.T.);
#3600 = FACE_BOUND('',#3601,.T.);
#3601 = EDGE_LOOP('',(#3602,#3610,#3611,#3612));
#3602 = ORIENTED_EDGE('',*,*,#3603,.T.);
#3603 = EDGE_CURVE('',#3604,#3581,#3606,.T.);
#3604 = VERTEX_POINT('',#3605);
#3605 = CARTESIAN_POINT('',(1.4,0.98,3.07));
#3606 = LINE('',#3607,#3608);
#3607 = CARTESIAN_POINT('',(1.4,0.98,3.07));
#3608 = VECTOR('',#3609,1.);
#3609 = DIRECTION('',(1.,0.,0.));
#3610 = ORIENTED_EDGE('',*,*,#3588,.T.);
#3611 = ORIENTED_EDGE('',*,*,#3035,.F.);
#3612 = ORIENTED_EDGE('',*,*,#3613,.F.);
#3613 = EDGE_CURVE('',#3604,#3028,#3614,.T.);
#3614 = LINE('',#3615,#3616);
#3615 = CARTESIAN_POINT('',(1.4,0.98,3.07));
#3616 = VECTOR('',#3617,1.);
#3617 = DIRECTION('',(0.,0.,-1.));
#3618 = PLANE('',#3619);
#3619 = AXIS2_PLACEMENT_3D('',#3620,#3621,#3622);
#3620 = CARTESIAN_POINT('',(1.4,0.98,3.07));
#3621 = DIRECTION('',(0.,1.,0.));
#3622 = DIRECTION('',(0.,0.,-1.));
#3623 = ADVANCED_FACE('',(#3624),#3635,.T.);
#3624 = FACE_BOUND('',#3625,.T.);
#3625 = EDGE_LOOP('',(#3626,#3627,#3633,#3634));
#3626 = ORIENTED_EDGE('',*,*,#3565,.T.);
#3627 = ORIENTED_EDGE('',*,*,#3628,.T.);
#3628 = EDGE_CURVE('',#3558,#3604,#3629,.T.);
#3629 = LINE('',#3630,#3631);
#3630 = CARTESIAN_POINT('',(1.4,0.63,3.07));
#3631 = VECTOR('',#3632,1.);
#3632 = DIRECTION('',(0.,1.,0.));
#3633 = ORIENTED_EDGE('',*,*,#3613,.T.);
#3634 = ORIENTED_EDGE('',*,*,#3027,.T.);
#3635 = PLANE('',#3636);
#3636 = AXIS2_PLACEMENT_3D('',#3637,#3638,#3639);
#3637 = CARTESIAN_POINT('',(1.4,0.771294517928,2.168759014354));
#3638 = DIRECTION('',(-1.,-0.,-0.));
#3639 = DIRECTION('',(0.,0.,-1.));
#3640 = ADVANCED_FACE('',(#3641),#3666,.T.);
#3641 = FACE_BOUND('',#3642,.T.);
#3642 = EDGE_LOOP('',(#3643,#3644,#3652,#3660));
#3643 = ORIENTED_EDGE('',*,*,#3051,.T.);
#3644 = ORIENTED_EDGE('',*,*,#3645,.T.);
#3645 = EDGE_CURVE('',#3054,#3646,#3648,.T.);
#3646 = VERTEX_POINT('',#3647);
#3647 = CARTESIAN_POINT('',(2.6,0.63,3.07));
#3648 = LINE('',#3649,#3650);
#3649 = CARTESIAN_POINT('',(2.6,0.5,1.32));
#3650 = VECTOR('',#3651,1.);
#3651 = DIRECTION('',(0.,7.408159078957E-02,0.997252183706));
#3652 = ORIENTED_EDGE('',*,*,#3653,.F.);
#3653 = EDGE_CURVE('',#3654,#3646,#3656,.T.);
#3654 = VERTEX_POINT('',#3655);
#3655 = CARTESIAN_POINT('',(2.4,0.63,3.07));
#3656 = LINE('',#3657,#3658);
#3657 = CARTESIAN_POINT('',(2.4,0.63,3.07));
#3658 = VECTOR('',#3659,1.);
#3659 = DIRECTION('',(1.,0.,0.));
#3660 = ORIENTED_EDGE('',*,*,#3661,.F.);
#3661 = EDGE_CURVE('',#3052,#3654,#3662,.T.);
#3662 = LINE('',#3663,#3664);
#3663 = CARTESIAN_POINT('',(2.4,0.5,1.32));
#3664 = VECTOR('',#3665,1.);
#3665 = DIRECTION('',(0.,7.408159078957E-02,0.997252183706));
#3666 = PLANE('',#3667);
#3667 = AXIS2_PLACEMENT_3D('',#3668,#3669,#3670);
#3668 = CARTESIAN_POINT('',(2.4,0.5,1.32));
#3669 = DIRECTION('',(0.,-0.997252183706,7.408159078957E-02));
#3670 = DIRECTION('',(0.,7.408159078957E-02,0.997252183706));
#3671 = ADVANCED_FACE('',(#3672),#3690,.F.);
#3672 = FACE_BOUND('',#3673,.F.);
#3673 = EDGE_LOOP('',(#3674,#3675,#3683,#3689));
#3674 = ORIENTED_EDGE('',*,*,#3645,.T.);
#3675 = ORIENTED_EDGE('',*,*,#3676,.T.);
#3676 = EDGE_CURVE('',#3646,#3677,#3679,.T.);
#3677 = VERTEX_POINT('',#3678);
#3678 = CARTESIAN_POINT('',(2.6,0.98,3.07));
#3679 = LINE('',#3680,#3681);
#3680 = CARTESIAN_POINT('',(2.6,0.63,3.07));
#3681 = VECTOR('',#3682,1.);
#3682 = DIRECTION('',(0.,1.,0.));
#3683 = ORIENTED_EDGE('',*,*,#3684,.T.);
#3684 = EDGE_CURVE('',#3677,#3070,#3685,.T.);
#3685 = LINE('',#3686,#3687);
#3686 = CARTESIAN_POINT('',(2.6,0.98,3.07));
#3687 = VECTOR('',#3688,1.);
#3688 = DIRECTION('',(0.,0.,-1.));
#3689 = ORIENTED_EDGE('',*,*,#3077,.T.);
#3690 = PLANE('',#3691);
#3691 = AXIS2_PLACEMENT_3D('',#3692,#3693,#3694);
#3692 = CARTESIAN_POINT('',(2.6,0.771294517928,2.168759014354));
#3693 = DIRECTION('',(-1.,-0.,-0.));
#3694 = DIRECTION('',(0.,0.,-1.));
#3695 = ADVANCED_FACE('',(#3696),#3714,.T.);
#3696 = FACE_BOUND('',#3697,.T.);
#3697 = EDGE_LOOP('',(#3698,#3706,#3707,#3708));
#3698 = ORIENTED_EDGE('',*,*,#3699,.T.);
#3699 = EDGE_CURVE('',#3700,#3677,#3702,.T.);
#3700 = VERTEX_POINT('',#3701);
#3701 = CARTESIAN_POINT('',(2.4,0.98,3.07));
#3702 = LINE('',#3703,#3704);
#3703 = CARTESIAN_POINT('',(2.4,0.98,3.07));
#3704 = VECTOR('',#3705,1.);
#3705 = DIRECTION('',(1.,0.,0.));
#3706 = ORIENTED_EDGE('',*,*,#3684,.T.);
#3707 = ORIENTED_EDGE('',*,*,#3069,.F.);
#3708 = ORIENTED_EDGE('',*,*,#3709,.F.);
#3709 = EDGE_CURVE('',#3700,#3062,#3710,.T.);
#3710 = LINE('',#3711,#3712);
#3711 = CARTESIAN_POINT('',(2.4,0.98,3.07));
#3712 = VECTOR('',#3713,1.);
#3713 = DIRECTION('',(0.,0.,-1.));
#3714 = PLANE('',#3715);
#3715 = AXIS2_PLACEMENT_3D('',#3716,#3717,#3718);
#3716 = CARTESIAN_POINT('',(2.4,0.98,3.07));
#3717 = DIRECTION('',(0.,1.,0.));
#3718 = DIRECTION('',(0.,0.,-1.));
#3719 = ADVANCED_FACE('',(#3720),#3731,.T.);
#3720 = FACE_BOUND('',#3721,.T.);
#3721 = EDGE_LOOP('',(#3722,#3723,#3729,#3730));
#3722 = ORIENTED_EDGE('',*,*,#3661,.T.);
#3723 = ORIENTED_EDGE('',*,*,#3724,.T.);
#3724 = EDGE_CURVE('',#3654,#3700,#3725,.T.);
#3725 = LINE('',#3726,#3727);
#3726 = CARTESIAN_POINT('',(2.4,0.63,3.07));
#3727 = VECTOR('',#3728,1.);
#3728 = DIRECTION('',(0.,1.,0.));
#3729 = ORIENTED_EDGE('',*,*,#3709,.T.);
#3730 = ORIENTED_EDGE('',*,*,#3061,.T.);
#3731 = PLANE('',#3732);
#3732 = AXIS2_PLACEMENT_3D('',#3733,#3734,#3735);
#3733 = CARTESIAN_POINT('',(2.4,0.771294517928,2.168759014354));
#3734 = DIRECTION('',(-1.,-0.,-0.));
#3735 = DIRECTION('',(0.,0.,-1.));
#3736 = ADVANCED_FACE('',(#3737),#3743,.T.);
#3737 = FACE_BOUND('',#3738,.T.);
#3738 = EDGE_LOOP('',(#3739,#3740,#3741,#3742));
#3739 = ORIENTED_EDGE('',*,*,#3173,.T.);
#3740 = ORIENTED_EDGE('',*,*,#3196,.T.);
#3741 = ORIENTED_EDGE('',*,*,#3219,.F.);
#3742 = ORIENTED_EDGE('',*,*,#3244,.F.);
#3743 = PLANE('',#3744);
#3744 = AXIS2_PLACEMENT_3D('',#3745,#3746,#3747);
#3745 = CARTESIAN_POINT('',(-2.6,0.63,3.07));
#3746 = DIRECTION('',(0.,0.,1.));
#3747 = DIRECTION('',(0.,1.,0.));
#3748 = ADVANCED_FACE('',(#3749),#3755,.T.);
#3749 = FACE_BOUND('',#3750,.T.);
#3750 = EDGE_LOOP('',(#3751,#3752,#3753,#3754));
#3751 = ORIENTED_EDGE('',*,*,#3269,.T.);
#3752 = ORIENTED_EDGE('',*,*,#3292,.T.);
#3753 = ORIENTED_EDGE('',*,*,#3315,.F.);
#3754 = ORIENTED_EDGE('',*,*,#3340,.F.);
#3755 = PLANE('',#3756);
#3756 = AXIS2_PLACEMENT_3D('',#3757,#3758,#3759);
#3757 = CARTESIAN_POINT('',(-1.6,0.63,3.07));
#3758 = DIRECTION('',(0.,0.,1.));
#3759 = DIRECTION('',(0.,1.,0.));
#3760 = ADVANCED_FACE('',(#3761),#3767,.T.);
#3761 = FACE_BOUND('',#3762,.T.);
#3762 = EDGE_LOOP('',(#3763,#3764,#3765,#3766));
#3763 = ORIENTED_EDGE('',*,*,#3365,.T.);
#3764 = ORIENTED_EDGE('',*,*,#3388,.T.);
#3765 = ORIENTED_EDGE('',*,*,#3411,.F.);
#3766 = ORIENTED_EDGE('',*,*,#3436,.F.);
#3767 = PLANE('',#3768);
#3768 = AXIS2_PLACEMENT_3D('',#3769,#3770,#3771);
#3769 = CARTESIAN_POINT('',(-0.6,0.63,3.07));
#3770 = DIRECTION('',(0.,0.,1.));
#3771 = DIRECTION('',(0.,1.,0.));
#3772 = ADVANCED_FACE('',(#3773),#3779,.T.);
#3773 = FACE_BOUND('',#3774,.T.);
#3774 = EDGE_LOOP('',(#3775,#3776,#3777,#3778));
#3775 = ORIENTED_EDGE('',*,*,#3461,.T.);
#3776 = ORIENTED_EDGE('',*,*,#3484,.T.);
#3777 = ORIENTED_EDGE('',*,*,#3507,.F.);
#3778 = ORIENTED_EDGE('',*,*,#3532,.F.);
#3779 = PLANE('',#3780);
#3780 = AXIS2_PLACEMENT_3D('',#3781,#3782,#3783);
#3781 = CARTESIAN_POINT('',(0.4,0.63,3.07));
#3782 = DIRECTION('',(0.,0.,1.));
#3783 = DIRECTION('',(0.,1.,0.));
#3784 = ADVANCED_FACE('',(#3785),#3791,.T.);
#3785 = FACE_BOUND('',#3786,.T.);
#3786 = EDGE_LOOP('',(#3787,#3788,#3789,#3790));
#3787 = ORIENTED_EDGE('',*,*,#3557,.T.);
#3788 = ORIENTED_EDGE('',*,*,#3580,.T.);
#3789 = ORIENTED_EDGE('',*,*,#3603,.F.);
#3790 = ORIENTED_EDGE('',*,*,#3628,.F.);
#3791 = PLANE('',#3792);
#3792 = AXIS2_PLACEMENT_3D('',#3793,#3794,#3795);
#3793 = CARTESIAN_POINT('',(1.4,0.63,3.07));
#3794 = DIRECTION('',(0.,0.,1.));
#3795 = DIRECTION('',(0.,1.,0.));
#3796 = ADVANCED_FACE('',(#3797),#3803,.T.);
#3797 = FACE_BOUND('',#3798,.T.);
#3798 = EDGE_LOOP('',(#3799,#3800,#3801,#3802));
#3799 = ORIENTED_EDGE('',*,*,#3653,.T.);
#3800 = ORIENTED_EDGE('',*,*,#3676,.T.);
#3801 = ORIENTED_EDGE('',*,*,#3699,.F.);
#3802 = ORIENTED_EDGE('',*,*,#3724,.F.);
#3803 = PLANE('',#3804);
#3804 = AXIS2_PLACEMENT_3D('',#3805,#3806,#3807);
#3805 = CARTESIAN_POINT('',(2.4,0.63,3.07));
#3806 = DIRECTION('',(0.,0.,1.));
#3807 = DIRECTION('',(0.,1.,0.));
#3808 = ( GEOMETRIC_REPRESENTATION_CONTEXT(3) 
GLOBAL_UNCERTAINTY_ASSIGNED_CONTEXT((#3812)) 
GLOBAL_UNIT_ASSIGNED_CONTEXT((#3809,#3810,#3811)) REPRESENTATION_CONTEXT
('Context #1','3D Context with UNIT and UNCERTAINTY') );
#3809 = ( LENGTH_UNIT() NAMED_UNIT(*) SI_UNIT(.MILLI.,.METRE.) );
#3810 = ( NAMED_UNIT(*) PLANE_ANGLE_UNIT() SI_UNIT($,.RADIAN.) );
#3811 = ( NAMED_UNIT(*) SI_UNIT($,.STERADIAN.) SOLID_ANGLE_UNIT() );
#3812 = UNCERTAINTY_MEASURE_WITH_UNIT(LENGTH_MEASURE(1.E-07),#3809,
  'distance_accuracy_value','confusion accuracy');
#3813 = CONTEXT_DEPENDENT_SHAPE_REPRESENTATION(#3814,#3816);
#3814 = ( REPRESENTATION_RELATIONSHIP('','',#227,#204) 
REPRESENTATION_RELATIONSHIP_WITH_TRANSFORMATION(#3815) 
SHAPE_REPRESENTATION_RELATIONSHIP() );
#3815 = ITEM_DEFINED_TRANSFORMATION('','',#11,#205);
#3816 = PRODUCT_DEFINITION_SHAPE('Placement','Placement of an item',
  #3817);
#3817 = NEXT_ASSEMBLY_USAGE_OCCURRENCE('1','=>[0:1:1:3]','',#199,#222,$
  );
#3818 = PRODUCT_RELATED_PRODUCT_CATEGORY('part',$,(#224));
#3819 = CONTEXT_DEPENDENT_SHAPE_REPRESENTATION(#3820,#3822);
#3820 = ( REPRESENTATION_RELATIONSHIP('','',#204,#10) 
REPRESENTATION_RELATIONSHIP_WITH_TRANSFORMATION(#3821) 
SHAPE_REPRESENTATION_RELATIONSHIP() );
#3821 = ITEM_DEFINED_TRANSFORMATION('','',#11,#19);
#3822 = PRODUCT_DEFINITION_SHAPE('Placement','Placement of an item',
  #3823);
#3823 = NEXT_ASSEMBLY_USAGE_OCCURRENCE('3','J18','',#5,#199,$);
#3824 = CONTEXT_DEPENDENT_SHAPE_REPRESENTATION(#3825,#3827);
#3825 = ( REPRESENTATION_RELATIONSHIP('','',#204,#10) 
REPRESENTATION_RELATIONSHIP_WITH_TRANSFORMATION(#3826) 
SHAPE_REPRESENTATION_RELATIONSHIP() );
#3826 = ITEM_DEFINED_TRANSFORMATION('','',#11,#23);
#3827 = PRODUCT_DEFINITION_SHAPE('Placement','Placement of an item',
  #3828);
#3828 = NEXT_ASSEMBLY_USAGE_OCCURRENCE('4','J16','',#5,#199,$);
#3829 = CONTEXT_DEPENDENT_SHAPE_REPRESENTATION(#3830,#3832);
#3830 = ( REPRESENTATION_RELATIONSHIP('','',#204,#10) 
REPRESENTATION_RELATIONSHIP_WITH_TRANSFORMATION(#3831) 
SHAPE_REPRESENTATION_RELATIONSHIP() );
#3831 = ITEM_DEFINED_TRANSFORMATION('','',#11,#27);
#3832 = PRODUCT_DEFINITION_SHAPE('Placement','Placement of an item',
  #3833);
#3833 = NEXT_ASSEMBLY_USAGE_OCCURRENCE('5','J19','',#5,#199,$);
#3834 = SHAPE_DEFINITION_REPRESENTATION(#3835,#3841);
#3835 = PRODUCT_DEFINITION_SHAPE('','',#3836);
#3836 = PRODUCT_DEFINITION('design','',#3837,#3840);
#3837 = PRODUCT_DEFINITION_FORMATION('','',#3838);
#3838 = PRODUCT('JST_SH_BM14B-SRSS-TB_1x14-1MP_P1.00mm_Vertical',
  'JST_SH_BM14B-SRSS-TB_1x14-1MP_P1.00mm_Vertical','',(#3839));
#3839 = PRODUCT_CONTEXT('',#2,'mechanical');
#3840 = PRODUCT_DEFINITION_CONTEXT('part definition',#2,'design');
#3841 = SHAPE_REPRESENTATION('',(#11,#3842),#3846);
#3842 = AXIS2_PLACEMENT_3D('',#3843,#3844,#3845);
#3843 = CARTESIAN_POINT('',(0.,0.,0.));
#3844 = DIRECTION('',(0.,0.,1.));
#3845 = DIRECTION('',(1.,0.,-0.));
#3846 = ( GEOMETRIC_REPRESENTATION_CONTEXT(3) 
GLOBAL_UNCERTAINTY_ASSIGNED_CONTEXT((#3850)) 
GLOBAL_UNIT_ASSIGNED_CONTEXT((#3847,#3848,#3849)) REPRESENTATION_CONTEXT
('Context #1','3D Context with UNIT and UNCERTAINTY') );
#3847 = ( LENGTH_UNIT() NAMED_UNIT(*) SI_UNIT(.MILLI.,.METRE.) );
#3848 = ( NAMED_UNIT(*) PLANE_ANGLE_UNIT() SI_UNIT($,.RADIAN.) );
#3849 = ( NAMED_UNIT(*) SI_UNIT($,.STERADIAN.) SOLID_ANGLE_UNIT() );
#3850 = UNCERTAINTY_MEASURE_WITH_UNIT(LENGTH_MEASURE(1.E-07),#3847,
  'distance_accuracy_value','confusion accuracy');
#3851 = CONTEXT_DEPENDENT_SHAPE_REPRESENTATION(#3852,#3854);
#3852 = ( REPRESENTATION_RELATIONSHIP('','',#3841,#10) 
REPRESENTATION_RELATIONSHIP_WITH_TRANSFORMATION(#3853) 
SHAPE_REPRESENTATION_RELATIONSHIP() );
#3853 = ITEM_DEFINED_TRANSFORMATION('','',#11,#31);
#3854 = PRODUCT_DEFINITION_SHAPE('Placement','Placement of an item',
  #3855);
#3855 = NEXT_ASSEMBLY_USAGE_OCCURRENCE('7','J50','',#5,#3836,$);
#3856 = PRODUCT_RELATED_PRODUCT_CATEGORY('part',$,(#3838));
#3857 = SHAPE_DEFINITION_REPRESENTATION(#3858,#3864);
#3858 = PRODUCT_DEFINITION_SHAPE('','',#3859);
#3859 = PRODUCT_DEFINITION('design','',#3860,#3863);
#3860 = PRODUCT_DEFINITION_FORMATION('','',#3861);
#3861 = PRODUCT('JST_SH_BM14B-SRSS-TB_1x14-1MP_P1.00mm_Vertical',
  'JST_SH_BM14B-SRSS-TB_1x14-1MP_P1.00mm_Vertical','',(#3862));
#3862 = PRODUCT_CONTEXT('',#2,'mechanical');
#3863 = PRODUCT_DEFINITION_CONTEXT('part definition',#2,'design');
#3864 = ADVANCED_BREP_SHAPE_REPRESENTATION('',(#11,#3865),#10165);
#3865 = MANIFOLD_SOLID_BREP('',#3866);
#3866 = CLOSED_SHELL('',(#3867,#3971,#4482,#4506,#4530,#4554,#4578,#4723
    ,#4795,#4827,#4851,#4875,#4899,#5277,#5349,#5373,#5406,#5420,#5460,
    #5484,#5517,#5557,#5581,#5614,#5654,#5678,#5711,#5751,#5775,#5808,
    #5848,#5872,#5905,#5945,#5969,#6002,#6042,#6066,#6099,#6139,#6163,
    #6196,#6236,#6260,#6293,#6333,#6357,#6390,#6430,#6454,#6487,#6527,
    #6551,#6584,#6624,#6648,#6681,#6721,#6745,#6778,#6795,#6849,#6873,
    #6897,#6914,#6938,#6985,#7009,#7033,#7050,#7067,#7090,#7129,#7154,
    #7170,#7209,#7226,#7253,#7277,#7294,#7318,#7342,#7366,#7383,#7400,
    #7417,#7434,#7451,#7468,#7485,#7502,#7519,#7536,#7553,#7570,#7587,
    #7604,#7621,#7633,#7657,#7674,#7691,#7703,#7720,#7732,#7749,#7761,
    #7778,#7790,#7807,#7819,#7836,#7848,#7865,#7877,#7894,#7906,#7923,
    #7935,#7952,#7964,#7981,#7993,#8010,#8022,#8039,#8051,#8068,#8080,
    #8092,#8580,#8592,#8609,#8626,#8641,#8653,#8684,#8708,#8732,#8749,
    #8780,#8804,#8828,#8845,#8876,#8900,#8924,#8941,#8972,#8996,#9020,
    #9037,#9068,#9092,#9116,#9133,#9164,#9188,#9212,#9229,#9260,#9284,
    #9308,#9325,#9356,#9380,#9404,#9421,#9452,#9476,#9500,#9517,#9548,
    #9572,#9596,#9613,#9644,#9668,#9692,#9709,#9740,#9764,#9788,#9805,
    #9836,#9860,#9884,#9901,#9932,#9956,#9980,#9997,#10009,#10021,#10033
    ,#10045,#10057,#10069,#10081,#10093,#10105,#10117,#10129,#10141,
    #10153));
#3867 = ADVANCED_FACE('',(#3868),#3966,.F.);
#3868 = FACE_BOUND('',#3869,.F.);
#3869 = EDGE_LOOP('',(#3870,#3880,#3888,#3896,#3904,#3912,#3920,#3928,
    #3936,#3944,#3952,#3960));
#3870 = ORIENTED_EDGE('',*,*,#3871,.F.);
#3871 = EDGE_CURVE('',#3872,#3874,#3876,.T.);
#3872 = VERTEX_POINT('',#3873);
#3873 = CARTESIAN_POINT('',(-8.,-1.1,7.E-02));
#3874 = VERTEX_POINT('',#3875);
#3875 = CARTESIAN_POINT('',(-8.,-1.1,2.82));
#3876 = LINE('',#3877,#3878);
#3877 = CARTESIAN_POINT('',(-8.,-1.1,7.E-02));
#3878 = VECTOR('',#3879,1.);
#3879 = DIRECTION('',(0.,0.,1.));
#3880 = ORIENTED_EDGE('',*,*,#3881,.T.);
#3881 = EDGE_CURVE('',#3872,#3882,#3884,.T.);
#3882 = VERTEX_POINT('',#3883);
#3883 = CARTESIAN_POINT('',(-8.,0.3,7.E-02));
#3884 = LINE('',#3885,#3886);
#3885 = CARTESIAN_POINT('',(-8.,-1.1,7.E-02));
#3886 = VECTOR('',#3887,1.);
#3887 = DIRECTION('',(0.,1.,0.));
#3888 = ORIENTED_EDGE('',*,*,#3889,.T.);
#3889 = EDGE_CURVE('',#3882,#3890,#3892,.T.);
#3890 = VERTEX_POINT('',#3891);
#3891 = CARTESIAN_POINT('',(-8.,0.3,0.62));
#3892 = LINE('',#3893,#3894);
#3893 = CARTESIAN_POINT('',(-8.,0.3,7.E-02));
#3894 = VECTOR('',#3895,1.);
#3895 = DIRECTION('',(0.,0.,1.));
#3896 = ORIENTED_EDGE('',*,*,#3897,.T.);
#3897 = EDGE_CURVE('',#3890,#3898,#3900,.T.);
#3898 = VERTEX_POINT('',#3899);
#3899 = CARTESIAN_POINT('',(-8.,1.3,0.62));
#3900 = LINE('',#3901,#3902);
#3901 = CARTESIAN_POINT('',(-8.,0.3,0.62));
#3902 = VECTOR('',#3903,1.);
#3903 = DIRECTION('',(0.,1.,0.));
#3904 = ORIENTED_EDGE('',*,*,#3905,.T.);
#3905 = EDGE_CURVE('',#3898,#3906,#3908,.T.);
#3906 = VERTEX_POINT('',#3907);
#3907 = CARTESIAN_POINT('',(-8.,1.3,1.27));
#3908 = LINE('',#3909,#3910);
#3909 = CARTESIAN_POINT('',(-8.,1.3,0.62));
#3910 = VECTOR('',#3911,1.);
#3911 = DIRECTION('',(0.,0.,1.));
#3912 = ORIENTED_EDGE('',*,*,#3913,.T.);
#3913 = EDGE_CURVE('',#3906,#3914,#3916,.T.);
#3914 = VERTEX_POINT('',#3915);
#3915 = CARTESIAN_POINT('',(-8.,1.8,1.559));
#3916 = LINE('',#3917,#3918);
#3917 = CARTESIAN_POINT('',(-8.,1.3,1.27));
#3918 = VECTOR('',#3919,1.);
#3919 = DIRECTION('',(0.,0.865781720524,0.500421834463));
#3920 = ORIENTED_EDGE('',*,*,#3921,.T.);
#3921 = EDGE_CURVE('',#3914,#3922,#3924,.T.);
#3922 = VERTEX_POINT('',#3923);
#3923 = CARTESIAN_POINT('',(-8.,1.8,4.32));
#3924 = LINE('',#3925,#3926);
#3925 = CARTESIAN_POINT('',(-8.,1.8,7.E-02));
#3926 = VECTOR('',#3927,1.);
#3927 = DIRECTION('',(0.,0.,1.));
#3928 = ORIENTED_EDGE('',*,*,#3929,.F.);
#3929 = EDGE_CURVE('',#3930,#3922,#3932,.T.);
#3930 = VERTEX_POINT('',#3931);
#3931 = CARTESIAN_POINT('',(-8.,0.1,4.32));
#3932 = LINE('',#3933,#3934);
#3933 = CARTESIAN_POINT('',(-8.,-1.1,4.32));
#3934 = VECTOR('',#3935,1.);
#3935 = DIRECTION('',(0.,1.,0.));
#3936 = ORIENTED_EDGE('',*,*,#3937,.T.);
#3937 = EDGE_CURVE('',#3930,#3938,#3940,.T.);
#3938 = VERTEX_POINT('',#3939);
#3939 = CARTESIAN_POINT('',(-8.,0.1,3.82));
#3940 = LINE('',#3941,#3942);
#3941 = CARTESIAN_POINT('',(-8.,0.1,4.32));
#3942 = VECTOR('',#3943,1.);
#3943 = DIRECTION('',(0.,0.,-1.));
#3944 = ORIENTED_EDGE('',*,*,#3945,.T.);
#3945 = EDGE_CURVE('',#3938,#3946,#3948,.T.);
#3946 = VERTEX_POINT('',#3947);
#3947 = CARTESIAN_POINT('',(-8.,-0.55,3.82));
#3948 = LINE('',#3949,#3950);
#3949 = CARTESIAN_POINT('',(-8.,0.1,3.82));
#3950 = VECTOR('',#3951,1.);
#3951 = DIRECTION('',(0.,-1.,0.));
#3952 = ORIENTED_EDGE('',*,*,#3953,.T.);
#3953 = EDGE_CURVE('',#3946,#3954,#3956,.T.);
#3954 = VERTEX_POINT('',#3955);
#3955 = CARTESIAN_POINT('',(-8.,-0.55,2.82));
#3956 = LINE('',#3957,#3958);
#3957 = CARTESIAN_POINT('',(-8.,-0.55,3.82));
#3958 = VECTOR('',#3959,1.);
#3959 = DIRECTION('',(0.,0.,-1.));
#3960 = ORIENTED_EDGE('',*,*,#3961,.T.);
#3961 = EDGE_CURVE('',#3954,#3874,#3962,.T.);
#3962 = LINE('',#3963,#3964);
#3963 = CARTESIAN_POINT('',(-8.,-0.55,2.82));
#3964 = VECTOR('',#3965,1.);
#3965 = DIRECTION('',(0.,-1.,0.));
#3966 = PLANE('',#3967);
#3967 = AXIS2_PLACEMENT_3D('',#3968,#3969,#3970);
#3968 = CARTESIAN_POINT('',(-8.,-1.1,7.E-02));
#3969 = DIRECTION('',(1.,0.,0.));
#3970 = DIRECTION('',(0.,0.,1.));
#3971 = ADVANCED_FACE('',(#3972),#4477,.F.);
#3972 = FACE_BOUND('',#3973,.F.);
#3973 = EDGE_LOOP('',(#3974,#3984,#3992,#4000,#4008,#4016,#4024,#4032,
    #4040,#4048,#4056,#4064,#4072,#4080,#4088,#4096,#4104,#4112,#4120,
    #4128,#4136,#4144,#4152,#4160,#4168,#4176,#4184,#4192,#4200,#4208,
    #4216,#4224,#4232,#4240,#4248,#4256,#4264,#4272,#4280,#4288,#4296,
    #4304,#4312,#4320,#4328,#4336,#4344,#4352,#4360,#4368,#4376,#4384,
    #4392,#4400,#4408,#4416,#4424,#4432,#4438,#4439,#4447,#4455,#4463,
    #4471));
#3974 = ORIENTED_EDGE('',*,*,#3975,.F.);
#3975 = EDGE_CURVE('',#3976,#3978,#3980,.T.);
#3976 = VERTEX_POINT('',#3977);
#3977 = CARTESIAN_POINT('',(8.,-1.1,7.E-02));
#3978 = VERTEX_POINT('',#3979);
#3979 = CARTESIAN_POINT('',(8.,-1.1,2.82));
#3980 = LINE('',#3981,#3982);
#3981 = CARTESIAN_POINT('',(8.,-1.1,7.E-02));
#3982 = VECTOR('',#3983,1.);
#3983 = DIRECTION('',(0.,0.,1.));
#3984 = ORIENTED_EDGE('',*,*,#3985,.F.);
#3985 = EDGE_CURVE('',#3986,#3976,#3988,.T.);
#3986 = VERTEX_POINT('',#3987);
#3987 = CARTESIAN_POINT('',(6.6,-1.1,7.E-02));
#3988 = LINE('',#3989,#3990);
#3989 = CARTESIAN_POINT('',(-8.,-1.1,7.E-02));
#3990 = VECTOR('',#3991,1.);
#3991 = DIRECTION('',(1.,0.,0.));
#3992 = ORIENTED_EDGE('',*,*,#3993,.F.);
#3993 = EDGE_CURVE('',#3994,#3986,#3996,.T.);
#3994 = VERTEX_POINT('',#3995);
#3995 = CARTESIAN_POINT('',(6.6,-1.1,0.2));
#3996 = LINE('',#3997,#3998);
#3997 = CARTESIAN_POINT('',(6.6,-1.1,0.2));
#3998 = VECTOR('',#3999,1.);
#3999 = DIRECTION('',(0.,0.,-1.));
#4000 = ORIENTED_EDGE('',*,*,#4001,.F.);
#4001 = EDGE_CURVE('',#4002,#3994,#4004,.T.);
#4002 = VERTEX_POINT('',#4003);
#4003 = CARTESIAN_POINT('',(6.4,-1.1,0.2));
#4004 = LINE('',#4005,#4006);
#4005 = CARTESIAN_POINT('',(6.4,-1.1,0.2));
#4006 = VECTOR('',#4007,1.);
#4007 = DIRECTION('',(1.,0.,0.));
#4008 = ORIENTED_EDGE('',*,*,#4009,.T.);
#4009 = EDGE_CURVE('',#4002,#4010,#4012,.T.);
#4010 = VERTEX_POINT('',#4011);
#4011 = CARTESIAN_POINT('',(6.4,-1.1,7.E-02));
#4012 = LINE('',#4013,#4014);
#4013 = CARTESIAN_POINT('',(6.4,-1.1,0.2));
#4014 = VECTOR('',#4015,1.);
#4015 = DIRECTION('',(0.,0.,-1.));
#4016 = ORIENTED_EDGE('',*,*,#4017,.F.);
#4017 = EDGE_CURVE('',#4018,#4010,#4020,.T.);
#4018 = VERTEX_POINT('',#4019);
#4019 = CARTESIAN_POINT('',(5.6,-1.1,7.E-02));
#4020 = LINE('',#4021,#4022);
#4021 = CARTESIAN_POINT('',(-8.,-1.1,7.E-02));
#4022 = VECTOR('',#4023,1.);
#4023 = DIRECTION('',(1.,0.,0.));
#4024 = ORIENTED_EDGE('',*,*,#4025,.F.);
#4025 = EDGE_CURVE('',#4026,#4018,#4028,.T.);
#4026 = VERTEX_POINT('',#4027);
#4027 = CARTESIAN_POINT('',(5.6,-1.1,0.2));
#4028 = LINE('',#4029,#4030);
#4029 = CARTESIAN_POINT('',(5.6,-1.1,0.2));
#4030 = VECTOR('',#4031,1.);
#4031 = DIRECTION('',(0.,0.,-1.));
#4032 = ORIENTED_EDGE('',*,*,#4033,.F.);
#4033 = EDGE_CURVE('',#4034,#4026,#4036,.T.);
#4034 = VERTEX_POINT('',#4035);
#4035 = CARTESIAN_POINT('',(5.4,-1.1,0.2));
#4036 = LINE('',#4037,#4038);
#4037 = CARTESIAN_POINT('',(5.4,-1.1,0.2));
#4038 = VECTOR('',#4039,1.);
#4039 = DIRECTION('',(1.,0.,0.));
#4040 = ORIENTED_EDGE('',*,*,#4041,.T.);
#4041 = EDGE_CURVE('',#4034,#4042,#4044,.T.);
#4042 = VERTEX_POINT('',#4043);
#4043 = CARTESIAN_POINT('',(5.4,-1.1,7.E-02));
#4044 = LINE('',#4045,#4046);
#4045 = CARTESIAN_POINT('',(5.4,-1.1,0.2));
#4046 = VECTOR('',#4047,1.);
#4047 = DIRECTION('',(0.,0.,-1.));
#4048 = ORIENTED_EDGE('',*,*,#4049,.F.);
#4049 = EDGE_CURVE('',#4050,#4042,#4052,.T.);
#4050 = VERTEX_POINT('',#4051);
#4051 = CARTESIAN_POINT('',(4.6,-1.1,7.E-02));
#4052 = LINE('',#4053,#4054);
#4053 = CARTESIAN_POINT('',(-8.,-1.1,7.E-02));
#4054 = VECTOR('',#4055,1.);
#4055 = DIRECTION('',(1.,0.,0.));
#4056 = ORIENTED_EDGE('',*,*,#4057,.F.);
#4057 = EDGE_CURVE('',#4058,#4050,#4060,.T.);
#4058 = VERTEX_POINT('',#4059);
#4059 = CARTESIAN_POINT('',(4.6,-1.1,0.2));
#4060 = LINE('',#4061,#4062);
#4061 = CARTESIAN_POINT('',(4.6,-1.1,0.2));
#4062 = VECTOR('',#4063,1.);
#4063 = DIRECTION('',(0.,0.,-1.));
#4064 = ORIENTED_EDGE('',*,*,#4065,.F.);
#4065 = EDGE_CURVE('',#4066,#4058,#4068,.T.);
#4066 = VERTEX_POINT('',#4067);
#4067 = CARTESIAN_POINT('',(4.4,-1.1,0.2));
#4068 = LINE('',#4069,#4070);
#4069 = CARTESIAN_POINT('',(4.4,-1.1,0.2));
#4070 = VECTOR('',#4071,1.);
#4071 = DIRECTION('',(1.,0.,0.));
#4072 = ORIENTED_EDGE('',*,*,#4073,.T.);
#4073 = EDGE_CURVE('',#4066,#4074,#4076,.T.);
#4074 = VERTEX_POINT('',#4075);
#4075 = CARTESIAN_POINT('',(4.4,-1.1,7.E-02));
#4076 = LINE('',#4077,#4078);
#4077 = CARTESIAN_POINT('',(4.4,-1.1,0.2));
#4078 = VECTOR('',#4079,1.);
#4079 = DIRECTION('',(0.,0.,-1.));
#4080 = ORIENTED_EDGE('',*,*,#4081,.F.);
#4081 = EDGE_CURVE('',#4082,#4074,#4084,.T.);
#4082 = VERTEX_POINT('',#4083);
#4083 = CARTESIAN_POINT('',(3.6,-1.1,7.E-02));
#4084 = LINE('',#4085,#4086);
#4085 = CARTESIAN_POINT('',(-8.,-1.1,7.E-02));
#4086 = VECTOR('',#4087,1.);
#4087 = DIRECTION('',(1.,0.,0.));
#4088 = ORIENTED_EDGE('',*,*,#4089,.F.);
#4089 = EDGE_CURVE('',#4090,#4082,#4092,.T.);
#4090 = VERTEX_POINT('',#4091);
#4091 = CARTESIAN_POINT('',(3.6,-1.1,0.2));
#4092 = LINE('',#4093,#4094);
#4093 = CARTESIAN_POINT('',(3.6,-1.1,0.2));
#4094 = VECTOR('',#4095,1.);
#4095 = DIRECTION('',(0.,0.,-1.));
#4096 = ORIENTED_EDGE('',*,*,#4097,.F.);
#4097 = EDGE_CURVE('',#4098,#4090,#4100,.T.);
#4098 = VERTEX_POINT('',#4099);
#4099 = CARTESIAN_POINT('',(3.4,-1.1,0.2));
#4100 = LINE('',#4101,#4102);
#4101 = CARTESIAN_POINT('',(3.4,-1.1,0.2));
#4102 = VECTOR('',#4103,1.);
#4103 = DIRECTION('',(1.,0.,0.));
#4104 = ORIENTED_EDGE('',*,*,#4105,.T.);
#4105 = EDGE_CURVE('',#4098,#4106,#4108,.T.);
#4106 = VERTEX_POINT('',#4107);
#4107 = CARTESIAN_POINT('',(3.4,-1.1,7.E-02));
#4108 = LINE('',#4109,#4110);
#4109 = CARTESIAN_POINT('',(3.4,-1.1,0.2));
#4110 = VECTOR('',#4111,1.);
#4111 = DIRECTION('',(0.,0.,-1.));
#4112 = ORIENTED_EDGE('',*,*,#4113,.F.);
#4113 = EDGE_CURVE('',#4114,#4106,#4116,.T.);
#4114 = VERTEX_POINT('',#4115);
#4115 = CARTESIAN_POINT('',(2.6,-1.1,7.E-02));
#4116 = LINE('',#4117,#4118);
#4117 = CARTESIAN_POINT('',(-8.,-1.1,7.E-02));
#4118 = VECTOR('',#4119,1.);
#4119 = DIRECTION('',(1.,0.,0.));
#4120 = ORIENTED_EDGE('',*,*,#4121,.F.);
#4121 = EDGE_CURVE('',#4122,#4114,#4124,.T.);
#4122 = VERTEX_POINT('',#4123);
#4123 = CARTESIAN_POINT('',(2.6,-1.1,0.2));
#4124 = LINE('',#4125,#4126);
#4125 = CARTESIAN_POINT('',(2.6,-1.1,0.2));
#4126 = VECTOR('',#4127,1.);
#4127 = DIRECTION('',(0.,0.,-1.));
#4128 = ORIENTED_EDGE('',*,*,#4129,.F.);
#4129 = EDGE_CURVE('',#4130,#4122,#4132,.T.);
#4130 = VERTEX_POINT('',#4131);
#4131 = CARTESIAN_POINT('',(2.4,-1.1,0.2));
#4132 = LINE('',#4133,#4134);
#4133 = CARTESIAN_POINT('',(2.4,-1.1,0.2));
#4134 = VECTOR('',#4135,1.);
#4135 = DIRECTION('',(1.,0.,0.));
#4136 = ORIENTED_EDGE('',*,*,#4137,.T.);
#4137 = EDGE_CURVE('',#4130,#4138,#4140,.T.);
#4138 = VERTEX_POINT('',#4139);
#4139 = CARTESIAN_POINT('',(2.4,-1.1,7.E-02));
#4140 = LINE('',#4141,#4142);
#4141 = CARTESIAN_POINT('',(2.4,-1.1,0.2));
#4142 = VECTOR('',#4143,1.);
#4143 = DIRECTION('',(0.,0.,-1.));
#4144 = ORIENTED_EDGE('',*,*,#4145,.F.);
#4145 = EDGE_CURVE('',#4146,#4138,#4148,.T.);
#4146 = VERTEX_POINT('',#4147);
#4147 = CARTESIAN_POINT('',(1.6,-1.1,7.E-02));
#4148 = LINE('',#4149,#4150);
#4149 = CARTESIAN_POINT('',(-8.,-1.1,7.E-02));
#4150 = VECTOR('',#4151,1.);
#4151 = DIRECTION('',(1.,0.,0.));
#4152 = ORIENTED_EDGE('',*,*,#4153,.F.);
#4153 = EDGE_CURVE('',#4154,#4146,#4156,.T.);
#4154 = VERTEX_POINT('',#4155);
#4155 = CARTESIAN_POINT('',(1.6,-1.1,0.2));
#4156 = LINE('',#4157,#4158);
#4157 = CARTESIAN_POINT('',(1.6,-1.1,0.2));
#4158 = VECTOR('',#4159,1.);
#4159 = DIRECTION('',(0.,0.,-1.));
#4160 = ORIENTED_EDGE('',*,*,#4161,.F.);
#4161 = EDGE_CURVE('',#4162,#4154,#4164,.T.);
#4162 = VERTEX_POINT('',#4163);
#4163 = CARTESIAN_POINT('',(1.4,-1.1,0.2));
#4164 = LINE('',#4165,#4166);
#4165 = CARTESIAN_POINT('',(1.4,-1.1,0.2));
#4166 = VECTOR('',#4167,1.);
#4167 = DIRECTION('',(1.,0.,0.));
#4168 = ORIENTED_EDGE('',*,*,#4169,.T.);
#4169 = EDGE_CURVE('',#4162,#4170,#4172,.T.);
#4170 = VERTEX_POINT('',#4171);
#4171 = CARTESIAN_POINT('',(1.4,-1.1,7.E-02));
#4172 = LINE('',#4173,#4174);
#4173 = CARTESIAN_POINT('',(1.4,-1.1,0.2));
#4174 = VECTOR('',#4175,1.);
#4175 = DIRECTION('',(0.,0.,-1.));
#4176 = ORIENTED_EDGE('',*,*,#4177,.F.);
#4177 = EDGE_CURVE('',#4178,#4170,#4180,.T.);
#4178 = VERTEX_POINT('',#4179);
#4179 = CARTESIAN_POINT('',(0.6,-1.1,7.E-02));
#4180 = LINE('',#4181,#4182);
#4181 = CARTESIAN_POINT('',(-8.,-1.1,7.E-02));
#4182 = VECTOR('',#4183,1.);
#4183 = DIRECTION('',(1.,0.,0.));
#4184 = ORIENTED_EDGE('',*,*,#4185,.F.);
#4185 = EDGE_CURVE('',#4186,#4178,#4188,.T.);
#4186 = VERTEX_POINT('',#4187);
#4187 = CARTESIAN_POINT('',(0.6,-1.1,0.2));
#4188 = LINE('',#4189,#4190);
#4189 = CARTESIAN_POINT('',(0.6,-1.1,0.2));
#4190 = VECTOR('',#4191,1.);
#4191 = DIRECTION('',(0.,0.,-1.));
#4192 = ORIENTED_EDGE('',*,*,#4193,.F.);
#4193 = EDGE_CURVE('',#4194,#4186,#4196,.T.);
#4194 = VERTEX_POINT('',#4195);
#4195 = CARTESIAN_POINT('',(0.4,-1.1,0.2));
#4196 = LINE('',#4197,#4198);
#4197 = CARTESIAN_POINT('',(0.4,-1.1,0.2));
#4198 = VECTOR('',#4199,1.);
#4199 = DIRECTION('',(1.,0.,0.));
#4200 = ORIENTED_EDGE('',*,*,#4201,.T.);
#4201 = EDGE_CURVE('',#4194,#4202,#4204,.T.);
#4202 = VERTEX_POINT('',#4203);
#4203 = CARTESIAN_POINT('',(0.4,-1.1,7.E-02));
#4204 = LINE('',#4205,#4206);
#4205 = CARTESIAN_POINT('',(0.4,-1.1,0.2));
#4206 = VECTOR('',#4207,1.);
#4207 = DIRECTION('',(0.,0.,-1.));
#4208 = ORIENTED_EDGE('',*,*,#4209,.F.);
#4209 = EDGE_CURVE('',#4210,#4202,#4212,.T.);
#4210 = VERTEX_POINT('',#4211);
#4211 = CARTESIAN_POINT('',(-0.4,-1.1,7.E-02));
#4212 = LINE('',#4213,#4214);
#4213 = CARTESIAN_POINT('',(-8.,-1.1,7.E-02));
#4214 = VECTOR('',#4215,1.);
#4215 = DIRECTION('',(1.,0.,0.));
#4216 = ORIENTED_EDGE('',*,*,#4217,.F.);
#4217 = EDGE_CURVE('',#4218,#4210,#4220,.T.);
#4218 = VERTEX_POINT('',#4219);
#4219 = CARTESIAN_POINT('',(-0.4,-1.1,0.2));
#4220 = LINE('',#4221,#4222);
#4221 = CARTESIAN_POINT('',(-0.4,-1.1,0.2));
#4222 = VECTOR('',#4223,1.);
#4223 = DIRECTION('',(0.,0.,-1.));
#4224 = ORIENTED_EDGE('',*,*,#4225,.F.);
#4225 = EDGE_CURVE('',#4226,#4218,#4228,.T.);
#4226 = VERTEX_POINT('',#4227);
#4227 = CARTESIAN_POINT('',(-0.6,-1.1,0.2));
#4228 = LINE('',#4229,#4230);
#4229 = CARTESIAN_POINT('',(-0.6,-1.1,0.2));
#4230 = VECTOR('',#4231,1.);
#4231 = DIRECTION('',(1.,0.,0.));
#4232 = ORIENTED_EDGE('',*,*,#4233,.T.);
#4233 = EDGE_CURVE('',#4226,#4234,#4236,.T.);
#4234 = VERTEX_POINT('',#4235);
#4235 = CARTESIAN_POINT('',(-0.6,-1.1,7.E-02));
#4236 = LINE('',#4237,#4238);
#4237 = CARTESIAN_POINT('',(-0.6,-1.1,0.2));
#4238 = VECTOR('',#4239,1.);
#4239 = DIRECTION('',(0.,0.,-1.));
#4240 = ORIENTED_EDGE('',*,*,#4241,.F.);
#4241 = EDGE_CURVE('',#4242,#4234,#4244,.T.);
#4242 = VERTEX_POINT('',#4243);
#4243 = CARTESIAN_POINT('',(-1.4,-1.1,7.E-02));
#4244 = LINE('',#4245,#4246);
#4245 = CARTESIAN_POINT('',(-8.,-1.1,7.E-02));
#4246 = VECTOR('',#4247,1.);
#4247 = DIRECTION('',(1.,0.,0.));
#4248 = ORIENTED_EDGE('',*,*,#4249,.F.);
#4249 = EDGE_CURVE('',#4250,#4242,#4252,.T.);
#4250 = VERTEX_POINT('',#4251);
#4251 = CARTESIAN_POINT('',(-1.4,-1.1,0.2));
#4252 = LINE('',#4253,#4254);
#4253 = CARTESIAN_POINT('',(-1.4,-1.1,0.2));
#4254 = VECTOR('',#4255,1.);
#4255 = DIRECTION('',(0.,0.,-1.));
#4256 = ORIENTED_EDGE('',*,*,#4257,.F.);
#4257 = EDGE_CURVE('',#4258,#4250,#4260,.T.);
#4258 = VERTEX_POINT('',#4259);
#4259 = CARTESIAN_POINT('',(-1.6,-1.1,0.2));
#4260 = LINE('',#4261,#4262);
#4261 = CARTESIAN_POINT('',(-1.6,-1.1,0.2));
#4262 = VECTOR('',#4263,1.);
#4263 = DIRECTION('',(1.,0.,0.));
#4264 = ORIENTED_EDGE('',*,*,#4265,.T.);
#4265 = EDGE_CURVE('',#4258,#4266,#4268,.T.);
#4266 = VERTEX_POINT('',#4267);
#4267 = CARTESIAN_POINT('',(-1.6,-1.1,7.E-02));
#4268 = LINE('',#4269,#4270);
#4269 = CARTESIAN_POINT('',(-1.6,-1.1,0.2));
#4270 = VECTOR('',#4271,1.);
#4271 = DIRECTION('',(0.,0.,-1.));
#4272 = ORIENTED_EDGE('',*,*,#4273,.F.);
#4273 = EDGE_CURVE('',#4274,#4266,#4276,.T.);
#4274 = VERTEX_POINT('',#4275);
#4275 = CARTESIAN_POINT('',(-2.4,-1.1,7.E-02));
#4276 = LINE('',#4277,#4278);
#4277 = CARTESIAN_POINT('',(-8.,-1.1,7.E-02));
#4278 = VECTOR('',#4279,1.);
#4279 = DIRECTION('',(1.,0.,0.));
#4280 = ORIENTED_EDGE('',*,*,#4281,.F.);
#4281 = EDGE_CURVE('',#4282,#4274,#4284,.T.);
#4282 = VERTEX_POINT('',#4283);
#4283 = CARTESIAN_POINT('',(-2.4,-1.1,0.2));
#4284 = LINE('',#4285,#4286);
#4285 = CARTESIAN_POINT('',(-2.4,-1.1,0.2));
#4286 = VECTOR('',#4287,1.);
#4287 = DIRECTION('',(0.,0.,-1.));
#4288 = ORIENTED_EDGE('',*,*,#4289,.F.);
#4289 = EDGE_CURVE('',#4290,#4282,#4292,.T.);
#4290 = VERTEX_POINT('',#4291);
#4291 = CARTESIAN_POINT('',(-2.6,-1.1,0.2));
#4292 = LINE('',#4293,#4294);
#4293 = CARTESIAN_POINT('',(-2.6,-1.1,0.2));
#4294 = VECTOR('',#4295,1.);
#4295 = DIRECTION('',(1.,0.,0.));
#4296 = ORIENTED_EDGE('',*,*,#4297,.T.);
#4297 = EDGE_CURVE('',#4290,#4298,#4300,.T.);
#4298 = VERTEX_POINT('',#4299);
#4299 = CARTESIAN_POINT('',(-2.6,-1.1,7.E-02));
#4300 = LINE('',#4301,#4302);
#4301 = CARTESIAN_POINT('',(-2.6,-1.1,0.2));
#4302 = VECTOR('',#4303,1.);
#4303 = DIRECTION('',(0.,0.,-1.));
#4304 = ORIENTED_EDGE('',*,*,#4305,.F.);
#4305 = EDGE_CURVE('',#4306,#4298,#4308,.T.);
#4306 = VERTEX_POINT('',#4307);
#4307 = CARTESIAN_POINT('',(-3.4,-1.1,7.E-02));
#4308 = LINE('',#4309,#4310);
#4309 = CARTESIAN_POINT('',(-8.,-1.1,7.E-02));
#4310 = VECTOR('',#4311,1.);
#4311 = DIRECTION('',(1.,0.,0.));
#4312 = ORIENTED_EDGE('',*,*,#4313,.F.);
#4313 = EDGE_CURVE('',#4314,#4306,#4316,.T.);
#4314 = VERTEX_POINT('',#4315);
#4315 = CARTESIAN_POINT('',(-3.4,-1.1,0.2));
#4316 = LINE('',#4317,#4318);
#4317 = CARTESIAN_POINT('',(-3.4,-1.1,0.2));
#4318 = VECTOR('',#4319,1.);
#4319 = DIRECTION('',(0.,0.,-1.));
#4320 = ORIENTED_EDGE('',*,*,#4321,.F.);
#4321 = EDGE_CURVE('',#4322,#4314,#4324,.T.);
#4322 = VERTEX_POINT('',#4323);
#4323 = CARTESIAN_POINT('',(-3.6,-1.1,0.2));
#4324 = LINE('',#4325,#4326);
#4325 = CARTESIAN_POINT('',(-3.6,-1.1,0.2));
#4326 = VECTOR('',#4327,1.);
#4327 = DIRECTION('',(1.,0.,0.));
#4328 = ORIENTED_EDGE('',*,*,#4329,.T.);
#4329 = EDGE_CURVE('',#4322,#4330,#4332,.T.);
#4330 = VERTEX_POINT('',#4331);
#4331 = CARTESIAN_POINT('',(-3.6,-1.1,7.E-02));
#4332 = LINE('',#4333,#4334);
#4333 = CARTESIAN_POINT('',(-3.6,-1.1,0.2));
#4334 = VECTOR('',#4335,1.);
#4335 = DIRECTION('',(0.,0.,-1.));
#4336 = ORIENTED_EDGE('',*,*,#4337,.F.);
#4337 = EDGE_CURVE('',#4338,#4330,#4340,.T.);
#4338 = VERTEX_POINT('',#4339);
#4339 = CARTESIAN_POINT('',(-4.4,-1.1,7.E-02));
#4340 = LINE('',#4341,#4342);
#4341 = CARTESIAN_POINT('',(-8.,-1.1,7.E-02));
#4342 = VECTOR('',#4343,1.);
#4343 = DIRECTION('',(1.,0.,0.));
#4344 = ORIENTED_EDGE('',*,*,#4345,.F.);
#4345 = EDGE_CURVE('',#4346,#4338,#4348,.T.);
#4346 = VERTEX_POINT('',#4347);
#4347 = CARTESIAN_POINT('',(-4.4,-1.1,0.2));
#4348 = LINE('',#4349,#4350);
#4349 = CARTESIAN_POINT('',(-4.4,-1.1,0.2));
#4350 = VECTOR('',#4351,1.);
#4351 = DIRECTION('',(0.,0.,-1.));
#4352 = ORIENTED_EDGE('',*,*,#4353,.F.);
#4353 = EDGE_CURVE('',#4354,#4346,#4356,.T.);
#4354 = VERTEX_POINT('',#4355);
#4355 = CARTESIAN_POINT('',(-4.6,-1.1,0.2));
#4356 = LINE('',#4357,#4358);
#4357 = CARTESIAN_POINT('',(-4.6,-1.1,0.2));
#4358 = VECTOR('',#4359,1.);
#4359 = DIRECTION('',(1.,0.,0.));
#4360 = ORIENTED_EDGE('',*,*,#4361,.T.);
#4361 = EDGE_CURVE('',#4354,#4362,#4364,.T.);
#4362 = VERTEX_POINT('',#4363);
#4363 = CARTESIAN_POINT('',(-4.6,-1.1,7.E-02));
#4364 = LINE('',#4365,#4366);
#4365 = CARTESIAN_POINT('',(-4.6,-1.1,0.2));
#4366 = VECTOR('',#4367,1.);
#4367 = DIRECTION('',(0.,0.,-1.));
#4368 = ORIENTED_EDGE('',*,*,#4369,.F.);
#4369 = EDGE_CURVE('',#4370,#4362,#4372,.T.);
#4370 = VERTEX_POINT('',#4371);
#4371 = CARTESIAN_POINT('',(-5.4,-1.1,7.E-02));
#4372 = LINE('',#4373,#4374);
#4373 = CARTESIAN_POINT('',(-8.,-1.1,7.E-02));
#4374 = VECTOR('',#4375,1.);
#4375 = DIRECTION('',(1.,0.,0.));
#4376 = ORIENTED_EDGE('',*,*,#4377,.F.);
#4377 = EDGE_CURVE('',#4378,#4370,#4380,.T.);
#4378 = VERTEX_POINT('',#4379);
#4379 = CARTESIAN_POINT('',(-5.4,-1.1,0.2));
#4380 = LINE('',#4381,#4382);
#4381 = CARTESIAN_POINT('',(-5.4,-1.1,0.2));
#4382 = VECTOR('',#4383,1.);
#4383 = DIRECTION('',(0.,0.,-1.));
#4384 = ORIENTED_EDGE('',*,*,#4385,.F.);
#4385 = EDGE_CURVE('',#4386,#4378,#4388,.T.);
#4386 = VERTEX_POINT('',#4387);
#4387 = CARTESIAN_POINT('',(-5.6,-1.1,0.2));
#4388 = LINE('',#4389,#4390);
#4389 = CARTESIAN_POINT('',(-5.6,-1.1,0.2));
#4390 = VECTOR('',#4391,1.);
#4391 = DIRECTION('',(1.,0.,0.));
#4392 = ORIENTED_EDGE('',*,*,#4393,.T.);
#4393 = EDGE_CURVE('',#4386,#4394,#4396,.T.);
#4394 = VERTEX_POINT('',#4395);
#4395 = CARTESIAN_POINT('',(-5.6,-1.1,7.E-02));
#4396 = LINE('',#4397,#4398);
#4397 = CARTESIAN_POINT('',(-5.6,-1.1,0.2));
#4398 = VECTOR('',#4399,1.);
#4399 = DIRECTION('',(0.,0.,-1.));
#4400 = ORIENTED_EDGE('',*,*,#4401,.F.);
#4401 = EDGE_CURVE('',#4402,#4394,#4404,.T.);
#4402 = VERTEX_POINT('',#4403);
#4403 = CARTESIAN_POINT('',(-6.4,-1.1,7.E-02));
#4404 = LINE('',#4405,#4406);
#4405 = CARTESIAN_POINT('',(-8.,-1.1,7.E-02));
#4406 = VECTOR('',#4407,1.);
#4407 = DIRECTION('',(1.,0.,0.));
#4408 = ORIENTED_EDGE('',*,*,#4409,.F.);
#4409 = EDGE_CURVE('',#4410,#4402,#4412,.T.);
#4410 = VERTEX_POINT('',#4411);
#4411 = CARTESIAN_POINT('',(-6.4,-1.1,0.2));
#4412 = LINE('',#4413,#4414);
#4413 = CARTESIAN_POINT('',(-6.4,-1.1,0.2));
#4414 = VECTOR('',#4415,1.);
#4415 = DIRECTION('',(0.,0.,-1.));
#4416 = ORIENTED_EDGE('',*,*,#4417,.F.);
#4417 = EDGE_CURVE('',#4418,#4410,#4420,.T.);
#4418 = VERTEX_POINT('',#4419);
#4419 = CARTESIAN_POINT('',(-6.6,-1.1,0.2));
#4420 = LINE('',#4421,#4422);
#4421 = CARTESIAN_POINT('',(-6.6,-1.1,0.2));
#4422 = VECTOR('',#4423,1.);
#4423 = DIRECTION('',(1.,0.,0.));
#4424 = ORIENTED_EDGE('',*,*,#4425,.T.);
#4425 = EDGE_CURVE('',#4418,#4426,#4428,.T.);
#4426 = VERTEX_POINT('',#4427);
#4427 = CARTESIAN_POINT('',(-6.6,-1.1,7.E-02));
#4428 = LINE('',#4429,#4430);
#4429 = CARTESIAN_POINT('',(-6.6,-1.1,0.2));
#4430 = VECTOR('',#4431,1.);
#4431 = DIRECTION('',(0.,0.,-1.));
#4432 = ORIENTED_EDGE('',*,*,#4433,.F.);
#4433 = EDGE_CURVE('',#3872,#4426,#4434,.T.);
#4434 = LINE('',#4435,#4436);
#4435 = CARTESIAN_POINT('',(-8.,-1.1,7.E-02));
#4436 = VECTOR('',#4437,1.);
#4437 = DIRECTION('',(1.,0.,0.));
#4438 = ORIENTED_EDGE('',*,*,#3871,.T.);
#4439 = ORIENTED_EDGE('',*,*,#4440,.T.);
#4440 = EDGE_CURVE('',#3874,#4441,#4443,.T.);
#4441 = VERTEX_POINT('',#4442);
#4442 = CARTESIAN_POINT('',(-7.5,-1.1,2.82));
#4443 = LINE('',#4444,#4445);
#4444 = CARTESIAN_POINT('',(-8.,-1.1,2.82));
#4445 = VECTOR('',#4446,1.);
#4446 = DIRECTION('',(1.,0.,0.));
#4447 = ORIENTED_EDGE('',*,*,#4448,.T.);
#4448 = EDGE_CURVE('',#4441,#4449,#4451,.T.);
#4449 = VERTEX_POINT('',#4450);
#4450 = CARTESIAN_POINT('',(-7.5,-1.1,4.32));
#4451 = LINE('',#4452,#4453);
#4452 = CARTESIAN_POINT('',(-7.5,-1.1,2.82));
#4453 = VECTOR('',#4454,1.);
#4454 = DIRECTION('',(0.,1.480297366167E-16,1.));
#4455 = ORIENTED_EDGE('',*,*,#4456,.T.);
#4456 = EDGE_CURVE('',#4449,#4457,#4459,.T.);
#4457 = VERTEX_POINT('',#4458);
#4458 = CARTESIAN_POINT('',(7.5,-1.1,4.32));
#4459 = LINE('',#4460,#4461);
#4460 = CARTESIAN_POINT('',(-8.,-1.1,4.32));
#4461 = VECTOR('',#4462,1.);
#4462 = DIRECTION('',(1.,0.,0.));
#4463 = ORIENTED_EDGE('',*,*,#4464,.F.);
#4464 = EDGE_CURVE('',#4465,#4457,#4467,.T.);
#4465 = VERTEX_POINT('',#4466);
#4466 = CARTESIAN_POINT('',(7.5,-1.1,2.82));
#4467 = LINE('',#4468,#4469);
#4468 = CARTESIAN_POINT('',(7.5,-1.1,2.82));
#4469 = VECTOR('',#4470,1.);
#4470 = DIRECTION('',(0.,1.480297366167E-16,1.));
#4471 = ORIENTED_EDGE('',*,*,#4472,.T.);
#4472 = EDGE_CURVE('',#4465,#3978,#4473,.T.);
#4473 = LINE('',#4474,#4475);
#4474 = CARTESIAN_POINT('',(7.5,-1.1,2.82));
#4475 = VECTOR('',#4476,1.);
#4476 = DIRECTION('',(1.,0.,0.));
#4477 = PLANE('',#4478);
#4478 = AXIS2_PLACEMENT_3D('',#4479,#4480,#4481);
#4479 = CARTESIAN_POINT('',(-8.,-1.1,7.E-02));
#4480 = DIRECTION('',(0.,1.,0.));
#4481 = DIRECTION('',(0.,-0.,1.));
#4482 = ADVANCED_FACE('',(#4483),#4501,.F.);
#4483 = FACE_BOUND('',#4484,.F.);
#4484 = EDGE_LOOP('',(#4485,#4493,#4499,#4500));
#4485 = ORIENTED_EDGE('',*,*,#4486,.T.);
#4486 = EDGE_CURVE('',#3954,#4487,#4489,.T.);
#4487 = VERTEX_POINT('',#4488);
#4488 = CARTESIAN_POINT('',(-7.5,-0.55,2.82));
#4489 = LINE('',#4490,#4491);
#4490 = CARTESIAN_POINT('',(-8.,-0.55,2.82));
#4491 = VECTOR('',#4492,1.);
#4492 = DIRECTION('',(1.,0.,0.));
#4493 = ORIENTED_EDGE('',*,*,#4494,.T.);
#4494 = EDGE_CURVE('',#4487,#4441,#4495,.T.);
#4495 = LINE('',#4496,#4497);
#4496 = CARTESIAN_POINT('',(-7.5,-0.55,2.82));
#4497 = VECTOR('',#4498,1.);
#4498 = DIRECTION('',(0.,-1.,0.));
#4499 = ORIENTED_EDGE('',*,*,#4440,.F.);
#4500 = ORIENTED_EDGE('',*,*,#3961,.F.);
#4501 = PLANE('',#4502);
#4502 = AXIS2_PLACEMENT_3D('',#4503,#4504,#4505);
#4503 = CARTESIAN_POINT('',(-8.,-0.55,2.82));
#4504 = DIRECTION('',(0.,0.,-1.));
#4505 = DIRECTION('',(0.,-1.,0.));
#4506 = ADVANCED_FACE('',(#4507),#4525,.F.);
#4507 = FACE_BOUND('',#4508,.F.);
#4508 = EDGE_LOOP('',(#4509,#4517,#4523,#4524));
#4509 = ORIENTED_EDGE('',*,*,#4510,.T.);
#4510 = EDGE_CURVE('',#3946,#4511,#4513,.T.);
#4511 = VERTEX_POINT('',#4512);
#4512 = CARTESIAN_POINT('',(-7.5,-0.55,3.82));
#4513 = LINE('',#4514,#4515);
#4514 = CARTESIAN_POINT('',(-8.,-0.55,3.82));
#4515 = VECTOR('',#4516,1.);
#4516 = DIRECTION('',(1.,0.,0.));
#4517 = ORIENTED_EDGE('',*,*,#4518,.T.);
#4518 = EDGE_CURVE('',#4511,#4487,#4519,.T.);
#4519 = LINE('',#4520,#4521);
#4520 = CARTESIAN_POINT('',(-7.5,-0.55,3.82));
#4521 = VECTOR('',#4522,1.);
#4522 = DIRECTION('',(0.,0.,-1.));
#4523 = ORIENTED_EDGE('',*,*,#4486,.F.);
#4524 = ORIENTED_EDGE('',*,*,#3953,.F.);
#4525 = PLANE('',#4526);
#4526 = AXIS2_PLACEMENT_3D('',#4527,#4528,#4529);
#4527 = CARTESIAN_POINT('',(-8.,-0.55,3.82));
#4528 = DIRECTION('',(0.,1.,0.));
#4529 = DIRECTION('',(0.,0.,-1.));
#4530 = ADVANCED_FACE('',(#4531),#4549,.F.);
#4531 = FACE_BOUND('',#4532,.F.);
#4532 = EDGE_LOOP('',(#4533,#4541,#4547,#4548));
#4533 = ORIENTED_EDGE('',*,*,#4534,.T.);
#4534 = EDGE_CURVE('',#3938,#4535,#4537,.T.);
#4535 = VERTEX_POINT('',#4536);
#4536 = CARTESIAN_POINT('',(-7.5,0.1,3.82));
#4537 = LINE('',#4538,#4539);
#4538 = CARTESIAN_POINT('',(-8.,0.1,3.82));
#4539 = VECTOR('',#4540,1.);
#4540 = DIRECTION('',(1.,0.,0.));
#4541 = ORIENTED_EDGE('',*,*,#4542,.T.);
#4542 = EDGE_CURVE('',#4535,#4511,#4543,.T.);
#4543 = LINE('',#4544,#4545);
#4544 = CARTESIAN_POINT('',(-7.5,0.1,3.82));
#4545 = VECTOR('',#4546,1.);
#4546 = DIRECTION('',(0.,-1.,0.));
#4547 = ORIENTED_EDGE('',*,*,#4510,.F.);
#4548 = ORIENTED_EDGE('',*,*,#3945,.F.);
#4549 = PLANE('',#4550);
#4550 = AXIS2_PLACEMENT_3D('',#4551,#4552,#4553);
#4551 = CARTESIAN_POINT('',(-8.,0.1,3.82));
#4552 = DIRECTION('',(0.,0.,-1.));
#4553 = DIRECTION('',(0.,-1.,0.));
#4554 = ADVANCED_FACE('',(#4555),#4573,.F.);
#4555 = FACE_BOUND('',#4556,.F.);
#4556 = EDGE_LOOP('',(#4557,#4565,#4571,#4572));
#4557 = ORIENTED_EDGE('',*,*,#4558,.T.);
#4558 = EDGE_CURVE('',#3930,#4559,#4561,.T.);
#4559 = VERTEX_POINT('',#4560);
#4560 = CARTESIAN_POINT('',(-7.5,0.1,4.32));
#4561 = LINE('',#4562,#4563);
#4562 = CARTESIAN_POINT('',(-8.,0.1,4.32));
#4563 = VECTOR('',#4564,1.);
#4564 = DIRECTION('',(1.,0.,0.));
#4565 = ORIENTED_EDGE('',*,*,#4566,.T.);
#4566 = EDGE_CURVE('',#4559,#4535,#4567,.T.);
#4567 = LINE('',#4568,#4569);
#4568 = CARTESIAN_POINT('',(-7.5,0.1,4.32));
#4569 = VECTOR('',#4570,1.);
#4570 = DIRECTION('',(0.,0.,-1.));
#4571 = ORIENTED_EDGE('',*,*,#4534,.F.);
#4572 = ORIENTED_EDGE('',*,*,#3937,.F.);
#4573 = PLANE('',#4574);
#4574 = AXIS2_PLACEMENT_3D('',#4575,#4576,#4577);
#4575 = CARTESIAN_POINT('',(-8.,0.1,4.32));
#4576 = DIRECTION('',(0.,1.,0.));
#4577 = DIRECTION('',(0.,0.,-1.));
#4578 = ADVANCED_FACE('',(#4579,#4620),#4718,.T.);
#4579 = FACE_BOUND('',#4580,.T.);
#4580 = EDGE_LOOP('',(#4581,#4582,#4583,#4589,#4590,#4598,#4606,#4614));
#4581 = ORIENTED_EDGE('',*,*,#3929,.F.);
#4582 = ORIENTED_EDGE('',*,*,#4558,.T.);
#4583 = ORIENTED_EDGE('',*,*,#4584,.F.);
#4584 = EDGE_CURVE('',#4449,#4559,#4585,.T.);
#4585 = LINE('',#4586,#4587);
#4586 = CARTESIAN_POINT('',(-7.5,-1.1,4.32));
#4587 = VECTOR('',#4588,1.);
#4588 = DIRECTION('',(0.,1.,0.));
#4589 = ORIENTED_EDGE('',*,*,#4456,.T.);
#4590 = ORIENTED_EDGE('',*,*,#4591,.T.);
#4591 = EDGE_CURVE('',#4457,#4592,#4594,.T.);
#4592 = VERTEX_POINT('',#4593);
#4593 = CARTESIAN_POINT('',(7.5,0.1,4.32));
#4594 = LINE('',#4595,#4596);
#4595 = CARTESIAN_POINT('',(7.5,-1.1,4.32));
#4596 = VECTOR('',#4597,1.);
#4597 = DIRECTION('',(0.,1.,0.));
#4598 = ORIENTED_EDGE('',*,*,#4599,.T.);
#4599 = EDGE_CURVE('',#4592,#4600,#4602,.T.);
#4600 = VERTEX_POINT('',#4601);
#4601 = CARTESIAN_POINT('',(8.,0.1,4.32));
#4602 = LINE('',#4603,#4604);
#4603 = CARTESIAN_POINT('',(7.5,0.1,4.32));
#4604 = VECTOR('',#4605,1.);
#4605 = DIRECTION('',(1.,0.,0.));
#4606 = ORIENTED_EDGE('',*,*,#4607,.T.);
#4607 = EDGE_CURVE('',#4600,#4608,#4610,.T.);
#4608 = VERTEX_POINT('',#4609);
#4609 = CARTESIAN_POINT('',(8.,1.8,4.32));
#4610 = LINE('',#4611,#4612);
#4611 = CARTESIAN_POINT('',(8.,-1.1,4.32));
#4612 = VECTOR('',#4613,1.);
#4613 = DIRECTION('',(0.,1.,0.));
#4614 = ORIENTED_EDGE('',*,*,#4615,.F.);
#4615 = EDGE_CURVE('',#3922,#4608,#4616,.T.);
#4616 = LINE('',#4617,#4618);
#4617 = CARTESIAN_POINT('',(-8.,1.8,4.32));
#4618 = VECTOR('',#4619,1.);
#4619 = DIRECTION('',(1.,0.,0.));
#4620 = FACE_BOUND('',#4621,.T.);
#4621 = EDGE_LOOP('',(#4622,#4632,#4640,#4648,#4656,#4664,#4672,#4680,
    #4688,#4696,#4704,#4712));
#4622 = ORIENTED_EDGE('',*,*,#4623,.F.);
#4623 = EDGE_CURVE('',#4624,#4626,#4628,.T.);
#4624 = VERTEX_POINT('',#4625);
#4625 = CARTESIAN_POINT('',(7.2,-0.7,4.32));
#4626 = VERTEX_POINT('',#4627);
#4627 = CARTESIAN_POINT('',(7.2,0.3,4.32));
#4628 = LINE('',#4629,#4630);
#4629 = CARTESIAN_POINT('',(7.2,-0.7,4.32));
#4630 = VECTOR('',#4631,1.);
#4631 = DIRECTION('',(0.,1.,0.));
#4632 = ORIENTED_EDGE('',*,*,#4633,.F.);
#4633 = EDGE_CURVE('',#4634,#4624,#4636,.T.);
#4634 = VERTEX_POINT('',#4635);
#4635 = CARTESIAN_POINT('',(-7.2,-0.7,4.32));
#4636 = LINE('',#4637,#4638);
#4637 = CARTESIAN_POINT('',(-7.2,-0.7,4.32));
#4638 = VECTOR('',#4639,1.);
#4639 = DIRECTION('',(1.,0.,0.));
#4640 = ORIENTED_EDGE('',*,*,#4641,.F.);
#4641 = EDGE_CURVE('',#4642,#4634,#4644,.T.);
#4642 = VERTEX_POINT('',#4643);
#4643 = CARTESIAN_POINT('',(-7.2,0.3,4.32));
#4644 = LINE('',#4645,#4646);
#4645 = CARTESIAN_POINT('',(-7.2,1.4,4.32));
#4646 = VECTOR('',#4647,1.);
#4647 = DIRECTION('',(0.,-1.,0.));
#4648 = ORIENTED_EDGE('',*,*,#4649,.F.);
#4649 = EDGE_CURVE('',#4650,#4642,#4652,.T.);
#4650 = VERTEX_POINT('',#4651);
#4651 = CARTESIAN_POINT('',(-7.55,0.3,4.32));
#4652 = LINE('',#4653,#4654);
#4653 = CARTESIAN_POINT('',(-7.55,0.3,4.32));
#4654 = VECTOR('',#4655,1.);
#4655 = DIRECTION('',(1.,0.,0.));
#4656 = ORIENTED_EDGE('',*,*,#4657,.F.);
#4657 = EDGE_CURVE('',#4658,#4650,#4660,.T.);
#4658 = VERTEX_POINT('',#4659);
#4659 = CARTESIAN_POINT('',(-7.55,0.9,4.32));
#4660 = LINE('',#4661,#4662);
#4661 = CARTESIAN_POINT('',(-7.55,0.9,4.32));
#4662 = VECTOR('',#4663,1.);
#4663 = DIRECTION('',(0.,-1.,0.));
#4664 = ORIENTED_EDGE('',*,*,#4665,.F.);
#4665 = EDGE_CURVE('',#4666,#4658,#4668,.T.);
#4666 = VERTEX_POINT('',#4667);
#4667 = CARTESIAN_POINT('',(-7.2,0.9,4.32));
#4668 = LINE('',#4669,#4670);
#4669 = CARTESIAN_POINT('',(7.55,0.9,4.32));
#4670 = VECTOR('',#4671,1.);
#4671 = DIRECTION('',(-1.,0.,0.));
#4672 = ORIENTED_EDGE('',*,*,#4673,.F.);
#4673 = EDGE_CURVE('',#4674,#4666,#4676,.T.);
#4674 = VERTEX_POINT('',#4675);
#4675 = CARTESIAN_POINT('',(-7.2,1.4,4.32));
#4676 = LINE('',#4677,#4678);
#4677 = CARTESIAN_POINT('',(-7.2,1.4,4.32));
#4678 = VECTOR('',#4679,1.);
#4679 = DIRECTION('',(0.,-1.,0.));
#4680 = ORIENTED_EDGE('',*,*,#4681,.F.);
#4681 = EDGE_CURVE('',#4682,#4674,#4684,.T.);
#4682 = VERTEX_POINT('',#4683);
#4683 = CARTESIAN_POINT('',(7.2,1.4,4.32));
#4684 = LINE('',#4685,#4686);
#4685 = CARTESIAN_POINT('',(7.2,1.4,4.32));
#4686 = VECTOR('',#4687,1.);
#4687 = DIRECTION('',(-1.,0.,0.));
#4688 = ORIENTED_EDGE('',*,*,#4689,.F.);
#4689 = EDGE_CURVE('',#4690,#4682,#4692,.T.);
#4690 = VERTEX_POINT('',#4691);
#4691 = CARTESIAN_POINT('',(7.2,0.9,4.32));
#4692 = LINE('',#4693,#4694);
#4693 = CARTESIAN_POINT('',(7.2,-0.7,4.32));
#4694 = VECTOR('',#4695,1.);
#4695 = DIRECTION('',(0.,1.,0.));
#4696 = ORIENTED_EDGE('',*,*,#4697,.F.);
#4697 = EDGE_CURVE('',#4698,#4690,#4700,.T.);
#4698 = VERTEX_POINT('',#4699);
#4699 = CARTESIAN_POINT('',(7.55,0.9,4.32));
#4700 = LINE('',#4701,#4702);
#4701 = CARTESIAN_POINT('',(7.55,0.9,4.32));
#4702 = VECTOR('',#4703,1.);
#4703 = DIRECTION('',(-1.,0.,0.));
#4704 = ORIENTED_EDGE('',*,*,#4705,.F.);
#4705 = EDGE_CURVE('',#4706,#4698,#4708,.T.);
#4706 = VERTEX_POINT('',#4707);
#4707 = CARTESIAN_POINT('',(7.55,0.3,4.32));
#4708 = LINE('',#4709,#4710);
#4709 = CARTESIAN_POINT('',(7.55,0.3,4.32));
#4710 = VECTOR('',#4711,1.);
#4711 = DIRECTION('',(0.,1.,0.));
#4712 = ORIENTED_EDGE('',*,*,#4713,.F.);
#4713 = EDGE_CURVE('',#4626,#4706,#4714,.T.);
#4714 = LINE('',#4715,#4716);
#4715 = CARTESIAN_POINT('',(-7.55,0.3,4.32));
#4716 = VECTOR('',#4717,1.);
#4717 = DIRECTION('',(1.,0.,0.));
#4718 = PLANE('',#4719);
#4719 = AXIS2_PLACEMENT_3D('',#4720,#4721,#4722);
#4720 = CARTESIAN_POINT('',(-8.,-1.1,4.32));
#4721 = DIRECTION('',(0.,0.,1.));
#4722 = DIRECTION('',(1.,0.,-0.));
#4723 = ADVANCED_FACE('',(#4724),#4790,.T.);
#4724 = FACE_BOUND('',#4725,.T.);
#4725 = EDGE_LOOP('',(#4726,#4736,#4744,#4752,#4758,#4759,#4760,#4768,
    #4776,#4784));
#4726 = ORIENTED_EDGE('',*,*,#4727,.F.);
#4727 = EDGE_CURVE('',#4728,#4730,#4732,.T.);
#4728 = VERTEX_POINT('',#4729);
#4729 = CARTESIAN_POINT('',(-7.5,1.8,7.E-02));
#4730 = VERTEX_POINT('',#4731);
#4731 = CARTESIAN_POINT('',(7.5,1.8,7.E-02));
#4732 = LINE('',#4733,#4734);
#4733 = CARTESIAN_POINT('',(-8.,1.8,7.E-02));
#4734 = VECTOR('',#4735,1.);
#4735 = DIRECTION('',(1.,0.,0.));
#4736 = ORIENTED_EDGE('',*,*,#4737,.F.);
#4737 = EDGE_CURVE('',#4738,#4728,#4740,.T.);
#4738 = VERTEX_POINT('',#4739);
#4739 = CARTESIAN_POINT('',(-7.5,1.8,1.27));
#4740 = LINE('',#4741,#4742);
#4741 = CARTESIAN_POINT('',(-7.5,1.8,1.559));
#4742 = VECTOR('',#4743,1.);
#4743 = DIRECTION('',(0.,0.,-1.));
#4744 = ORIENTED_EDGE('',*,*,#4745,.F.);
#4745 = EDGE_CURVE('',#4746,#4738,#4748,.T.);
#4746 = VERTEX_POINT('',#4747);
#4747 = CARTESIAN_POINT('',(-7.5,1.8,1.559));
#4748 = LINE('',#4749,#4750);
#4749 = CARTESIAN_POINT('',(-7.5,1.8,1.559));
#4750 = VECTOR('',#4751,1.);
#4751 = DIRECTION('',(0.,0.,-1.));
#4752 = ORIENTED_EDGE('',*,*,#4753,.F.);
#4753 = EDGE_CURVE('',#3914,#4746,#4754,.T.);
#4754 = LINE('',#4755,#4756);
#4755 = CARTESIAN_POINT('',(-8.,1.8,1.559));
#4756 = VECTOR('',#4757,1.);
#4757 = DIRECTION('',(1.,0.,0.));
#4758 = ORIENTED_EDGE('',*,*,#3921,.T.);
#4759 = ORIENTED_EDGE('',*,*,#4615,.T.);
#4760 = ORIENTED_EDGE('',*,*,#4761,.F.);
#4761 = EDGE_CURVE('',#4762,#4608,#4764,.T.);
#4762 = VERTEX_POINT('',#4763);
#4763 = CARTESIAN_POINT('',(8.,1.8,1.559));
#4764 = LINE('',#4765,#4766);
#4765 = CARTESIAN_POINT('',(8.,1.8,7.E-02));
#4766 = VECTOR('',#4767,1.);
#4767 = DIRECTION('',(0.,0.,1.));
#4768 = ORIENTED_EDGE('',*,*,#4769,.F.);
#4769 = EDGE_CURVE('',#4770,#4762,#4772,.T.);
#4770 = VERTEX_POINT('',#4771);
#4771 = CARTESIAN_POINT('',(7.5,1.8,1.559));
#4772 = LINE('',#4773,#4774);
#4773 = CARTESIAN_POINT('',(7.5,1.8,1.559));
#4774 = VECTOR('',#4775,1.);
#4775 = DIRECTION('',(1.,0.,0.));
#4776 = ORIENTED_EDGE('',*,*,#4777,.T.);
#4777 = EDGE_CURVE('',#4770,#4778,#4780,.T.);
#4778 = VERTEX_POINT('',#4779);
#4779 = CARTESIAN_POINT('',(7.5,1.8,1.27));
#4780 = LINE('',#4781,#4782);
#4781 = CARTESIAN_POINT('',(7.5,1.8,1.559));
#4782 = VECTOR('',#4783,1.);
#4783 = DIRECTION('',(0.,0.,-1.));
#4784 = ORIENTED_EDGE('',*,*,#4785,.T.);
#4785 = EDGE_CURVE('',#4778,#4730,#4786,.T.);
#4786 = LINE('',#4787,#4788);
#4787 = CARTESIAN_POINT('',(7.5,1.8,1.559));
#4788 = VECTOR('',#4789,1.);
#4789 = DIRECTION('',(0.,0.,-1.));
#4790 = PLANE('',#4791);
#4791 = AXIS2_PLACEMENT_3D('',#4792,#4793,#4794);
#4792 = CARTESIAN_POINT('',(-8.,1.8,7.E-02));
#4793 = DIRECTION('',(0.,1.,0.));
#4794 = DIRECTION('',(0.,-0.,1.));
#4795 = ADVANCED_FACE('',(#4796),#4822,.F.);
#4796 = FACE_BOUND('',#4797,.F.);
#4797 = EDGE_LOOP('',(#4798,#4806,#4814,#4820,#4821));
#4798 = ORIENTED_EDGE('',*,*,#4799,.T.);
#4799 = EDGE_CURVE('',#3906,#4800,#4802,.T.);
#4800 = VERTEX_POINT('',#4801);
#4801 = CARTESIAN_POINT('',(-7.7,1.3,1.27));
#4802 = LINE('',#4803,#4804);
#4803 = CARTESIAN_POINT('',(-8.,1.3,1.27));
#4804 = VECTOR('',#4805,1.);
#4805 = DIRECTION('',(1.,0.,0.));
#4806 = ORIENTED_EDGE('',*,*,#4807,.T.);
#4807 = EDGE_CURVE('',#4800,#4808,#4810,.T.);
#4808 = VERTEX_POINT('',#4809);
#4809 = CARTESIAN_POINT('',(-7.5,1.3,1.27));
#4810 = LINE('',#4811,#4812);
#4811 = CARTESIAN_POINT('',(-8.,1.3,1.27));
#4812 = VECTOR('',#4813,1.);
#4813 = DIRECTION('',(1.,0.,0.));
#4814 = ORIENTED_EDGE('',*,*,#4815,.T.);
#4815 = EDGE_CURVE('',#4808,#4746,#4816,.T.);
#4816 = LINE('',#4817,#4818);
#4817 = CARTESIAN_POINT('',(-7.5,1.3,1.27));
#4818 = VECTOR('',#4819,1.);
#4819 = DIRECTION('',(0.,0.865781720524,0.500421834463));
#4820 = ORIENTED_EDGE('',*,*,#4753,.F.);
#4821 = ORIENTED_EDGE('',*,*,#3913,.F.);
#4822 = PLANE('',#4823);
#4823 = AXIS2_PLACEMENT_3D('',#4824,#4825,#4826);
#4824 = CARTESIAN_POINT('',(-8.,1.3,1.27));
#4825 = DIRECTION('',(0.,-0.500421834463,0.865781720524));
#4826 = DIRECTION('',(0.,0.865781720524,0.500421834463));
#4827 = ADVANCED_FACE('',(#4828),#4846,.F.);
#4828 = FACE_BOUND('',#4829,.F.);
#4829 = EDGE_LOOP('',(#4830,#4831,#4839,#4845));
#4830 = ORIENTED_EDGE('',*,*,#3905,.F.);
#4831 = ORIENTED_EDGE('',*,*,#4832,.T.);
#4832 = EDGE_CURVE('',#3898,#4833,#4835,.T.);
#4833 = VERTEX_POINT('',#4834);
#4834 = CARTESIAN_POINT('',(-7.7,1.3,0.62));
#4835 = LINE('',#4836,#4837);
#4836 = CARTESIAN_POINT('',(-8.,1.3,0.62));
#4837 = VECTOR('',#4838,1.);
#4838 = DIRECTION('',(1.,0.,0.));
#4839 = ORIENTED_EDGE('',*,*,#4840,.T.);
#4840 = EDGE_CURVE('',#4833,#4800,#4841,.T.);
#4841 = LINE('',#4842,#4843);
#4842 = CARTESIAN_POINT('',(-7.7,1.3,0.62));
#4843 = VECTOR('',#4844,1.);
#4844 = DIRECTION('',(0.,0.,1.));
#4845 = ORIENTED_EDGE('',*,*,#4799,.F.);
#4846 = PLANE('',#4847);
#4847 = AXIS2_PLACEMENT_3D('',#4848,#4849,#4850);
#4848 = CARTESIAN_POINT('',(-8.,1.3,0.62));
#4849 = DIRECTION('',(0.,-1.,0.));
#4850 = DIRECTION('',(0.,0.,1.));
#4851 = ADVANCED_FACE('',(#4852),#4870,.F.);
#4852 = FACE_BOUND('',#4853,.F.);
#4853 = EDGE_LOOP('',(#4854,#4855,#4863,#4869));
#4854 = ORIENTED_EDGE('',*,*,#3897,.F.);
#4855 = ORIENTED_EDGE('',*,*,#4856,.T.);
#4856 = EDGE_CURVE('',#3890,#4857,#4859,.T.);
#4857 = VERTEX_POINT('',#4858);
#4858 = CARTESIAN_POINT('',(-7.7,0.3,0.62));
#4859 = LINE('',#4860,#4861);
#4860 = CARTESIAN_POINT('',(-8.,0.3,0.62));
#4861 = VECTOR('',#4862,1.);
#4862 = DIRECTION('',(1.,0.,0.));
#4863 = ORIENTED_EDGE('',*,*,#4864,.T.);
#4864 = EDGE_CURVE('',#4857,#4833,#4865,.T.);
#4865 = LINE('',#4866,#4867);
#4866 = CARTESIAN_POINT('',(-7.7,0.3,0.62));
#4867 = VECTOR('',#4868,1.);
#4868 = DIRECTION('',(0.,1.,0.));
#4869 = ORIENTED_EDGE('',*,*,#4832,.F.);
#4870 = PLANE('',#4871);
#4871 = AXIS2_PLACEMENT_3D('',#4872,#4873,#4874);
#4872 = CARTESIAN_POINT('',(-8.,0.3,0.62));
#4873 = DIRECTION('',(0.,0.,1.));
#4874 = DIRECTION('',(0.,1.,0.));
#4875 = ADVANCED_FACE('',(#4876),#4894,.F.);
#4876 = FACE_BOUND('',#4877,.F.);
#4877 = EDGE_LOOP('',(#4878,#4879,#4887,#4893));
#4878 = ORIENTED_EDGE('',*,*,#3889,.F.);
#4879 = ORIENTED_EDGE('',*,*,#4880,.T.);
#4880 = EDGE_CURVE('',#3882,#4881,#4883,.T.);
#4881 = VERTEX_POINT('',#4882);
#4882 = CARTESIAN_POINT('',(-7.7,0.3,7.E-02));
#4883 = LINE('',#4884,#4885);
#4884 = CARTESIAN_POINT('',(-8.,0.3,7.E-02));
#4885 = VECTOR('',#4886,1.);
#4886 = DIRECTION('',(1.,0.,0.));
#4887 = ORIENTED_EDGE('',*,*,#4888,.T.);
#4888 = EDGE_CURVE('',#4881,#4857,#4889,.T.);
#4889 = LINE('',#4890,#4891);
#4890 = CARTESIAN_POINT('',(-7.7,0.3,2.E-02));
#4891 = VECTOR('',#4892,1.);
#4892 = DIRECTION('',(0.,0.,1.));
#4893 = ORIENTED_EDGE('',*,*,#4856,.F.);
#4894 = PLANE('',#4895);
#4895 = AXIS2_PLACEMENT_3D('',#4896,#4897,#4898);
#4896 = CARTESIAN_POINT('',(-8.,0.3,7.E-02));
#4897 = DIRECTION('',(0.,-1.,0.));
#4898 = DIRECTION('',(0.,0.,1.));
#4899 = ADVANCED_FACE('',(#4900),#5272,.F.);
#4900 = FACE_BOUND('',#4901,.F.);
#4901 = EDGE_LOOP('',(#4902,#4903,#4904,#4912,#4920,#4926,#4927,#4935,
    #4943,#4949,#4950,#4958,#4966,#4972,#4973,#4981,#4989,#4995,#4996,
    #5004,#5012,#5018,#5019,#5027,#5035,#5041,#5042,#5050,#5058,#5064,
    #5065,#5073,#5081,#5087,#5088,#5096,#5104,#5110,#5111,#5119,#5127,
    #5133,#5134,#5142,#5150,#5156,#5157,#5165,#5173,#5179,#5180,#5188,
    #5196,#5202,#5203,#5211,#5219,#5225,#5226,#5234,#5242,#5250,#5256,
    #5257,#5265,#5271));
#4902 = ORIENTED_EDGE('',*,*,#3881,.F.);
#4903 = ORIENTED_EDGE('',*,*,#4433,.T.);
#4904 = ORIENTED_EDGE('',*,*,#4905,.T.);
#4905 = EDGE_CURVE('',#4426,#4906,#4908,.T.);
#4906 = VERTEX_POINT('',#4907);
#4907 = CARTESIAN_POINT('',(-6.6,-1.,7.E-02));
#4908 = LINE('',#4909,#4910);
#4909 = CARTESIAN_POINT('',(-6.6,-1.1,7.E-02));
#4910 = VECTOR('',#4911,1.);
#4911 = DIRECTION('',(0.,1.,0.));
#4912 = ORIENTED_EDGE('',*,*,#4913,.T.);
#4913 = EDGE_CURVE('',#4906,#4914,#4916,.T.);
#4914 = VERTEX_POINT('',#4915);
#4915 = CARTESIAN_POINT('',(-6.4,-1.,7.E-02));
#4916 = LINE('',#4917,#4918);
#4917 = CARTESIAN_POINT('',(-6.6,-1.,7.E-02));
#4918 = VECTOR('',#4919,1.);
#4919 = DIRECTION('',(1.,0.,0.));
#4920 = ORIENTED_EDGE('',*,*,#4921,.F.);
#4921 = EDGE_CURVE('',#4402,#4914,#4922,.T.);
#4922 = LINE('',#4923,#4924);
#4923 = CARTESIAN_POINT('',(-6.4,-1.1,7.E-02));
#4924 = VECTOR('',#4925,1.);
#4925 = DIRECTION('',(0.,1.,0.));
#4926 = ORIENTED_EDGE('',*,*,#4401,.T.);
#4927 = ORIENTED_EDGE('',*,*,#4928,.T.);
#4928 = EDGE_CURVE('',#4394,#4929,#4931,.T.);
#4929 = VERTEX_POINT('',#4930);
#4930 = CARTESIAN_POINT('',(-5.6,-1.,7.E-02));
#4931 = LINE('',#4932,#4933);
#4932 = CARTESIAN_POINT('',(-5.6,-1.1,7.E-02));
#4933 = VECTOR('',#4934,1.);
#4934 = DIRECTION('',(0.,1.,0.));
#4935 = ORIENTED_EDGE('',*,*,#4936,.T.);
#4936 = EDGE_CURVE('',#4929,#4937,#4939,.T.);
#4937 = VERTEX_POINT('',#4938);
#4938 = CARTESIAN_POINT('',(-5.4,-1.,7.E-02));
#4939 = LINE('',#4940,#4941);
#4940 = CARTESIAN_POINT('',(-5.6,-1.,7.E-02));
#4941 = VECTOR('',#4942,1.);
#4942 = DIRECTION('',(1.,0.,0.));
#4943 = ORIENTED_EDGE('',*,*,#4944,.F.);
#4944 = EDGE_CURVE('',#4370,#4937,#4945,.T.);
#4945 = LINE('',#4946,#4947);
#4946 = CARTESIAN_POINT('',(-5.4,-1.1,7.E-02));
#4947 = VECTOR('',#4948,1.);
#4948 = DIRECTION('',(0.,1.,0.));
#4949 = ORIENTED_EDGE('',*,*,#4369,.T.);
#4950 = ORIENTED_EDGE('',*,*,#4951,.T.);
#4951 = EDGE_CURVE('',#4362,#4952,#4954,.T.);
#4952 = VERTEX_POINT('',#4953);
#4953 = CARTESIAN_POINT('',(-4.6,-1.,7.E-02));
#4954 = LINE('',#4955,#4956);
#4955 = CARTESIAN_POINT('',(-4.6,-1.1,7.E-02));
#4956 = VECTOR('',#4957,1.);
#4957 = DIRECTION('',(0.,1.,0.));
#4958 = ORIENTED_EDGE('',*,*,#4959,.T.);
#4959 = EDGE_CURVE('',#4952,#4960,#4962,.T.);
#4960 = VERTEX_POINT('',#4961);
#4961 = CARTESIAN_POINT('',(-4.4,-1.,7.E-02));
#4962 = LINE('',#4963,#4964);
#4963 = CARTESIAN_POINT('',(-4.6,-1.,7.E-02));
#4964 = VECTOR('',#4965,1.);
#4965 = DIRECTION('',(1.,0.,0.));
#4966 = ORIENTED_EDGE('',*,*,#4967,.F.);
#4967 = EDGE_CURVE('',#4338,#4960,#4968,.T.);
#4968 = LINE('',#4969,#4970);
#4969 = CARTESIAN_POINT('',(-4.4,-1.1,7.E-02));
#4970 = VECTOR('',#4971,1.);
#4971 = DIRECTION('',(0.,1.,0.));
#4972 = ORIENTED_EDGE('',*,*,#4337,.T.);
#4973 = ORIENTED_EDGE('',*,*,#4974,.T.);
#4974 = EDGE_CURVE('',#4330,#4975,#4977,.T.);
#4975 = VERTEX_POINT('',#4976);
#4976 = CARTESIAN_POINT('',(-3.6,-1.,7.E-02));
#4977 = LINE('',#4978,#4979);
#4978 = CARTESIAN_POINT('',(-3.6,-1.1,7.E-02));
#4979 = VECTOR('',#4980,1.);
#4980 = DIRECTION('',(0.,1.,0.));
#4981 = ORIENTED_EDGE('',*,*,#4982,.T.);
#4982 = EDGE_CURVE('',#4975,#4983,#4985,.T.);
#4983 = VERTEX_POINT('',#4984);
#4984 = CARTESIAN_POINT('',(-3.4,-1.,7.E-02));
#4985 = LINE('',#4986,#4987);
#4986 = CARTESIAN_POINT('',(-3.6,-1.,7.E-02));
#4987 = VECTOR('',#4988,1.);
#4988 = DIRECTION('',(1.,0.,0.));
#4989 = ORIENTED_EDGE('',*,*,#4990,.F.);
#4990 = EDGE_CURVE('',#4306,#4983,#4991,.T.);
#4991 = LINE('',#4992,#4993);
#4992 = CARTESIAN_POINT('',(-3.4,-1.1,7.E-02));
#4993 = VECTOR('',#4994,1.);
#4994 = DIRECTION('',(0.,1.,0.));
#4995 = ORIENTED_EDGE('',*,*,#4305,.T.);
#4996 = ORIENTED_EDGE('',*,*,#4997,.T.);
#4997 = EDGE_CURVE('',#4298,#4998,#5000,.T.);
#4998 = VERTEX_POINT('',#4999);
#4999 = CARTESIAN_POINT('',(-2.6,-1.,7.E-02));
#5000 = LINE('',#5001,#5002);
#5001 = CARTESIAN_POINT('',(-2.6,-1.1,7.E-02));
#5002 = VECTOR('',#5003,1.);
#5003 = DIRECTION('',(0.,1.,0.));
#5004 = ORIENTED_EDGE('',*,*,#5005,.T.);
#5005 = EDGE_CURVE('',#4998,#5006,#5008,.T.);
#5006 = VERTEX_POINT('',#5007);
#5007 = CARTESIAN_POINT('',(-2.4,-1.,7.E-02));
#5008 = LINE('',#5009,#5010);
#5009 = CARTESIAN_POINT('',(-2.6,-1.,7.E-02));
#5010 = VECTOR('',#5011,1.);
#5011 = DIRECTION('',(1.,0.,0.));
#5012 = ORIENTED_EDGE('',*,*,#5013,.F.);
#5013 = EDGE_CURVE('',#4274,#5006,#5014,.T.);
#5014 = LINE('',#5015,#5016);
#5015 = CARTESIAN_POINT('',(-2.4,-1.1,7.E-02));
#5016 = VECTOR('',#5017,1.);
#5017 = DIRECTION('',(0.,1.,0.));
#5018 = ORIENTED_EDGE('',*,*,#4273,.T.);
#5019 = ORIENTED_EDGE('',*,*,#5020,.T.);
#5020 = EDGE_CURVE('',#4266,#5021,#5023,.T.);
#5021 = VERTEX_POINT('',#5022);
#5022 = CARTESIAN_POINT('',(-1.6,-1.,7.E-02));
#5023 = LINE('',#5024,#5025);
#5024 = CARTESIAN_POINT('',(-1.6,-1.1,7.E-02));
#5025 = VECTOR('',#5026,1.);
#5026 = DIRECTION('',(0.,1.,0.));
#5027 = ORIENTED_EDGE('',*,*,#5028,.T.);
#5028 = EDGE_CURVE('',#5021,#5029,#5031,.T.);
#5029 = VERTEX_POINT('',#5030);
#5030 = CARTESIAN_POINT('',(-1.4,-1.,7.E-02));
#5031 = LINE('',#5032,#5033);
#5032 = CARTESIAN_POINT('',(-1.6,-1.,7.E-02));
#5033 = VECTOR('',#5034,1.);
#5034 = DIRECTION('',(1.,0.,0.));
#5035 = ORIENTED_EDGE('',*,*,#5036,.F.);
#5036 = EDGE_CURVE('',#4242,#5029,#5037,.T.);
#5037 = LINE('',#5038,#5039);
#5038 = CARTESIAN_POINT('',(-1.4,-1.1,7.E-02));
#5039 = VECTOR('',#5040,1.);
#5040 = DIRECTION('',(0.,1.,0.));
#5041 = ORIENTED_EDGE('',*,*,#4241,.T.);
#5042 = ORIENTED_EDGE('',*,*,#5043,.T.);
#5043 = EDGE_CURVE('',#4234,#5044,#5046,.T.);
#5044 = VERTEX_POINT('',#5045);
#5045 = CARTESIAN_POINT('',(-0.6,-1.,7.E-02));
#5046 = LINE('',#5047,#5048);
#5047 = CARTESIAN_POINT('',(-0.6,-1.1,7.E-02));
#5048 = VECTOR('',#5049,1.);
#5049 = DIRECTION('',(0.,1.,0.));
#5050 = ORIENTED_EDGE('',*,*,#5051,.T.);
#5051 = EDGE_CURVE('',#5044,#5052,#5054,.T.);
#5052 = VERTEX_POINT('',#5053);
#5053 = CARTESIAN_POINT('',(-0.4,-1.,7.E-02));
#5054 = LINE('',#5055,#5056);
#5055 = CARTESIAN_POINT('',(-0.6,-1.,7.E-02));
#5056 = VECTOR('',#5057,1.);
#5057 = DIRECTION('',(1.,0.,0.));
#5058 = ORIENTED_EDGE('',*,*,#5059,.F.);
#5059 = EDGE_CURVE('',#4210,#5052,#5060,.T.);
#5060 = LINE('',#5061,#5062);
#5061 = CARTESIAN_POINT('',(-0.4,-1.1,7.E-02));
#5062 = VECTOR('',#5063,1.);
#5063 = DIRECTION('',(0.,1.,0.));
#5064 = ORIENTED_EDGE('',*,*,#4209,.T.);
#5065 = ORIENTED_EDGE('',*,*,#5066,.T.);
#5066 = EDGE_CURVE('',#4202,#5067,#5069,.T.);
#5067 = VERTEX_POINT('',#5068);
#5068 = CARTESIAN_POINT('',(0.4,-1.,7.E-02));
#5069 = LINE('',#5070,#5071);
#5070 = CARTESIAN_POINT('',(0.4,-1.1,7.E-02));
#5071 = VECTOR('',#5072,1.);
#5072 = DIRECTION('',(0.,1.,0.));
#5073 = ORIENTED_EDGE('',*,*,#5074,.T.);
#5074 = EDGE_CURVE('',#5067,#5075,#5077,.T.);
#5075 = VERTEX_POINT('',#5076);
#5076 = CARTESIAN_POINT('',(0.6,-1.,7.E-02));
#5077 = LINE('',#5078,#5079);
#5078 = CARTESIAN_POINT('',(0.4,-1.,7.E-02));
#5079 = VECTOR('',#5080,1.);
#5080 = DIRECTION('',(1.,0.,0.));
#5081 = ORIENTED_EDGE('',*,*,#5082,.F.);
#5082 = EDGE_CURVE('',#4178,#5075,#5083,.T.);
#5083 = LINE('',#5084,#5085);
#5084 = CARTESIAN_POINT('',(0.6,-1.1,7.E-02));
#5085 = VECTOR('',#5086,1.);
#5086 = DIRECTION('',(0.,1.,0.));
#5087 = ORIENTED_EDGE('',*,*,#4177,.T.);
#5088 = ORIENTED_EDGE('',*,*,#5089,.T.);
#5089 = EDGE_CURVE('',#4170,#5090,#5092,.T.);
#5090 = VERTEX_POINT('',#5091);
#5091 = CARTESIAN_POINT('',(1.4,-1.,7.E-02));
#5092 = LINE('',#5093,#5094);
#5093 = CARTESIAN_POINT('',(1.4,-1.1,7.E-02));
#5094 = VECTOR('',#5095,1.);
#5095 = DIRECTION('',(0.,1.,0.));
#5096 = ORIENTED_EDGE('',*,*,#5097,.T.);
#5097 = EDGE_CURVE('',#5090,#5098,#5100,.T.);
#5098 = VERTEX_POINT('',#5099);
#5099 = CARTESIAN_POINT('',(1.6,-1.,7.E-02));
#5100 = LINE('',#5101,#5102);
#5101 = CARTESIAN_POINT('',(1.4,-1.,7.E-02));
#5102 = VECTOR('',#5103,1.);
#5103 = DIRECTION('',(1.,0.,0.));
#5104 = ORIENTED_EDGE('',*,*,#5105,.F.);
#5105 = EDGE_CURVE('',#4146,#5098,#5106,.T.);
#5106 = LINE('',#5107,#5108);
#5107 = CARTESIAN_POINT('',(1.6,-1.1,7.E-02));
#5108 = VECTOR('',#5109,1.);
#5109 = DIRECTION('',(0.,1.,0.));
#5110 = ORIENTED_EDGE('',*,*,#4145,.T.);
#5111 = ORIENTED_EDGE('',*,*,#5112,.T.);
#5112 = EDGE_CURVE('',#4138,#5113,#5115,.T.);
#5113 = VERTEX_POINT('',#5114);
#5114 = CARTESIAN_POINT('',(2.4,-1.,7.E-02));
#5115 = LINE('',#5116,#5117);
#5116 = CARTESIAN_POINT('',(2.4,-1.1,7.E-02));
#5117 = VECTOR('',#5118,1.);
#5118 = DIRECTION('',(0.,1.,0.));
#5119 = ORIENTED_EDGE('',*,*,#5120,.T.);
#5120 = EDGE_CURVE('',#5113,#5121,#5123,.T.);
#5121 = VERTEX_POINT('',#5122);
#5122 = CARTESIAN_POINT('',(2.6,-1.,7.E-02));
#5123 = LINE('',#5124,#5125);
#5124 = CARTESIAN_POINT('',(2.4,-1.,7.E-02));
#5125 = VECTOR('',#5126,1.);
#5126 = DIRECTION('',(1.,0.,0.));
#5127 = ORIENTED_EDGE('',*,*,#5128,.F.);
#5128 = EDGE_CURVE('',#4114,#5121,#5129,.T.);
#5129 = LINE('',#5130,#5131);
#5130 = CARTESIAN_POINT('',(2.6,-1.1,7.E-02));
#5131 = VECTOR('',#5132,1.);
#5132 = DIRECTION('',(0.,1.,0.));
#5133 = ORIENTED_EDGE('',*,*,#4113,.T.);
#5134 = ORIENTED_EDGE('',*,*,#5135,.T.);
#5135 = EDGE_CURVE('',#4106,#5136,#5138,.T.);
#5136 = VERTEX_POINT('',#5137);
#5137 = CARTESIAN_POINT('',(3.4,-1.,7.E-02));
#5138 = LINE('',#5139,#5140);
#5139 = CARTESIAN_POINT('',(3.4,-1.1,7.E-02));
#5140 = VECTOR('',#5141,1.);
#5141 = DIRECTION('',(0.,1.,0.));
#5142 = ORIENTED_EDGE('',*,*,#5143,.T.);
#5143 = EDGE_CURVE('',#5136,#5144,#5146,.T.);
#5144 = VERTEX_POINT('',#5145);
#5145 = CARTESIAN_POINT('',(3.6,-1.,7.E-02));
#5146 = LINE('',#5147,#5148);
#5147 = CARTESIAN_POINT('',(3.4,-1.,7.E-02));
#5148 = VECTOR('',#5149,1.);
#5149 = DIRECTION('',(1.,0.,0.));
#5150 = ORIENTED_EDGE('',*,*,#5151,.F.);
#5151 = EDGE_CURVE('',#4082,#5144,#5152,.T.);
#5152 = LINE('',#5153,#5154);
#5153 = CARTESIAN_POINT('',(3.6,-1.1,7.E-02));
#5154 = VECTOR('',#5155,1.);
#5155 = DIRECTION('',(0.,1.,0.));
#5156 = ORIENTED_EDGE('',*,*,#4081,.T.);
#5157 = ORIENTED_EDGE('',*,*,#5158,.T.);
#5158 = EDGE_CURVE('',#4074,#5159,#5161,.T.);
#5159 = VERTEX_POINT('',#5160);
#5160 = CARTESIAN_POINT('',(4.4,-1.,7.E-02));
#5161 = LINE('',#5162,#5163);
#5162 = CARTESIAN_POINT('',(4.4,-1.1,7.E-02));
#5163 = VECTOR('',#5164,1.);
#5164 = DIRECTION('',(0.,1.,0.));
#5165 = ORIENTED_EDGE('',*,*,#5166,.T.);
#5166 = EDGE_CURVE('',#5159,#5167,#5169,.T.);
#5167 = VERTEX_POINT('',#5168);
#5168 = CARTESIAN_POINT('',(4.6,-1.,7.E-02));
#5169 = LINE('',#5170,#5171);
#5170 = CARTESIAN_POINT('',(4.4,-1.,7.E-02));
#5171 = VECTOR('',#5172,1.);
#5172 = DIRECTION('',(1.,0.,0.));
#5173 = ORIENTED_EDGE('',*,*,#5174,.F.);
#5174 = EDGE_CURVE('',#4050,#5167,#5175,.T.);
#5175 = LINE('',#5176,#5177);
#5176 = CARTESIAN_POINT('',(4.6,-1.1,7.E-02));
#5177 = VECTOR('',#5178,1.);
#5178 = DIRECTION('',(0.,1.,0.));
#5179 = ORIENTED_EDGE('',*,*,#4049,.T.);
#5180 = ORIENTED_EDGE('',*,*,#5181,.T.);
#5181 = EDGE_CURVE('',#4042,#5182,#5184,.T.);
#5182 = VERTEX_POINT('',#5183);
#5183 = CARTESIAN_POINT('',(5.4,-1.,7.E-02));
#5184 = LINE('',#5185,#5186);
#5185 = CARTESIAN_POINT('',(5.4,-1.1,7.E-02));
#5186 = VECTOR('',#5187,1.);
#5187 = DIRECTION('',(0.,1.,0.));
#5188 = ORIENTED_EDGE('',*,*,#5189,.T.);
#5189 = EDGE_CURVE('',#5182,#5190,#5192,.T.);
#5190 = VERTEX_POINT('',#5191);
#5191 = CARTESIAN_POINT('',(5.6,-1.,7.E-02));
#5192 = LINE('',#5193,#5194);
#5193 = CARTESIAN_POINT('',(5.4,-1.,7.E-02));
#5194 = VECTOR('',#5195,1.);
#5195 = DIRECTION('',(1.,0.,0.));
#5196 = ORIENTED_EDGE('',*,*,#5197,.F.);
#5197 = EDGE_CURVE('',#4018,#5190,#5198,.T.);
#5198 = LINE('',#5199,#5200);
#5199 = CARTESIAN_POINT('',(5.6,-1.1,7.E-02));
#5200 = VECTOR('',#5201,1.);
#5201 = DIRECTION('',(0.,1.,0.));
#5202 = ORIENTED_EDGE('',*,*,#4017,.T.);
#5203 = ORIENTED_EDGE('',*,*,#5204,.T.);
#5204 = EDGE_CURVE('',#4010,#5205,#5207,.T.);
#5205 = VERTEX_POINT('',#5206);
#5206 = CARTESIAN_POINT('',(6.4,-1.,7.E-02));
#5207 = LINE('',#5208,#5209);
#5208 = CARTESIAN_POINT('',(6.4,-1.1,7.E-02));
#5209 = VECTOR('',#5210,1.);
#5210 = DIRECTION('',(0.,1.,0.));
#5211 = ORIENTED_EDGE('',*,*,#5212,.T.);
#5212 = EDGE_CURVE('',#5205,#5213,#5215,.T.);
#5213 = VERTEX_POINT('',#5214);
#5214 = CARTESIAN_POINT('',(6.6,-1.,7.E-02));
#5215 = LINE('',#5216,#5217);
#5216 = CARTESIAN_POINT('',(6.4,-1.,7.E-02));
#5217 = VECTOR('',#5218,1.);
#5218 = DIRECTION('',(1.,0.,0.));
#5219 = ORIENTED_EDGE('',*,*,#5220,.F.);
#5220 = EDGE_CURVE('',#3986,#5213,#5221,.T.);
#5221 = LINE('',#5222,#5223);
#5222 = CARTESIAN_POINT('',(6.6,-1.1,7.E-02));
#5223 = VECTOR('',#5224,1.);
#5224 = DIRECTION('',(0.,1.,0.));
#5225 = ORIENTED_EDGE('',*,*,#3985,.T.);
#5226 = ORIENTED_EDGE('',*,*,#5227,.T.);
#5227 = EDGE_CURVE('',#3976,#5228,#5230,.T.);
#5228 = VERTEX_POINT('',#5229);
#5229 = CARTESIAN_POINT('',(8.,0.3,7.E-02));
#5230 = LINE('',#5231,#5232);
#5231 = CARTESIAN_POINT('',(8.,-1.1,7.E-02));
#5232 = VECTOR('',#5233,1.);
#5233 = DIRECTION('',(0.,1.,0.));
#5234 = ORIENTED_EDGE('',*,*,#5235,.F.);
#5235 = EDGE_CURVE('',#5236,#5228,#5238,.T.);
#5236 = VERTEX_POINT('',#5237);
#5237 = CARTESIAN_POINT('',(7.7,0.3,7.E-02));
#5238 = LINE('',#5239,#5240);
#5239 = CARTESIAN_POINT('',(7.5,0.3,7.E-02));
#5240 = VECTOR('',#5241,1.);
#5241 = DIRECTION('',(1.,0.,0.));
#5242 = ORIENTED_EDGE('',*,*,#5243,.F.);
#5243 = EDGE_CURVE('',#5244,#5236,#5246,.T.);
#5244 = VERTEX_POINT('',#5245);
#5245 = CARTESIAN_POINT('',(7.5,0.3,7.E-02));
#5246 = LINE('',#5247,#5248);
#5247 = CARTESIAN_POINT('',(7.5,0.3,7.E-02));
#5248 = VECTOR('',#5249,1.);
#5249 = DIRECTION('',(1.,0.,0.));
#5250 = ORIENTED_EDGE('',*,*,#5251,.F.);
#5251 = EDGE_CURVE('',#4730,#5244,#5252,.T.);
#5252 = LINE('',#5253,#5254);
#5253 = CARTESIAN_POINT('',(7.5,1.8,7.E-02));
#5254 = VECTOR('',#5255,1.);
#5255 = DIRECTION('',(0.,-1.,0.));
#5256 = ORIENTED_EDGE('',*,*,#4727,.F.);
#5257 = ORIENTED_EDGE('',*,*,#5258,.T.);
#5258 = EDGE_CURVE('',#4728,#5259,#5261,.T.);
#5259 = VERTEX_POINT('',#5260);
#5260 = CARTESIAN_POINT('',(-7.5,0.3,7.E-02));
#5261 = LINE('',#5262,#5263);
#5262 = CARTESIAN_POINT('',(-7.5,1.8,7.E-02));
#5263 = VECTOR('',#5264,1.);
#5264 = DIRECTION('',(0.,-1.,0.));
#5265 = ORIENTED_EDGE('',*,*,#5266,.F.);
#5266 = EDGE_CURVE('',#4881,#5259,#5267,.T.);
#5267 = LINE('',#5268,#5269);
#5268 = CARTESIAN_POINT('',(-8.,0.3,7.E-02));
#5269 = VECTOR('',#5270,1.);
#5270 = DIRECTION('',(1.,0.,0.));
#5271 = ORIENTED_EDGE('',*,*,#4880,.F.);
#5272 = PLANE('',#5273);
#5273 = AXIS2_PLACEMENT_3D('',#5274,#5275,#5276);
#5274 = CARTESIAN_POINT('',(-8.,-1.1,7.E-02));
#5275 = DIRECTION('',(0.,0.,1.));
#5276 = DIRECTION('',(1.,0.,-0.));
#5277 = ADVANCED_FACE('',(#5278),#5344,.T.);
#5278 = FACE_BOUND('',#5279,.T.);
#5279 = EDGE_LOOP('',(#5280,#5281,#5282,#5290,#5298,#5306,#5312,#5313,
    #5314,#5322,#5330,#5338));
#5280 = ORIENTED_EDGE('',*,*,#3975,.F.);
#5281 = ORIENTED_EDGE('',*,*,#5227,.T.);
#5282 = ORIENTED_EDGE('',*,*,#5283,.T.);
#5283 = EDGE_CURVE('',#5228,#5284,#5286,.T.);
#5284 = VERTEX_POINT('',#5285);
#5285 = CARTESIAN_POINT('',(8.,0.3,0.62));
#5286 = LINE('',#5287,#5288);
#5287 = CARTESIAN_POINT('',(8.,0.3,7.E-02));
#5288 = VECTOR('',#5289,1.);
#5289 = DIRECTION('',(0.,0.,1.));
#5290 = ORIENTED_EDGE('',*,*,#5291,.T.);
#5291 = EDGE_CURVE('',#5284,#5292,#5294,.T.);
#5292 = VERTEX_POINT('',#5293);
#5293 = CARTESIAN_POINT('',(8.,1.3,0.62));
#5294 = LINE('',#5295,#5296);
#5295 = CARTESIAN_POINT('',(8.,0.3,0.62));
#5296 = VECTOR('',#5297,1.);
#5297 = DIRECTION('',(0.,1.,0.));
#5298 = ORIENTED_EDGE('',*,*,#5299,.T.);
#5299 = EDGE_CURVE('',#5292,#5300,#5302,.T.);
#5300 = VERTEX_POINT('',#5301);
#5301 = CARTESIAN_POINT('',(8.,1.3,1.27));
#5302 = LINE('',#5303,#5304);
#5303 = CARTESIAN_POINT('',(8.,1.3,0.62));
#5304 = VECTOR('',#5305,1.);
#5305 = DIRECTION('',(0.,0.,1.));
#5306 = ORIENTED_EDGE('',*,*,#5307,.T.);
#5307 = EDGE_CURVE('',#5300,#4762,#5308,.T.);
#5308 = LINE('',#5309,#5310);
#5309 = CARTESIAN_POINT('',(8.,1.3,1.27));
#5310 = VECTOR('',#5311,1.);
#5311 = DIRECTION('',(0.,0.865781720524,0.500421834463));
#5312 = ORIENTED_EDGE('',*,*,#4761,.T.);
#5313 = ORIENTED_EDGE('',*,*,#4607,.F.);
#5314 = ORIENTED_EDGE('',*,*,#5315,.T.);
#5315 = EDGE_CURVE('',#4600,#5316,#5318,.T.);
#5316 = VERTEX_POINT('',#5317);
#5317 = CARTESIAN_POINT('',(8.,0.1,3.82));
#5318 = LINE('',#5319,#5320);
#5319 = CARTESIAN_POINT('',(8.,0.1,4.32));
#5320 = VECTOR('',#5321,1.);
#5321 = DIRECTION('',(0.,0.,-1.));
#5322 = ORIENTED_EDGE('',*,*,#5323,.T.);
#5323 = EDGE_CURVE('',#5316,#5324,#5326,.T.);
#5324 = VERTEX_POINT('',#5325);
#5325 = CARTESIAN_POINT('',(8.,-0.55,3.82));
#5326 = LINE('',#5327,#5328);
#5327 = CARTESIAN_POINT('',(8.,0.1,3.82));
#5328 = VECTOR('',#5329,1.);
#5329 = DIRECTION('',(0.,-1.,0.));
#5330 = ORIENTED_EDGE('',*,*,#5331,.T.);
#5331 = EDGE_CURVE('',#5324,#5332,#5334,.T.);
#5332 = VERTEX_POINT('',#5333);
#5333 = CARTESIAN_POINT('',(8.,-0.55,2.82));
#5334 = LINE('',#5335,#5336);
#5335 = CARTESIAN_POINT('',(8.,-0.55,3.82));
#5336 = VECTOR('',#5337,1.);
#5337 = DIRECTION('',(0.,0.,-1.));
#5338 = ORIENTED_EDGE('',*,*,#5339,.T.);
#5339 = EDGE_CURVE('',#5332,#3978,#5340,.T.);
#5340 = LINE('',#5341,#5342);
#5341 = CARTESIAN_POINT('',(8.,-0.55,2.82));
#5342 = VECTOR('',#5343,1.);
#5343 = DIRECTION('',(0.,-1.,0.));
#5344 = PLANE('',#5345);
#5345 = AXIS2_PLACEMENT_3D('',#5346,#5347,#5348);
#5346 = CARTESIAN_POINT('',(8.,-1.1,7.E-02));
#5347 = DIRECTION('',(1.,0.,0.));
#5348 = DIRECTION('',(0.,0.,1.));
#5349 = ADVANCED_FACE('',(#5350),#5368,.F.);
#5350 = FACE_BOUND('',#5351,.F.);
#5351 = EDGE_LOOP('',(#5352,#5360,#5361,#5362));
#5352 = ORIENTED_EDGE('',*,*,#5353,.T.);
#5353 = EDGE_CURVE('',#5354,#5332,#5356,.T.);
#5354 = VERTEX_POINT('',#5355);
#5355 = CARTESIAN_POINT('',(7.5,-0.55,2.82));
#5356 = LINE('',#5357,#5358);
#5357 = CARTESIAN_POINT('',(7.5,-0.55,2.82));
#5358 = VECTOR('',#5359,1.);
#5359 = DIRECTION('',(1.,0.,0.));
#5360 = ORIENTED_EDGE('',*,*,#5339,.T.);
#5361 = ORIENTED_EDGE('',*,*,#4472,.F.);
#5362 = ORIENTED_EDGE('',*,*,#5363,.F.);
#5363 = EDGE_CURVE('',#5354,#4465,#5364,.T.);
#5364 = LINE('',#5365,#5366);
#5365 = CARTESIAN_POINT('',(7.5,-0.55,2.82));
#5366 = VECTOR('',#5367,1.);
#5367 = DIRECTION('',(0.,-1.,0.));
#5368 = PLANE('',#5369);
#5369 = AXIS2_PLACEMENT_3D('',#5370,#5371,#5372);
#5370 = CARTESIAN_POINT('',(7.5,-0.55,2.82));
#5371 = DIRECTION('',(0.,0.,-1.));
#5372 = DIRECTION('',(0.,-1.,0.));
#5373 = ADVANCED_FACE('',(#5374),#5401,.F.);
#5374 = FACE_BOUND('',#5375,.F.);
#5375 = EDGE_LOOP('',(#5376,#5377,#5385,#5393,#5399,#5400));
#5376 = ORIENTED_EDGE('',*,*,#4591,.T.);
#5377 = ORIENTED_EDGE('',*,*,#5378,.T.);
#5378 = EDGE_CURVE('',#4592,#5379,#5381,.T.);
#5379 = VERTEX_POINT('',#5380);
#5380 = CARTESIAN_POINT('',(7.5,0.1,3.82));
#5381 = LINE('',#5382,#5383);
#5382 = CARTESIAN_POINT('',(7.5,0.1,4.32));
#5383 = VECTOR('',#5384,1.);
#5384 = DIRECTION('',(0.,0.,-1.));
#5385 = ORIENTED_EDGE('',*,*,#5386,.T.);
#5386 = EDGE_CURVE('',#5379,#5387,#5389,.T.);
#5387 = VERTEX_POINT('',#5388);
#5388 = CARTESIAN_POINT('',(7.5,-0.55,3.82));
#5389 = LINE('',#5390,#5391);
#5390 = CARTESIAN_POINT('',(7.5,0.1,3.82));
#5391 = VECTOR('',#5392,1.);
#5392 = DIRECTION('',(0.,-1.,0.));
#5393 = ORIENTED_EDGE('',*,*,#5394,.T.);
#5394 = EDGE_CURVE('',#5387,#5354,#5395,.T.);
#5395 = LINE('',#5396,#5397);
#5396 = CARTESIAN_POINT('',(7.5,-0.55,3.82));
#5397 = VECTOR('',#5398,1.);
#5398 = DIRECTION('',(0.,0.,-1.));
#5399 = ORIENTED_EDGE('',*,*,#5363,.T.);
#5400 = ORIENTED_EDGE('',*,*,#4464,.T.);
#5401 = PLANE('',#5402);
#5402 = AXIS2_PLACEMENT_3D('',#5403,#5404,#5405);
#5403 = CARTESIAN_POINT('',(7.5,-0.62037037037,3.69037037037));
#5404 = DIRECTION('',(-1.,-0.,-0.));
#5405 = DIRECTION('',(0.,0.,-1.));
#5406 = ADVANCED_FACE('',(#5407),#5415,.T.);
#5407 = FACE_BOUND('',#5408,.T.);
#5408 = EDGE_LOOP('',(#5409,#5410,#5411,#5412,#5413,#5414));
#5409 = ORIENTED_EDGE('',*,*,#4584,.T.);
#5410 = ORIENTED_EDGE('',*,*,#4566,.T.);
#5411 = ORIENTED_EDGE('',*,*,#4542,.T.);
#5412 = ORIENTED_EDGE('',*,*,#4518,.T.);
#5413 = ORIENTED_EDGE('',*,*,#4494,.T.);
#5414 = ORIENTED_EDGE('',*,*,#4448,.T.);
#5415 = PLANE('',#5416);
#5416 = AXIS2_PLACEMENT_3D('',#5417,#5418,#5419);
#5417 = CARTESIAN_POINT('',(-7.5,-0.62037037037,3.69037037037));
#5418 = DIRECTION('',(-1.,-0.,-0.));
#5419 = DIRECTION('',(0.,0.,-1.));
#5420 = ADVANCED_FACE('',(#5421),#5455,.T.);
#5421 = FACE_BOUND('',#5422,.T.);
#5422 = EDGE_LOOP('',(#5423,#5433,#5439,#5440,#5441,#5449));
#5423 = ORIENTED_EDGE('',*,*,#5424,.T.);
#5424 = EDGE_CURVE('',#5425,#5427,#5429,.T.);
#5425 = VERTEX_POINT('',#5426);
#5426 = CARTESIAN_POINT('',(-6.6,-1.8,0.));
#5427 = VERTEX_POINT('',#5428);
#5428 = CARTESIAN_POINT('',(-6.6,-1.8,0.2));
#5429 = LINE('',#5430,#5431);
#5430 = CARTESIAN_POINT('',(-6.6,-1.8,0.));
#5431 = VECTOR('',#5432,1.);
#5432 = DIRECTION('',(0.,0.,1.));
#5433 = ORIENTED_EDGE('',*,*,#5434,.T.);
#5434 = EDGE_CURVE('',#5427,#4418,#5435,.T.);
#5435 = LINE('',#5436,#5437);
#5436 = CARTESIAN_POINT('',(-6.6,-1.8,0.2));
#5437 = VECTOR('',#5438,1.);
#5438 = DIRECTION('',(0.,1.,0.));
#5439 = ORIENTED_EDGE('',*,*,#4425,.T.);
#5440 = ORIENTED_EDGE('',*,*,#4905,.T.);
#5441 = ORIENTED_EDGE('',*,*,#5442,.T.);
#5442 = EDGE_CURVE('',#4906,#5443,#5445,.T.);
#5443 = VERTEX_POINT('',#5444);
#5444 = CARTESIAN_POINT('',(-6.6,-1.,0.));
#5445 = LINE('',#5446,#5447);
#5446 = CARTESIAN_POINT('',(-6.6,-1.,7.E-02));
#5447 = VECTOR('',#5448,1.);
#5448 = DIRECTION('',(0.,0.,-1.));
#5449 = ORIENTED_EDGE('',*,*,#5450,.T.);
#5450 = EDGE_CURVE('',#5443,#5425,#5451,.T.);
#5451 = LINE('',#5452,#5453);
#5452 = CARTESIAN_POINT('',(-6.6,-1.,0.));
#5453 = VECTOR('',#5454,1.);
#5454 = DIRECTION('',(0.,-1.,0.));
#5455 = PLANE('',#5456);
#5456 = AXIS2_PLACEMENT_3D('',#5457,#5458,#5459);
#5457 = CARTESIAN_POINT('',(-6.6,-1.4065,9.35E-02));
#5458 = DIRECTION('',(-1.,-0.,-0.));
#5459 = DIRECTION('',(0.,0.,-1.));
#5460 = ADVANCED_FACE('',(#5461),#5479,.T.);
#5461 = FACE_BOUND('',#5462,.T.);
#5462 = EDGE_LOOP('',(#5463,#5471,#5477,#5478));
#5463 = ORIENTED_EDGE('',*,*,#5464,.T.);
#5464 = EDGE_CURVE('',#5427,#5465,#5467,.T.);
#5465 = VERTEX_POINT('',#5466);
#5466 = CARTESIAN_POINT('',(-6.4,-1.8,0.2));
#5467 = LINE('',#5468,#5469);
#5468 = CARTESIAN_POINT('',(-6.6,-1.8,0.2));
#5469 = VECTOR('',#5470,1.);
#5470 = DIRECTION('',(1.,0.,0.));
#5471 = ORIENTED_EDGE('',*,*,#5472,.T.);
#5472 = EDGE_CURVE('',#5465,#4410,#5473,.T.);
#5473 = LINE('',#5474,#5475);
#5474 = CARTESIAN_POINT('',(-6.4,-1.8,0.2));
#5475 = VECTOR('',#5476,1.);
#5476 = DIRECTION('',(0.,1.,0.));
#5477 = ORIENTED_EDGE('',*,*,#4417,.F.);
#5478 = ORIENTED_EDGE('',*,*,#5434,.F.);
#5479 = PLANE('',#5480);
#5480 = AXIS2_PLACEMENT_3D('',#5481,#5482,#5483);
#5481 = CARTESIAN_POINT('',(-6.6,-1.8,0.2));
#5482 = DIRECTION('',(0.,0.,1.));
#5483 = DIRECTION('',(0.,1.,0.));
#5484 = ADVANCED_FACE('',(#5485),#5512,.F.);
#5485 = FACE_BOUND('',#5486,.F.);
#5486 = EDGE_LOOP('',(#5487,#5495,#5496,#5497,#5498,#5506));
#5487 = ORIENTED_EDGE('',*,*,#5488,.T.);
#5488 = EDGE_CURVE('',#5489,#5465,#5491,.T.);
#5489 = VERTEX_POINT('',#5490);
#5490 = CARTESIAN_POINT('',(-6.4,-1.8,0.));
#5491 = LINE('',#5492,#5493);
#5492 = CARTESIAN_POINT('',(-6.4,-1.8,0.));
#5493 = VECTOR('',#5494,1.);
#5494 = DIRECTION('',(0.,0.,1.));
#5495 = ORIENTED_EDGE('',*,*,#5472,.T.);
#5496 = ORIENTED_EDGE('',*,*,#4409,.T.);
#5497 = ORIENTED_EDGE('',*,*,#4921,.T.);
#5498 = ORIENTED_EDGE('',*,*,#5499,.T.);
#5499 = EDGE_CURVE('',#4914,#5500,#5502,.T.);
#5500 = VERTEX_POINT('',#5501);
#5501 = CARTESIAN_POINT('',(-6.4,-1.,0.));
#5502 = LINE('',#5503,#5504);
#5503 = CARTESIAN_POINT('',(-6.4,-1.,7.E-02));
#5504 = VECTOR('',#5505,1.);
#5505 = DIRECTION('',(0.,0.,-1.));
#5506 = ORIENTED_EDGE('',*,*,#5507,.T.);
#5507 = EDGE_CURVE('',#5500,#5489,#5508,.T.);
#5508 = LINE('',#5509,#5510);
#5509 = CARTESIAN_POINT('',(-6.4,-1.,0.));
#5510 = VECTOR('',#5511,1.);
#5511 = DIRECTION('',(0.,-1.,0.));
#5512 = PLANE('',#5513);
#5513 = AXIS2_PLACEMENT_3D('',#5514,#5515,#5516);
#5514 = CARTESIAN_POINT('',(-6.4,-1.4065,9.35E-02));
#5515 = DIRECTION('',(-1.,-0.,-0.));
#5516 = DIRECTION('',(0.,0.,-1.));
#5517 = ADVANCED_FACE('',(#5518),#5552,.T.);
#5518 = FACE_BOUND('',#5519,.T.);
#5519 = EDGE_LOOP('',(#5520,#5530,#5536,#5537,#5538,#5546));
#5520 = ORIENTED_EDGE('',*,*,#5521,.T.);
#5521 = EDGE_CURVE('',#5522,#5524,#5526,.T.);
#5522 = VERTEX_POINT('',#5523);
#5523 = CARTESIAN_POINT('',(-5.6,-1.8,0.));
#5524 = VERTEX_POINT('',#5525);
#5525 = CARTESIAN_POINT('',(-5.6,-1.8,0.2));
#5526 = LINE('',#5527,#5528);
#5527 = CARTESIAN_POINT('',(-5.6,-1.8,0.));
#5528 = VECTOR('',#5529,1.);
#5529 = DIRECTION('',(0.,0.,1.));
#5530 = ORIENTED_EDGE('',*,*,#5531,.T.);
#5531 = EDGE_CURVE('',#5524,#4386,#5532,.T.);
#5532 = LINE('',#5533,#5534);
#5533 = CARTESIAN_POINT('',(-5.6,-1.8,0.2));
#5534 = VECTOR('',#5535,1.);
#5535 = DIRECTION('',(0.,1.,0.));
#5536 = ORIENTED_EDGE('',*,*,#4393,.T.);
#5537 = ORIENTED_EDGE('',*,*,#4928,.T.);
#5538 = ORIENTED_EDGE('',*,*,#5539,.T.);
#5539 = EDGE_CURVE('',#4929,#5540,#5542,.T.);
#5540 = VERTEX_POINT('',#5541);
#5541 = CARTESIAN_POINT('',(-5.6,-1.,0.));
#5542 = LINE('',#5543,#5544);
#5543 = CARTESIAN_POINT('',(-5.6,-1.,7.E-02));
#5544 = VECTOR('',#5545,1.);
#5545 = DIRECTION('',(0.,0.,-1.));
#5546 = ORIENTED_EDGE('',*,*,#5547,.T.);
#5547 = EDGE_CURVE('',#5540,#5522,#5548,.T.);
#5548 = LINE('',#5549,#5550);
#5549 = CARTESIAN_POINT('',(-5.6,-1.,0.));
#5550 = VECTOR('',#5551,1.);
#5551 = DIRECTION('',(0.,-1.,0.));
#5552 = PLANE('',#5553);
#5553 = AXIS2_PLACEMENT_3D('',#5554,#5555,#5556);
#5554 = CARTESIAN_POINT('',(-5.6,-1.4065,9.35E-02));
#5555 = DIRECTION('',(-1.,-0.,-0.));
#5556 = DIRECTION('',(0.,0.,-1.));
#5557 = ADVANCED_FACE('',(#5558),#5576,.T.);
#5558 = FACE_BOUND('',#5559,.T.);
#5559 = EDGE_LOOP('',(#5560,#5568,#5574,#5575));
#5560 = ORIENTED_EDGE('',*,*,#5561,.T.);
#5561 = EDGE_CURVE('',#5524,#5562,#5564,.T.);
#5562 = VERTEX_POINT('',#5563);
#5563 = CARTESIAN_POINT('',(-5.4,-1.8,0.2));
#5564 = LINE('',#5565,#5566);
#5565 = CARTESIAN_POINT('',(-5.6,-1.8,0.2));
#5566 = VECTOR('',#5567,1.);
#5567 = DIRECTION('',(1.,0.,0.));
#5568 = ORIENTED_EDGE('',*,*,#5569,.T.);
#5569 = EDGE_CURVE('',#5562,#4378,#5570,.T.);
#5570 = LINE('',#5571,#5572);
#5571 = CARTESIAN_POINT('',(-5.4,-1.8,0.2));
#5572 = VECTOR('',#5573,1.);
#5573 = DIRECTION('',(0.,1.,0.));
#5574 = ORIENTED_EDGE('',*,*,#4385,.F.);
#5575 = ORIENTED_EDGE('',*,*,#5531,.F.);
#5576 = PLANE('',#5577);
#5577 = AXIS2_PLACEMENT_3D('',#5578,#5579,#5580);
#5578 = CARTESIAN_POINT('',(-5.6,-1.8,0.2));
#5579 = DIRECTION('',(0.,0.,1.));
#5580 = DIRECTION('',(0.,1.,0.));
#5581 = ADVANCED_FACE('',(#5582),#5609,.F.);
#5582 = FACE_BOUND('',#5583,.F.);
#5583 = EDGE_LOOP('',(#5584,#5592,#5593,#5594,#5595,#5603));
#5584 = ORIENTED_EDGE('',*,*,#5585,.T.);
#5585 = EDGE_CURVE('',#5586,#5562,#5588,.T.);
#5586 = VERTEX_POINT('',#5587);
#5587 = CARTESIAN_POINT('',(-5.4,-1.8,0.));
#5588 = LINE('',#5589,#5590);
#5589 = CARTESIAN_POINT('',(-5.4,-1.8,0.));
#5590 = VECTOR('',#5591,1.);
#5591 = DIRECTION('',(0.,0.,1.));
#5592 = ORIENTED_EDGE('',*,*,#5569,.T.);
#5593 = ORIENTED_EDGE('',*,*,#4377,.T.);
#5594 = ORIENTED_EDGE('',*,*,#4944,.T.);
#5595 = ORIENTED_EDGE('',*,*,#5596,.T.);
#5596 = EDGE_CURVE('',#4937,#5597,#5599,.T.);
#5597 = VERTEX_POINT('',#5598);
#5598 = CARTESIAN_POINT('',(-5.4,-1.,0.));
#5599 = LINE('',#5600,#5601);
#5600 = CARTESIAN_POINT('',(-5.4,-1.,7.E-02));
#5601 = VECTOR('',#5602,1.);
#5602 = DIRECTION('',(0.,0.,-1.));
#5603 = ORIENTED_EDGE('',*,*,#5604,.T.);
#5604 = EDGE_CURVE('',#5597,#5586,#5605,.T.);
#5605 = LINE('',#5606,#5607);
#5606 = CARTESIAN_POINT('',(-5.4,-1.,0.));
#5607 = VECTOR('',#5608,1.);
#5608 = DIRECTION('',(0.,-1.,0.));
#5609 = PLANE('',#5610);
#5610 = AXIS2_PLACEMENT_3D('',#5611,#5612,#5613);
#5611 = CARTESIAN_POINT('',(-5.4,-1.4065,9.35E-02));
#5612 = DIRECTION('',(-1.,-0.,-0.));
#5613 = DIRECTION('',(0.,0.,-1.));
#5614 = ADVANCED_FACE('',(#5615),#5649,.T.);
#5615 = FACE_BOUND('',#5616,.T.);
#5616 = EDGE_LOOP('',(#5617,#5627,#5633,#5634,#5635,#5643));
#5617 = ORIENTED_EDGE('',*,*,#5618,.T.);
#5618 = EDGE_CURVE('',#5619,#5621,#5623,.T.);
#5619 = VERTEX_POINT('',#5620);
#5620 = CARTESIAN_POINT('',(-4.6,-1.8,0.));
#5621 = VERTEX_POINT('',#5622);
#5622 = CARTESIAN_POINT('',(-4.6,-1.8,0.2));
#5623 = LINE('',#5624,#5625);
#5624 = CARTESIAN_POINT('',(-4.6,-1.8,0.));
#5625 = VECTOR('',#5626,1.);
#5626 = DIRECTION('',(0.,0.,1.));
#5627 = ORIENTED_EDGE('',*,*,#5628,.T.);
#5628 = EDGE_CURVE('',#5621,#4354,#5629,.T.);
#5629 = LINE('',#5630,#5631);
#5630 = CARTESIAN_POINT('',(-4.6,-1.8,0.2));
#5631 = VECTOR('',#5632,1.);
#5632 = DIRECTION('',(0.,1.,0.));
#5633 = ORIENTED_EDGE('',*,*,#4361,.T.);
#5634 = ORIENTED_EDGE('',*,*,#4951,.T.);
#5635 = ORIENTED_EDGE('',*,*,#5636,.T.);
#5636 = EDGE_CURVE('',#4952,#5637,#5639,.T.);
#5637 = VERTEX_POINT('',#5638);
#5638 = CARTESIAN_POINT('',(-4.6,-1.,0.));
#5639 = LINE('',#5640,#5641);
#5640 = CARTESIAN_POINT('',(-4.6,-1.,7.E-02));
#5641 = VECTOR('',#5642,1.);
#5642 = DIRECTION('',(0.,0.,-1.));
#5643 = ORIENTED_EDGE('',*,*,#5644,.T.);
#5644 = EDGE_CURVE('',#5637,#5619,#5645,.T.);
#5645 = LINE('',#5646,#5647);
#5646 = CARTESIAN_POINT('',(-4.6,-1.,0.));
#5647 = VECTOR('',#5648,1.);
#5648 = DIRECTION('',(0.,-1.,0.));
#5649 = PLANE('',#5650);
#5650 = AXIS2_PLACEMENT_3D('',#5651,#5652,#5653);
#5651 = CARTESIAN_POINT('',(-4.6,-1.4065,9.35E-02));
#5652 = DIRECTION('',(-1.,-0.,-0.));
#5653 = DIRECTION('',(0.,0.,-1.));
#5654 = ADVANCED_FACE('',(#5655),#5673,.T.);
#5655 = FACE_BOUND('',#5656,.T.);
#5656 = EDGE_LOOP('',(#5657,#5665,#5671,#5672));
#5657 = ORIENTED_EDGE('',*,*,#5658,.T.);
#5658 = EDGE_CURVE('',#5621,#5659,#5661,.T.);
#5659 = VERTEX_POINT('',#5660);
#5660 = CARTESIAN_POINT('',(-4.4,-1.8,0.2));
#5661 = LINE('',#5662,#5663);
#5662 = CARTESIAN_POINT('',(-4.6,-1.8,0.2));
#5663 = VECTOR('',#5664,1.);
#5664 = DIRECTION('',(1.,0.,0.));
#5665 = ORIENTED_EDGE('',*,*,#5666,.T.);
#5666 = EDGE_CURVE('',#5659,#4346,#5667,.T.);
#5667 = LINE('',#5668,#5669);
#5668 = CARTESIAN_POINT('',(-4.4,-1.8,0.2));
#5669 = VECTOR('',#5670,1.);
#5670 = DIRECTION('',(0.,1.,0.));
#5671 = ORIENTED_EDGE('',*,*,#4353,.F.);
#5672 = ORIENTED_EDGE('',*,*,#5628,.F.);
#5673 = PLANE('',#5674);
#5674 = AXIS2_PLACEMENT_3D('',#5675,#5676,#5677);
#5675 = CARTESIAN_POINT('',(-4.6,-1.8,0.2));
#5676 = DIRECTION('',(0.,0.,1.));
#5677 = DIRECTION('',(0.,1.,0.));
#5678 = ADVANCED_FACE('',(#5679),#5706,.F.);
#5679 = FACE_BOUND('',#5680,.F.);
#5680 = EDGE_LOOP('',(#5681,#5689,#5690,#5691,#5692,#5700));
#5681 = ORIENTED_EDGE('',*,*,#5682,.T.);
#5682 = EDGE_CURVE('',#5683,#5659,#5685,.T.);
#5683 = VERTEX_POINT('',#5684);
#5684 = CARTESIAN_POINT('',(-4.4,-1.8,0.));
#5685 = LINE('',#5686,#5687);
#5686 = CARTESIAN_POINT('',(-4.4,-1.8,0.));
#5687 = VECTOR('',#5688,1.);
#5688 = DIRECTION('',(0.,0.,1.));
#5689 = ORIENTED_EDGE('',*,*,#5666,.T.);
#5690 = ORIENTED_EDGE('',*,*,#4345,.T.);
#5691 = ORIENTED_EDGE('',*,*,#4967,.T.);
#5692 = ORIENTED_EDGE('',*,*,#5693,.T.);
#5693 = EDGE_CURVE('',#4960,#5694,#5696,.T.);
#5694 = VERTEX_POINT('',#5695);
#5695 = CARTESIAN_POINT('',(-4.4,-1.,0.));
#5696 = LINE('',#5697,#5698);
#5697 = CARTESIAN_POINT('',(-4.4,-1.,7.E-02));
#5698 = VECTOR('',#5699,1.);
#5699 = DIRECTION('',(0.,0.,-1.));
#5700 = ORIENTED_EDGE('',*,*,#5701,.T.);
#5701 = EDGE_CURVE('',#5694,#5683,#5702,.T.);
#5702 = LINE('',#5703,#5704);
#5703 = CARTESIAN_POINT('',(-4.4,-1.,0.));
#5704 = VECTOR('',#5705,1.);
#5705 = DIRECTION('',(0.,-1.,0.));
#5706 = PLANE('',#5707);
#5707 = AXIS2_PLACEMENT_3D('',#5708,#5709,#5710);
#5708 = CARTESIAN_POINT('',(-4.4,-1.4065,9.35E-02));
#5709 = DIRECTION('',(-1.,-0.,-0.));
#5710 = DIRECTION('',(0.,0.,-1.));
#5711 = ADVANCED_FACE('',(#5712),#5746,.T.);
#5712 = FACE_BOUND('',#5713,.T.);
#5713 = EDGE_LOOP('',(#5714,#5724,#5730,#5731,#5732,#5740));
#5714 = ORIENTED_EDGE('',*,*,#5715,.T.);
#5715 = EDGE_CURVE('',#5716,#5718,#5720,.T.);
#5716 = VERTEX_POINT('',#5717);
#5717 = CARTESIAN_POINT('',(-3.6,-1.8,0.));
#5718 = VERTEX_POINT('',#5719);
#5719 = CARTESIAN_POINT('',(-3.6,-1.8,0.2));
#5720 = LINE('',#5721,#5722);
#5721 = CARTESIAN_POINT('',(-3.6,-1.8,0.));
#5722 = VECTOR('',#5723,1.);
#5723 = DIRECTION('',(0.,0.,1.));
#5724 = ORIENTED_EDGE('',*,*,#5725,.T.);
#5725 = EDGE_CURVE('',#5718,#4322,#5726,.T.);
#5726 = LINE('',#5727,#5728);
#5727 = CARTESIAN_POINT('',(-3.6,-1.8,0.2));
#5728 = VECTOR('',#5729,1.);
#5729 = DIRECTION('',(0.,1.,0.));
#5730 = ORIENTED_EDGE('',*,*,#4329,.T.);
#5731 = ORIENTED_EDGE('',*,*,#4974,.T.);
#5732 = ORIENTED_EDGE('',*,*,#5733,.T.);
#5733 = EDGE_CURVE('',#4975,#5734,#5736,.T.);
#5734 = VERTEX_POINT('',#5735);
#5735 = CARTESIAN_POINT('',(-3.6,-1.,0.));
#5736 = LINE('',#5737,#5738);
#5737 = CARTESIAN_POINT('',(-3.6,-1.,7.E-02));
#5738 = VECTOR('',#5739,1.);
#5739 = DIRECTION('',(0.,0.,-1.));
#5740 = ORIENTED_EDGE('',*,*,#5741,.T.);
#5741 = EDGE_CURVE('',#5734,#5716,#5742,.T.);
#5742 = LINE('',#5743,#5744);
#5743 = CARTESIAN_POINT('',(-3.6,-1.,0.));
#5744 = VECTOR('',#5745,1.);
#5745 = DIRECTION('',(0.,-1.,0.));
#5746 = PLANE('',#5747);
#5747 = AXIS2_PLACEMENT_3D('',#5748,#5749,#5750);
#5748 = CARTESIAN_POINT('',(-3.6,-1.4065,9.35E-02));
#5749 = DIRECTION('',(-1.,-0.,-0.));
#5750 = DIRECTION('',(0.,0.,-1.));
#5751 = ADVANCED_FACE('',(#5752),#5770,.T.);
#5752 = FACE_BOUND('',#5753,.T.);
#5753 = EDGE_LOOP('',(#5754,#5762,#5768,#5769));
#5754 = ORIENTED_EDGE('',*,*,#5755,.T.);
#5755 = EDGE_CURVE('',#5718,#5756,#5758,.T.);
#5756 = VERTEX_POINT('',#5757);
#5757 = CARTESIAN_POINT('',(-3.4,-1.8,0.2));
#5758 = LINE('',#5759,#5760);
#5759 = CARTESIAN_POINT('',(-3.6,-1.8,0.2));
#5760 = VECTOR('',#5761,1.);
#5761 = DIRECTION('',(1.,0.,0.));
#5762 = ORIENTED_EDGE('',*,*,#5763,.T.);
#5763 = EDGE_CURVE('',#5756,#4314,#5764,.T.);
#5764 = LINE('',#5765,#5766);
#5765 = CARTESIAN_POINT('',(-3.4,-1.8,0.2));
#5766 = VECTOR('',#5767,1.);
#5767 = DIRECTION('',(0.,1.,0.));
#5768 = ORIENTED_EDGE('',*,*,#4321,.F.);
#5769 = ORIENTED_EDGE('',*,*,#5725,.F.);
#5770 = PLANE('',#5771);
#5771 = AXIS2_PLACEMENT_3D('',#5772,#5773,#5774);
#5772 = CARTESIAN_POINT('',(-3.6,-1.8,0.2));
#5773 = DIRECTION('',(0.,0.,1.));
#5774 = DIRECTION('',(0.,1.,0.));
#5775 = ADVANCED_FACE('',(#5776),#5803,.F.);
#5776 = FACE_BOUND('',#5777,.F.);
#5777 = EDGE_LOOP('',(#5778,#5786,#5787,#5788,#5789,#5797));
#5778 = ORIENTED_EDGE('',*,*,#5779,.T.);
#5779 = EDGE_CURVE('',#5780,#5756,#5782,.T.);
#5780 = VERTEX_POINT('',#5781);
#5781 = CARTESIAN_POINT('',(-3.4,-1.8,0.));
#5782 = LINE('',#5783,#5784);
#5783 = CARTESIAN_POINT('',(-3.4,-1.8,0.));
#5784 = VECTOR('',#5785,1.);
#5785 = DIRECTION('',(0.,0.,1.));
#5786 = ORIENTED_EDGE('',*,*,#5763,.T.);
#5787 = ORIENTED_EDGE('',*,*,#4313,.T.);
#5788 = ORIENTED_EDGE('',*,*,#4990,.T.);
#5789 = ORIENTED_EDGE('',*,*,#5790,.T.);
#5790 = EDGE_CURVE('',#4983,#5791,#5793,.T.);
#5791 = VERTEX_POINT('',#5792);
#5792 = CARTESIAN_POINT('',(-3.4,-1.,0.));
#5793 = LINE('',#5794,#5795);
#5794 = CARTESIAN_POINT('',(-3.4,-1.,7.E-02));
#5795 = VECTOR('',#5796,1.);
#5796 = DIRECTION('',(0.,0.,-1.));
#5797 = ORIENTED_EDGE('',*,*,#5798,.T.);
#5798 = EDGE_CURVE('',#5791,#5780,#5799,.T.);
#5799 = LINE('',#5800,#5801);
#5800 = CARTESIAN_POINT('',(-3.4,-1.,0.));
#5801 = VECTOR('',#5802,1.);
#5802 = DIRECTION('',(0.,-1.,0.));
#5803 = PLANE('',#5804);
#5804 = AXIS2_PLACEMENT_3D('',#5805,#5806,#5807);
#5805 = CARTESIAN_POINT('',(-3.4,-1.4065,9.35E-02));
#5806 = DIRECTION('',(-1.,-0.,-0.));
#5807 = DIRECTION('',(0.,0.,-1.));
#5808 = ADVANCED_FACE('',(#5809),#5843,.T.);
#5809 = FACE_BOUND('',#5810,.T.);
#5810 = EDGE_LOOP('',(#5811,#5821,#5827,#5828,#5829,#5837));
#5811 = ORIENTED_EDGE('',*,*,#5812,.T.);
#5812 = EDGE_CURVE('',#5813,#5815,#5817,.T.);
#5813 = VERTEX_POINT('',#5814);
#5814 = CARTESIAN_POINT('',(-2.6,-1.8,0.));
#5815 = VERTEX_POINT('',#5816);
#5816 = CARTESIAN_POINT('',(-2.6,-1.8,0.2));
#5817 = LINE('',#5818,#5819);
#5818 = CARTESIAN_POINT('',(-2.6,-1.8,0.));
#5819 = VECTOR('',#5820,1.);
#5820 = DIRECTION('',(0.,0.,1.));
#5821 = ORIENTED_EDGE('',*,*,#5822,.T.);
#5822 = EDGE_CURVE('',#5815,#4290,#5823,.T.);
#5823 = LINE('',#5824,#5825);
#5824 = CARTESIAN_POINT('',(-2.6,-1.8,0.2));
#5825 = VECTOR('',#5826,1.);
#5826 = DIRECTION('',(0.,1.,0.));
#5827 = ORIENTED_EDGE('',*,*,#4297,.T.);
#5828 = ORIENTED_EDGE('',*,*,#4997,.T.);
#5829 = ORIENTED_EDGE('',*,*,#5830,.T.);
#5830 = EDGE_CURVE('',#4998,#5831,#5833,.T.);
#5831 = VERTEX_POINT('',#5832);
#5832 = CARTESIAN_POINT('',(-2.6,-1.,0.));
#5833 = LINE('',#5834,#5835);
#5834 = CARTESIAN_POINT('',(-2.6,-1.,7.E-02));
#5835 = VECTOR('',#5836,1.);
#5836 = DIRECTION('',(0.,0.,-1.));
#5837 = ORIENTED_EDGE('',*,*,#5838,.T.);
#5838 = EDGE_CURVE('',#5831,#5813,#5839,.T.);
#5839 = LINE('',#5840,#5841);
#5840 = CARTESIAN_POINT('',(-2.6,-1.,0.));
#5841 = VECTOR('',#5842,1.);
#5842 = DIRECTION('',(0.,-1.,0.));
#5843 = PLANE('',#5844);
#5844 = AXIS2_PLACEMENT_3D('',#5845,#5846,#5847);
#5845 = CARTESIAN_POINT('',(-2.6,-1.4065,9.35E-02));
#5846 = DIRECTION('',(-1.,-0.,-0.));
#5847 = DIRECTION('',(0.,0.,-1.));
#5848 = ADVANCED_FACE('',(#5849),#5867,.T.);
#5849 = FACE_BOUND('',#5850,.T.);
#5850 = EDGE_LOOP('',(#5851,#5859,#5865,#5866));
#5851 = ORIENTED_EDGE('',*,*,#5852,.T.);
#5852 = EDGE_CURVE('',#5815,#5853,#5855,.T.);
#5853 = VERTEX_POINT('',#5854);
#5854 = CARTESIAN_POINT('',(-2.4,-1.8,0.2));
#5855 = LINE('',#5856,#5857);
#5856 = CARTESIAN_POINT('',(-2.6,-1.8,0.2));
#5857 = VECTOR('',#5858,1.);
#5858 = DIRECTION('',(1.,0.,0.));
#5859 = ORIENTED_EDGE('',*,*,#5860,.T.);
#5860 = EDGE_CURVE('',#5853,#4282,#5861,.T.);
#5861 = LINE('',#5862,#5863);
#5862 = CARTESIAN_POINT('',(-2.4,-1.8,0.2));
#5863 = VECTOR('',#5864,1.);
#5864 = DIRECTION('',(0.,1.,0.));
#5865 = ORIENTED_EDGE('',*,*,#4289,.F.);
#5866 = ORIENTED_EDGE('',*,*,#5822,.F.);
#5867 = PLANE('',#5868);
#5868 = AXIS2_PLACEMENT_3D('',#5869,#5870,#5871);
#5869 = CARTESIAN_POINT('',(-2.6,-1.8,0.2));
#5870 = DIRECTION('',(0.,0.,1.));
#5871 = DIRECTION('',(0.,1.,0.));
#5872 = ADVANCED_FACE('',(#5873),#5900,.F.);
#5873 = FACE_BOUND('',#5874,.F.);
#5874 = EDGE_LOOP('',(#5875,#5883,#5884,#5885,#5886,#5894));
#5875 = ORIENTED_EDGE('',*,*,#5876,.T.);
#5876 = EDGE_CURVE('',#5877,#5853,#5879,.T.);
#5877 = VERTEX_POINT('',#5878);
#5878 = CARTESIAN_POINT('',(-2.4,-1.8,0.));
#5879 = LINE('',#5880,#5881);
#5880 = CARTESIAN_POINT('',(-2.4,-1.8,0.));
#5881 = VECTOR('',#5882,1.);
#5882 = DIRECTION('',(0.,0.,1.));
#5883 = ORIENTED_EDGE('',*,*,#5860,.T.);
#5884 = ORIENTED_EDGE('',*,*,#4281,.T.);
#5885 = ORIENTED_EDGE('',*,*,#5013,.T.);
#5886 = ORIENTED_EDGE('',*,*,#5887,.T.);
#5887 = EDGE_CURVE('',#5006,#5888,#5890,.T.);
#5888 = VERTEX_POINT('',#5889);
#5889 = CARTESIAN_POINT('',(-2.4,-1.,0.));
#5890 = LINE('',#5891,#5892);
#5891 = CARTESIAN_POINT('',(-2.4,-1.,7.E-02));
#5892 = VECTOR('',#5893,1.);
#5893 = DIRECTION('',(0.,0.,-1.));
#5894 = ORIENTED_EDGE('',*,*,#5895,.T.);
#5895 = EDGE_CURVE('',#5888,#5877,#5896,.T.);
#5896 = LINE('',#5897,#5898);
#5897 = CARTESIAN_POINT('',(-2.4,-1.,0.));
#5898 = VECTOR('',#5899,1.);
#5899 = DIRECTION('',(0.,-1.,0.));
#5900 = PLANE('',#5901);
#5901 = AXIS2_PLACEMENT_3D('',#5902,#5903,#5904);
#5902 = CARTESIAN_POINT('',(-2.4,-1.4065,9.35E-02));
#5903 = DIRECTION('',(-1.,-0.,-0.));
#5904 = DIRECTION('',(0.,0.,-1.));
#5905 = ADVANCED_FACE('',(#5906),#5940,.T.);
#5906 = FACE_BOUND('',#5907,.T.);
#5907 = EDGE_LOOP('',(#5908,#5918,#5924,#5925,#5926,#5934));
#5908 = ORIENTED_EDGE('',*,*,#5909,.T.);
#5909 = EDGE_CURVE('',#5910,#5912,#5914,.T.);
#5910 = VERTEX_POINT('',#5911);
#5911 = CARTESIAN_POINT('',(-1.6,-1.8,0.));
#5912 = VERTEX_POINT('',#5913);
#5913 = CARTESIAN_POINT('',(-1.6,-1.8,0.2));
#5914 = LINE('',#5915,#5916);
#5915 = CARTESIAN_POINT('',(-1.6,-1.8,0.));
#5916 = VECTOR('',#5917,1.);
#5917 = DIRECTION('',(0.,0.,1.));
#5918 = ORIENTED_EDGE('',*,*,#5919,.T.);
#5919 = EDGE_CURVE('',#5912,#4258,#5920,.T.);
#5920 = LINE('',#5921,#5922);
#5921 = CARTESIAN_POINT('',(-1.6,-1.8,0.2));
#5922 = VECTOR('',#5923,1.);
#5923 = DIRECTION('',(0.,1.,0.));
#5924 = ORIENTED_EDGE('',*,*,#4265,.T.);
#5925 = ORIENTED_EDGE('',*,*,#5020,.T.);
#5926 = ORIENTED_EDGE('',*,*,#5927,.T.);
#5927 = EDGE_CURVE('',#5021,#5928,#5930,.T.);
#5928 = VERTEX_POINT('',#5929);
#5929 = CARTESIAN_POINT('',(-1.6,-1.,0.));
#5930 = LINE('',#5931,#5932);
#5931 = CARTESIAN_POINT('',(-1.6,-1.,7.E-02));
#5932 = VECTOR('',#5933,1.);
#5933 = DIRECTION('',(0.,0.,-1.));
#5934 = ORIENTED_EDGE('',*,*,#5935,.T.);
#5935 = EDGE_CURVE('',#5928,#5910,#5936,.T.);
#5936 = LINE('',#5937,#5938);
#5937 = CARTESIAN_POINT('',(-1.6,-1.,0.));
#5938 = VECTOR('',#5939,1.);
#5939 = DIRECTION('',(0.,-1.,0.));
#5940 = PLANE('',#5941);
#5941 = AXIS2_PLACEMENT_3D('',#5942,#5943,#5944);
#5942 = CARTESIAN_POINT('',(-1.6,-1.4065,9.35E-02));
#5943 = DIRECTION('',(-1.,-0.,-0.));
#5944 = DIRECTION('',(0.,0.,-1.));
#5945 = ADVANCED_FACE('',(#5946),#5964,.T.);
#5946 = FACE_BOUND('',#5947,.T.);
#5947 = EDGE_LOOP('',(#5948,#5956,#5962,#5963));
#5948 = ORIENTED_EDGE('',*,*,#5949,.T.);
#5949 = EDGE_CURVE('',#5912,#5950,#5952,.T.);
#5950 = VERTEX_POINT('',#5951);
#5951 = CARTESIAN_POINT('',(-1.4,-1.8,0.2));
#5952 = LINE('',#5953,#5954);
#5953 = CARTESIAN_POINT('',(-1.6,-1.8,0.2));
#5954 = VECTOR('',#5955,1.);
#5955 = DIRECTION('',(1.,0.,0.));
#5956 = ORIENTED_EDGE('',*,*,#5957,.T.);
#5957 = EDGE_CURVE('',#5950,#4250,#5958,.T.);
#5958 = LINE('',#5959,#5960);
#5959 = CARTESIAN_POINT('',(-1.4,-1.8,0.2));
#5960 = VECTOR('',#5961,1.);
#5961 = DIRECTION('',(0.,1.,0.));
#5962 = ORIENTED_EDGE('',*,*,#4257,.F.);
#5963 = ORIENTED_EDGE('',*,*,#5919,.F.);
#5964 = PLANE('',#5965);
#5965 = AXIS2_PLACEMENT_3D('',#5966,#5967,#5968);
#5966 = CARTESIAN_POINT('',(-1.6,-1.8,0.2));
#5967 = DIRECTION('',(0.,0.,1.));
#5968 = DIRECTION('',(0.,1.,0.));
#5969 = ADVANCED_FACE('',(#5970),#5997,.F.);
#5970 = FACE_BOUND('',#5971,.F.);
#5971 = EDGE_LOOP('',(#5972,#5980,#5981,#5982,#5983,#5991));
#5972 = ORIENTED_EDGE('',*,*,#5973,.T.);
#5973 = EDGE_CURVE('',#5974,#5950,#5976,.T.);
#5974 = VERTEX_POINT('',#5975);
#5975 = CARTESIAN_POINT('',(-1.4,-1.8,0.));
#5976 = LINE('',#5977,#5978);
#5977 = CARTESIAN_POINT('',(-1.4,-1.8,0.));
#5978 = VECTOR('',#5979,1.);
#5979 = DIRECTION('',(0.,0.,1.));
#5980 = ORIENTED_EDGE('',*,*,#5957,.T.);
#5981 = ORIENTED_EDGE('',*,*,#4249,.T.);
#5982 = ORIENTED_EDGE('',*,*,#5036,.T.);
#5983 = ORIENTED_EDGE('',*,*,#5984,.T.);
#5984 = EDGE_CURVE('',#5029,#5985,#5987,.T.);
#5985 = VERTEX_POINT('',#5986);
#5986 = CARTESIAN_POINT('',(-1.4,-1.,0.));
#5987 = LINE('',#5988,#5989);
#5988 = CARTESIAN_POINT('',(-1.4,-1.,7.E-02));
#5989 = VECTOR('',#5990,1.);
#5990 = DIRECTION('',(0.,0.,-1.));
#5991 = ORIENTED_EDGE('',*,*,#5992,.T.);
#5992 = EDGE_CURVE('',#5985,#5974,#5993,.T.);
#5993 = LINE('',#5994,#5995);
#5994 = CARTESIAN_POINT('',(-1.4,-1.,0.));
#5995 = VECTOR('',#5996,1.);
#5996 = DIRECTION('',(0.,-1.,0.));
#5997 = PLANE('',#5998);
#5998 = AXIS2_PLACEMENT_3D('',#5999,#6000,#6001);
#5999 = CARTESIAN_POINT('',(-1.4,-1.4065,9.35E-02));
#6000 = DIRECTION('',(-1.,-0.,-0.));
#6001 = DIRECTION('',(0.,0.,-1.));
#6002 = ADVANCED_FACE('',(#6003),#6037,.T.);
#6003 = FACE_BOUND('',#6004,.T.);
#6004 = EDGE_LOOP('',(#6005,#6015,#6021,#6022,#6023,#6031));
#6005 = ORIENTED_EDGE('',*,*,#6006,.T.);
#6006 = EDGE_CURVE('',#6007,#6009,#6011,.T.);
#6007 = VERTEX_POINT('',#6008);
#6008 = CARTESIAN_POINT('',(-0.6,-1.8,0.));
#6009 = VERTEX_POINT('',#6010);
#6010 = CARTESIAN_POINT('',(-0.6,-1.8,0.2));
#6011 = LINE('',#6012,#6013);
#6012 = CARTESIAN_POINT('',(-0.6,-1.8,0.));
#6013 = VECTOR('',#6014,1.);
#6014 = DIRECTION('',(0.,0.,1.));
#6015 = ORIENTED_EDGE('',*,*,#6016,.T.);
#6016 = EDGE_CURVE('',#6009,#4226,#6017,.T.);
#6017 = LINE('',#6018,#6019);
#6018 = CARTESIAN_POINT('',(-0.6,-1.8,0.2));
#6019 = VECTOR('',#6020,1.);
#6020 = DIRECTION('',(0.,1.,0.));
#6021 = ORIENTED_EDGE('',*,*,#4233,.T.);
#6022 = ORIENTED_EDGE('',*,*,#5043,.T.);
#6023 = ORIENTED_EDGE('',*,*,#6024,.T.);
#6024 = EDGE_CURVE('',#5044,#6025,#6027,.T.);
#6025 = VERTEX_POINT('',#6026);
#6026 = CARTESIAN_POINT('',(-0.6,-1.,0.));
#6027 = LINE('',#6028,#6029);
#6028 = CARTESIAN_POINT('',(-0.6,-1.,7.E-02));
#6029 = VECTOR('',#6030,1.);
#6030 = DIRECTION('',(0.,0.,-1.));
#6031 = ORIENTED_EDGE('',*,*,#6032,.T.);
#6032 = EDGE_CURVE('',#6025,#6007,#6033,.T.);
#6033 = LINE('',#6034,#6035);
#6034 = CARTESIAN_POINT('',(-0.6,-1.,0.));
#6035 = VECTOR('',#6036,1.);
#6036 = DIRECTION('',(0.,-1.,0.));
#6037 = PLANE('',#6038);
#6038 = AXIS2_PLACEMENT_3D('',#6039,#6040,#6041);
#6039 = CARTESIAN_POINT('',(-0.6,-1.4065,9.35E-02));
#6040 = DIRECTION('',(-1.,-0.,-0.));
#6041 = DIRECTION('',(0.,0.,-1.));
#6042 = ADVANCED_FACE('',(#6043),#6061,.T.);
#6043 = FACE_BOUND('',#6044,.T.);
#6044 = EDGE_LOOP('',(#6045,#6053,#6059,#6060));
#6045 = ORIENTED_EDGE('',*,*,#6046,.T.);
#6046 = EDGE_CURVE('',#6009,#6047,#6049,.T.);
#6047 = VERTEX_POINT('',#6048);
#6048 = CARTESIAN_POINT('',(-0.4,-1.8,0.2));
#6049 = LINE('',#6050,#6051);
#6050 = CARTESIAN_POINT('',(-0.6,-1.8,0.2));
#6051 = VECTOR('',#6052,1.);
#6052 = DIRECTION('',(1.,0.,0.));
#6053 = ORIENTED_EDGE('',*,*,#6054,.T.);
#6054 = EDGE_CURVE('',#6047,#4218,#6055,.T.);
#6055 = LINE('',#6056,#6057);
#6056 = CARTESIAN_POINT('',(-0.4,-1.8,0.2));
#6057 = VECTOR('',#6058,1.);
#6058 = DIRECTION('',(0.,1.,0.));
#6059 = ORIENTED_EDGE('',*,*,#4225,.F.);
#6060 = ORIENTED_EDGE('',*,*,#6016,.F.);
#6061 = PLANE('',#6062);
#6062 = AXIS2_PLACEMENT_3D('',#6063,#6064,#6065);
#6063 = CARTESIAN_POINT('',(-0.6,-1.8,0.2));
#6064 = DIRECTION('',(0.,0.,1.));
#6065 = DIRECTION('',(0.,1.,0.));
#6066 = ADVANCED_FACE('',(#6067),#6094,.F.);
#6067 = FACE_BOUND('',#6068,.F.);
#6068 = EDGE_LOOP('',(#6069,#6077,#6078,#6079,#6080,#6088));
#6069 = ORIENTED_EDGE('',*,*,#6070,.T.);
#6070 = EDGE_CURVE('',#6071,#6047,#6073,.T.);
#6071 = VERTEX_POINT('',#6072);
#6072 = CARTESIAN_POINT('',(-0.4,-1.8,0.));
#6073 = LINE('',#6074,#6075);
#6074 = CARTESIAN_POINT('',(-0.4,-1.8,0.));
#6075 = VECTOR('',#6076,1.);
#6076 = DIRECTION('',(0.,0.,1.));
#6077 = ORIENTED_EDGE('',*,*,#6054,.T.);
#6078 = ORIENTED_EDGE('',*,*,#4217,.T.);
#6079 = ORIENTED_EDGE('',*,*,#5059,.T.);
#6080 = ORIENTED_EDGE('',*,*,#6081,.T.);
#6081 = EDGE_CURVE('',#5052,#6082,#6084,.T.);
#6082 = VERTEX_POINT('',#6083);
#6083 = CARTESIAN_POINT('',(-0.4,-1.,0.));
#6084 = LINE('',#6085,#6086);
#6085 = CARTESIAN_POINT('',(-0.4,-1.,7.E-02));
#6086 = VECTOR('',#6087,1.);
#6087 = DIRECTION('',(0.,0.,-1.));
#6088 = ORIENTED_EDGE('',*,*,#6089,.T.);
#6089 = EDGE_CURVE('',#6082,#6071,#6090,.T.);
#6090 = LINE('',#6091,#6092);
#6091 = CARTESIAN_POINT('',(-0.4,-1.,0.));
#6092 = VECTOR('',#6093,1.);
#6093 = DIRECTION('',(0.,-1.,0.));
#6094 = PLANE('',#6095);
#6095 = AXIS2_PLACEMENT_3D('',#6096,#6097,#6098);
#6096 = CARTESIAN_POINT('',(-0.4,-1.4065,9.35E-02));
#6097 = DIRECTION('',(-1.,-0.,-0.));
#6098 = DIRECTION('',(0.,0.,-1.));
#6099 = ADVANCED_FACE('',(#6100),#6134,.T.);
#6100 = FACE_BOUND('',#6101,.T.);
#6101 = EDGE_LOOP('',(#6102,#6112,#6118,#6119,#6120,#6128));
#6102 = ORIENTED_EDGE('',*,*,#6103,.T.);
#6103 = EDGE_CURVE('',#6104,#6106,#6108,.T.);
#6104 = VERTEX_POINT('',#6105);
#6105 = CARTESIAN_POINT('',(0.4,-1.8,0.));
#6106 = VERTEX_POINT('',#6107);
#6107 = CARTESIAN_POINT('',(0.4,-1.8,0.2));
#6108 = LINE('',#6109,#6110);
#6109 = CARTESIAN_POINT('',(0.4,-1.8,0.));
#6110 = VECTOR('',#6111,1.);
#6111 = DIRECTION('',(0.,0.,1.));
#6112 = ORIENTED_EDGE('',*,*,#6113,.T.);
#6113 = EDGE_CURVE('',#6106,#4194,#6114,.T.);
#6114 = LINE('',#6115,#6116);
#6115 = CARTESIAN_POINT('',(0.4,-1.8,0.2));
#6116 = VECTOR('',#6117,1.);
#6117 = DIRECTION('',(0.,1.,0.));
#6118 = ORIENTED_EDGE('',*,*,#4201,.T.);
#6119 = ORIENTED_EDGE('',*,*,#5066,.T.);
#6120 = ORIENTED_EDGE('',*,*,#6121,.T.);
#6121 = EDGE_CURVE('',#5067,#6122,#6124,.T.);
#6122 = VERTEX_POINT('',#6123);
#6123 = CARTESIAN_POINT('',(0.4,-1.,0.));
#6124 = LINE('',#6125,#6126);
#6125 = CARTESIAN_POINT('',(0.4,-1.,7.E-02));
#6126 = VECTOR('',#6127,1.);
#6127 = DIRECTION('',(0.,0.,-1.));
#6128 = ORIENTED_EDGE('',*,*,#6129,.T.);
#6129 = EDGE_CURVE('',#6122,#6104,#6130,.T.);
#6130 = LINE('',#6131,#6132);
#6131 = CARTESIAN_POINT('',(0.4,-1.,0.));
#6132 = VECTOR('',#6133,1.);
#6133 = DIRECTION('',(0.,-1.,0.));
#6134 = PLANE('',#6135);
#6135 = AXIS2_PLACEMENT_3D('',#6136,#6137,#6138);
#6136 = CARTESIAN_POINT('',(0.4,-1.4065,9.35E-02));
#6137 = DIRECTION('',(-1.,-0.,-0.));
#6138 = DIRECTION('',(0.,0.,-1.));
#6139 = ADVANCED_FACE('',(#6140),#6158,.T.);
#6140 = FACE_BOUND('',#6141,.T.);
#6141 = EDGE_LOOP('',(#6142,#6150,#6156,#6157));
#6142 = ORIENTED_EDGE('',*,*,#6143,.T.);
#6143 = EDGE_CURVE('',#6106,#6144,#6146,.T.);
#6144 = VERTEX_POINT('',#6145);
#6145 = CARTESIAN_POINT('',(0.6,-1.8,0.2));
#6146 = LINE('',#6147,#6148);
#6147 = CARTESIAN_POINT('',(0.4,-1.8,0.2));
#6148 = VECTOR('',#6149,1.);
#6149 = DIRECTION('',(1.,0.,0.));
#6150 = ORIENTED_EDGE('',*,*,#6151,.T.);
#6151 = EDGE_CURVE('',#6144,#4186,#6152,.T.);
#6152 = LINE('',#6153,#6154);
#6153 = CARTESIAN_POINT('',(0.6,-1.8,0.2));
#6154 = VECTOR('',#6155,1.);
#6155 = DIRECTION('',(0.,1.,0.));
#6156 = ORIENTED_EDGE('',*,*,#4193,.F.);
#6157 = ORIENTED_EDGE('',*,*,#6113,.F.);
#6158 = PLANE('',#6159);
#6159 = AXIS2_PLACEMENT_3D('',#6160,#6161,#6162);
#6160 = CARTESIAN_POINT('',(0.4,-1.8,0.2));
#6161 = DIRECTION('',(0.,0.,1.));
#6162 = DIRECTION('',(0.,1.,0.));
#6163 = ADVANCED_FACE('',(#6164),#6191,.F.);
#6164 = FACE_BOUND('',#6165,.F.);
#6165 = EDGE_LOOP('',(#6166,#6174,#6175,#6176,#6177,#6185));
#6166 = ORIENTED_EDGE('',*,*,#6167,.T.);
#6167 = EDGE_CURVE('',#6168,#6144,#6170,.T.);
#6168 = VERTEX_POINT('',#6169);
#6169 = CARTESIAN_POINT('',(0.6,-1.8,0.));
#6170 = LINE('',#6171,#6172);
#6171 = CARTESIAN_POINT('',(0.6,-1.8,0.));
#6172 = VECTOR('',#6173,1.);
#6173 = DIRECTION('',(0.,0.,1.));
#6174 = ORIENTED_EDGE('',*,*,#6151,.T.);
#6175 = ORIENTED_EDGE('',*,*,#4185,.T.);
#6176 = ORIENTED_EDGE('',*,*,#5082,.T.);
#6177 = ORIENTED_EDGE('',*,*,#6178,.T.);
#6178 = EDGE_CURVE('',#5075,#6179,#6181,.T.);
#6179 = VERTEX_POINT('',#6180);
#6180 = CARTESIAN_POINT('',(0.6,-1.,0.));
#6181 = LINE('',#6182,#6183);
#6182 = CARTESIAN_POINT('',(0.6,-1.,7.E-02));
#6183 = VECTOR('',#6184,1.);
#6184 = DIRECTION('',(0.,0.,-1.));
#6185 = ORIENTED_EDGE('',*,*,#6186,.T.);
#6186 = EDGE_CURVE('',#6179,#6168,#6187,.T.);
#6187 = LINE('',#6188,#6189);
#6188 = CARTESIAN_POINT('',(0.6,-1.,0.));
#6189 = VECTOR('',#6190,1.);
#6190 = DIRECTION('',(0.,-1.,0.));
#6191 = PLANE('',#6192);
#6192 = AXIS2_PLACEMENT_3D('',#6193,#6194,#6195);
#6193 = CARTESIAN_POINT('',(0.6,-1.4065,9.35E-02));
#6194 = DIRECTION('',(-1.,-0.,-0.));
#6195 = DIRECTION('',(0.,0.,-1.));
#6196 = ADVANCED_FACE('',(#6197),#6231,.T.);
#6197 = FACE_BOUND('',#6198,.T.);
#6198 = EDGE_LOOP('',(#6199,#6209,#6215,#6216,#6217,#6225));
#6199 = ORIENTED_EDGE('',*,*,#6200,.T.);
#6200 = EDGE_CURVE('',#6201,#6203,#6205,.T.);
#6201 = VERTEX_POINT('',#6202);
#6202 = CARTESIAN_POINT('',(1.4,-1.8,0.));
#6203 = VERTEX_POINT('',#6204);
#6204 = CARTESIAN_POINT('',(1.4,-1.8,0.2));
#6205 = LINE('',#6206,#6207);
#6206 = CARTESIAN_POINT('',(1.4,-1.8,0.));
#6207 = VECTOR('',#6208,1.);
#6208 = DIRECTION('',(0.,0.,1.));
#6209 = ORIENTED_EDGE('',*,*,#6210,.T.);
#6210 = EDGE_CURVE('',#6203,#4162,#6211,.T.);
#6211 = LINE('',#6212,#6213);
#6212 = CARTESIAN_POINT('',(1.4,-1.8,0.2));
#6213 = VECTOR('',#6214,1.);
#6214 = DIRECTION('',(0.,1.,0.));
#6215 = ORIENTED_EDGE('',*,*,#4169,.T.);
#6216 = ORIENTED_EDGE('',*,*,#5089,.T.);
#6217 = ORIENTED_EDGE('',*,*,#6218,.T.);
#6218 = EDGE_CURVE('',#5090,#6219,#6221,.T.);
#6219 = VERTEX_POINT('',#6220);
#6220 = CARTESIAN_POINT('',(1.4,-1.,0.));
#6221 = LINE('',#6222,#6223);
#6222 = CARTESIAN_POINT('',(1.4,-1.,7.E-02));
#6223 = VECTOR('',#6224,1.);
#6224 = DIRECTION('',(0.,0.,-1.));
#6225 = ORIENTED_EDGE('',*,*,#6226,.T.);
#6226 = EDGE_CURVE('',#6219,#6201,#6227,.T.);
#6227 = LINE('',#6228,#6229);
#6228 = CARTESIAN_POINT('',(1.4,-1.,0.));
#6229 = VECTOR('',#6230,1.);
#6230 = DIRECTION('',(0.,-1.,0.));
#6231 = PLANE('',#6232);
#6232 = AXIS2_PLACEMENT_3D('',#6233,#6234,#6235);
#6233 = CARTESIAN_POINT('',(1.4,-1.4065,9.35E-02));
#6234 = DIRECTION('',(-1.,-0.,-0.));
#6235 = DIRECTION('',(0.,0.,-1.));
#6236 = ADVANCED_FACE('',(#6237),#6255,.T.);
#6237 = FACE_BOUND('',#6238,.T.);
#6238 = EDGE_LOOP('',(#6239,#6247,#6253,#6254));
#6239 = ORIENTED_EDGE('',*,*,#6240,.T.);
#6240 = EDGE_CURVE('',#6203,#6241,#6243,.T.);
#6241 = VERTEX_POINT('',#6242);
#6242 = CARTESIAN_POINT('',(1.6,-1.8,0.2));
#6243 = LINE('',#6244,#6245);
#6244 = CARTESIAN_POINT('',(1.4,-1.8,0.2));
#6245 = VECTOR('',#6246,1.);
#6246 = DIRECTION('',(1.,0.,0.));
#6247 = ORIENTED_EDGE('',*,*,#6248,.T.);
#6248 = EDGE_CURVE('',#6241,#4154,#6249,.T.);
#6249 = LINE('',#6250,#6251);
#6250 = CARTESIAN_POINT('',(1.6,-1.8,0.2));
#6251 = VECTOR('',#6252,1.);
#6252 = DIRECTION('',(0.,1.,0.));
#6253 = ORIENTED_EDGE('',*,*,#4161,.F.);
#6254 = ORIENTED_EDGE('',*,*,#6210,.F.);
#6255 = PLANE('',#6256);
#6256 = AXIS2_PLACEMENT_3D('',#6257,#6258,#6259);
#6257 = CARTESIAN_POINT('',(1.4,-1.8,0.2));
#6258 = DIRECTION('',(0.,0.,1.));
#6259 = DIRECTION('',(0.,1.,0.));
#6260 = ADVANCED_FACE('',(#6261),#6288,.F.);
#6261 = FACE_BOUND('',#6262,.F.);
#6262 = EDGE_LOOP('',(#6263,#6271,#6272,#6273,#6274,#6282));
#6263 = ORIENTED_EDGE('',*,*,#6264,.T.);
#6264 = EDGE_CURVE('',#6265,#6241,#6267,.T.);
#6265 = VERTEX_POINT('',#6266);
#6266 = CARTESIAN_POINT('',(1.6,-1.8,0.));
#6267 = LINE('',#6268,#6269);
#6268 = CARTESIAN_POINT('',(1.6,-1.8,0.));
#6269 = VECTOR('',#6270,1.);
#6270 = DIRECTION('',(0.,0.,1.));
#6271 = ORIENTED_EDGE('',*,*,#6248,.T.);
#6272 = ORIENTED_EDGE('',*,*,#4153,.T.);
#6273 = ORIENTED_EDGE('',*,*,#5105,.T.);
#6274 = ORIENTED_EDGE('',*,*,#6275,.T.);
#6275 = EDGE_CURVE('',#5098,#6276,#6278,.T.);
#6276 = VERTEX_POINT('',#6277);
#6277 = CARTESIAN_POINT('',(1.6,-1.,0.));
#6278 = LINE('',#6279,#6280);
#6279 = CARTESIAN_POINT('',(1.6,-1.,7.E-02));
#6280 = VECTOR('',#6281,1.);
#6281 = DIRECTION('',(0.,0.,-1.));
#6282 = ORIENTED_EDGE('',*,*,#6283,.T.);
#6283 = EDGE_CURVE('',#6276,#6265,#6284,.T.);
#6284 = LINE('',#6285,#6286);
#6285 = CARTESIAN_POINT('',(1.6,-1.,0.));
#6286 = VECTOR('',#6287,1.);
#6287 = DIRECTION('',(0.,-1.,0.));
#6288 = PLANE('',#6289);
#6289 = AXIS2_PLACEMENT_3D('',#6290,#6291,#6292);
#6290 = CARTESIAN_POINT('',(1.6,-1.4065,9.35E-02));
#6291 = DIRECTION('',(-1.,-0.,-0.));
#6292 = DIRECTION('',(0.,0.,-1.));
#6293 = ADVANCED_FACE('',(#6294),#6328,.T.);
#6294 = FACE_BOUND('',#6295,.T.);
#6295 = EDGE_LOOP('',(#6296,#6306,#6312,#6313,#6314,#6322));
#6296 = ORIENTED_EDGE('',*,*,#6297,.T.);
#6297 = EDGE_CURVE('',#6298,#6300,#6302,.T.);
#6298 = VERTEX_POINT('',#6299);
#6299 = CARTESIAN_POINT('',(2.4,-1.8,0.));
#6300 = VERTEX_POINT('',#6301);
#6301 = CARTESIAN_POINT('',(2.4,-1.8,0.2));
#6302 = LINE('',#6303,#6304);
#6303 = CARTESIAN_POINT('',(2.4,-1.8,0.));
#6304 = VECTOR('',#6305,1.);
#6305 = DIRECTION('',(0.,0.,1.));
#6306 = ORIENTED_EDGE('',*,*,#6307,.T.);
#6307 = EDGE_CURVE('',#6300,#4130,#6308,.T.);
#6308 = LINE('',#6309,#6310);
#6309 = CARTESIAN_POINT('',(2.4,-1.8,0.2));
#6310 = VECTOR('',#6311,1.);
#6311 = DIRECTION('',(0.,1.,0.));
#6312 = ORIENTED_EDGE('',*,*,#4137,.T.);
#6313 = ORIENTED_EDGE('',*,*,#5112,.T.);
#6314 = ORIENTED_EDGE('',*,*,#6315,.T.);
#6315 = EDGE_CURVE('',#5113,#6316,#6318,.T.);
#6316 = VERTEX_POINT('',#6317);
#6317 = CARTESIAN_POINT('',(2.4,-1.,0.));
#6318 = LINE('',#6319,#6320);
#6319 = CARTESIAN_POINT('',(2.4,-1.,7.E-02));
#6320 = VECTOR('',#6321,1.);
#6321 = DIRECTION('',(0.,0.,-1.));
#6322 = ORIENTED_EDGE('',*,*,#6323,.T.);
#6323 = EDGE_CURVE('',#6316,#6298,#6324,.T.);
#6324 = LINE('',#6325,#6326);
#6325 = CARTESIAN_POINT('',(2.4,-1.,0.));
#6326 = VECTOR('',#6327,1.);
#6327 = DIRECTION('',(0.,-1.,0.));
#6328 = PLANE('',#6329);
#6329 = AXIS2_PLACEMENT_3D('',#6330,#6331,#6332);
#6330 = CARTESIAN_POINT('',(2.4,-1.4065,9.35E-02));
#6331 = DIRECTION('',(-1.,-0.,-0.));
#6332 = DIRECTION('',(0.,0.,-1.));
#6333 = ADVANCED_FACE('',(#6334),#6352,.T.);
#6334 = FACE_BOUND('',#6335,.T.);
#6335 = EDGE_LOOP('',(#6336,#6344,#6350,#6351));
#6336 = ORIENTED_EDGE('',*,*,#6337,.T.);
#6337 = EDGE_CURVE('',#6300,#6338,#6340,.T.);
#6338 = VERTEX_POINT('',#6339);
#6339 = CARTESIAN_POINT('',(2.6,-1.8,0.2));
#6340 = LINE('',#6341,#6342);
#6341 = CARTESIAN_POINT('',(2.4,-1.8,0.2));
#6342 = VECTOR('',#6343,1.);
#6343 = DIRECTION('',(1.,0.,0.));
#6344 = ORIENTED_EDGE('',*,*,#6345,.T.);
#6345 = EDGE_CURVE('',#6338,#4122,#6346,.T.);
#6346 = LINE('',#6347,#6348);
#6347 = CARTESIAN_POINT('',(2.6,-1.8,0.2));
#6348 = VECTOR('',#6349,1.);
#6349 = DIRECTION('',(0.,1.,0.));
#6350 = ORIENTED_EDGE('',*,*,#4129,.F.);
#6351 = ORIENTED_EDGE('',*,*,#6307,.F.);
#6352 = PLANE('',#6353);
#6353 = AXIS2_PLACEMENT_3D('',#6354,#6355,#6356);
#6354 = CARTESIAN_POINT('',(2.4,-1.8,0.2));
#6355 = DIRECTION('',(0.,0.,1.));
#6356 = DIRECTION('',(0.,1.,0.));
#6357 = ADVANCED_FACE('',(#6358),#6385,.F.);
#6358 = FACE_BOUND('',#6359,.F.);
#6359 = EDGE_LOOP('',(#6360,#6368,#6369,#6370,#6371,#6379));
#6360 = ORIENTED_EDGE('',*,*,#6361,.T.);
#6361 = EDGE_CURVE('',#6362,#6338,#6364,.T.);
#6362 = VERTEX_POINT('',#6363);
#6363 = CARTESIAN_POINT('',(2.6,-1.8,0.));
#6364 = LINE('',#6365,#6366);
#6365 = CARTESIAN_POINT('',(2.6,-1.8,0.));
#6366 = VECTOR('',#6367,1.);
#6367 = DIRECTION('',(0.,0.,1.));
#6368 = ORIENTED_EDGE('',*,*,#6345,.T.);
#6369 = ORIENTED_EDGE('',*,*,#4121,.T.);
#6370 = ORIENTED_EDGE('',*,*,#5128,.T.);
#6371 = ORIENTED_EDGE('',*,*,#6372,.T.);
#6372 = EDGE_CURVE('',#5121,#6373,#6375,.T.);
#6373 = VERTEX_POINT('',#6374);
#6374 = CARTESIAN_POINT('',(2.6,-1.,0.));
#6375 = LINE('',#6376,#6377);
#6376 = CARTESIAN_POINT('',(2.6,-1.,7.E-02));
#6377 = VECTOR('',#6378,1.);
#6378 = DIRECTION('',(0.,0.,-1.));
#6379 = ORIENTED_EDGE('',*,*,#6380,.T.);
#6380 = EDGE_CURVE('',#6373,#6362,#6381,.T.);
#6381 = LINE('',#6382,#6383);
#6382 = CARTESIAN_POINT('',(2.6,-1.,0.));
#6383 = VECTOR('',#6384,1.);
#6384 = DIRECTION('',(0.,-1.,0.));
#6385 = PLANE('',#6386);
#6386 = AXIS2_PLACEMENT_3D('',#6387,#6388,#6389);
#6387 = CARTESIAN_POINT('',(2.6,-1.4065,9.35E-02));
#6388 = DIRECTION('',(-1.,-0.,-0.));
#6389 = DIRECTION('',(0.,0.,-1.));
#6390 = ADVANCED_FACE('',(#6391),#6425,.T.);
#6391 = FACE_BOUND('',#6392,.T.);
#6392 = EDGE_LOOP('',(#6393,#6403,#6409,#6410,#6411,#6419));
#6393 = ORIENTED_EDGE('',*,*,#6394,.T.);
#6394 = EDGE_CURVE('',#6395,#6397,#6399,.T.);
#6395 = VERTEX_POINT('',#6396);
#6396 = CARTESIAN_POINT('',(3.4,-1.8,0.));
#6397 = VERTEX_POINT('',#6398);
#6398 = CARTESIAN_POINT('',(3.4,-1.8,0.2));
#6399 = LINE('',#6400,#6401);
#6400 = CARTESIAN_POINT('',(3.4,-1.8,0.));
#6401 = VECTOR('',#6402,1.);
#6402 = DIRECTION('',(0.,0.,1.));
#6403 = ORIENTED_EDGE('',*,*,#6404,.T.);
#6404 = EDGE_CURVE('',#6397,#4098,#6405,.T.);
#6405 = LINE('',#6406,#6407);
#6406 = CARTESIAN_POINT('',(3.4,-1.8,0.2));
#6407 = VECTOR('',#6408,1.);
#6408 = DIRECTION('',(0.,1.,0.));
#6409 = ORIENTED_EDGE('',*,*,#4105,.T.);
#6410 = ORIENTED_EDGE('',*,*,#5135,.T.);
#6411 = ORIENTED_EDGE('',*,*,#6412,.T.);
#6412 = EDGE_CURVE('',#5136,#6413,#6415,.T.);
#6413 = VERTEX_POINT('',#6414);
#6414 = CARTESIAN_POINT('',(3.4,-1.,0.));
#6415 = LINE('',#6416,#6417);
#6416 = CARTESIAN_POINT('',(3.4,-1.,7.E-02));
#6417 = VECTOR('',#6418,1.);
#6418 = DIRECTION('',(0.,0.,-1.));
#6419 = ORIENTED_EDGE('',*,*,#6420,.T.);
#6420 = EDGE_CURVE('',#6413,#6395,#6421,.T.);
#6421 = LINE('',#6422,#6423);
#6422 = CARTESIAN_POINT('',(3.4,-1.,0.));
#6423 = VECTOR('',#6424,1.);
#6424 = DIRECTION('',(0.,-1.,0.));
#6425 = PLANE('',#6426);
#6426 = AXIS2_PLACEMENT_3D('',#6427,#6428,#6429);
#6427 = CARTESIAN_POINT('',(3.4,-1.4065,9.35E-02));
#6428 = DIRECTION('',(-1.,-0.,-0.));
#6429 = DIRECTION('',(0.,0.,-1.));
#6430 = ADVANCED_FACE('',(#6431),#6449,.T.);
#6431 = FACE_BOUND('',#6432,.T.);
#6432 = EDGE_LOOP('',(#6433,#6441,#6447,#6448));
#6433 = ORIENTED_EDGE('',*,*,#6434,.T.);
#6434 = EDGE_CURVE('',#6397,#6435,#6437,.T.);
#6435 = VERTEX_POINT('',#6436);
#6436 = CARTESIAN_POINT('',(3.6,-1.8,0.2));
#6437 = LINE('',#6438,#6439);
#6438 = CARTESIAN_POINT('',(3.4,-1.8,0.2));
#6439 = VECTOR('',#6440,1.);
#6440 = DIRECTION('',(1.,0.,0.));
#6441 = ORIENTED_EDGE('',*,*,#6442,.T.);
#6442 = EDGE_CURVE('',#6435,#4090,#6443,.T.);
#6443 = LINE('',#6444,#6445);
#6444 = CARTESIAN_POINT('',(3.6,-1.8,0.2));
#6445 = VECTOR('',#6446,1.);
#6446 = DIRECTION('',(0.,1.,0.));
#6447 = ORIENTED_EDGE('',*,*,#4097,.F.);
#6448 = ORIENTED_EDGE('',*,*,#6404,.F.);
#6449 = PLANE('',#6450);
#6450 = AXIS2_PLACEMENT_3D('',#6451,#6452,#6453);
#6451 = CARTESIAN_POINT('',(3.4,-1.8,0.2));
#6452 = DIRECTION('',(0.,0.,1.));
#6453 = DIRECTION('',(0.,1.,0.));
#6454 = ADVANCED_FACE('',(#6455),#6482,.F.);
#6455 = FACE_BOUND('',#6456,.F.);
#6456 = EDGE_LOOP('',(#6457,#6465,#6466,#6467,#6468,#6476));
#6457 = ORIENTED_EDGE('',*,*,#6458,.T.);
#6458 = EDGE_CURVE('',#6459,#6435,#6461,.T.);
#6459 = VERTEX_POINT('',#6460);
#6460 = CARTESIAN_POINT('',(3.6,-1.8,0.));
#6461 = LINE('',#6462,#6463);
#6462 = CARTESIAN_POINT('',(3.6,-1.8,0.));
#6463 = VECTOR('',#6464,1.);
#6464 = DIRECTION('',(0.,0.,1.));
#6465 = ORIENTED_EDGE('',*,*,#6442,.T.);
#6466 = ORIENTED_EDGE('',*,*,#4089,.T.);
#6467 = ORIENTED_EDGE('',*,*,#5151,.T.);
#6468 = ORIENTED_EDGE('',*,*,#6469,.T.);
#6469 = EDGE_CURVE('',#5144,#6470,#6472,.T.);
#6470 = VERTEX_POINT('',#6471);
#6471 = CARTESIAN_POINT('',(3.6,-1.,0.));
#6472 = LINE('',#6473,#6474);
#6473 = CARTESIAN_POINT('',(3.6,-1.,7.E-02));
#6474 = VECTOR('',#6475,1.);
#6475 = DIRECTION('',(0.,0.,-1.));
#6476 = ORIENTED_EDGE('',*,*,#6477,.T.);
#6477 = EDGE_CURVE('',#6470,#6459,#6478,.T.);
#6478 = LINE('',#6479,#6480);
#6479 = CARTESIAN_POINT('',(3.6,-1.,0.));
#6480 = VECTOR('',#6481,1.);
#6481 = DIRECTION('',(0.,-1.,0.));
#6482 = PLANE('',#6483);
#6483 = AXIS2_PLACEMENT_3D('',#6484,#6485,#6486);
#6484 = CARTESIAN_POINT('',(3.6,-1.4065,9.35E-02));
#6485 = DIRECTION('',(-1.,-0.,-0.));
#6486 = DIRECTION('',(0.,0.,-1.));
#6487 = ADVANCED_FACE('',(#6488),#6522,.T.);
#6488 = FACE_BOUND('',#6489,.T.);
#6489 = EDGE_LOOP('',(#6490,#6500,#6506,#6507,#6508,#6516));
#6490 = ORIENTED_EDGE('',*,*,#6491,.T.);
#6491 = EDGE_CURVE('',#6492,#6494,#6496,.T.);
#6492 = VERTEX_POINT('',#6493);
#6493 = CARTESIAN_POINT('',(4.4,-1.8,0.));
#6494 = VERTEX_POINT('',#6495);
#6495 = CARTESIAN_POINT('',(4.4,-1.8,0.2));
#6496 = LINE('',#6497,#6498);
#6497 = CARTESIAN_POINT('',(4.4,-1.8,0.));
#6498 = VECTOR('',#6499,1.);
#6499 = DIRECTION('',(0.,0.,1.));
#6500 = ORIENTED_EDGE('',*,*,#6501,.T.);
#6501 = EDGE_CURVE('',#6494,#4066,#6502,.T.);
#6502 = LINE('',#6503,#6504);
#6503 = CARTESIAN_POINT('',(4.4,-1.8,0.2));
#6504 = VECTOR('',#6505,1.);
#6505 = DIRECTION('',(0.,1.,0.));
#6506 = ORIENTED_EDGE('',*,*,#4073,.T.);
#6507 = ORIENTED_EDGE('',*,*,#5158,.T.);
#6508 = ORIENTED_EDGE('',*,*,#6509,.T.);
#6509 = EDGE_CURVE('',#5159,#6510,#6512,.T.);
#6510 = VERTEX_POINT('',#6511);
#6511 = CARTESIAN_POINT('',(4.4,-1.,0.));
#6512 = LINE('',#6513,#6514);
#6513 = CARTESIAN_POINT('',(4.4,-1.,7.E-02));
#6514 = VECTOR('',#6515,1.);
#6515 = DIRECTION('',(0.,0.,-1.));
#6516 = ORIENTED_EDGE('',*,*,#6517,.T.);
#6517 = EDGE_CURVE('',#6510,#6492,#6518,.T.);
#6518 = LINE('',#6519,#6520);
#6519 = CARTESIAN_POINT('',(4.4,-1.,0.));
#6520 = VECTOR('',#6521,1.);
#6521 = DIRECTION('',(0.,-1.,0.));
#6522 = PLANE('',#6523);
#6523 = AXIS2_PLACEMENT_3D('',#6524,#6525,#6526);
#6524 = CARTESIAN_POINT('',(4.4,-1.4065,9.35E-02));
#6525 = DIRECTION('',(-1.,-0.,-0.));
#6526 = DIRECTION('',(0.,0.,-1.));
#6527 = ADVANCED_FACE('',(#6528),#6546,.T.);
#6528 = FACE_BOUND('',#6529,.T.);
#6529 = EDGE_LOOP('',(#6530,#6538,#6544,#6545));
#6530 = ORIENTED_EDGE('',*,*,#6531,.T.);
#6531 = EDGE_CURVE('',#6494,#6532,#6534,.T.);
#6532 = VERTEX_POINT('',#6533);
#6533 = CARTESIAN_POINT('',(4.6,-1.8,0.2));
#6534 = LINE('',#6535,#6536);
#6535 = CARTESIAN_POINT('',(4.4,-1.8,0.2));
#6536 = VECTOR('',#6537,1.);
#6537 = DIRECTION('',(1.,0.,0.));
#6538 = ORIENTED_EDGE('',*,*,#6539,.T.);
#6539 = EDGE_CURVE('',#6532,#4058,#6540,.T.);
#6540 = LINE('',#6541,#6542);
#6541 = CARTESIAN_POINT('',(4.6,-1.8,0.2));
#6542 = VECTOR('',#6543,1.);
#6543 = DIRECTION('',(0.,1.,0.));
#6544 = ORIENTED_EDGE('',*,*,#4065,.F.);
#6545 = ORIENTED_EDGE('',*,*,#6501,.F.);
#6546 = PLANE('',#6547);
#6547 = AXIS2_PLACEMENT_3D('',#6548,#6549,#6550);
#6548 = CARTESIAN_POINT('',(4.4,-1.8,0.2));
#6549 = DIRECTION('',(0.,0.,1.));
#6550 = DIRECTION('',(0.,1.,0.));
#6551 = ADVANCED_FACE('',(#6552),#6579,.F.);
#6552 = FACE_BOUND('',#6553,.F.);
#6553 = EDGE_LOOP('',(#6554,#6562,#6563,#6564,#6565,#6573));
#6554 = ORIENTED_EDGE('',*,*,#6555,.T.);
#6555 = EDGE_CURVE('',#6556,#6532,#6558,.T.);
#6556 = VERTEX_POINT('',#6557);
#6557 = CARTESIAN_POINT('',(4.6,-1.8,0.));
#6558 = LINE('',#6559,#6560);
#6559 = CARTESIAN_POINT('',(4.6,-1.8,0.));
#6560 = VECTOR('',#6561,1.);
#6561 = DIRECTION('',(0.,0.,1.));
#6562 = ORIENTED_EDGE('',*,*,#6539,.T.);
#6563 = ORIENTED_EDGE('',*,*,#4057,.T.);
#6564 = ORIENTED_EDGE('',*,*,#5174,.T.);
#6565 = ORIENTED_EDGE('',*,*,#6566,.T.);
#6566 = EDGE_CURVE('',#5167,#6567,#6569,.T.);
#6567 = VERTEX_POINT('',#6568);
#6568 = CARTESIAN_POINT('',(4.6,-1.,0.));
#6569 = LINE('',#6570,#6571);
#6570 = CARTESIAN_POINT('',(4.6,-1.,7.E-02));
#6571 = VECTOR('',#6572,1.);
#6572 = DIRECTION('',(0.,0.,-1.));
#6573 = ORIENTED_EDGE('',*,*,#6574,.T.);
#6574 = EDGE_CURVE('',#6567,#6556,#6575,.T.);
#6575 = LINE('',#6576,#6577);
#6576 = CARTESIAN_POINT('',(4.6,-1.,0.));
#6577 = VECTOR('',#6578,1.);
#6578 = DIRECTION('',(0.,-1.,0.));
#6579 = PLANE('',#6580);
#6580 = AXIS2_PLACEMENT_3D('',#6581,#6582,#6583);
#6581 = CARTESIAN_POINT('',(4.6,-1.4065,9.35E-02));
#6582 = DIRECTION('',(-1.,-0.,-0.));
#6583 = DIRECTION('',(0.,0.,-1.));
#6584 = ADVANCED_FACE('',(#6585),#6619,.T.);
#6585 = FACE_BOUND('',#6586,.T.);
#6586 = EDGE_LOOP('',(#6587,#6597,#6603,#6604,#6605,#6613));
#6587 = ORIENTED_EDGE('',*,*,#6588,.T.);
#6588 = EDGE_CURVE('',#6589,#6591,#6593,.T.);
#6589 = VERTEX_POINT('',#6590);
#6590 = CARTESIAN_POINT('',(5.4,-1.8,0.));
#6591 = VERTEX_POINT('',#6592);
#6592 = CARTESIAN_POINT('',(5.4,-1.8,0.2));
#6593 = LINE('',#6594,#6595);
#6594 = CARTESIAN_POINT('',(5.4,-1.8,0.));
#6595 = VECTOR('',#6596,1.);
#6596 = DIRECTION('',(0.,0.,1.));
#6597 = ORIENTED_EDGE('',*,*,#6598,.T.);
#6598 = EDGE_CURVE('',#6591,#4034,#6599,.T.);
#6599 = LINE('',#6600,#6601);
#6600 = CARTESIAN_POINT('',(5.4,-1.8,0.2));
#6601 = VECTOR('',#6602,1.);
#6602 = DIRECTION('',(0.,1.,0.));
#6603 = ORIENTED_EDGE('',*,*,#4041,.T.);
#6604 = ORIENTED_EDGE('',*,*,#5181,.T.);
#6605 = ORIENTED_EDGE('',*,*,#6606,.T.);
#6606 = EDGE_CURVE('',#5182,#6607,#6609,.T.);
#6607 = VERTEX_POINT('',#6608);
#6608 = CARTESIAN_POINT('',(5.4,-1.,0.));
#6609 = LINE('',#6610,#6611);
#6610 = CARTESIAN_POINT('',(5.4,-1.,7.E-02));
#6611 = VECTOR('',#6612,1.);
#6612 = DIRECTION('',(0.,0.,-1.));
#6613 = ORIENTED_EDGE('',*,*,#6614,.T.);
#6614 = EDGE_CURVE('',#6607,#6589,#6615,.T.);
#6615 = LINE('',#6616,#6617);
#6616 = CARTESIAN_POINT('',(5.4,-1.,0.));
#6617 = VECTOR('',#6618,1.);
#6618 = DIRECTION('',(0.,-1.,0.));
#6619 = PLANE('',#6620);
#6620 = AXIS2_PLACEMENT_3D('',#6621,#6622,#6623);
#6621 = CARTESIAN_POINT('',(5.4,-1.4065,9.35E-02));
#6622 = DIRECTION('',(-1.,-0.,-0.));
#6623 = DIRECTION('',(0.,0.,-1.));
#6624 = ADVANCED_FACE('',(#6625),#6643,.T.);
#6625 = FACE_BOUND('',#6626,.T.);
#6626 = EDGE_LOOP('',(#6627,#6635,#6641,#6642));
#6627 = ORIENTED_EDGE('',*,*,#6628,.T.);
#6628 = EDGE_CURVE('',#6591,#6629,#6631,.T.);
#6629 = VERTEX_POINT('',#6630);
#6630 = CARTESIAN_POINT('',(5.6,-1.8,0.2));
#6631 = LINE('',#6632,#6633);
#6632 = CARTESIAN_POINT('',(5.4,-1.8,0.2));
#6633 = VECTOR('',#6634,1.);
#6634 = DIRECTION('',(1.,0.,0.));
#6635 = ORIENTED_EDGE('',*,*,#6636,.T.);
#6636 = EDGE_CURVE('',#6629,#4026,#6637,.T.);
#6637 = LINE('',#6638,#6639);
#6638 = CARTESIAN_POINT('',(5.6,-1.8,0.2));
#6639 = VECTOR('',#6640,1.);
#6640 = DIRECTION('',(0.,1.,0.));
#6641 = ORIENTED_EDGE('',*,*,#4033,.F.);
#6642 = ORIENTED_EDGE('',*,*,#6598,.F.);
#6643 = PLANE('',#6644);
#6644 = AXIS2_PLACEMENT_3D('',#6645,#6646,#6647);
#6645 = CARTESIAN_POINT('',(5.4,-1.8,0.2));
#6646 = DIRECTION('',(0.,0.,1.));
#6647 = DIRECTION('',(0.,1.,0.));
#6648 = ADVANCED_FACE('',(#6649),#6676,.F.);
#6649 = FACE_BOUND('',#6650,.F.);
#6650 = EDGE_LOOP('',(#6651,#6659,#6660,#6661,#6662,#6670));
#6651 = ORIENTED_EDGE('',*,*,#6652,.T.);
#6652 = EDGE_CURVE('',#6653,#6629,#6655,.T.);
#6653 = VERTEX_POINT('',#6654);
#6654 = CARTESIAN_POINT('',(5.6,-1.8,0.));
#6655 = LINE('',#6656,#6657);
#6656 = CARTESIAN_POINT('',(5.6,-1.8,0.));
#6657 = VECTOR('',#6658,1.);
#6658 = DIRECTION('',(0.,0.,1.));
#6659 = ORIENTED_EDGE('',*,*,#6636,.T.);
#6660 = ORIENTED_EDGE('',*,*,#4025,.T.);
#6661 = ORIENTED_EDGE('',*,*,#5197,.T.);
#6662 = ORIENTED_EDGE('',*,*,#6663,.T.);
#6663 = EDGE_CURVE('',#5190,#6664,#6666,.T.);
#6664 = VERTEX_POINT('',#6665);
#6665 = CARTESIAN_POINT('',(5.6,-1.,0.));
#6666 = LINE('',#6667,#6668);
#6667 = CARTESIAN_POINT('',(5.6,-1.,7.E-02));
#6668 = VECTOR('',#6669,1.);
#6669 = DIRECTION('',(0.,0.,-1.));
#6670 = ORIENTED_EDGE('',*,*,#6671,.T.);
#6671 = EDGE_CURVE('',#6664,#6653,#6672,.T.);
#6672 = LINE('',#6673,#6674);
#6673 = CARTESIAN_POINT('',(5.6,-1.,0.));
#6674 = VECTOR('',#6675,1.);
#6675 = DIRECTION('',(0.,-1.,0.));
#6676 = PLANE('',#6677);
#6677 = AXIS2_PLACEMENT_3D('',#6678,#6679,#6680);
#6678 = CARTESIAN_POINT('',(5.6,-1.4065,9.35E-02));
#6679 = DIRECTION('',(-1.,-0.,-0.));
#6680 = DIRECTION('',(0.,0.,-1.));
#6681 = ADVANCED_FACE('',(#6682),#6716,.T.);
#6682 = FACE_BOUND('',#6683,.T.);
#6683 = EDGE_LOOP('',(#6684,#6694,#6700,#6701,#6702,#6710));
#6684 = ORIENTED_EDGE('',*,*,#6685,.T.);
#6685 = EDGE_CURVE('',#6686,#6688,#6690,.T.);
#6686 = VERTEX_POINT('',#6687);
#6687 = CARTESIAN_POINT('',(6.4,-1.8,0.));
#6688 = VERTEX_POINT('',#6689);
#6689 = CARTESIAN_POINT('',(6.4,-1.8,0.2));
#6690 = LINE('',#6691,#6692);
#6691 = CARTESIAN_POINT('',(6.4,-1.8,0.));
#6692 = VECTOR('',#6693,1.);
#6693 = DIRECTION('',(0.,0.,1.));
#6694 = ORIENTED_EDGE('',*,*,#6695,.T.);
#6695 = EDGE_CURVE('',#6688,#4002,#6696,.T.);
#6696 = LINE('',#6697,#6698);
#6697 = CARTESIAN_POINT('',(6.4,-1.8,0.2));
#6698 = VECTOR('',#6699,1.);
#6699 = DIRECTION('',(0.,1.,0.));
#6700 = ORIENTED_EDGE('',*,*,#4009,.T.);
#6701 = ORIENTED_EDGE('',*,*,#5204,.T.);
#6702 = ORIENTED_EDGE('',*,*,#6703,.T.);
#6703 = EDGE_CURVE('',#5205,#6704,#6706,.T.);
#6704 = VERTEX_POINT('',#6705);
#6705 = CARTESIAN_POINT('',(6.4,-1.,0.));
#6706 = LINE('',#6707,#6708);
#6707 = CARTESIAN_POINT('',(6.4,-1.,7.E-02));
#6708 = VECTOR('',#6709,1.);
#6709 = DIRECTION('',(0.,0.,-1.));
#6710 = ORIENTED_EDGE('',*,*,#6711,.T.);
#6711 = EDGE_CURVE('',#6704,#6686,#6712,.T.);
#6712 = LINE('',#6713,#6714);
#6713 = CARTESIAN_POINT('',(6.4,-1.,0.));
#6714 = VECTOR('',#6715,1.);
#6715 = DIRECTION('',(0.,-1.,0.));
#6716 = PLANE('',#6717);
#6717 = AXIS2_PLACEMENT_3D('',#6718,#6719,#6720);
#6718 = CARTESIAN_POINT('',(6.4,-1.4065,9.35E-02));
#6719 = DIRECTION('',(-1.,-0.,-0.));
#6720 = DIRECTION('',(0.,0.,-1.));
#6721 = ADVANCED_FACE('',(#6722),#6740,.T.);
#6722 = FACE_BOUND('',#6723,.T.);
#6723 = EDGE_LOOP('',(#6724,#6732,#6738,#6739));
#6724 = ORIENTED_EDGE('',*,*,#6725,.T.);
#6725 = EDGE_CURVE('',#6688,#6726,#6728,.T.);
#6726 = VERTEX_POINT('',#6727);
#6727 = CARTESIAN_POINT('',(6.6,-1.8,0.2));
#6728 = LINE('',#6729,#6730);
#6729 = CARTESIAN_POINT('',(6.4,-1.8,0.2));
#6730 = VECTOR('',#6731,1.);
#6731 = DIRECTION('',(1.,0.,0.));
#6732 = ORIENTED_EDGE('',*,*,#6733,.T.);
#6733 = EDGE_CURVE('',#6726,#3994,#6734,.T.);
#6734 = LINE('',#6735,#6736);
#6735 = CARTESIAN_POINT('',(6.6,-1.8,0.2));
#6736 = VECTOR('',#6737,1.);
#6737 = DIRECTION('',(0.,1.,0.));
#6738 = ORIENTED_EDGE('',*,*,#4001,.F.);
#6739 = ORIENTED_EDGE('',*,*,#6695,.F.);
#6740 = PLANE('',#6741);
#6741 = AXIS2_PLACEMENT_3D('',#6742,#6743,#6744);
#6742 = CARTESIAN_POINT('',(6.4,-1.8,0.2));
#6743 = DIRECTION('',(0.,0.,1.));
#6744 = DIRECTION('',(0.,1.,0.));
#6745 = ADVANCED_FACE('',(#6746),#6773,.F.);
#6746 = FACE_BOUND('',#6747,.F.);
#6747 = EDGE_LOOP('',(#6748,#6756,#6757,#6758,#6759,#6767));
#6748 = ORIENTED_EDGE('',*,*,#6749,.T.);
#6749 = EDGE_CURVE('',#6750,#6726,#6752,.T.);
#6750 = VERTEX_POINT('',#6751);
#6751 = CARTESIAN_POINT('',(6.6,-1.8,0.));
#6752 = LINE('',#6753,#6754);
#6753 = CARTESIAN_POINT('',(6.6,-1.8,0.));
#6754 = VECTOR('',#6755,1.);
#6755 = DIRECTION('',(0.,0.,1.));
#6756 = ORIENTED_EDGE('',*,*,#6733,.T.);
#6757 = ORIENTED_EDGE('',*,*,#3993,.T.);
#6758 = ORIENTED_EDGE('',*,*,#5220,.T.);
#6759 = ORIENTED_EDGE('',*,*,#6760,.T.);
#6760 = EDGE_CURVE('',#5213,#6761,#6763,.T.);
#6761 = VERTEX_POINT('',#6762);
#6762 = CARTESIAN_POINT('',(6.6,-1.,0.));
#6763 = LINE('',#6764,#6765);
#6764 = CARTESIAN_POINT('',(6.6,-1.,7.E-02));
#6765 = VECTOR('',#6766,1.);
#6766 = DIRECTION('',(0.,0.,-1.));
#6767 = ORIENTED_EDGE('',*,*,#6768,.T.);
#6768 = EDGE_CURVE('',#6761,#6750,#6769,.T.);
#6769 = LINE('',#6770,#6771);
#6770 = CARTESIAN_POINT('',(6.6,-1.,0.));
#6771 = VECTOR('',#6772,1.);
#6772 = DIRECTION('',(0.,-1.,0.));
#6773 = PLANE('',#6774);
#6774 = AXIS2_PLACEMENT_3D('',#6775,#6776,#6777);
#6775 = CARTESIAN_POINT('',(6.6,-1.4065,9.35E-02));
#6776 = DIRECTION('',(-1.,-0.,-0.));
#6777 = DIRECTION('',(0.,0.,-1.));
#6778 = ADVANCED_FACE('',(#6779),#6790,.F.);
#6779 = FACE_BOUND('',#6780,.F.);
#6780 = EDGE_LOOP('',(#6781,#6782,#6783,#6789));
#6781 = ORIENTED_EDGE('',*,*,#4599,.T.);
#6782 = ORIENTED_EDGE('',*,*,#5315,.T.);
#6783 = ORIENTED_EDGE('',*,*,#6784,.F.);
#6784 = EDGE_CURVE('',#5379,#5316,#6785,.T.);
#6785 = LINE('',#6786,#6787);
#6786 = CARTESIAN_POINT('',(7.5,0.1,3.82));
#6787 = VECTOR('',#6788,1.);
#6788 = DIRECTION('',(1.,0.,0.));
#6789 = ORIENTED_EDGE('',*,*,#5378,.F.);
#6790 = PLANE('',#6791);
#6791 = AXIS2_PLACEMENT_3D('',#6792,#6793,#6794);
#6792 = CARTESIAN_POINT('',(7.5,0.1,4.32));
#6793 = DIRECTION('',(0.,1.,0.));
#6794 = DIRECTION('',(0.,0.,-1.));
#6795 = ADVANCED_FACE('',(#6796),#6844,.F.);
#6796 = FACE_BOUND('',#6797,.F.);
#6797 = EDGE_LOOP('',(#6798,#6799,#6807,#6815,#6821,#6822,#6830,#6838));
#6798 = ORIENTED_EDGE('',*,*,#4623,.F.);
#6799 = ORIENTED_EDGE('',*,*,#6800,.T.);
#6800 = EDGE_CURVE('',#4624,#6801,#6803,.T.);
#6801 = VERTEX_POINT('',#6802);
#6802 = CARTESIAN_POINT('',(7.2,-0.7,1.32));
#6803 = LINE('',#6804,#6805);
#6804 = CARTESIAN_POINT('',(7.2,-0.7,4.32));
#6805 = VECTOR('',#6806,1.);
#6806 = DIRECTION('',(-0.,-0.,-1.));
#6807 = ORIENTED_EDGE('',*,*,#6808,.T.);
#6808 = EDGE_CURVE('',#6801,#6809,#6811,.T.);
#6809 = VERTEX_POINT('',#6810);
#6810 = CARTESIAN_POINT('',(7.2,1.4,1.32));
#6811 = LINE('',#6812,#6813);
#6812 = CARTESIAN_POINT('',(7.2,-0.7,1.32));
#6813 = VECTOR('',#6814,1.);
#6814 = DIRECTION('',(0.,1.,0.));
#6815 = ORIENTED_EDGE('',*,*,#6816,.F.);
#6816 = EDGE_CURVE('',#4682,#6809,#6817,.T.);
#6817 = LINE('',#6818,#6819);
#6818 = CARTESIAN_POINT('',(7.2,1.4,4.32));
#6819 = VECTOR('',#6820,1.);
#6820 = DIRECTION('',(-0.,-0.,-1.));
#6821 = ORIENTED_EDGE('',*,*,#4689,.F.);
#6822 = ORIENTED_EDGE('',*,*,#6823,.F.);
#6823 = EDGE_CURVE('',#6824,#4690,#6826,.T.);
#6824 = VERTEX_POINT('',#6825);
#6825 = CARTESIAN_POINT('',(7.2,0.9,1.92));
#6826 = LINE('',#6827,#6828);
#6827 = CARTESIAN_POINT('',(7.2,0.9,4.32));
#6828 = VECTOR('',#6829,1.);
#6829 = DIRECTION('',(0.,0.,1.));
#6830 = ORIENTED_EDGE('',*,*,#6831,.T.);
#6831 = EDGE_CURVE('',#6824,#6832,#6834,.T.);
#6832 = VERTEX_POINT('',#6833);
#6833 = CARTESIAN_POINT('',(7.2,0.3,1.92));
#6834 = LINE('',#6835,#6836);
#6835 = CARTESIAN_POINT('',(7.2,-5.E-02,1.92));
#6836 = VECTOR('',#6837,1.);
#6837 = DIRECTION('',(0.,-1.,0.));
#6838 = ORIENTED_EDGE('',*,*,#6839,.F.);
#6839 = EDGE_CURVE('',#4626,#6832,#6840,.T.);
#6840 = LINE('',#6841,#6842);
#6841 = CARTESIAN_POINT('',(7.2,0.3,4.32));
#6842 = VECTOR('',#6843,1.);
#6843 = DIRECTION('',(0.,0.,-1.));
#6844 = PLANE('',#6845);
#6845 = AXIS2_PLACEMENT_3D('',#6846,#6847,#6848);
#6846 = CARTESIAN_POINT('',(7.2,-0.7,4.32));
#6847 = DIRECTION('',(1.,0.,0.));
#6848 = DIRECTION('',(-0.,1.,0.));
#6849 = ADVANCED_FACE('',(#6850),#6868,.F.);
#6850 = FACE_BOUND('',#6851,.F.);
#6851 = EDGE_LOOP('',(#6852,#6853,#6854,#6862));
#6852 = ORIENTED_EDGE('',*,*,#4713,.F.);
#6853 = ORIENTED_EDGE('',*,*,#6839,.T.);
#6854 = ORIENTED_EDGE('',*,*,#6855,.T.);
#6855 = EDGE_CURVE('',#6832,#6856,#6858,.T.);
#6856 = VERTEX_POINT('',#6857);
#6857 = CARTESIAN_POINT('',(7.55,0.3,1.92));
#6858 = LINE('',#6859,#6860);
#6859 = CARTESIAN_POINT('',(-7.55,0.3,1.92));
#6860 = VECTOR('',#6861,1.);
#6861 = DIRECTION('',(1.,0.,0.));
#6862 = ORIENTED_EDGE('',*,*,#6863,.F.);
#6863 = EDGE_CURVE('',#4706,#6856,#6864,.T.);
#6864 = LINE('',#6865,#6866);
#6865 = CARTESIAN_POINT('',(7.55,0.3,4.32));
#6866 = VECTOR('',#6867,1.);
#6867 = DIRECTION('',(-0.,-0.,-1.));
#6868 = PLANE('',#6869);
#6869 = AXIS2_PLACEMENT_3D('',#6870,#6871,#6872);
#6870 = CARTESIAN_POINT('',(-7.55,0.3,4.32));
#6871 = DIRECTION('',(0.,-1.,0.));
#6872 = DIRECTION('',(1.,0.,0.));
#6873 = ADVANCED_FACE('',(#6874),#6892,.F.);
#6874 = FACE_BOUND('',#6875,.F.);
#6875 = EDGE_LOOP('',(#6876,#6877,#6885,#6891));
#6876 = ORIENTED_EDGE('',*,*,#6863,.T.);
#6877 = ORIENTED_EDGE('',*,*,#6878,.T.);
#6878 = EDGE_CURVE('',#6856,#6879,#6881,.T.);
#6879 = VERTEX_POINT('',#6880);
#6880 = CARTESIAN_POINT('',(7.55,0.9,1.92));
#6881 = LINE('',#6882,#6883);
#6882 = CARTESIAN_POINT('',(7.55,0.3,1.92));
#6883 = VECTOR('',#6884,1.);
#6884 = DIRECTION('',(0.,1.,0.));
#6885 = ORIENTED_EDGE('',*,*,#6886,.F.);
#6886 = EDGE_CURVE('',#4698,#6879,#6887,.T.);
#6887 = LINE('',#6888,#6889);
#6888 = CARTESIAN_POINT('',(7.55,0.9,4.32));
#6889 = VECTOR('',#6890,1.);
#6890 = DIRECTION('',(-0.,-0.,-1.));
#6891 = ORIENTED_EDGE('',*,*,#4705,.F.);
#6892 = PLANE('',#6893);
#6893 = AXIS2_PLACEMENT_3D('',#6894,#6895,#6896);
#6894 = CARTESIAN_POINT('',(7.55,0.3,4.32));
#6895 = DIRECTION('',(1.,0.,0.));
#6896 = DIRECTION('',(-0.,1.,0.));
#6897 = ADVANCED_FACE('',(#6898),#6909,.F.);
#6898 = FACE_BOUND('',#6899,.F.);
#6899 = EDGE_LOOP('',(#6900,#6901,#6902,#6908));
#6900 = ORIENTED_EDGE('',*,*,#4697,.F.);
#6901 = ORIENTED_EDGE('',*,*,#6886,.T.);
#6902 = ORIENTED_EDGE('',*,*,#6903,.T.);
#6903 = EDGE_CURVE('',#6879,#6824,#6904,.T.);
#6904 = LINE('',#6905,#6906);
#6905 = CARTESIAN_POINT('',(7.55,0.9,1.92));
#6906 = VECTOR('',#6907,1.);
#6907 = DIRECTION('',(-1.,0.,0.));
#6908 = ORIENTED_EDGE('',*,*,#6823,.T.);
#6909 = PLANE('',#6910);
#6910 = AXIS2_PLACEMENT_3D('',#6911,#6912,#6913);
#6911 = CARTESIAN_POINT('',(7.55,0.9,4.32));
#6912 = DIRECTION('',(0.,1.,0.));
#6913 = DIRECTION('',(-1.,0.,0.));
#6914 = ADVANCED_FACE('',(#6915),#6933,.F.);
#6915 = FACE_BOUND('',#6916,.F.);
#6916 = EDGE_LOOP('',(#6917,#6918,#6926,#6932));
#6917 = ORIENTED_EDGE('',*,*,#6816,.T.);
#6918 = ORIENTED_EDGE('',*,*,#6919,.T.);
#6919 = EDGE_CURVE('',#6809,#6920,#6922,.T.);
#6920 = VERTEX_POINT('',#6921);
#6921 = CARTESIAN_POINT('',(-7.2,1.4,1.32));
#6922 = LINE('',#6923,#6924);
#6923 = CARTESIAN_POINT('',(7.2,1.4,1.32));
#6924 = VECTOR('',#6925,1.);
#6925 = DIRECTION('',(-1.,0.,0.));
#6926 = ORIENTED_EDGE('',*,*,#6927,.F.);
#6927 = EDGE_CURVE('',#4674,#6920,#6928,.T.);
#6928 = LINE('',#6929,#6930);
#6929 = CARTESIAN_POINT('',(-7.2,1.4,4.32));
#6930 = VECTOR('',#6931,1.);
#6931 = DIRECTION('',(-0.,-0.,-1.));
#6932 = ORIENTED_EDGE('',*,*,#4681,.F.);
#6933 = PLANE('',#6934);
#6934 = AXIS2_PLACEMENT_3D('',#6935,#6936,#6937);
#6935 = CARTESIAN_POINT('',(7.2,1.4,4.32));
#6936 = DIRECTION('',(0.,1.,0.));
#6937 = DIRECTION('',(-1.,0.,0.));
#6938 = ADVANCED_FACE('',(#6939),#6980,.F.);
#6939 = FACE_BOUND('',#6940,.F.);
#6940 = EDGE_LOOP('',(#6941,#6942,#6943,#6951,#6957,#6958,#6966,#6974));
#6941 = ORIENTED_EDGE('',*,*,#4673,.F.);
#6942 = ORIENTED_EDGE('',*,*,#6927,.T.);
#6943 = ORIENTED_EDGE('',*,*,#6944,.T.);
#6944 = EDGE_CURVE('',#6920,#6945,#6947,.T.);
#6945 = VERTEX_POINT('',#6946);
#6946 = CARTESIAN_POINT('',(-7.2,-0.7,1.32));
#6947 = LINE('',#6948,#6949);
#6948 = CARTESIAN_POINT('',(-7.2,1.4,1.32));
#6949 = VECTOR('',#6950,1.);
#6950 = DIRECTION('',(0.,-1.,0.));
#6951 = ORIENTED_EDGE('',*,*,#6952,.F.);
#6952 = EDGE_CURVE('',#4634,#6945,#6953,.T.);
#6953 = LINE('',#6954,#6955);
#6954 = CARTESIAN_POINT('',(-7.2,-0.7,4.32));
#6955 = VECTOR('',#6956,1.);
#6956 = DIRECTION('',(-0.,-0.,-1.));
#6957 = ORIENTED_EDGE('',*,*,#4641,.F.);
#6958 = ORIENTED_EDGE('',*,*,#6959,.F.);
#6959 = EDGE_CURVE('',#6960,#4642,#6962,.T.);
#6960 = VERTEX_POINT('',#6961);
#6961 = CARTESIAN_POINT('',(-7.2,0.3,1.92));
#6962 = LINE('',#6963,#6964);
#6963 = CARTESIAN_POINT('',(-7.2,0.3,4.32));
#6964 = VECTOR('',#6965,1.);
#6965 = DIRECTION('',(0.,0.,1.));
#6966 = ORIENTED_EDGE('',*,*,#6967,.T.);
#6967 = EDGE_CURVE('',#6960,#6968,#6970,.T.);
#6968 = VERTEX_POINT('',#6969);
#6969 = CARTESIAN_POINT('',(-7.2,0.9,1.92));
#6970 = LINE('',#6971,#6972);
#6971 = CARTESIAN_POINT('',(-7.2,1.,1.92));
#6972 = VECTOR('',#6973,1.);
#6973 = DIRECTION('',(0.,1.,0.));
#6974 = ORIENTED_EDGE('',*,*,#6975,.F.);
#6975 = EDGE_CURVE('',#4666,#6968,#6976,.T.);
#6976 = LINE('',#6977,#6978);
#6977 = CARTESIAN_POINT('',(-7.2,0.9,4.32));
#6978 = VECTOR('',#6979,1.);
#6979 = DIRECTION('',(0.,0.,-1.));
#6980 = PLANE('',#6981);
#6981 = AXIS2_PLACEMENT_3D('',#6982,#6983,#6984);
#6982 = CARTESIAN_POINT('',(-7.2,1.4,4.32));
#6983 = DIRECTION('',(-1.,0.,0.));
#6984 = DIRECTION('',(0.,-1.,0.));
#6985 = ADVANCED_FACE('',(#6986),#7004,.F.);
#6986 = FACE_BOUND('',#6987,.F.);
#6987 = EDGE_LOOP('',(#6988,#6989,#6990,#6998));
#6988 = ORIENTED_EDGE('',*,*,#4665,.F.);
#6989 = ORIENTED_EDGE('',*,*,#6975,.T.);
#6990 = ORIENTED_EDGE('',*,*,#6991,.T.);
#6991 = EDGE_CURVE('',#6968,#6992,#6994,.T.);
#6992 = VERTEX_POINT('',#6993);
#6993 = CARTESIAN_POINT('',(-7.55,0.9,1.92));
#6994 = LINE('',#6995,#6996);
#6995 = CARTESIAN_POINT('',(7.55,0.9,1.92));
#6996 = VECTOR('',#6997,1.);
#6997 = DIRECTION('',(-1.,0.,0.));
#6998 = ORIENTED_EDGE('',*,*,#6999,.F.);
#6999 = EDGE_CURVE('',#4658,#6992,#7000,.T.);
#7000 = LINE('',#7001,#7002);
#7001 = CARTESIAN_POINT('',(-7.55,0.9,4.32));
#7002 = VECTOR('',#7003,1.);
#7003 = DIRECTION('',(-0.,-0.,-1.));
#7004 = PLANE('',#7005);
#7005 = AXIS2_PLACEMENT_3D('',#7006,#7007,#7008);
#7006 = CARTESIAN_POINT('',(7.55,0.9,4.32));
#7007 = DIRECTION('',(0.,1.,0.));
#7008 = DIRECTION('',(-1.,0.,0.));
#7009 = ADVANCED_FACE('',(#7010),#7028,.F.);
#7010 = FACE_BOUND('',#7011,.F.);
#7011 = EDGE_LOOP('',(#7012,#7013,#7021,#7027));
#7012 = ORIENTED_EDGE('',*,*,#6999,.T.);
#7013 = ORIENTED_EDGE('',*,*,#7014,.T.);
#7014 = EDGE_CURVE('',#6992,#7015,#7017,.T.);
#7015 = VERTEX_POINT('',#7016);
#7016 = CARTESIAN_POINT('',(-7.55,0.3,1.92));
#7017 = LINE('',#7018,#7019);
#7018 = CARTESIAN_POINT('',(-7.55,0.9,1.92));
#7019 = VECTOR('',#7020,1.);
#7020 = DIRECTION('',(0.,-1.,0.));
#7021 = ORIENTED_EDGE('',*,*,#7022,.F.);
#7022 = EDGE_CURVE('',#4650,#7015,#7023,.T.);
#7023 = LINE('',#7024,#7025);
#7024 = CARTESIAN_POINT('',(-7.55,0.3,4.32));
#7025 = VECTOR('',#7026,1.);
#7026 = DIRECTION('',(-0.,-0.,-1.));
#7027 = ORIENTED_EDGE('',*,*,#4657,.F.);
#7028 = PLANE('',#7029);
#7029 = AXIS2_PLACEMENT_3D('',#7030,#7031,#7032);
#7030 = CARTESIAN_POINT('',(-7.55,0.9,4.32));
#7031 = DIRECTION('',(-1.,0.,0.));
#7032 = DIRECTION('',(0.,-1.,0.));
#7033 = ADVANCED_FACE('',(#7034),#7045,.F.);
#7034 = FACE_BOUND('',#7035,.F.);
#7035 = EDGE_LOOP('',(#7036,#7037,#7038,#7044));
#7036 = ORIENTED_EDGE('',*,*,#4649,.F.);
#7037 = ORIENTED_EDGE('',*,*,#7022,.T.);
#7038 = ORIENTED_EDGE('',*,*,#7039,.T.);
#7039 = EDGE_CURVE('',#7015,#6960,#7040,.T.);
#7040 = LINE('',#7041,#7042);
#7041 = CARTESIAN_POINT('',(-7.55,0.3,1.92));
#7042 = VECTOR('',#7043,1.);
#7043 = DIRECTION('',(1.,0.,0.));
#7044 = ORIENTED_EDGE('',*,*,#6959,.T.);
#7045 = PLANE('',#7046);
#7046 = AXIS2_PLACEMENT_3D('',#7047,#7048,#7049);
#7047 = CARTESIAN_POINT('',(-7.55,0.3,4.32));
#7048 = DIRECTION('',(0.,-1.,0.));
#7049 = DIRECTION('',(1.,0.,0.));
#7050 = ADVANCED_FACE('',(#7051),#7062,.F.);
#7051 = FACE_BOUND('',#7052,.F.);
#7052 = EDGE_LOOP('',(#7053,#7054,#7060,#7061));
#7053 = ORIENTED_EDGE('',*,*,#6952,.T.);
#7054 = ORIENTED_EDGE('',*,*,#7055,.T.);
#7055 = EDGE_CURVE('',#6945,#6801,#7056,.T.);
#7056 = LINE('',#7057,#7058);
#7057 = CARTESIAN_POINT('',(-7.2,-0.7,1.32));
#7058 = VECTOR('',#7059,1.);
#7059 = DIRECTION('',(1.,0.,0.));
#7060 = ORIENTED_EDGE('',*,*,#6800,.F.);
#7061 = ORIENTED_EDGE('',*,*,#4633,.F.);
#7062 = PLANE('',#7063);
#7063 = AXIS2_PLACEMENT_3D('',#7064,#7065,#7066);
#7064 = CARTESIAN_POINT('',(-7.2,-0.7,4.32));
#7065 = DIRECTION('',(0.,-1.,0.));
#7066 = DIRECTION('',(1.,0.,0.));
#7067 = ADVANCED_FACE('',(#7068),#7085,.F.);
#7068 = FACE_BOUND('',#7069,.F.);
#7069 = EDGE_LOOP('',(#7070,#7071,#7079));
#7070 = ORIENTED_EDGE('',*,*,#4777,.T.);
#7071 = ORIENTED_EDGE('',*,*,#7072,.F.);
#7072 = EDGE_CURVE('',#7073,#4778,#7075,.T.);
#7073 = VERTEX_POINT('',#7074);
#7074 = CARTESIAN_POINT('',(7.5,1.3,1.27));
#7075 = LINE('',#7076,#7077);
#7076 = CARTESIAN_POINT('',(7.5,1.3,1.27));
#7077 = VECTOR('',#7078,1.);
#7078 = DIRECTION('',(0.,1.,0.));
#7079 = ORIENTED_EDGE('',*,*,#7080,.T.);
#7080 = EDGE_CURVE('',#7073,#4770,#7081,.T.);
#7081 = LINE('',#7082,#7083);
#7082 = CARTESIAN_POINT('',(7.5,1.3,1.27));
#7083 = VECTOR('',#7084,1.);
#7084 = DIRECTION('',(0.,0.865781720524,0.500421834463));
#7085 = PLANE('',#7086);
#7086 = AXIS2_PLACEMENT_3D('',#7087,#7088,#7089);
#7087 = CARTESIAN_POINT('',(7.5,1.2070284193,0.61712900941));
#7088 = DIRECTION('',(-1.,-0.,-0.));
#7089 = DIRECTION('',(0.,0.,-1.));
#7090 = ADVANCED_FACE('',(#7091),#7124,.T.);
#7091 = FACE_BOUND('',#7092,.T.);
#7092 = EDGE_LOOP('',(#7093,#7101,#7109,#7117,#7123));
#7093 = ORIENTED_EDGE('',*,*,#7094,.T.);
#7094 = EDGE_CURVE('',#4778,#7095,#7097,.T.);
#7095 = VERTEX_POINT('',#7096);
#7096 = CARTESIAN_POINT('',(7.7,1.8,1.27));
#7097 = LINE('',#7098,#7099);
#7098 = CARTESIAN_POINT('',(7.5,1.8,1.27));
#7099 = VECTOR('',#7100,1.);
#7100 = DIRECTION('',(1.,0.,0.));
#7101 = ORIENTED_EDGE('',*,*,#7102,.T.);
#7102 = EDGE_CURVE('',#7095,#7103,#7105,.T.);
#7103 = VERTEX_POINT('',#7104);
#7104 = CARTESIAN_POINT('',(7.7,1.8,2.E-02));
#7105 = LINE('',#7106,#7107);
#7106 = CARTESIAN_POINT('',(7.7,1.8,1.27));
#7107 = VECTOR('',#7108,1.);
#7108 = DIRECTION('',(0.,0.,-1.));
#7109 = ORIENTED_EDGE('',*,*,#7110,.F.);
#7110 = EDGE_CURVE('',#7111,#7103,#7113,.T.);
#7111 = VERTEX_POINT('',#7112);
#7112 = CARTESIAN_POINT('',(7.5,1.8,2.E-02));
#7113 = LINE('',#7114,#7115);
#7114 = CARTESIAN_POINT('',(7.5,1.8,2.E-02));
#7115 = VECTOR('',#7116,1.);
#7116 = DIRECTION('',(1.,0.,0.));
#7117 = ORIENTED_EDGE('',*,*,#7118,.F.);
#7118 = EDGE_CURVE('',#4730,#7111,#7119,.T.);
#7119 = LINE('',#7120,#7121);
#7120 = CARTESIAN_POINT('',(7.5,1.8,1.27));
#7121 = VECTOR('',#7122,1.);
#7122 = DIRECTION('',(0.,0.,-1.));
#7123 = ORIENTED_EDGE('',*,*,#4785,.F.);
#7124 = PLANE('',#7125);
#7125 = AXIS2_PLACEMENT_3D('',#7126,#7127,#7128);
#7126 = CARTESIAN_POINT('',(7.5,1.8,1.27));
#7127 = DIRECTION('',(0.,1.,0.));
#7128 = DIRECTION('',(0.,0.,-1.));
#7129 = ADVANCED_FACE('',(#7130),#7149,.F.);
#7130 = FACE_BOUND('',#7131,.F.);
#7131 = EDGE_LOOP('',(#7132,#7140,#7146,#7147,#7148));
#7132 = ORIENTED_EDGE('',*,*,#7133,.T.);
#7133 = EDGE_CURVE('',#7073,#7134,#7136,.T.);
#7134 = VERTEX_POINT('',#7135);
#7135 = CARTESIAN_POINT('',(7.7,1.3,1.27));
#7136 = LINE('',#7137,#7138);
#7137 = CARTESIAN_POINT('',(7.5,1.3,1.27));
#7138 = VECTOR('',#7139,1.);
#7139 = DIRECTION('',(1.,0.,0.));
#7140 = ORIENTED_EDGE('',*,*,#7141,.T.);
#7141 = EDGE_CURVE('',#7134,#5300,#7142,.T.);
#7142 = LINE('',#7143,#7144);
#7143 = CARTESIAN_POINT('',(7.5,1.3,1.27));
#7144 = VECTOR('',#7145,1.);
#7145 = DIRECTION('',(1.,0.,0.));
#7146 = ORIENTED_EDGE('',*,*,#5307,.T.);
#7147 = ORIENTED_EDGE('',*,*,#4769,.F.);
#7148 = ORIENTED_EDGE('',*,*,#7080,.F.);
#7149 = PLANE('',#7150);
#7150 = AXIS2_PLACEMENT_3D('',#7151,#7152,#7153);
#7151 = CARTESIAN_POINT('',(7.5,1.3,1.27));
#7152 = DIRECTION('',(0.,-0.500421834463,0.865781720524));
#7153 = DIRECTION('',(0.,0.865781720524,0.500421834463));
#7154 = ADVANCED_FACE('',(#7155),#7165,.T.);
#7155 = FACE_BOUND('',#7156,.T.);
#7156 = EDGE_LOOP('',(#7157,#7158,#7164));
#7157 = ORIENTED_EDGE('',*,*,#4745,.T.);
#7158 = ORIENTED_EDGE('',*,*,#7159,.F.);
#7159 = EDGE_CURVE('',#4808,#4738,#7160,.T.);
#7160 = LINE('',#7161,#7162);
#7161 = CARTESIAN_POINT('',(-7.5,1.3,1.27));
#7162 = VECTOR('',#7163,1.);
#7163 = DIRECTION('',(0.,1.,0.));
#7164 = ORIENTED_EDGE('',*,*,#4815,.T.);
#7165 = PLANE('',#7166);
#7166 = AXIS2_PLACEMENT_3D('',#7167,#7168,#7169);
#7167 = CARTESIAN_POINT('',(-7.5,1.2070284193,0.61712900941));
#7168 = DIRECTION('',(-1.,-0.,-0.));
#7169 = DIRECTION('',(0.,0.,-1.));
#7170 = ADVANCED_FACE('',(#7171),#7204,.T.);
#7171 = FACE_BOUND('',#7172,.T.);
#7172 = EDGE_LOOP('',(#7173,#7181,#7182,#7190,#7198));
#7173 = ORIENTED_EDGE('',*,*,#7174,.T.);
#7174 = EDGE_CURVE('',#7175,#4738,#7177,.T.);
#7175 = VERTEX_POINT('',#7176);
#7176 = CARTESIAN_POINT('',(-7.7,1.8,1.27));
#7177 = LINE('',#7178,#7179);
#7178 = CARTESIAN_POINT('',(-7.7,1.8,1.27));
#7179 = VECTOR('',#7180,1.);
#7180 = DIRECTION('',(1.,0.,0.));
#7181 = ORIENTED_EDGE('',*,*,#4737,.T.);
#7182 = ORIENTED_EDGE('',*,*,#7183,.T.);
#7183 = EDGE_CURVE('',#4728,#7184,#7186,.T.);
#7184 = VERTEX_POINT('',#7185);
#7185 = CARTESIAN_POINT('',(-7.5,1.8,2.E-02));
#7186 = LINE('',#7187,#7188);
#7187 = CARTESIAN_POINT('',(-7.5,1.8,1.27));
#7188 = VECTOR('',#7189,1.);
#7189 = DIRECTION('',(0.,0.,-1.));
#7190 = ORIENTED_EDGE('',*,*,#7191,.F.);
#7191 = EDGE_CURVE('',#7192,#7184,#7194,.T.);
#7192 = VERTEX_POINT('',#7193);
#7193 = CARTESIAN_POINT('',(-7.7,1.8,2.E-02));
#7194 = LINE('',#7195,#7196);
#7195 = CARTESIAN_POINT('',(-7.7,1.8,2.E-02));
#7196 = VECTOR('',#7197,1.);
#7197 = DIRECTION('',(1.,0.,0.));
#7198 = ORIENTED_EDGE('',*,*,#7199,.F.);
#7199 = EDGE_CURVE('',#7175,#7192,#7200,.T.);
#7200 = LINE('',#7201,#7202);
#7201 = CARTESIAN_POINT('',(-7.7,1.8,1.27));
#7202 = VECTOR('',#7203,1.);
#7203 = DIRECTION('',(0.,0.,-1.));
#7204 = PLANE('',#7205);
#7205 = AXIS2_PLACEMENT_3D('',#7206,#7207,#7208);
#7206 = CARTESIAN_POINT('',(-7.7,1.8,1.27));
#7207 = DIRECTION('',(0.,1.,0.));
#7208 = DIRECTION('',(0.,0.,-1.));
#7209 = ADVANCED_FACE('',(#7210),#7221,.T.);
#7210 = FACE_BOUND('',#7211,.T.);
#7211 = EDGE_LOOP('',(#7212,#7213,#7214,#7215));
#7212 = ORIENTED_EDGE('',*,*,#4807,.T.);
#7213 = ORIENTED_EDGE('',*,*,#7159,.T.);
#7214 = ORIENTED_EDGE('',*,*,#7174,.F.);
#7215 = ORIENTED_EDGE('',*,*,#7216,.F.);
#7216 = EDGE_CURVE('',#4800,#7175,#7217,.T.);
#7217 = LINE('',#7218,#7219);
#7218 = CARTESIAN_POINT('',(-7.7,1.3,1.27));
#7219 = VECTOR('',#7220,1.);
#7220 = DIRECTION('',(0.,1.,0.));
#7221 = PLANE('',#7222);
#7222 = AXIS2_PLACEMENT_3D('',#7223,#7224,#7225);
#7223 = CARTESIAN_POINT('',(-7.7,1.3,1.27));
#7224 = DIRECTION('',(0.,0.,1.));
#7225 = DIRECTION('',(0.,1.,0.));
#7226 = ADVANCED_FACE('',(#7227),#7248,.T.);
#7227 = FACE_BOUND('',#7228,.T.);
#7228 = EDGE_LOOP('',(#7229,#7237,#7238,#7239,#7240,#7241,#7242));
#7229 = ORIENTED_EDGE('',*,*,#7230,.T.);
#7230 = EDGE_CURVE('',#7231,#4881,#7233,.T.);
#7231 = VERTEX_POINT('',#7232);
#7232 = CARTESIAN_POINT('',(-7.7,0.3,2.E-02));
#7233 = LINE('',#7234,#7235);
#7234 = CARTESIAN_POINT('',(-7.7,0.3,2.E-02));
#7235 = VECTOR('',#7236,1.);
#7236 = DIRECTION('',(0.,0.,1.));
#7237 = ORIENTED_EDGE('',*,*,#4888,.T.);
#7238 = ORIENTED_EDGE('',*,*,#4864,.T.);
#7239 = ORIENTED_EDGE('',*,*,#4840,.T.);
#7240 = ORIENTED_EDGE('',*,*,#7216,.T.);
#7241 = ORIENTED_EDGE('',*,*,#7199,.T.);
#7242 = ORIENTED_EDGE('',*,*,#7243,.T.);
#7243 = EDGE_CURVE('',#7192,#7231,#7244,.T.);
#7244 = LINE('',#7245,#7246);
#7245 = CARTESIAN_POINT('',(-7.7,1.8,2.E-02));
#7246 = VECTOR('',#7247,1.);
#7247 = DIRECTION('',(0.,-1.,-1.156482317318E-17));
#7248 = PLANE('',#7249);
#7249 = AXIS2_PLACEMENT_3D('',#7250,#7251,#7252);
#7250 = CARTESIAN_POINT('',(-7.7,1.168181818182,0.526818181818));
#7251 = DIRECTION('',(-1.,-0.,-0.));
#7252 = DIRECTION('',(0.,0.,-1.));
#7253 = ADVANCED_FACE('',(#7254),#7272,.T.);
#7254 = FACE_BOUND('',#7255,.T.);
#7255 = EDGE_LOOP('',(#7256,#7257,#7265,#7271));
#7256 = ORIENTED_EDGE('',*,*,#7230,.F.);
#7257 = ORIENTED_EDGE('',*,*,#7258,.T.);
#7258 = EDGE_CURVE('',#7231,#7259,#7261,.T.);
#7259 = VERTEX_POINT('',#7260);
#7260 = CARTESIAN_POINT('',(-7.5,0.3,2.E-02));
#7261 = LINE('',#7262,#7263);
#7262 = CARTESIAN_POINT('',(-7.7,0.3,2.E-02));
#7263 = VECTOR('',#7264,1.);
#7264 = DIRECTION('',(1.,0.,0.));
#7265 = ORIENTED_EDGE('',*,*,#7266,.T.);
#7266 = EDGE_CURVE('',#7259,#5259,#7267,.T.);
#7267 = LINE('',#7268,#7269);
#7268 = CARTESIAN_POINT('',(-7.5,0.3,2.E-02));
#7269 = VECTOR('',#7270,1.);
#7270 = DIRECTION('',(0.,0.,1.));
#7271 = ORIENTED_EDGE('',*,*,#5266,.F.);
#7272 = PLANE('',#7273);
#7273 = AXIS2_PLACEMENT_3D('',#7274,#7275,#7276);
#7274 = CARTESIAN_POINT('',(-7.7,0.3,2.E-02));
#7275 = DIRECTION('',(0.,-1.,0.));
#7276 = DIRECTION('',(0.,0.,1.));
#7277 = ADVANCED_FACE('',(#7278),#7289,.F.);
#7278 = FACE_BOUND('',#7279,.F.);
#7279 = EDGE_LOOP('',(#7280,#7286,#7287,#7288));
#7280 = ORIENTED_EDGE('',*,*,#7281,.T.);
#7281 = EDGE_CURVE('',#7184,#7259,#7282,.T.);
#7282 = LINE('',#7283,#7284);
#7283 = CARTESIAN_POINT('',(-7.5,1.8,2.E-02));
#7284 = VECTOR('',#7285,1.);
#7285 = DIRECTION('',(0.,-1.,-1.156482317318E-17));
#7286 = ORIENTED_EDGE('',*,*,#7266,.T.);
#7287 = ORIENTED_EDGE('',*,*,#5258,.F.);
#7288 = ORIENTED_EDGE('',*,*,#7183,.T.);
#7289 = PLANE('',#7290);
#7290 = AXIS2_PLACEMENT_3D('',#7291,#7292,#7293);
#7291 = CARTESIAN_POINT('',(-7.5,1.168181818182,0.526818181818));
#7292 = DIRECTION('',(-1.,-0.,-0.));
#7293 = DIRECTION('',(0.,0.,-1.));
#7294 = ADVANCED_FACE('',(#7295),#7313,.T.);
#7295 = FACE_BOUND('',#7296,.T.);
#7296 = EDGE_LOOP('',(#7297,#7305,#7311,#7312));
#7297 = ORIENTED_EDGE('',*,*,#7298,.T.);
#7298 = EDGE_CURVE('',#7111,#7299,#7301,.T.);
#7299 = VERTEX_POINT('',#7300);
#7300 = CARTESIAN_POINT('',(7.5,0.3,2.E-02));
#7301 = LINE('',#7302,#7303);
#7302 = CARTESIAN_POINT('',(7.5,1.8,2.E-02));
#7303 = VECTOR('',#7304,1.);
#7304 = DIRECTION('',(0.,-1.,-1.156482317318E-17));
#7305 = ORIENTED_EDGE('',*,*,#7306,.T.);
#7306 = EDGE_CURVE('',#7299,#5244,#7307,.T.);
#7307 = LINE('',#7308,#7309);
#7308 = CARTESIAN_POINT('',(7.5,0.3,2.E-02));
#7309 = VECTOR('',#7310,1.);
#7310 = DIRECTION('',(0.,0.,1.));
#7311 = ORIENTED_EDGE('',*,*,#5251,.F.);
#7312 = ORIENTED_EDGE('',*,*,#7118,.T.);
#7313 = PLANE('',#7314);
#7314 = AXIS2_PLACEMENT_3D('',#7315,#7316,#7317);
#7315 = CARTESIAN_POINT('',(7.5,1.168181818182,0.526818181818));
#7316 = DIRECTION('',(-1.,-0.,-0.));
#7317 = DIRECTION('',(0.,0.,-1.));
#7318 = ADVANCED_FACE('',(#7319),#7337,.T.);
#7319 = FACE_BOUND('',#7320,.T.);
#7320 = EDGE_LOOP('',(#7321,#7322,#7330,#7336));
#7321 = ORIENTED_EDGE('',*,*,#7306,.F.);
#7322 = ORIENTED_EDGE('',*,*,#7323,.T.);
#7323 = EDGE_CURVE('',#7299,#7324,#7326,.T.);
#7324 = VERTEX_POINT('',#7325);
#7325 = CARTESIAN_POINT('',(7.7,0.3,2.E-02));
#7326 = LINE('',#7327,#7328);
#7327 = CARTESIAN_POINT('',(7.5,0.3,2.E-02));
#7328 = VECTOR('',#7329,1.);
#7329 = DIRECTION('',(1.,0.,0.));
#7330 = ORIENTED_EDGE('',*,*,#7331,.T.);
#7331 = EDGE_CURVE('',#7324,#5236,#7332,.T.);
#7332 = LINE('',#7333,#7334);
#7333 = CARTESIAN_POINT('',(7.7,0.3,2.E-02));
#7334 = VECTOR('',#7335,1.);
#7335 = DIRECTION('',(0.,0.,1.));
#7336 = ORIENTED_EDGE('',*,*,#5243,.F.);
#7337 = PLANE('',#7338);
#7338 = AXIS2_PLACEMENT_3D('',#7339,#7340,#7341);
#7339 = CARTESIAN_POINT('',(7.5,0.3,2.E-02));
#7340 = DIRECTION('',(0.,-1.,0.));
#7341 = DIRECTION('',(0.,0.,1.));
#7342 = ADVANCED_FACE('',(#7343),#7361,.F.);
#7343 = FACE_BOUND('',#7344,.F.);
#7344 = EDGE_LOOP('',(#7345,#7353,#7354,#7355));
#7345 = ORIENTED_EDGE('',*,*,#7346,.F.);
#7346 = EDGE_CURVE('',#5236,#7347,#7349,.T.);
#7347 = VERTEX_POINT('',#7348);
#7348 = CARTESIAN_POINT('',(7.7,0.3,0.62));
#7349 = LINE('',#7350,#7351);
#7350 = CARTESIAN_POINT('',(7.7,0.3,2.E-02));
#7351 = VECTOR('',#7352,1.);
#7352 = DIRECTION('',(0.,0.,1.));
#7353 = ORIENTED_EDGE('',*,*,#5235,.T.);
#7354 = ORIENTED_EDGE('',*,*,#5283,.T.);
#7355 = ORIENTED_EDGE('',*,*,#7356,.F.);
#7356 = EDGE_CURVE('',#7347,#5284,#7357,.T.);
#7357 = LINE('',#7358,#7359);
#7358 = CARTESIAN_POINT('',(7.5,0.3,0.62));
#7359 = VECTOR('',#7360,1.);
#7360 = DIRECTION('',(1.,0.,0.));
#7361 = PLANE('',#7362);
#7362 = AXIS2_PLACEMENT_3D('',#7363,#7364,#7365);
#7363 = CARTESIAN_POINT('',(7.5,0.3,7.E-02));
#7364 = DIRECTION('',(0.,-1.,0.));
#7365 = DIRECTION('',(0.,0.,1.));
#7366 = ADVANCED_FACE('',(#7367),#7378,.T.);
#7367 = FACE_BOUND('',#7368,.T.);
#7368 = EDGE_LOOP('',(#7369,#7370,#7371,#7377));
#7369 = ORIENTED_EDGE('',*,*,#5212,.T.);
#7370 = ORIENTED_EDGE('',*,*,#6760,.T.);
#7371 = ORIENTED_EDGE('',*,*,#7372,.F.);
#7372 = EDGE_CURVE('',#6704,#6761,#7373,.T.);
#7373 = LINE('',#7374,#7375);
#7374 = CARTESIAN_POINT('',(6.4,-1.,0.));
#7375 = VECTOR('',#7376,1.);
#7376 = DIRECTION('',(1.,0.,0.));
#7377 = ORIENTED_EDGE('',*,*,#6703,.F.);
#7378 = PLANE('',#7379);
#7379 = AXIS2_PLACEMENT_3D('',#7380,#7381,#7382);
#7380 = CARTESIAN_POINT('',(6.4,-1.,7.E-02));
#7381 = DIRECTION('',(0.,1.,0.));
#7382 = DIRECTION('',(0.,0.,-1.));
#7383 = ADVANCED_FACE('',(#7384),#7395,.T.);
#7384 = FACE_BOUND('',#7385,.T.);
#7385 = EDGE_LOOP('',(#7386,#7387,#7388,#7394));
#7386 = ORIENTED_EDGE('',*,*,#5189,.T.);
#7387 = ORIENTED_EDGE('',*,*,#6663,.T.);
#7388 = ORIENTED_EDGE('',*,*,#7389,.F.);
#7389 = EDGE_CURVE('',#6607,#6664,#7390,.T.);
#7390 = LINE('',#7391,#7392);
#7391 = CARTESIAN_POINT('',(5.4,-1.,0.));
#7392 = VECTOR('',#7393,1.);
#7393 = DIRECTION('',(1.,0.,0.));
#7394 = ORIENTED_EDGE('',*,*,#6606,.F.);
#7395 = PLANE('',#7396);
#7396 = AXIS2_PLACEMENT_3D('',#7397,#7398,#7399);
#7397 = CARTESIAN_POINT('',(5.4,-1.,7.E-02));
#7398 = DIRECTION('',(0.,1.,0.));
#7399 = DIRECTION('',(0.,0.,-1.));
#7400 = ADVANCED_FACE('',(#7401),#7412,.T.);
#7401 = FACE_BOUND('',#7402,.T.);
#7402 = EDGE_LOOP('',(#7403,#7404,#7405,#7411));
#7403 = ORIENTED_EDGE('',*,*,#5166,.T.);
#7404 = ORIENTED_EDGE('',*,*,#6566,.T.);
#7405 = ORIENTED_EDGE('',*,*,#7406,.F.);
#7406 = EDGE_CURVE('',#6510,#6567,#7407,.T.);
#7407 = LINE('',#7408,#7409);
#7408 = CARTESIAN_POINT('',(4.4,-1.,0.));
#7409 = VECTOR('',#7410,1.);
#7410 = DIRECTION('',(1.,0.,0.));
#7411 = ORIENTED_EDGE('',*,*,#6509,.F.);
#7412 = PLANE('',#7413);
#7413 = AXIS2_PLACEMENT_3D('',#7414,#7415,#7416);
#7414 = CARTESIAN_POINT('',(4.4,-1.,7.E-02));
#7415 = DIRECTION('',(0.,1.,0.));
#7416 = DIRECTION('',(0.,0.,-1.));
#7417 = ADVANCED_FACE('',(#7418),#7429,.T.);
#7418 = FACE_BOUND('',#7419,.T.);
#7419 = EDGE_LOOP('',(#7420,#7421,#7422,#7428));
#7420 = ORIENTED_EDGE('',*,*,#5143,.T.);
#7421 = ORIENTED_EDGE('',*,*,#6469,.T.);
#7422 = ORIENTED_EDGE('',*,*,#7423,.F.);
#7423 = EDGE_CURVE('',#6413,#6470,#7424,.T.);
#7424 = LINE('',#7425,#7426);
#7425 = CARTESIAN_POINT('',(3.4,-1.,0.));
#7426 = VECTOR('',#7427,1.);
#7427 = DIRECTION('',(1.,0.,0.));
#7428 = ORIENTED_EDGE('',*,*,#6412,.F.);
#7429 = PLANE('',#7430);
#7430 = AXIS2_PLACEMENT_3D('',#7431,#7432,#7433);
#7431 = CARTESIAN_POINT('',(3.4,-1.,7.E-02));
#7432 = DIRECTION('',(0.,1.,0.));
#7433 = DIRECTION('',(0.,0.,-1.));
#7434 = ADVANCED_FACE('',(#7435),#7446,.T.);
#7435 = FACE_BOUND('',#7436,.T.);
#7436 = EDGE_LOOP('',(#7437,#7438,#7439,#7445));
#7437 = ORIENTED_EDGE('',*,*,#5120,.T.);
#7438 = ORIENTED_EDGE('',*,*,#6372,.T.);
#7439 = ORIENTED_EDGE('',*,*,#7440,.F.);
#7440 = EDGE_CURVE('',#6316,#6373,#7441,.T.);
#7441 = LINE('',#7442,#7443);
#7442 = CARTESIAN_POINT('',(2.4,-1.,0.));
#7443 = VECTOR('',#7444,1.);
#7444 = DIRECTION('',(1.,0.,0.));
#7445 = ORIENTED_EDGE('',*,*,#6315,.F.);
#7446 = PLANE('',#7447);
#7447 = AXIS2_PLACEMENT_3D('',#7448,#7449,#7450);
#7448 = CARTESIAN_POINT('',(2.4,-1.,7.E-02));
#7449 = DIRECTION('',(0.,1.,0.));
#7450 = DIRECTION('',(0.,0.,-1.));
#7451 = ADVANCED_FACE('',(#7452),#7463,.T.);
#7452 = FACE_BOUND('',#7453,.T.);
#7453 = EDGE_LOOP('',(#7454,#7455,#7456,#7462));
#7454 = ORIENTED_EDGE('',*,*,#5097,.T.);
#7455 = ORIENTED_EDGE('',*,*,#6275,.T.);
#7456 = ORIENTED_EDGE('',*,*,#7457,.F.);
#7457 = EDGE_CURVE('',#6219,#6276,#7458,.T.);
#7458 = LINE('',#7459,#7460);
#7459 = CARTESIAN_POINT('',(1.4,-1.,0.));
#7460 = VECTOR('',#7461,1.);
#7461 = DIRECTION('',(1.,0.,0.));
#7462 = ORIENTED_EDGE('',*,*,#6218,.F.);
#7463 = PLANE('',#7464);
#7464 = AXIS2_PLACEMENT_3D('',#7465,#7466,#7467);
#7465 = CARTESIAN_POINT('',(1.4,-1.,7.E-02));
#7466 = DIRECTION('',(0.,1.,0.));
#7467 = DIRECTION('',(0.,0.,-1.));
#7468 = ADVANCED_FACE('',(#7469),#7480,.T.);
#7469 = FACE_BOUND('',#7470,.T.);
#7470 = EDGE_LOOP('',(#7471,#7472,#7473,#7479));
#7471 = ORIENTED_EDGE('',*,*,#5074,.T.);
#7472 = ORIENTED_EDGE('',*,*,#6178,.T.);
#7473 = ORIENTED_EDGE('',*,*,#7474,.F.);
#7474 = EDGE_CURVE('',#6122,#6179,#7475,.T.);
#7475 = LINE('',#7476,#7477);
#7476 = CARTESIAN_POINT('',(0.4,-1.,0.));
#7477 = VECTOR('',#7478,1.);
#7478 = DIRECTION('',(1.,0.,0.));
#7479 = ORIENTED_EDGE('',*,*,#6121,.F.);
#7480 = PLANE('',#7481);
#7481 = AXIS2_PLACEMENT_3D('',#7482,#7483,#7484);
#7482 = CARTESIAN_POINT('',(0.4,-1.,7.E-02));
#7483 = DIRECTION('',(0.,1.,0.));
#7484 = DIRECTION('',(0.,0.,-1.));
#7485 = ADVANCED_FACE('',(#7486),#7497,.T.);
#7486 = FACE_BOUND('',#7487,.T.);
#7487 = EDGE_LOOP('',(#7488,#7489,#7490,#7496));
#7488 = ORIENTED_EDGE('',*,*,#5051,.T.);
#7489 = ORIENTED_EDGE('',*,*,#6081,.T.);
#7490 = ORIENTED_EDGE('',*,*,#7491,.F.);
#7491 = EDGE_CURVE('',#6025,#6082,#7492,.T.);
#7492 = LINE('',#7493,#7494);
#7493 = CARTESIAN_POINT('',(-0.6,-1.,0.));
#7494 = VECTOR('',#7495,1.);
#7495 = DIRECTION('',(1.,0.,0.));
#7496 = ORIENTED_EDGE('',*,*,#6024,.F.);
#7497 = PLANE('',#7498);
#7498 = AXIS2_PLACEMENT_3D('',#7499,#7500,#7501);
#7499 = CARTESIAN_POINT('',(-0.6,-1.,7.E-02));
#7500 = DIRECTION('',(0.,1.,0.));
#7501 = DIRECTION('',(0.,0.,-1.));
#7502 = ADVANCED_FACE('',(#7503),#7514,.T.);
#7503 = FACE_BOUND('',#7504,.T.);
#7504 = EDGE_LOOP('',(#7505,#7506,#7507,#7513));
#7505 = ORIENTED_EDGE('',*,*,#5028,.T.);
#7506 = ORIENTED_EDGE('',*,*,#5984,.T.);
#7507 = ORIENTED_EDGE('',*,*,#7508,.F.);
#7508 = EDGE_CURVE('',#5928,#5985,#7509,.T.);
#7509 = LINE('',#7510,#7511);
#7510 = CARTESIAN_POINT('',(-1.6,-1.,0.));
#7511 = VECTOR('',#7512,1.);
#7512 = DIRECTION('',(1.,0.,0.));
#7513 = ORIENTED_EDGE('',*,*,#5927,.F.);
#7514 = PLANE('',#7515);
#7515 = AXIS2_PLACEMENT_3D('',#7516,#7517,#7518);
#7516 = CARTESIAN_POINT('',(-1.6,-1.,7.E-02));
#7517 = DIRECTION('',(0.,1.,0.));
#7518 = DIRECTION('',(0.,0.,-1.));
#7519 = ADVANCED_FACE('',(#7520),#7531,.T.);
#7520 = FACE_BOUND('',#7521,.T.);
#7521 = EDGE_LOOP('',(#7522,#7523,#7524,#7530));
#7522 = ORIENTED_EDGE('',*,*,#5005,.T.);
#7523 = ORIENTED_EDGE('',*,*,#5887,.T.);
#7524 = ORIENTED_EDGE('',*,*,#7525,.F.);
#7525 = EDGE_CURVE('',#5831,#5888,#7526,.T.);
#7526 = LINE('',#7527,#7528);
#7527 = CARTESIAN_POINT('',(-2.6,-1.,0.));
#7528 = VECTOR('',#7529,1.);
#7529 = DIRECTION('',(1.,0.,0.));
#7530 = ORIENTED_EDGE('',*,*,#5830,.F.);
#7531 = PLANE('',#7532);
#7532 = AXIS2_PLACEMENT_3D('',#7533,#7534,#7535);
#7533 = CARTESIAN_POINT('',(-2.6,-1.,7.E-02));
#7534 = DIRECTION('',(0.,1.,0.));
#7535 = DIRECTION('',(0.,0.,-1.));
#7536 = ADVANCED_FACE('',(#7537),#7548,.T.);
#7537 = FACE_BOUND('',#7538,.T.);
#7538 = EDGE_LOOP('',(#7539,#7540,#7541,#7547));
#7539 = ORIENTED_EDGE('',*,*,#4982,.T.);
#7540 = ORIENTED_EDGE('',*,*,#5790,.T.);
#7541 = ORIENTED_EDGE('',*,*,#7542,.F.);
#7542 = EDGE_CURVE('',#5734,#5791,#7543,.T.);
#7543 = LINE('',#7544,#7545);
#7544 = CARTESIAN_POINT('',(-3.6,-1.,0.));
#7545 = VECTOR('',#7546,1.);
#7546 = DIRECTION('',(1.,0.,0.));
#7547 = ORIENTED_EDGE('',*,*,#5733,.F.);
#7548 = PLANE('',#7549);
#7549 = AXIS2_PLACEMENT_3D('',#7550,#7551,#7552);
#7550 = CARTESIAN_POINT('',(-3.6,-1.,7.E-02));
#7551 = DIRECTION('',(0.,1.,0.));
#7552 = DIRECTION('',(0.,0.,-1.));
#7553 = ADVANCED_FACE('',(#7554),#7565,.T.);
#7554 = FACE_BOUND('',#7555,.T.);
#7555 = EDGE_LOOP('',(#7556,#7557,#7558,#7564));
#7556 = ORIENTED_EDGE('',*,*,#4959,.T.);
#7557 = ORIENTED_EDGE('',*,*,#5693,.T.);
#7558 = ORIENTED_EDGE('',*,*,#7559,.F.);
#7559 = EDGE_CURVE('',#5637,#5694,#7560,.T.);
#7560 = LINE('',#7561,#7562);
#7561 = CARTESIAN_POINT('',(-4.6,-1.,0.));
#7562 = VECTOR('',#7563,1.);
#7563 = DIRECTION('',(1.,0.,0.));
#7564 = ORIENTED_EDGE('',*,*,#5636,.F.);
#7565 = PLANE('',#7566);
#7566 = AXIS2_PLACEMENT_3D('',#7567,#7568,#7569);
#7567 = CARTESIAN_POINT('',(-4.6,-1.,7.E-02));
#7568 = DIRECTION('',(0.,1.,0.));
#7569 = DIRECTION('',(0.,0.,-1.));
#7570 = ADVANCED_FACE('',(#7571),#7582,.T.);
#7571 = FACE_BOUND('',#7572,.T.);
#7572 = EDGE_LOOP('',(#7573,#7574,#7575,#7581));
#7573 = ORIENTED_EDGE('',*,*,#4936,.T.);
#7574 = ORIENTED_EDGE('',*,*,#5596,.T.);
#7575 = ORIENTED_EDGE('',*,*,#7576,.F.);
#7576 = EDGE_CURVE('',#5540,#5597,#7577,.T.);
#7577 = LINE('',#7578,#7579);
#7578 = CARTESIAN_POINT('',(-5.6,-1.,0.));
#7579 = VECTOR('',#7580,1.);
#7580 = DIRECTION('',(1.,0.,0.));
#7581 = ORIENTED_EDGE('',*,*,#5539,.F.);
#7582 = PLANE('',#7583);
#7583 = AXIS2_PLACEMENT_3D('',#7584,#7585,#7586);
#7584 = CARTESIAN_POINT('',(-5.6,-1.,7.E-02));
#7585 = DIRECTION('',(0.,1.,0.));
#7586 = DIRECTION('',(0.,0.,-1.));
#7587 = ADVANCED_FACE('',(#7588),#7599,.T.);
#7588 = FACE_BOUND('',#7589,.T.);
#7589 = EDGE_LOOP('',(#7590,#7591,#7592,#7598));
#7590 = ORIENTED_EDGE('',*,*,#4913,.T.);
#7591 = ORIENTED_EDGE('',*,*,#5499,.T.);
#7592 = ORIENTED_EDGE('',*,*,#7593,.F.);
#7593 = EDGE_CURVE('',#5443,#5500,#7594,.T.);
#7594 = LINE('',#7595,#7596);
#7595 = CARTESIAN_POINT('',(-6.6,-1.,0.));
#7596 = VECTOR('',#7597,1.);
#7597 = DIRECTION('',(1.,0.,0.));
#7598 = ORIENTED_EDGE('',*,*,#5442,.F.);
#7599 = PLANE('',#7600);
#7600 = AXIS2_PLACEMENT_3D('',#7601,#7602,#7603);
#7601 = CARTESIAN_POINT('',(-6.6,-1.,7.E-02));
#7602 = DIRECTION('',(0.,1.,0.));
#7603 = DIRECTION('',(0.,0.,-1.));
#7604 = ADVANCED_FACE('',(#7605),#7616,.F.);
#7605 = FACE_BOUND('',#7606,.F.);
#7606 = EDGE_LOOP('',(#7607,#7613,#7614,#7615));
#7607 = ORIENTED_EDGE('',*,*,#7608,.T.);
#7608 = EDGE_CURVE('',#5387,#5324,#7609,.T.);
#7609 = LINE('',#7610,#7611);
#7610 = CARTESIAN_POINT('',(7.5,-0.55,3.82));
#7611 = VECTOR('',#7612,1.);
#7612 = DIRECTION('',(1.,0.,0.));
#7613 = ORIENTED_EDGE('',*,*,#5331,.T.);
#7614 = ORIENTED_EDGE('',*,*,#5353,.F.);
#7615 = ORIENTED_EDGE('',*,*,#5394,.F.);
#7616 = PLANE('',#7617);
#7617 = AXIS2_PLACEMENT_3D('',#7618,#7619,#7620);
#7618 = CARTESIAN_POINT('',(7.5,-0.55,3.82));
#7619 = DIRECTION('',(0.,1.,0.));
#7620 = DIRECTION('',(0.,0.,-1.));
#7621 = ADVANCED_FACE('',(#7622),#7628,.F.);
#7622 = FACE_BOUND('',#7623,.F.);
#7623 = EDGE_LOOP('',(#7624,#7625,#7626,#7627));
#7624 = ORIENTED_EDGE('',*,*,#6784,.T.);
#7625 = ORIENTED_EDGE('',*,*,#5323,.T.);
#7626 = ORIENTED_EDGE('',*,*,#7608,.F.);
#7627 = ORIENTED_EDGE('',*,*,#5386,.F.);
#7628 = PLANE('',#7629);
#7629 = AXIS2_PLACEMENT_3D('',#7630,#7631,#7632);
#7630 = CARTESIAN_POINT('',(7.5,0.1,3.82));
#7631 = DIRECTION('',(0.,0.,-1.));
#7632 = DIRECTION('',(0.,-1.,0.));
#7633 = ADVANCED_FACE('',(#7634),#7652,.F.);
#7634 = FACE_BOUND('',#7635,.F.);
#7635 = EDGE_LOOP('',(#7636,#7644,#7650,#7651));
#7636 = ORIENTED_EDGE('',*,*,#7637,.F.);
#7637 = EDGE_CURVE('',#7638,#7134,#7640,.T.);
#7638 = VERTEX_POINT('',#7639);
#7639 = CARTESIAN_POINT('',(7.7,1.3,0.62));
#7640 = LINE('',#7641,#7642);
#7641 = CARTESIAN_POINT('',(7.7,1.3,0.62));
#7642 = VECTOR('',#7643,1.);
#7643 = DIRECTION('',(0.,0.,1.));
#7644 = ORIENTED_EDGE('',*,*,#7645,.T.);
#7645 = EDGE_CURVE('',#7638,#5292,#7646,.T.);
#7646 = LINE('',#7647,#7648);
#7647 = CARTESIAN_POINT('',(7.5,1.3,0.62));
#7648 = VECTOR('',#7649,1.);
#7649 = DIRECTION('',(1.,0.,0.));
#7650 = ORIENTED_EDGE('',*,*,#5299,.T.);
#7651 = ORIENTED_EDGE('',*,*,#7141,.F.);
#7652 = PLANE('',#7653);
#7653 = AXIS2_PLACEMENT_3D('',#7654,#7655,#7656);
#7654 = CARTESIAN_POINT('',(7.5,1.3,0.62));
#7655 = DIRECTION('',(0.,-1.,0.));
#7656 = DIRECTION('',(0.,0.,1.));
#7657 = ADVANCED_FACE('',(#7658),#7669,.F.);
#7658 = FACE_BOUND('',#7659,.F.);
#7659 = EDGE_LOOP('',(#7660,#7666,#7667,#7668));
#7660 = ORIENTED_EDGE('',*,*,#7661,.F.);
#7661 = EDGE_CURVE('',#7347,#7638,#7662,.T.);
#7662 = LINE('',#7663,#7664);
#7663 = CARTESIAN_POINT('',(7.7,0.3,0.62));
#7664 = VECTOR('',#7665,1.);
#7665 = DIRECTION('',(0.,1.,0.));
#7666 = ORIENTED_EDGE('',*,*,#7356,.T.);
#7667 = ORIENTED_EDGE('',*,*,#5291,.T.);
#7668 = ORIENTED_EDGE('',*,*,#7645,.F.);
#7669 = PLANE('',#7670);
#7670 = AXIS2_PLACEMENT_3D('',#7671,#7672,#7673);
#7671 = CARTESIAN_POINT('',(7.5,0.3,0.62));
#7672 = DIRECTION('',(0.,0.,1.));
#7673 = DIRECTION('',(0.,1.,0.));
#7674 = ADVANCED_FACE('',(#7675),#7686,.T.);
#7675 = FACE_BOUND('',#7676,.T.);
#7676 = EDGE_LOOP('',(#7677,#7683,#7684,#7685));
#7677 = ORIENTED_EDGE('',*,*,#7678,.T.);
#7678 = EDGE_CURVE('',#5425,#5489,#7679,.T.);
#7679 = LINE('',#7680,#7681);
#7680 = CARTESIAN_POINT('',(-6.6,-1.8,0.));
#7681 = VECTOR('',#7682,1.);
#7682 = DIRECTION('',(1.,0.,0.));
#7683 = ORIENTED_EDGE('',*,*,#5488,.T.);
#7684 = ORIENTED_EDGE('',*,*,#5464,.F.);
#7685 = ORIENTED_EDGE('',*,*,#5424,.F.);
#7686 = PLANE('',#7687);
#7687 = AXIS2_PLACEMENT_3D('',#7688,#7689,#7690);
#7688 = CARTESIAN_POINT('',(-6.6,-1.8,0.));
#7689 = DIRECTION('',(0.,-1.,0.));
#7690 = DIRECTION('',(0.,0.,1.));
#7691 = ADVANCED_FACE('',(#7692),#7698,.T.);
#7692 = FACE_BOUND('',#7693,.T.);
#7693 = EDGE_LOOP('',(#7694,#7695,#7696,#7697));
#7694 = ORIENTED_EDGE('',*,*,#7593,.T.);
#7695 = ORIENTED_EDGE('',*,*,#5507,.T.);
#7696 = ORIENTED_EDGE('',*,*,#7678,.F.);
#7697 = ORIENTED_EDGE('',*,*,#5450,.F.);
#7698 = PLANE('',#7699);
#7699 = AXIS2_PLACEMENT_3D('',#7700,#7701,#7702);
#7700 = CARTESIAN_POINT('',(-6.6,-1.,0.));
#7701 = DIRECTION('',(0.,0.,-1.));
#7702 = DIRECTION('',(0.,-1.,0.));
#7703 = ADVANCED_FACE('',(#7704),#7715,.T.);
#7704 = FACE_BOUND('',#7705,.T.);
#7705 = EDGE_LOOP('',(#7706,#7712,#7713,#7714));
#7706 = ORIENTED_EDGE('',*,*,#7707,.T.);
#7707 = EDGE_CURVE('',#5522,#5586,#7708,.T.);
#7708 = LINE('',#7709,#7710);
#7709 = CARTESIAN_POINT('',(-5.6,-1.8,0.));
#7710 = VECTOR('',#7711,1.);
#7711 = DIRECTION('',(1.,0.,0.));
#7712 = ORIENTED_EDGE('',*,*,#5585,.T.);
#7713 = ORIENTED_EDGE('',*,*,#5561,.F.);
#7714 = ORIENTED_EDGE('',*,*,#5521,.F.);
#7715 = PLANE('',#7716);
#7716 = AXIS2_PLACEMENT_3D('',#7717,#7718,#7719);
#7717 = CARTESIAN_POINT('',(-5.6,-1.8,0.));
#7718 = DIRECTION('',(0.,-1.,0.));
#7719 = DIRECTION('',(0.,0.,1.));
#7720 = ADVANCED_FACE('',(#7721),#7727,.T.);
#7721 = FACE_BOUND('',#7722,.T.);
#7722 = EDGE_LOOP('',(#7723,#7724,#7725,#7726));
#7723 = ORIENTED_EDGE('',*,*,#7576,.T.);
#7724 = ORIENTED_EDGE('',*,*,#5604,.T.);
#7725 = ORIENTED_EDGE('',*,*,#7707,.F.);
#7726 = ORIENTED_EDGE('',*,*,#5547,.F.);
#7727 = PLANE('',#7728);
#7728 = AXIS2_PLACEMENT_3D('',#7729,#7730,#7731);
#7729 = CARTESIAN_POINT('',(-5.6,-1.,0.));
#7730 = DIRECTION('',(0.,0.,-1.));
#7731 = DIRECTION('',(0.,-1.,0.));
#7732 = ADVANCED_FACE('',(#7733),#7744,.T.);
#7733 = FACE_BOUND('',#7734,.T.);
#7734 = EDGE_LOOP('',(#7735,#7741,#7742,#7743));
#7735 = ORIENTED_EDGE('',*,*,#7736,.T.);
#7736 = EDGE_CURVE('',#5619,#5683,#7737,.T.);
#7737 = LINE('',#7738,#7739);
#7738 = CARTESIAN_POINT('',(-4.6,-1.8,0.));
#7739 = VECTOR('',#7740,1.);
#7740 = DIRECTION('',(1.,0.,0.));
#7741 = ORIENTED_EDGE('',*,*,#5682,.T.);
#7742 = ORIENTED_EDGE('',*,*,#5658,.F.);
#7743 = ORIENTED_EDGE('',*,*,#5618,.F.);
#7744 = PLANE('',#7745);
#7745 = AXIS2_PLACEMENT_3D('',#7746,#7747,#7748);
#7746 = CARTESIAN_POINT('',(-4.6,-1.8,0.));
#7747 = DIRECTION('',(0.,-1.,0.));
#7748 = DIRECTION('',(0.,0.,1.));
#7749 = ADVANCED_FACE('',(#7750),#7756,.T.);
#7750 = FACE_BOUND('',#7751,.T.);
#7751 = EDGE_LOOP('',(#7752,#7753,#7754,#7755));
#7752 = ORIENTED_EDGE('',*,*,#7559,.T.);
#7753 = ORIENTED_EDGE('',*,*,#5701,.T.);
#7754 = ORIENTED_EDGE('',*,*,#7736,.F.);
#7755 = ORIENTED_EDGE('',*,*,#5644,.F.);
#7756 = PLANE('',#7757);
#7757 = AXIS2_PLACEMENT_3D('',#7758,#7759,#7760);
#7758 = CARTESIAN_POINT('',(-4.6,-1.,0.));
#7759 = DIRECTION('',(0.,0.,-1.));
#7760 = DIRECTION('',(0.,-1.,0.));
#7761 = ADVANCED_FACE('',(#7762),#7773,.T.);
#7762 = FACE_BOUND('',#7763,.T.);
#7763 = EDGE_LOOP('',(#7764,#7770,#7771,#7772));
#7764 = ORIENTED_EDGE('',*,*,#7765,.T.);
#7765 = EDGE_CURVE('',#5716,#5780,#7766,.T.);
#7766 = LINE('',#7767,#7768);
#7767 = CARTESIAN_POINT('',(-3.6,-1.8,0.));
#7768 = VECTOR('',#7769,1.);
#7769 = DIRECTION('',(1.,0.,0.));
#7770 = ORIENTED_EDGE('',*,*,#5779,.T.);
#7771 = ORIENTED_EDGE('',*,*,#5755,.F.);
#7772 = ORIENTED_EDGE('',*,*,#5715,.F.);
#7773 = PLANE('',#7774);
#7774 = AXIS2_PLACEMENT_3D('',#7775,#7776,#7777);
#7775 = CARTESIAN_POINT('',(-3.6,-1.8,0.));
#7776 = DIRECTION('',(0.,-1.,0.));
#7777 = DIRECTION('',(0.,0.,1.));
#7778 = ADVANCED_FACE('',(#7779),#7785,.T.);
#7779 = FACE_BOUND('',#7780,.T.);
#7780 = EDGE_LOOP('',(#7781,#7782,#7783,#7784));
#7781 = ORIENTED_EDGE('',*,*,#7542,.T.);
#7782 = ORIENTED_EDGE('',*,*,#5798,.T.);
#7783 = ORIENTED_EDGE('',*,*,#7765,.F.);
#7784 = ORIENTED_EDGE('',*,*,#5741,.F.);
#7785 = PLANE('',#7786);
#7786 = AXIS2_PLACEMENT_3D('',#7787,#7788,#7789);
#7787 = CARTESIAN_POINT('',(-3.6,-1.,0.));
#7788 = DIRECTION('',(0.,0.,-1.));
#7789 = DIRECTION('',(0.,-1.,0.));
#7790 = ADVANCED_FACE('',(#7791),#7802,.T.);
#7791 = FACE_BOUND('',#7792,.T.);
#7792 = EDGE_LOOP('',(#7793,#7799,#7800,#7801));
#7793 = ORIENTED_EDGE('',*,*,#7794,.T.);
#7794 = EDGE_CURVE('',#5813,#5877,#7795,.T.);
#7795 = LINE('',#7796,#7797);
#7796 = CARTESIAN_POINT('',(-2.6,-1.8,0.));
#7797 = VECTOR('',#7798,1.);
#7798 = DIRECTION('',(1.,0.,0.));
#7799 = ORIENTED_EDGE('',*,*,#5876,.T.);
#7800 = ORIENTED_EDGE('',*,*,#5852,.F.);
#7801 = ORIENTED_EDGE('',*,*,#5812,.F.);
#7802 = PLANE('',#7803);
#7803 = AXIS2_PLACEMENT_3D('',#7804,#7805,#7806);
#7804 = CARTESIAN_POINT('',(-2.6,-1.8,0.));
#7805 = DIRECTION('',(0.,-1.,0.));
#7806 = DIRECTION('',(0.,0.,1.));
#7807 = ADVANCED_FACE('',(#7808),#7814,.T.);
#7808 = FACE_BOUND('',#7809,.T.);
#7809 = EDGE_LOOP('',(#7810,#7811,#7812,#7813));
#7810 = ORIENTED_EDGE('',*,*,#7525,.T.);
#7811 = ORIENTED_EDGE('',*,*,#5895,.T.);
#7812 = ORIENTED_EDGE('',*,*,#7794,.F.);
#7813 = ORIENTED_EDGE('',*,*,#5838,.F.);
#7814 = PLANE('',#7815);
#7815 = AXIS2_PLACEMENT_3D('',#7816,#7817,#7818);
#7816 = CARTESIAN_POINT('',(-2.6,-1.,0.));
#7817 = DIRECTION('',(0.,0.,-1.));
#7818 = DIRECTION('',(0.,-1.,0.));
#7819 = ADVANCED_FACE('',(#7820),#7831,.T.);
#7820 = FACE_BOUND('',#7821,.T.);
#7821 = EDGE_LOOP('',(#7822,#7828,#7829,#7830));
#7822 = ORIENTED_EDGE('',*,*,#7823,.T.);
#7823 = EDGE_CURVE('',#5910,#5974,#7824,.T.);
#7824 = LINE('',#7825,#7826);
#7825 = CARTESIAN_POINT('',(-1.6,-1.8,0.));
#7826 = VECTOR('',#7827,1.);
#7827 = DIRECTION('',(1.,0.,0.));
#7828 = ORIENTED_EDGE('',*,*,#5973,.T.);
#7829 = ORIENTED_EDGE('',*,*,#5949,.F.);
#7830 = ORIENTED_EDGE('',*,*,#5909,.F.);
#7831 = PLANE('',#7832);
#7832 = AXIS2_PLACEMENT_3D('',#7833,#7834,#7835);
#7833 = CARTESIAN_POINT('',(-1.6,-1.8,0.));
#7834 = DIRECTION('',(0.,-1.,0.));
#7835 = DIRECTION('',(0.,0.,1.));
#7836 = ADVANCED_FACE('',(#7837),#7843,.T.);
#7837 = FACE_BOUND('',#7838,.T.);
#7838 = EDGE_LOOP('',(#7839,#7840,#7841,#7842));
#7839 = ORIENTED_EDGE('',*,*,#7508,.T.);
#7840 = ORIENTED_EDGE('',*,*,#5992,.T.);
#7841 = ORIENTED_EDGE('',*,*,#7823,.F.);
#7842 = ORIENTED_EDGE('',*,*,#5935,.F.);
#7843 = PLANE('',#7844);
#7844 = AXIS2_PLACEMENT_3D('',#7845,#7846,#7847);
#7845 = CARTESIAN_POINT('',(-1.6,-1.,0.));
#7846 = DIRECTION('',(0.,0.,-1.));
#7847 = DIRECTION('',(0.,-1.,0.));
#7848 = ADVANCED_FACE('',(#7849),#7860,.T.);
#7849 = FACE_BOUND('',#7850,.T.);
#7850 = EDGE_LOOP('',(#7851,#7857,#7858,#7859));
#7851 = ORIENTED_EDGE('',*,*,#7852,.T.);
#7852 = EDGE_CURVE('',#6007,#6071,#7853,.T.);
#7853 = LINE('',#7854,#7855);
#7854 = CARTESIAN_POINT('',(-0.6,-1.8,0.));
#7855 = VECTOR('',#7856,1.);
#7856 = DIRECTION('',(1.,0.,0.));
#7857 = ORIENTED_EDGE('',*,*,#6070,.T.);
#7858 = ORIENTED_EDGE('',*,*,#6046,.F.);
#7859 = ORIENTED_EDGE('',*,*,#6006,.F.);
#7860 = PLANE('',#7861);
#7861 = AXIS2_PLACEMENT_3D('',#7862,#7863,#7864);
#7862 = CARTESIAN_POINT('',(-0.6,-1.8,0.));
#7863 = DIRECTION('',(0.,-1.,0.));
#7864 = DIRECTION('',(0.,0.,1.));
#7865 = ADVANCED_FACE('',(#7866),#7872,.T.);
#7866 = FACE_BOUND('',#7867,.T.);
#7867 = EDGE_LOOP('',(#7868,#7869,#7870,#7871));
#7868 = ORIENTED_EDGE('',*,*,#7491,.T.);
#7869 = ORIENTED_EDGE('',*,*,#6089,.T.);
#7870 = ORIENTED_EDGE('',*,*,#7852,.F.);
#7871 = ORIENTED_EDGE('',*,*,#6032,.F.);
#7872 = PLANE('',#7873);
#7873 = AXIS2_PLACEMENT_3D('',#7874,#7875,#7876);
#7874 = CARTESIAN_POINT('',(-0.6,-1.,0.));
#7875 = DIRECTION('',(0.,0.,-1.));
#7876 = DIRECTION('',(0.,-1.,0.));
#7877 = ADVANCED_FACE('',(#7878),#7889,.T.);
#7878 = FACE_BOUND('',#7879,.T.);
#7879 = EDGE_LOOP('',(#7880,#7886,#7887,#7888));
#7880 = ORIENTED_EDGE('',*,*,#7881,.T.);
#7881 = EDGE_CURVE('',#6104,#6168,#7882,.T.);
#7882 = LINE('',#7883,#7884);
#7883 = CARTESIAN_POINT('',(0.4,-1.8,0.));
#7884 = VECTOR('',#7885,1.);
#7885 = DIRECTION('',(1.,0.,0.));
#7886 = ORIENTED_EDGE('',*,*,#6167,.T.);
#7887 = ORIENTED_EDGE('',*,*,#6143,.F.);
#7888 = ORIENTED_EDGE('',*,*,#6103,.F.);
#7889 = PLANE('',#7890);
#7890 = AXIS2_PLACEMENT_3D('',#7891,#7892,#7893);
#7891 = CARTESIAN_POINT('',(0.4,-1.8,0.));
#7892 = DIRECTION('',(0.,-1.,0.));
#7893 = DIRECTION('',(0.,0.,1.));
#7894 = ADVANCED_FACE('',(#7895),#7901,.T.);
#7895 = FACE_BOUND('',#7896,.T.);
#7896 = EDGE_LOOP('',(#7897,#7898,#7899,#7900));
#7897 = ORIENTED_EDGE('',*,*,#7474,.T.);
#7898 = ORIENTED_EDGE('',*,*,#6186,.T.);
#7899 = ORIENTED_EDGE('',*,*,#7881,.F.);
#7900 = ORIENTED_EDGE('',*,*,#6129,.F.);
#7901 = PLANE('',#7902);
#7902 = AXIS2_PLACEMENT_3D('',#7903,#7904,#7905);
#7903 = CARTESIAN_POINT('',(0.4,-1.,0.));
#7904 = DIRECTION('',(0.,0.,-1.));
#7905 = DIRECTION('',(0.,-1.,0.));
#7906 = ADVANCED_FACE('',(#7907),#7918,.T.);
#7907 = FACE_BOUND('',#7908,.T.);
#7908 = EDGE_LOOP('',(#7909,#7915,#7916,#7917));
#7909 = ORIENTED_EDGE('',*,*,#7910,.T.);
#7910 = EDGE_CURVE('',#6201,#6265,#7911,.T.);
#7911 = LINE('',#7912,#7913);
#7912 = CARTESIAN_POINT('',(1.4,-1.8,0.));
#7913 = VECTOR('',#7914,1.);
#7914 = DIRECTION('',(1.,0.,0.));
#7915 = ORIENTED_EDGE('',*,*,#6264,.T.);
#7916 = ORIENTED_EDGE('',*,*,#6240,.F.);
#7917 = ORIENTED_EDGE('',*,*,#6200,.F.);
#7918 = PLANE('',#7919);
#7919 = AXIS2_PLACEMENT_3D('',#7920,#7921,#7922);
#7920 = CARTESIAN_POINT('',(1.4,-1.8,0.));
#7921 = DIRECTION('',(0.,-1.,0.));
#7922 = DIRECTION('',(0.,0.,1.));
#7923 = ADVANCED_FACE('',(#7924),#7930,.T.);
#7924 = FACE_BOUND('',#7925,.T.);
#7925 = EDGE_LOOP('',(#7926,#7927,#7928,#7929));
#7926 = ORIENTED_EDGE('',*,*,#7457,.T.);
#7927 = ORIENTED_EDGE('',*,*,#6283,.T.);
#7928 = ORIENTED_EDGE('',*,*,#7910,.F.);
#7929 = ORIENTED_EDGE('',*,*,#6226,.F.);
#7930 = PLANE('',#7931);
#7931 = AXIS2_PLACEMENT_3D('',#7932,#7933,#7934);
#7932 = CARTESIAN_POINT('',(1.4,-1.,0.));
#7933 = DIRECTION('',(0.,0.,-1.));
#7934 = DIRECTION('',(0.,-1.,0.));
#7935 = ADVANCED_FACE('',(#7936),#7947,.T.);
#7936 = FACE_BOUND('',#7937,.T.);
#7937 = EDGE_LOOP('',(#7938,#7944,#7945,#7946));
#7938 = ORIENTED_EDGE('',*,*,#7939,.T.);
#7939 = EDGE_CURVE('',#6298,#6362,#7940,.T.);
#7940 = LINE('',#7941,#7942);
#7941 = CARTESIAN_POINT('',(2.4,-1.8,0.));
#7942 = VECTOR('',#7943,1.);
#7943 = DIRECTION('',(1.,0.,0.));
#7944 = ORIENTED_EDGE('',*,*,#6361,.T.);
#7945 = ORIENTED_EDGE('',*,*,#6337,.F.);
#7946 = ORIENTED_EDGE('',*,*,#6297,.F.);
#7947 = PLANE('',#7948);
#7948 = AXIS2_PLACEMENT_3D('',#7949,#7950,#7951);
#7949 = CARTESIAN_POINT('',(2.4,-1.8,0.));
#7950 = DIRECTION('',(0.,-1.,0.));
#7951 = DIRECTION('',(0.,0.,1.));
#7952 = ADVANCED_FACE('',(#7953),#7959,.T.);
#7953 = FACE_BOUND('',#7954,.T.);
#7954 = EDGE_LOOP('',(#7955,#7956,#7957,#7958));
#7955 = ORIENTED_EDGE('',*,*,#7440,.T.);
#7956 = ORIENTED_EDGE('',*,*,#6380,.T.);
#7957 = ORIENTED_EDGE('',*,*,#7939,.F.);
#7958 = ORIENTED_EDGE('',*,*,#6323,.F.);
#7959 = PLANE('',#7960);
#7960 = AXIS2_PLACEMENT_3D('',#7961,#7962,#7963);
#7961 = CARTESIAN_POINT('',(2.4,-1.,0.));
#7962 = DIRECTION('',(0.,0.,-1.));
#7963 = DIRECTION('',(0.,-1.,0.));
#7964 = ADVANCED_FACE('',(#7965),#7976,.T.);
#7965 = FACE_BOUND('',#7966,.T.);
#7966 = EDGE_LOOP('',(#7967,#7973,#7974,#7975));
#7967 = ORIENTED_EDGE('',*,*,#7968,.T.);
#7968 = EDGE_CURVE('',#6395,#6459,#7969,.T.);
#7969 = LINE('',#7970,#7971);
#7970 = CARTESIAN_POINT('',(3.4,-1.8,0.));
#7971 = VECTOR('',#7972,1.);
#7972 = DIRECTION('',(1.,0.,0.));
#7973 = ORIENTED_EDGE('',*,*,#6458,.T.);
#7974 = ORIENTED_EDGE('',*,*,#6434,.F.);
#7975 = ORIENTED_EDGE('',*,*,#6394,.F.);
#7976 = PLANE('',#7977);
#7977 = AXIS2_PLACEMENT_3D('',#7978,#7979,#7980);
#7978 = CARTESIAN_POINT('',(3.4,-1.8,0.));
#7979 = DIRECTION('',(0.,-1.,0.));
#7980 = DIRECTION('',(0.,0.,1.));
#7981 = ADVANCED_FACE('',(#7982),#7988,.T.);
#7982 = FACE_BOUND('',#7983,.T.);
#7983 = EDGE_LOOP('',(#7984,#7985,#7986,#7987));
#7984 = ORIENTED_EDGE('',*,*,#7423,.T.);
#7985 = ORIENTED_EDGE('',*,*,#6477,.T.);
#7986 = ORIENTED_EDGE('',*,*,#7968,.F.);
#7987 = ORIENTED_EDGE('',*,*,#6420,.F.);
#7988 = PLANE('',#7989);
#7989 = AXIS2_PLACEMENT_3D('',#7990,#7991,#7992);
#7990 = CARTESIAN_POINT('',(3.4,-1.,0.));
#7991 = DIRECTION('',(0.,0.,-1.));
#7992 = DIRECTION('',(0.,-1.,0.));
#7993 = ADVANCED_FACE('',(#7994),#8005,.T.);
#7994 = FACE_BOUND('',#7995,.T.);
#7995 = EDGE_LOOP('',(#7996,#8002,#8003,#8004));
#7996 = ORIENTED_EDGE('',*,*,#7997,.T.);
#7997 = EDGE_CURVE('',#6492,#6556,#7998,.T.);
#7998 = LINE('',#7999,#8000);
#7999 = CARTESIAN_POINT('',(4.4,-1.8,0.));
#8000 = VECTOR('',#8001,1.);
#8001 = DIRECTION('',(1.,0.,0.));
#8002 = ORIENTED_EDGE('',*,*,#6555,.T.);
#8003 = ORIENTED_EDGE('',*,*,#6531,.F.);
#8004 = ORIENTED_EDGE('',*,*,#6491,.F.);
#8005 = PLANE('',#8006);
#8006 = AXIS2_PLACEMENT_3D('',#8007,#8008,#8009);
#8007 = CARTESIAN_POINT('',(4.4,-1.8,0.));
#8008 = DIRECTION('',(0.,-1.,0.));
#8009 = DIRECTION('',(0.,0.,1.));
#8010 = ADVANCED_FACE('',(#8011),#8017,.T.);
#8011 = FACE_BOUND('',#8012,.T.);
#8012 = EDGE_LOOP('',(#8013,#8014,#8015,#8016));
#8013 = ORIENTED_EDGE('',*,*,#7406,.T.);
#8014 = ORIENTED_EDGE('',*,*,#6574,.T.);
#8015 = ORIENTED_EDGE('',*,*,#7997,.F.);
#8016 = ORIENTED_EDGE('',*,*,#6517,.F.);
#8017 = PLANE('',#8018);
#8018 = AXIS2_PLACEMENT_3D('',#8019,#8020,#8021);
#8019 = CARTESIAN_POINT('',(4.4,-1.,0.));
#8020 = DIRECTION('',(0.,0.,-1.));
#8021 = DIRECTION('',(0.,-1.,0.));
#8022 = ADVANCED_FACE('',(#8023),#8034,.T.);
#8023 = FACE_BOUND('',#8024,.T.);
#8024 = EDGE_LOOP('',(#8025,#8031,#8032,#8033));
#8025 = ORIENTED_EDGE('',*,*,#8026,.T.);
#8026 = EDGE_CURVE('',#6589,#6653,#8027,.T.);
#8027 = LINE('',#8028,#8029);
#8028 = CARTESIAN_POINT('',(5.4,-1.8,0.));
#8029 = VECTOR('',#8030,1.);
#8030 = DIRECTION('',(1.,0.,0.));
#8031 = ORIENTED_EDGE('',*,*,#6652,.T.);
#8032 = ORIENTED_EDGE('',*,*,#6628,.F.);
#8033 = ORIENTED_EDGE('',*,*,#6588,.F.);
#8034 = PLANE('',#8035);
#8035 = AXIS2_PLACEMENT_3D('',#8036,#8037,#8038);
#8036 = CARTESIAN_POINT('',(5.4,-1.8,0.));
#8037 = DIRECTION('',(0.,-1.,0.));
#8038 = DIRECTION('',(0.,0.,1.));
#8039 = ADVANCED_FACE('',(#8040),#8046,.T.);
#8040 = FACE_BOUND('',#8041,.T.);
#8041 = EDGE_LOOP('',(#8042,#8043,#8044,#8045));
#8042 = ORIENTED_EDGE('',*,*,#7389,.T.);
#8043 = ORIENTED_EDGE('',*,*,#6671,.T.);
#8044 = ORIENTED_EDGE('',*,*,#8026,.F.);
#8045 = ORIENTED_EDGE('',*,*,#6614,.F.);
#8046 = PLANE('',#8047);
#8047 = AXIS2_PLACEMENT_3D('',#8048,#8049,#8050);
#8048 = CARTESIAN_POINT('',(5.4,-1.,0.));
#8049 = DIRECTION('',(0.,0.,-1.));
#8050 = DIRECTION('',(0.,-1.,0.));
#8051 = ADVANCED_FACE('',(#8052),#8063,.T.);
#8052 = FACE_BOUND('',#8053,.T.);
#8053 = EDGE_LOOP('',(#8054,#8060,#8061,#8062));
#8054 = ORIENTED_EDGE('',*,*,#8055,.T.);
#8055 = EDGE_CURVE('',#6686,#6750,#8056,.T.);
#8056 = LINE('',#8057,#8058);
#8057 = CARTESIAN_POINT('',(6.4,-1.8,0.));
#8058 = VECTOR('',#8059,1.);
#8059 = DIRECTION('',(1.,0.,0.));
#8060 = ORIENTED_EDGE('',*,*,#6749,.T.);
#8061 = ORIENTED_EDGE('',*,*,#6725,.F.);
#8062 = ORIENTED_EDGE('',*,*,#6685,.F.);
#8063 = PLANE('',#8064);
#8064 = AXIS2_PLACEMENT_3D('',#8065,#8066,#8067);
#8065 = CARTESIAN_POINT('',(6.4,-1.8,0.));
#8066 = DIRECTION('',(0.,-1.,0.));
#8067 = DIRECTION('',(0.,0.,1.));
#8068 = ADVANCED_FACE('',(#8069),#8075,.T.);
#8069 = FACE_BOUND('',#8070,.T.);
#8070 = EDGE_LOOP('',(#8071,#8072,#8073,#8074));
#8071 = ORIENTED_EDGE('',*,*,#7372,.T.);
#8072 = ORIENTED_EDGE('',*,*,#6768,.T.);
#8073 = ORIENTED_EDGE('',*,*,#8055,.F.);
#8074 = ORIENTED_EDGE('',*,*,#6711,.F.);
#8075 = PLANE('',#8076);
#8076 = AXIS2_PLACEMENT_3D('',#8077,#8078,#8079);
#8077 = CARTESIAN_POINT('',(6.4,-1.,0.));
#8078 = DIRECTION('',(0.,0.,-1.));
#8079 = DIRECTION('',(0.,-1.,0.));
#8080 = ADVANCED_FACE('',(#8081),#8087,.T.);
#8081 = FACE_BOUND('',#8082,.T.);
#8082 = EDGE_LOOP('',(#8083,#8084,#8085,#8086));
#8083 = ORIENTED_EDGE('',*,*,#6855,.T.);
#8084 = ORIENTED_EDGE('',*,*,#6878,.T.);
#8085 = ORIENTED_EDGE('',*,*,#6903,.T.);
#8086 = ORIENTED_EDGE('',*,*,#6831,.T.);
#8087 = PLANE('',#8088);
#8088 = AXIS2_PLACEMENT_3D('',#8089,#8090,#8091);
#8089 = CARTESIAN_POINT('',(0.,0.6,1.92));
#8090 = DIRECTION('',(0.,0.,1.));
#8091 = DIRECTION('',(1.,0.,-0.));
#8092 = ADVANCED_FACE('',(#8093,#8099,#8133,#8167,#8201,#8235,#8269,
    #8303,#8337,#8371,#8405,#8439,#8473,#8507,#8541),#8575,.T.);
#8093 = FACE_BOUND('',#8094,.T.);
#8094 = EDGE_LOOP('',(#8095,#8096,#8097,#8098));
#8095 = ORIENTED_EDGE('',*,*,#6808,.T.);
#8096 = ORIENTED_EDGE('',*,*,#6919,.T.);
#8097 = ORIENTED_EDGE('',*,*,#6944,.T.);
#8098 = ORIENTED_EDGE('',*,*,#7055,.T.);
#8099 = FACE_BOUND('',#8100,.T.);
#8100 = EDGE_LOOP('',(#8101,#8111,#8119,#8127));
#8101 = ORIENTED_EDGE('',*,*,#8102,.F.);
#8102 = EDGE_CURVE('',#8103,#8105,#8107,.T.);
#8103 = VERTEX_POINT('',#8104);
#8104 = CARTESIAN_POINT('',(-6.6,0.5,1.32));
#8105 = VERTEX_POINT('',#8106);
#8106 = CARTESIAN_POINT('',(-6.4,0.5,1.32));
#8107 = LINE('',#8108,#8109);
#8108 = CARTESIAN_POINT('',(-6.6,0.5,1.32));
#8109 = VECTOR('',#8110,1.);
#8110 = DIRECTION('',(1.,0.,0.));
#8111 = ORIENTED_EDGE('',*,*,#8112,.F.);
#8112 = EDGE_CURVE('',#8113,#8103,#8115,.T.);
#8113 = VERTEX_POINT('',#8114);
#8114 = CARTESIAN_POINT('',(-6.6,0.98,1.32));
#8115 = LINE('',#8116,#8117);
#8116 = CARTESIAN_POINT('',(-6.6,0.98,1.32));
#8117 = VECTOR('',#8118,1.);
#8118 = DIRECTION('',(0.,-1.,-4.625929269271E-16));
#8119 = ORIENTED_EDGE('',*,*,#8120,.T.);
#8120 = EDGE_CURVE('',#8113,#8121,#8123,.T.);
#8121 = VERTEX_POINT('',#8122);
#8122 = CARTESIAN_POINT('',(-6.4,0.98,1.32));
#8123 = LINE('',#8124,#8125);
#8124 = CARTESIAN_POINT('',(-6.6,0.98,1.32));
#8125 = VECTOR('',#8126,1.);
#8126 = DIRECTION('',(1.,0.,0.));
#8127 = ORIENTED_EDGE('',*,*,#8128,.T.);
#8128 = EDGE_CURVE('',#8121,#8105,#8129,.T.);
#8129 = LINE('',#8130,#8131);
#8130 = CARTESIAN_POINT('',(-6.4,0.98,1.32));
#8131 = VECTOR('',#8132,1.);
#8132 = DIRECTION('',(0.,-1.,-4.625929269271E-16));
#8133 = FACE_BOUND('',#8134,.T.);
#8134 = EDGE_LOOP('',(#8135,#8145,#8153,#8161));
#8135 = ORIENTED_EDGE('',*,*,#8136,.F.);
#8136 = EDGE_CURVE('',#8137,#8139,#8141,.T.);
#8137 = VERTEX_POINT('',#8138);
#8138 = CARTESIAN_POINT('',(-5.6,0.5,1.32));
#8139 = VERTEX_POINT('',#8140);
#8140 = CARTESIAN_POINT('',(-5.4,0.5,1.32));
#8141 = LINE('',#8142,#8143);
#8142 = CARTESIAN_POINT('',(-5.6,0.5,1.32));
#8143 = VECTOR('',#8144,1.);
#8144 = DIRECTION('',(1.,0.,0.));
#8145 = ORIENTED_EDGE('',*,*,#8146,.F.);
#8146 = EDGE_CURVE('',#8147,#8137,#8149,.T.);
#8147 = VERTEX_POINT('',#8148);
#8148 = CARTESIAN_POINT('',(-5.6,0.98,1.32));
#8149 = LINE('',#8150,#8151);
#8150 = CARTESIAN_POINT('',(-5.6,0.98,1.32));
#8151 = VECTOR('',#8152,1.);
#8152 = DIRECTION('',(0.,-1.,-4.625929269271E-16));
#8153 = ORIENTED_EDGE('',*,*,#8154,.T.);
#8154 = EDGE_CURVE('',#8147,#8155,#8157,.T.);
#8155 = VERTEX_POINT('',#8156);
#8156 = CARTESIAN_POINT('',(-5.4,0.98,1.32));
#8157 = LINE('',#8158,#8159);
#8158 = CARTESIAN_POINT('',(-5.6,0.98,1.32));
#8159 = VECTOR('',#8160,1.);
#8160 = DIRECTION('',(1.,0.,0.));
#8161 = ORIENTED_EDGE('',*,*,#8162,.T.);
#8162 = EDGE_CURVE('',#8155,#8139,#8163,.T.);
#8163 = LINE('',#8164,#8165);
#8164 = CARTESIAN_POINT('',(-5.4,0.98,1.32));
#8165 = VECTOR('',#8166,1.);
#8166 = DIRECTION('',(0.,-1.,-4.625929269271E-16));
#8167 = FACE_BOUND('',#8168,.T.);
#8168 = EDGE_LOOP('',(#8169,#8179,#8187,#8195));
#8169 = ORIENTED_EDGE('',*,*,#8170,.F.);
#8170 = EDGE_CURVE('',#8171,#8173,#8175,.T.);
#8171 = VERTEX_POINT('',#8172);
#8172 = CARTESIAN_POINT('',(-4.6,0.5,1.32));
#8173 = VERTEX_POINT('',#8174);
#8174 = CARTESIAN_POINT('',(-4.4,0.5,1.32));
#8175 = LINE('',#8176,#8177);
#8176 = CARTESIAN_POINT('',(-4.6,0.5,1.32));
#8177 = VECTOR('',#8178,1.);
#8178 = DIRECTION('',(1.,0.,0.));
#8179 = ORIENTED_EDGE('',*,*,#8180,.F.);
#8180 = EDGE_CURVE('',#8181,#8171,#8183,.T.);
#8181 = VERTEX_POINT('',#8182);
#8182 = CARTESIAN_POINT('',(-4.6,0.98,1.32));
#8183 = LINE('',#8184,#8185);
#8184 = CARTESIAN_POINT('',(-4.6,0.98,1.32));
#8185 = VECTOR('',#8186,1.);
#8186 = DIRECTION('',(0.,-1.,-4.625929269271E-16));
#8187 = ORIENTED_EDGE('',*,*,#8188,.T.);
#8188 = EDGE_CURVE('',#8181,#8189,#8191,.T.);
#8189 = VERTEX_POINT('',#8190);
#8190 = CARTESIAN_POINT('',(-4.4,0.98,1.32));
#8191 = LINE('',#8192,#8193);
#8192 = CARTESIAN_POINT('',(-4.6,0.98,1.32));
#8193 = VECTOR('',#8194,1.);
#8194 = DIRECTION('',(1.,0.,0.));
#8195 = ORIENTED_EDGE('',*,*,#8196,.T.);
#8196 = EDGE_CURVE('',#8189,#8173,#8197,.T.);
#8197 = LINE('',#8198,#8199);
#8198 = CARTESIAN_POINT('',(-4.4,0.98,1.32));
#8199 = VECTOR('',#8200,1.);
#8200 = DIRECTION('',(0.,-1.,-4.625929269271E-16));
#8201 = FACE_BOUND('',#8202,.T.);
#8202 = EDGE_LOOP('',(#8203,#8213,#8221,#8229));
#8203 = ORIENTED_EDGE('',*,*,#8204,.F.);
#8204 = EDGE_CURVE('',#8205,#8207,#8209,.T.);
#8205 = VERTEX_POINT('',#8206);
#8206 = CARTESIAN_POINT('',(-3.6,0.5,1.32));
#8207 = VERTEX_POINT('',#8208);
#8208 = CARTESIAN_POINT('',(-3.4,0.5,1.32));
#8209 = LINE('',#8210,#8211);
#8210 = CARTESIAN_POINT('',(-3.6,0.5,1.32));
#8211 = VECTOR('',#8212,1.);
#8212 = DIRECTION('',(1.,0.,0.));
#8213 = ORIENTED_EDGE('',*,*,#8214,.F.);
#8214 = EDGE_CURVE('',#8215,#8205,#8217,.T.);
#8215 = VERTEX_POINT('',#8216);
#8216 = CARTESIAN_POINT('',(-3.6,0.98,1.32));
#8217 = LINE('',#8218,#8219);
#8218 = CARTESIAN_POINT('',(-3.6,0.98,1.32));
#8219 = VECTOR('',#8220,1.);
#8220 = DIRECTION('',(0.,-1.,-4.625929269271E-16));
#8221 = ORIENTED_EDGE('',*,*,#8222,.T.);
#8222 = EDGE_CURVE('',#8215,#8223,#8225,.T.);
#8223 = VERTEX_POINT('',#8224);
#8224 = CARTESIAN_POINT('',(-3.4,0.98,1.32));
#8225 = LINE('',#8226,#8227);
#8226 = CARTESIAN_POINT('',(-3.6,0.98,1.32));
#8227 = VECTOR('',#8228,1.);
#8228 = DIRECTION('',(1.,0.,0.));
#8229 = ORIENTED_EDGE('',*,*,#8230,.T.);
#8230 = EDGE_CURVE('',#8223,#8207,#8231,.T.);
#8231 = LINE('',#8232,#8233);
#8232 = CARTESIAN_POINT('',(-3.4,0.98,1.32));
#8233 = VECTOR('',#8234,1.);
#8234 = DIRECTION('',(0.,-1.,-4.625929269271E-16));
#8235 = FACE_BOUND('',#8236,.T.);
#8236 = EDGE_LOOP('',(#8237,#8247,#8255,#8263));
#8237 = ORIENTED_EDGE('',*,*,#8238,.F.);
#8238 = EDGE_CURVE('',#8239,#8241,#8243,.T.);
#8239 = VERTEX_POINT('',#8240);
#8240 = CARTESIAN_POINT('',(-2.6,0.5,1.32));
#8241 = VERTEX_POINT('',#8242);
#8242 = CARTESIAN_POINT('',(-2.4,0.5,1.32));
#8243 = LINE('',#8244,#8245);
#8244 = CARTESIAN_POINT('',(-2.6,0.5,1.32));
#8245 = VECTOR('',#8246,1.);
#8246 = DIRECTION('',(1.,0.,0.));
#8247 = ORIENTED_EDGE('',*,*,#8248,.F.);
#8248 = EDGE_CURVE('',#8249,#8239,#8251,.T.);
#8249 = VERTEX_POINT('',#8250);
#8250 = CARTESIAN_POINT('',(-2.6,0.98,1.32));
#8251 = LINE('',#8252,#8253);
#8252 = CARTESIAN_POINT('',(-2.6,0.98,1.32));
#8253 = VECTOR('',#8254,1.);
#8254 = DIRECTION('',(0.,-1.,-4.625929269271E-16));
#8255 = ORIENTED_EDGE('',*,*,#8256,.T.);
#8256 = EDGE_CURVE('',#8249,#8257,#8259,.T.);
#8257 = VERTEX_POINT('',#8258);
#8258 = CARTESIAN_POINT('',(-2.4,0.98,1.32));
#8259 = LINE('',#8260,#8261);
#8260 = CARTESIAN_POINT('',(-2.6,0.98,1.32));
#8261 = VECTOR('',#8262,1.);
#8262 = DIRECTION('',(1.,0.,0.));
#8263 = ORIENTED_EDGE('',*,*,#8264,.T.);
#8264 = EDGE_CURVE('',#8257,#8241,#8265,.T.);
#8265 = LINE('',#8266,#8267);
#8266 = CARTESIAN_POINT('',(-2.4,0.98,1.32));
#8267 = VECTOR('',#8268,1.);
#8268 = DIRECTION('',(0.,-1.,-4.625929269271E-16));
#8269 = FACE_BOUND('',#8270,.T.);
#8270 = EDGE_LOOP('',(#8271,#8281,#8289,#8297));
#8271 = ORIENTED_EDGE('',*,*,#8272,.F.);
#8272 = EDGE_CURVE('',#8273,#8275,#8277,.T.);
#8273 = VERTEX_POINT('',#8274);
#8274 = CARTESIAN_POINT('',(-1.6,0.5,1.32));
#8275 = VERTEX_POINT('',#8276);
#8276 = CARTESIAN_POINT('',(-1.4,0.5,1.32));
#8277 = LINE('',#8278,#8279);
#8278 = CARTESIAN_POINT('',(-1.6,0.5,1.32));
#8279 = VECTOR('',#8280,1.);
#8280 = DIRECTION('',(1.,0.,0.));
#8281 = ORIENTED_EDGE('',*,*,#8282,.F.);
#8282 = EDGE_CURVE('',#8283,#8273,#8285,.T.);
#8283 = VERTEX_POINT('',#8284);
#8284 = CARTESIAN_POINT('',(-1.6,0.98,1.32));
#8285 = LINE('',#8286,#8287);
#8286 = CARTESIAN_POINT('',(-1.6,0.98,1.32));
#8287 = VECTOR('',#8288,1.);
#8288 = DIRECTION('',(0.,-1.,-4.625929269271E-16));
#8289 = ORIENTED_EDGE('',*,*,#8290,.T.);
#8290 = EDGE_CURVE('',#8283,#8291,#8293,.T.);
#8291 = VERTEX_POINT('',#8292);
#8292 = CARTESIAN_POINT('',(-1.4,0.98,1.32));
#8293 = LINE('',#8294,#8295);
#8294 = CARTESIAN_POINT('',(-1.6,0.98,1.32));
#8295 = VECTOR('',#8296,1.);
#8296 = DIRECTION('',(1.,0.,0.));
#8297 = ORIENTED_EDGE('',*,*,#8298,.T.);
#8298 = EDGE_CURVE('',#8291,#8275,#8299,.T.);
#8299 = LINE('',#8300,#8301);
#8300 = CARTESIAN_POINT('',(-1.4,0.98,1.32));
#8301 = VECTOR('',#8302,1.);
#8302 = DIRECTION('',(0.,-1.,-4.625929269271E-16));
#8303 = FACE_BOUND('',#8304,.T.);
#8304 = EDGE_LOOP('',(#8305,#8315,#8323,#8331));
#8305 = ORIENTED_EDGE('',*,*,#8306,.F.);
#8306 = EDGE_CURVE('',#8307,#8309,#8311,.T.);
#8307 = VERTEX_POINT('',#8308);
#8308 = CARTESIAN_POINT('',(-0.6,0.5,1.32));
#8309 = VERTEX_POINT('',#8310);
#8310 = CARTESIAN_POINT('',(-0.4,0.5,1.32));
#8311 = LINE('',#8312,#8313);
#8312 = CARTESIAN_POINT('',(-0.6,0.5,1.32));
#8313 = VECTOR('',#8314,1.);
#8314 = DIRECTION('',(1.,0.,0.));
#8315 = ORIENTED_EDGE('',*,*,#8316,.F.);
#8316 = EDGE_CURVE('',#8317,#8307,#8319,.T.);
#8317 = VERTEX_POINT('',#8318);
#8318 = CARTESIAN_POINT('',(-0.6,0.98,1.32));
#8319 = LINE('',#8320,#8321);
#8320 = CARTESIAN_POINT('',(-0.6,0.98,1.32));
#8321 = VECTOR('',#8322,1.);
#8322 = DIRECTION('',(0.,-1.,-4.625929269271E-16));
#8323 = ORIENTED_EDGE('',*,*,#8324,.T.);
#8324 = EDGE_CURVE('',#8317,#8325,#8327,.T.);
#8325 = VERTEX_POINT('',#8326);
#8326 = CARTESIAN_POINT('',(-0.4,0.98,1.32));
#8327 = LINE('',#8328,#8329);
#8328 = CARTESIAN_POINT('',(-0.6,0.98,1.32));
#8329 = VECTOR('',#8330,1.);
#8330 = DIRECTION('',(1.,0.,0.));
#8331 = ORIENTED_EDGE('',*,*,#8332,.T.);
#8332 = EDGE_CURVE('',#8325,#8309,#8333,.T.);
#8333 = LINE('',#8334,#8335);
#8334 = CARTESIAN_POINT('',(-0.4,0.98,1.32));
#8335 = VECTOR('',#8336,1.);
#8336 = DIRECTION('',(0.,-1.,-4.625929269271E-16));
#8337 = FACE_BOUND('',#8338,.T.);
#8338 = EDGE_LOOP('',(#8339,#8349,#8357,#8365));
#8339 = ORIENTED_EDGE('',*,*,#8340,.F.);
#8340 = EDGE_CURVE('',#8341,#8343,#8345,.T.);
#8341 = VERTEX_POINT('',#8342);
#8342 = CARTESIAN_POINT('',(0.4,0.5,1.32));
#8343 = VERTEX_POINT('',#8344);
#8344 = CARTESIAN_POINT('',(0.6,0.5,1.32));
#8345 = LINE('',#8346,#8347);
#8346 = CARTESIAN_POINT('',(0.4,0.5,1.32));
#8347 = VECTOR('',#8348,1.);
#8348 = DIRECTION('',(1.,0.,0.));
#8349 = ORIENTED_EDGE('',*,*,#8350,.F.);
#8350 = EDGE_CURVE('',#8351,#8341,#8353,.T.);
#8351 = VERTEX_POINT('',#8352);
#8352 = CARTESIAN_POINT('',(0.4,0.98,1.32));
#8353 = LINE('',#8354,#8355);
#8354 = CARTESIAN_POINT('',(0.4,0.98,1.32));
#8355 = VECTOR('',#8356,1.);
#8356 = DIRECTION('',(0.,-1.,-4.625929269271E-16));
#8357 = ORIENTED_EDGE('',*,*,#8358,.T.);
#8358 = EDGE_CURVE('',#8351,#8359,#8361,.T.);
#8359 = VERTEX_POINT('',#8360);
#8360 = CARTESIAN_POINT('',(0.6,0.98,1.32));
#8361 = LINE('',#8362,#8363);
#8362 = CARTESIAN_POINT('',(0.4,0.98,1.32));
#8363 = VECTOR('',#8364,1.);
#8364 = DIRECTION('',(1.,0.,0.));
#8365 = ORIENTED_EDGE('',*,*,#8366,.T.);
#8366 = EDGE_CURVE('',#8359,#8343,#8367,.T.);
#8367 = LINE('',#8368,#8369);
#8368 = CARTESIAN_POINT('',(0.6,0.98,1.32));
#8369 = VECTOR('',#8370,1.);
#8370 = DIRECTION('',(0.,-1.,-4.625929269271E-16));
#8371 = FACE_BOUND('',#8372,.T.);
#8372 = EDGE_LOOP('',(#8373,#8383,#8391,#8399));
#8373 = ORIENTED_EDGE('',*,*,#8374,.F.);
#8374 = EDGE_CURVE('',#8375,#8377,#8379,.T.);
#8375 = VERTEX_POINT('',#8376);
#8376 = CARTESIAN_POINT('',(1.4,0.5,1.32));
#8377 = VERTEX_POINT('',#8378);
#8378 = CARTESIAN_POINT('',(1.6,0.5,1.32));
#8379 = LINE('',#8380,#8381);
#8380 = CARTESIAN_POINT('',(1.4,0.5,1.32));
#8381 = VECTOR('',#8382,1.);
#8382 = DIRECTION('',(1.,0.,0.));
#8383 = ORIENTED_EDGE('',*,*,#8384,.F.);
#8384 = EDGE_CURVE('',#8385,#8375,#8387,.T.);
#8385 = VERTEX_POINT('',#8386);
#8386 = CARTESIAN_POINT('',(1.4,0.98,1.32));
#8387 = LINE('',#8388,#8389);
#8388 = CARTESIAN_POINT('',(1.4,0.98,1.32));
#8389 = VECTOR('',#8390,1.);
#8390 = DIRECTION('',(0.,-1.,-4.625929269271E-16));
#8391 = ORIENTED_EDGE('',*,*,#8392,.T.);
#8392 = EDGE_CURVE('',#8385,#8393,#8395,.T.);
#8393 = VERTEX_POINT('',#8394);
#8394 = CARTESIAN_POINT('',(1.6,0.98,1.32));
#8395 = LINE('',#8396,#8397);
#8396 = CARTESIAN_POINT('',(1.4,0.98,1.32));
#8397 = VECTOR('',#8398,1.);
#8398 = DIRECTION('',(1.,0.,0.));
#8399 = ORIENTED_EDGE('',*,*,#8400,.T.);
#8400 = EDGE_CURVE('',#8393,#8377,#8401,.T.);
#8401 = LINE('',#8402,#8403);
#8402 = CARTESIAN_POINT('',(1.6,0.98,1.32));
#8403 = VECTOR('',#8404,1.);
#8404 = DIRECTION('',(0.,-1.,-4.625929269271E-16));
#8405 = FACE_BOUND('',#8406,.T.);
#8406 = EDGE_LOOP('',(#8407,#8417,#8425,#8433));
#8407 = ORIENTED_EDGE('',*,*,#8408,.F.);
#8408 = EDGE_CURVE('',#8409,#8411,#8413,.T.);
#8409 = VERTEX_POINT('',#8410);
#8410 = CARTESIAN_POINT('',(2.4,0.5,1.32));
#8411 = VERTEX_POINT('',#8412);
#8412 = CARTESIAN_POINT('',(2.6,0.5,1.32));
#8413 = LINE('',#8414,#8415);
#8414 = CARTESIAN_POINT('',(2.4,0.5,1.32));
#8415 = VECTOR('',#8416,1.);
#8416 = DIRECTION('',(1.,0.,0.));
#8417 = ORIENTED_EDGE('',*,*,#8418,.F.);
#8418 = EDGE_CURVE('',#8419,#8409,#8421,.T.);
#8419 = VERTEX_POINT('',#8420);
#8420 = CARTESIAN_POINT('',(2.4,0.98,1.32));
#8421 = LINE('',#8422,#8423);
#8422 = CARTESIAN_POINT('',(2.4,0.98,1.32));
#8423 = VECTOR('',#8424,1.);
#8424 = DIRECTION('',(0.,-1.,-4.625929269271E-16));
#8425 = ORIENTED_EDGE('',*,*,#8426,.T.);
#8426 = EDGE_CURVE('',#8419,#8427,#8429,.T.);
#8427 = VERTEX_POINT('',#8428);
#8428 = CARTESIAN_POINT('',(2.6,0.98,1.32));
#8429 = LINE('',#8430,#8431);
#8430 = CARTESIAN_POINT('',(2.4,0.98,1.32));
#8431 = VECTOR('',#8432,1.);
#8432 = DIRECTION('',(1.,0.,0.));
#8433 = ORIENTED_EDGE('',*,*,#8434,.T.);
#8434 = EDGE_CURVE('',#8427,#8411,#8435,.T.);
#8435 = LINE('',#8436,#8437);
#8436 = CARTESIAN_POINT('',(2.6,0.98,1.32));
#8437 = VECTOR('',#8438,1.);
#8438 = DIRECTION('',(0.,-1.,-4.625929269271E-16));
#8439 = FACE_BOUND('',#8440,.T.);
#8440 = EDGE_LOOP('',(#8441,#8451,#8459,#8467));
#8441 = ORIENTED_EDGE('',*,*,#8442,.F.);
#8442 = EDGE_CURVE('',#8443,#8445,#8447,.T.);
#8443 = VERTEX_POINT('',#8444);
#8444 = CARTESIAN_POINT('',(3.4,0.5,1.32));
#8445 = VERTEX_POINT('',#8446);
#8446 = CARTESIAN_POINT('',(3.6,0.5,1.32));
#8447 = LINE('',#8448,#8449);
#8448 = CARTESIAN_POINT('',(3.4,0.5,1.32));
#8449 = VECTOR('',#8450,1.);
#8450 = DIRECTION('',(1.,0.,0.));
#8451 = ORIENTED_EDGE('',*,*,#8452,.F.);
#8452 = EDGE_CURVE('',#8453,#8443,#8455,.T.);
#8453 = VERTEX_POINT('',#8454);
#8454 = CARTESIAN_POINT('',(3.4,0.98,1.32));
#8455 = LINE('',#8456,#8457);
#8456 = CARTESIAN_POINT('',(3.4,0.98,1.32));
#8457 = VECTOR('',#8458,1.);
#8458 = DIRECTION('',(0.,-1.,-4.625929269271E-16));
#8459 = ORIENTED_EDGE('',*,*,#8460,.T.);
#8460 = EDGE_CURVE('',#8453,#8461,#8463,.T.);
#8461 = VERTEX_POINT('',#8462);
#8462 = CARTESIAN_POINT('',(3.6,0.98,1.32));
#8463 = LINE('',#8464,#8465);
#8464 = CARTESIAN_POINT('',(3.4,0.98,1.32));
#8465 = VECTOR('',#8466,1.);
#8466 = DIRECTION('',(1.,0.,0.));
#8467 = ORIENTED_EDGE('',*,*,#8468,.T.);
#8468 = EDGE_CURVE('',#8461,#8445,#8469,.T.);
#8469 = LINE('',#8470,#8471);
#8470 = CARTESIAN_POINT('',(3.6,0.98,1.32));
#8471 = VECTOR('',#8472,1.);
#8472 = DIRECTION('',(0.,-1.,-4.625929269271E-16));
#8473 = FACE_BOUND('',#8474,.T.);
#8474 = EDGE_LOOP('',(#8475,#8485,#8493,#8501));
#8475 = ORIENTED_EDGE('',*,*,#8476,.F.);
#8476 = EDGE_CURVE('',#8477,#8479,#8481,.T.);
#8477 = VERTEX_POINT('',#8478);
#8478 = CARTESIAN_POINT('',(4.4,0.5,1.32));
#8479 = VERTEX_POINT('',#8480);
#8480 = CARTESIAN_POINT('',(4.6,0.5,1.32));
#8481 = LINE('',#8482,#8483);
#8482 = CARTESIAN_POINT('',(4.4,0.5,1.32));
#8483 = VECTOR('',#8484,1.);
#8484 = DIRECTION('',(1.,0.,0.));
#8485 = ORIENTED_EDGE('',*,*,#8486,.F.);
#8486 = EDGE_CURVE('',#8487,#8477,#8489,.T.);
#8487 = VERTEX_POINT('',#8488);
#8488 = CARTESIAN_POINT('',(4.4,0.98,1.32));
#8489 = LINE('',#8490,#8491);
#8490 = CARTESIAN_POINT('',(4.4,0.98,1.32));
#8491 = VECTOR('',#8492,1.);
#8492 = DIRECTION('',(0.,-1.,-4.625929269271E-16));
#8493 = ORIENTED_EDGE('',*,*,#8494,.T.);
#8494 = EDGE_CURVE('',#8487,#8495,#8497,.T.);
#8495 = VERTEX_POINT('',#8496);
#8496 = CARTESIAN_POINT('',(4.6,0.98,1.32));
#8497 = LINE('',#8498,#8499);
#8498 = CARTESIAN_POINT('',(4.4,0.98,1.32));
#8499 = VECTOR('',#8500,1.);
#8500 = DIRECTION('',(1.,0.,0.));
#8501 = ORIENTED_EDGE('',*,*,#8502,.T.);
#8502 = EDGE_CURVE('',#8495,#8479,#8503,.T.);
#8503 = LINE('',#8504,#8505);
#8504 = CARTESIAN_POINT('',(4.6,0.98,1.32));
#8505 = VECTOR('',#8506,1.);
#8506 = DIRECTION('',(0.,-1.,-4.625929269271E-16));
#8507 = FACE_BOUND('',#8508,.T.);
#8508 = EDGE_LOOP('',(#8509,#8519,#8527,#8535));
#8509 = ORIENTED_EDGE('',*,*,#8510,.F.);
#8510 = EDGE_CURVE('',#8511,#8513,#8515,.T.);
#8511 = VERTEX_POINT('',#8512);
#8512 = CARTESIAN_POINT('',(5.4,0.5,1.32));
#8513 = VERTEX_POINT('',#8514);
#8514 = CARTESIAN_POINT('',(5.6,0.5,1.32));
#8515 = LINE('',#8516,#8517);
#8516 = CARTESIAN_POINT('',(5.4,0.5,1.32));
#8517 = VECTOR('',#8518,1.);
#8518 = DIRECTION('',(1.,0.,0.));
#8519 = ORIENTED_EDGE('',*,*,#8520,.F.);
#8520 = EDGE_CURVE('',#8521,#8511,#8523,.T.);
#8521 = VERTEX_POINT('',#8522);
#8522 = CARTESIAN_POINT('',(5.4,0.98,1.32));
#8523 = LINE('',#8524,#8525);
#8524 = CARTESIAN_POINT('',(5.4,0.98,1.32));
#8525 = VECTOR('',#8526,1.);
#8526 = DIRECTION('',(0.,-1.,-4.625929269271E-16));
#8527 = ORIENTED_EDGE('',*,*,#8528,.T.);
#8528 = EDGE_CURVE('',#8521,#8529,#8531,.T.);
#8529 = VERTEX_POINT('',#8530);
#8530 = CARTESIAN_POINT('',(5.6,0.98,1.32));
#8531 = LINE('',#8532,#8533);
#8532 = CARTESIAN_POINT('',(5.4,0.98,1.32));
#8533 = VECTOR('',#8534,1.);
#8534 = DIRECTION('',(1.,0.,0.));
#8535 = ORIENTED_EDGE('',*,*,#8536,.T.);
#8536 = EDGE_CURVE('',#8529,#8513,#8537,.T.);
#8537 = LINE('',#8538,#8539);
#8538 = CARTESIAN_POINT('',(5.6,0.98,1.32));
#8539 = VECTOR('',#8540,1.);
#8540 = DIRECTION('',(0.,-1.,-4.625929269271E-16));
#8541 = FACE_BOUND('',#8542,.T.);
#8542 = EDGE_LOOP('',(#8543,#8553,#8561,#8569));
#8543 = ORIENTED_EDGE('',*,*,#8544,.F.);
#8544 = EDGE_CURVE('',#8545,#8547,#8549,.T.);
#8545 = VERTEX_POINT('',#8546);
#8546 = CARTESIAN_POINT('',(6.4,0.5,1.32));
#8547 = VERTEX_POINT('',#8548);
#8548 = CARTESIAN_POINT('',(6.6,0.5,1.32));
#8549 = LINE('',#8550,#8551);
#8550 = CARTESIAN_POINT('',(6.4,0.5,1.32));
#8551 = VECTOR('',#8552,1.);
#8552 = DIRECTION('',(1.,0.,0.));
#8553 = ORIENTED_EDGE('',*,*,#8554,.F.);
#8554 = EDGE_CURVE('',#8555,#8545,#8557,.T.);
#8555 = VERTEX_POINT('',#8556);
#8556 = CARTESIAN_POINT('',(6.4,0.98,1.32));
#8557 = LINE('',#8558,#8559);
#8558 = CARTESIAN_POINT('',(6.4,0.98,1.32));
#8559 = VECTOR('',#8560,1.);
#8560 = DIRECTION('',(0.,-1.,-4.625929269271E-16));
#8561 = ORIENTED_EDGE('',*,*,#8562,.T.);
#8562 = EDGE_CURVE('',#8555,#8563,#8565,.T.);
#8563 = VERTEX_POINT('',#8564);
#8564 = CARTESIAN_POINT('',(6.6,0.98,1.32));
#8565 = LINE('',#8566,#8567);
#8566 = CARTESIAN_POINT('',(6.4,0.98,1.32));
#8567 = VECTOR('',#8568,1.);
#8568 = DIRECTION('',(1.,0.,0.));
#8569 = ORIENTED_EDGE('',*,*,#8570,.T.);
#8570 = EDGE_CURVE('',#8563,#8547,#8571,.T.);
#8571 = LINE('',#8572,#8573);
#8572 = CARTESIAN_POINT('',(6.6,0.98,1.32));
#8573 = VECTOR('',#8574,1.);
#8574 = DIRECTION('',(0.,-1.,-4.625929269271E-16));
#8575 = PLANE('',#8576);
#8576 = AXIS2_PLACEMENT_3D('',#8577,#8578,#8579);
#8577 = CARTESIAN_POINT('',(0.,0.35,1.32));
#8578 = DIRECTION('',(0.,0.,1.));
#8579 = DIRECTION('',(1.,0.,-0.));
#8580 = ADVANCED_FACE('',(#8581),#8587,.T.);
#8581 = FACE_BOUND('',#8582,.T.);
#8582 = EDGE_LOOP('',(#8583,#8584,#8585,#8586));
#8583 = ORIENTED_EDGE('',*,*,#7039,.T.);
#8584 = ORIENTED_EDGE('',*,*,#6967,.T.);
#8585 = ORIENTED_EDGE('',*,*,#6991,.T.);
#8586 = ORIENTED_EDGE('',*,*,#7014,.T.);
#8587 = PLANE('',#8588);
#8588 = AXIS2_PLACEMENT_3D('',#8589,#8590,#8591);
#8589 = CARTESIAN_POINT('',(0.,0.6,1.92));
#8590 = DIRECTION('',(0.,0.,1.));
#8591 = DIRECTION('',(1.,0.,-0.));
#8592 = ADVANCED_FACE('',(#8593),#8604,.T.);
#8593 = FACE_BOUND('',#8594,.T.);
#8594 = EDGE_LOOP('',(#8595,#8596,#8602,#8603));
#8595 = ORIENTED_EDGE('',*,*,#7133,.T.);
#8596 = ORIENTED_EDGE('',*,*,#8597,.T.);
#8597 = EDGE_CURVE('',#7134,#7095,#8598,.T.);
#8598 = LINE('',#8599,#8600);
#8599 = CARTESIAN_POINT('',(7.7,1.3,1.27));
#8600 = VECTOR('',#8601,1.);
#8601 = DIRECTION('',(0.,1.,0.));
#8602 = ORIENTED_EDGE('',*,*,#7094,.F.);
#8603 = ORIENTED_EDGE('',*,*,#7072,.F.);
#8604 = PLANE('',#8605);
#8605 = AXIS2_PLACEMENT_3D('',#8606,#8607,#8608);
#8606 = CARTESIAN_POINT('',(7.5,1.3,1.27));
#8607 = DIRECTION('',(0.,0.,1.));
#8608 = DIRECTION('',(0.,1.,0.));
#8609 = ADVANCED_FACE('',(#8610),#8621,.T.);
#8610 = FACE_BOUND('',#8611,.T.);
#8611 = EDGE_LOOP('',(#8612,#8613,#8619,#8620));
#8612 = ORIENTED_EDGE('',*,*,#7110,.T.);
#8613 = ORIENTED_EDGE('',*,*,#8614,.T.);
#8614 = EDGE_CURVE('',#7103,#7324,#8615,.T.);
#8615 = LINE('',#8616,#8617);
#8616 = CARTESIAN_POINT('',(7.7,1.8,2.E-02));
#8617 = VECTOR('',#8618,1.);
#8618 = DIRECTION('',(0.,-1.,-1.156482317318E-17));
#8619 = ORIENTED_EDGE('',*,*,#7323,.F.);
#8620 = ORIENTED_EDGE('',*,*,#7298,.F.);
#8621 = PLANE('',#8622);
#8622 = AXIS2_PLACEMENT_3D('',#8623,#8624,#8625);
#8623 = CARTESIAN_POINT('',(7.5,1.8,2.E-02));
#8624 = DIRECTION('',(0.,1.156482317318E-17,-1.));
#8625 = DIRECTION('',(0.,-1.,-1.156482317318E-17));
#8626 = ADVANCED_FACE('',(#8627),#8636,.F.);
#8627 = FACE_BOUND('',#8628,.F.);
#8628 = EDGE_LOOP('',(#8629,#8630,#8631,#8632,#8633,#8634,#8635));
#8629 = ORIENTED_EDGE('',*,*,#7331,.T.);
#8630 = ORIENTED_EDGE('',*,*,#7346,.T.);
#8631 = ORIENTED_EDGE('',*,*,#7661,.T.);
#8632 = ORIENTED_EDGE('',*,*,#7637,.T.);
#8633 = ORIENTED_EDGE('',*,*,#8597,.T.);
#8634 = ORIENTED_EDGE('',*,*,#7102,.T.);
#8635 = ORIENTED_EDGE('',*,*,#8614,.T.);
#8636 = PLANE('',#8637);
#8637 = AXIS2_PLACEMENT_3D('',#8638,#8639,#8640);
#8638 = CARTESIAN_POINT('',(7.7,1.168181818182,0.526818181818));
#8639 = DIRECTION('',(-1.,-0.,-0.));
#8640 = DIRECTION('',(0.,0.,-1.));
#8641 = ADVANCED_FACE('',(#8642),#8648,.T.);
#8642 = FACE_BOUND('',#8643,.T.);
#8643 = EDGE_LOOP('',(#8644,#8645,#8646,#8647));
#8644 = ORIENTED_EDGE('',*,*,#7191,.T.);
#8645 = ORIENTED_EDGE('',*,*,#7281,.T.);
#8646 = ORIENTED_EDGE('',*,*,#7258,.F.);
#8647 = ORIENTED_EDGE('',*,*,#7243,.F.);
#8648 = PLANE('',#8649);
#8649 = AXIS2_PLACEMENT_3D('',#8650,#8651,#8652);
#8650 = CARTESIAN_POINT('',(-7.7,1.8,2.E-02));
#8651 = DIRECTION('',(0.,1.156482317318E-17,-1.));
#8652 = DIRECTION('',(0.,-1.,-1.156482317318E-17));
#8653 = ADVANCED_FACE('',(#8654),#8679,.T.);
#8654 = FACE_BOUND('',#8655,.T.);
#8655 = EDGE_LOOP('',(#8656,#8657,#8665,#8673));
#8656 = ORIENTED_EDGE('',*,*,#8102,.T.);
#8657 = ORIENTED_EDGE('',*,*,#8658,.T.);
#8658 = EDGE_CURVE('',#8105,#8659,#8661,.T.);
#8659 = VERTEX_POINT('',#8660);
#8660 = CARTESIAN_POINT('',(-6.4,0.63,3.07));
#8661 = LINE('',#8662,#8663);
#8662 = CARTESIAN_POINT('',(-6.4,0.5,1.32));
#8663 = VECTOR('',#8664,1.);
#8664 = DIRECTION('',(0.,7.408159078957E-02,0.997252183706));
#8665 = ORIENTED_EDGE('',*,*,#8666,.F.);
#8666 = EDGE_CURVE('',#8667,#8659,#8669,.T.);
#8667 = VERTEX_POINT('',#8668);
#8668 = CARTESIAN_POINT('',(-6.6,0.63,3.07));
#8669 = LINE('',#8670,#8671);
#8670 = CARTESIAN_POINT('',(-6.6,0.63,3.07));
#8671 = VECTOR('',#8672,1.);
#8672 = DIRECTION('',(1.,0.,0.));
#8673 = ORIENTED_EDGE('',*,*,#8674,.F.);
#8674 = EDGE_CURVE('',#8103,#8667,#8675,.T.);
#8675 = LINE('',#8676,#8677);
#8676 = CARTESIAN_POINT('',(-6.6,0.5,1.32));
#8677 = VECTOR('',#8678,1.);
#8678 = DIRECTION('',(0.,7.408159078957E-02,0.997252183706));
#8679 = PLANE('',#8680);
#8680 = AXIS2_PLACEMENT_3D('',#8681,#8682,#8683);
#8681 = CARTESIAN_POINT('',(-6.6,0.5,1.32));
#8682 = DIRECTION('',(0.,-0.997252183706,7.408159078957E-02));
#8683 = DIRECTION('',(0.,7.408159078957E-02,0.997252183706));
#8684 = ADVANCED_FACE('',(#8685),#8703,.F.);
#8685 = FACE_BOUND('',#8686,.F.);
#8686 = EDGE_LOOP('',(#8687,#8688,#8696,#8702));
#8687 = ORIENTED_EDGE('',*,*,#8658,.T.);
#8688 = ORIENTED_EDGE('',*,*,#8689,.T.);
#8689 = EDGE_CURVE('',#8659,#8690,#8692,.T.);
#8690 = VERTEX_POINT('',#8691);
#8691 = CARTESIAN_POINT('',(-6.4,0.98,3.07));
#8692 = LINE('',#8693,#8694);
#8693 = CARTESIAN_POINT('',(-6.4,0.63,3.07));
#8694 = VECTOR('',#8695,1.);
#8695 = DIRECTION('',(0.,1.,0.));
#8696 = ORIENTED_EDGE('',*,*,#8697,.T.);
#8697 = EDGE_CURVE('',#8690,#8121,#8698,.T.);
#8698 = LINE('',#8699,#8700);
#8699 = CARTESIAN_POINT('',(-6.4,0.98,3.07));
#8700 = VECTOR('',#8701,1.);
#8701 = DIRECTION('',(0.,0.,-1.));
#8702 = ORIENTED_EDGE('',*,*,#8128,.T.);
#8703 = PLANE('',#8704);
#8704 = AXIS2_PLACEMENT_3D('',#8705,#8706,#8707);
#8705 = CARTESIAN_POINT('',(-6.4,0.771294517928,2.168759014354));
#8706 = DIRECTION('',(-1.,-0.,-0.));
#8707 = DIRECTION('',(0.,0.,-1.));
#8708 = ADVANCED_FACE('',(#8709),#8727,.T.);
#8709 = FACE_BOUND('',#8710,.T.);
#8710 = EDGE_LOOP('',(#8711,#8719,#8720,#8721));
#8711 = ORIENTED_EDGE('',*,*,#8712,.T.);
#8712 = EDGE_CURVE('',#8713,#8690,#8715,.T.);
#8713 = VERTEX_POINT('',#8714);
#8714 = CARTESIAN_POINT('',(-6.6,0.98,3.07));
#8715 = LINE('',#8716,#8717);
#8716 = CARTESIAN_POINT('',(-6.6,0.98,3.07));
#8717 = VECTOR('',#8718,1.);
#8718 = DIRECTION('',(1.,0.,0.));
#8719 = ORIENTED_EDGE('',*,*,#8697,.T.);
#8720 = ORIENTED_EDGE('',*,*,#8120,.F.);
#8721 = ORIENTED_EDGE('',*,*,#8722,.F.);
#8722 = EDGE_CURVE('',#8713,#8113,#8723,.T.);
#8723 = LINE('',#8724,#8725);
#8724 = CARTESIAN_POINT('',(-6.6,0.98,3.07));
#8725 = VECTOR('',#8726,1.);
#8726 = DIRECTION('',(0.,0.,-1.));
#8727 = PLANE('',#8728);
#8728 = AXIS2_PLACEMENT_3D('',#8729,#8730,#8731);
#8729 = CARTESIAN_POINT('',(-6.6,0.98,3.07));
#8730 = DIRECTION('',(0.,1.,0.));
#8731 = DIRECTION('',(0.,0.,-1.));
#8732 = ADVANCED_FACE('',(#8733),#8744,.T.);
#8733 = FACE_BOUND('',#8734,.T.);
#8734 = EDGE_LOOP('',(#8735,#8736,#8742,#8743));
#8735 = ORIENTED_EDGE('',*,*,#8674,.T.);
#8736 = ORIENTED_EDGE('',*,*,#8737,.T.);
#8737 = EDGE_CURVE('',#8667,#8713,#8738,.T.);
#8738 = LINE('',#8739,#8740);
#8739 = CARTESIAN_POINT('',(-6.6,0.63,3.07));
#8740 = VECTOR('',#8741,1.);
#8741 = DIRECTION('',(0.,1.,0.));
#8742 = ORIENTED_EDGE('',*,*,#8722,.T.);
#8743 = ORIENTED_EDGE('',*,*,#8112,.T.);
#8744 = PLANE('',#8745);
#8745 = AXIS2_PLACEMENT_3D('',#8746,#8747,#8748);
#8746 = CARTESIAN_POINT('',(-6.6,0.771294517928,2.168759014354));
#8747 = DIRECTION('',(-1.,-0.,-0.));
#8748 = DIRECTION('',(0.,0.,-1.));
#8749 = ADVANCED_FACE('',(#8750),#8775,.T.);
#8750 = FACE_BOUND('',#8751,.T.);
#8751 = EDGE_LOOP('',(#8752,#8753,#8761,#8769));
#8752 = ORIENTED_EDGE('',*,*,#8136,.T.);
#8753 = ORIENTED_EDGE('',*,*,#8754,.T.);
#8754 = EDGE_CURVE('',#8139,#8755,#8757,.T.);
#8755 = VERTEX_POINT('',#8756);
#8756 = CARTESIAN_POINT('',(-5.4,0.63,3.07));
#8757 = LINE('',#8758,#8759);
#8758 = CARTESIAN_POINT('',(-5.4,0.5,1.32));
#8759 = VECTOR('',#8760,1.);
#8760 = DIRECTION('',(0.,7.408159078957E-02,0.997252183706));
#8761 = ORIENTED_EDGE('',*,*,#8762,.F.);
#8762 = EDGE_CURVE('',#8763,#8755,#8765,.T.);
#8763 = VERTEX_POINT('',#8764);
#8764 = CARTESIAN_POINT('',(-5.6,0.63,3.07));
#8765 = LINE('',#8766,#8767);
#8766 = CARTESIAN_POINT('',(-5.6,0.63,3.07));
#8767 = VECTOR('',#8768,1.);
#8768 = DIRECTION('',(1.,0.,0.));
#8769 = ORIENTED_EDGE('',*,*,#8770,.F.);
#8770 = EDGE_CURVE('',#8137,#8763,#8771,.T.);
#8771 = LINE('',#8772,#8773);
#8772 = CARTESIAN_POINT('',(-5.6,0.5,1.32));
#8773 = VECTOR('',#8774,1.);
#8774 = DIRECTION('',(0.,7.408159078957E-02,0.997252183706));
#8775 = PLANE('',#8776);
#8776 = AXIS2_PLACEMENT_3D('',#8777,#8778,#8779);
#8777 = CARTESIAN_POINT('',(-5.6,0.5,1.32));
#8778 = DIRECTION('',(0.,-0.997252183706,7.408159078957E-02));
#8779 = DIRECTION('',(0.,7.408159078957E-02,0.997252183706));
#8780 = ADVANCED_FACE('',(#8781),#8799,.F.);
#8781 = FACE_BOUND('',#8782,.F.);
#8782 = EDGE_LOOP('',(#8783,#8784,#8792,#8798));
#8783 = ORIENTED_EDGE('',*,*,#8754,.T.);
#8784 = ORIENTED_EDGE('',*,*,#8785,.T.);
#8785 = EDGE_CURVE('',#8755,#8786,#8788,.T.);
#8786 = VERTEX_POINT('',#8787);
#8787 = CARTESIAN_POINT('',(-5.4,0.98,3.07));
#8788 = LINE('',#8789,#8790);
#8789 = CARTESIAN_POINT('',(-5.4,0.63,3.07));
#8790 = VECTOR('',#8791,1.);
#8791 = DIRECTION('',(0.,1.,0.));
#8792 = ORIENTED_EDGE('',*,*,#8793,.T.);
#8793 = EDGE_CURVE('',#8786,#8155,#8794,.T.);
#8794 = LINE('',#8795,#8796);
#8795 = CARTESIAN_POINT('',(-5.4,0.98,3.07));
#8796 = VECTOR('',#8797,1.);
#8797 = DIRECTION('',(0.,0.,-1.));
#8798 = ORIENTED_EDGE('',*,*,#8162,.T.);
#8799 = PLANE('',#8800);
#8800 = AXIS2_PLACEMENT_3D('',#8801,#8802,#8803);
#8801 = CARTESIAN_POINT('',(-5.4,0.771294517928,2.168759014354));
#8802 = DIRECTION('',(-1.,-0.,-0.));
#8803 = DIRECTION('',(0.,0.,-1.));
#8804 = ADVANCED_FACE('',(#8805),#8823,.T.);
#8805 = FACE_BOUND('',#8806,.T.);
#8806 = EDGE_LOOP('',(#8807,#8815,#8816,#8817));
#8807 = ORIENTED_EDGE('',*,*,#8808,.T.);
#8808 = EDGE_CURVE('',#8809,#8786,#8811,.T.);
#8809 = VERTEX_POINT('',#8810);
#8810 = CARTESIAN_POINT('',(-5.6,0.98,3.07));
#8811 = LINE('',#8812,#8813);
#8812 = CARTESIAN_POINT('',(-5.6,0.98,3.07));
#8813 = VECTOR('',#8814,1.);
#8814 = DIRECTION('',(1.,0.,0.));
#8815 = ORIENTED_EDGE('',*,*,#8793,.T.);
#8816 = ORIENTED_EDGE('',*,*,#8154,.F.);
#8817 = ORIENTED_EDGE('',*,*,#8818,.F.);
#8818 = EDGE_CURVE('',#8809,#8147,#8819,.T.);
#8819 = LINE('',#8820,#8821);
#8820 = CARTESIAN_POINT('',(-5.6,0.98,3.07));
#8821 = VECTOR('',#8822,1.);
#8822 = DIRECTION('',(0.,0.,-1.));
#8823 = PLANE('',#8824);
#8824 = AXIS2_PLACEMENT_3D('',#8825,#8826,#8827);
#8825 = CARTESIAN_POINT('',(-5.6,0.98,3.07));
#8826 = DIRECTION('',(0.,1.,0.));
#8827 = DIRECTION('',(0.,0.,-1.));
#8828 = ADVANCED_FACE('',(#8829),#8840,.T.);
#8829 = FACE_BOUND('',#8830,.T.);
#8830 = EDGE_LOOP('',(#8831,#8832,#8838,#8839));
#8831 = ORIENTED_EDGE('',*,*,#8770,.T.);
#8832 = ORIENTED_EDGE('',*,*,#8833,.T.);
#8833 = EDGE_CURVE('',#8763,#8809,#8834,.T.);
#8834 = LINE('',#8835,#8836);
#8835 = CARTESIAN_POINT('',(-5.6,0.63,3.07));
#8836 = VECTOR('',#8837,1.);
#8837 = DIRECTION('',(0.,1.,0.));
#8838 = ORIENTED_EDGE('',*,*,#8818,.T.);
#8839 = ORIENTED_EDGE('',*,*,#8146,.T.);
#8840 = PLANE('',#8841);
#8841 = AXIS2_PLACEMENT_3D('',#8842,#8843,#8844);
#8842 = CARTESIAN_POINT('',(-5.6,0.771294517928,2.168759014354));
#8843 = DIRECTION('',(-1.,-0.,-0.));
#8844 = DIRECTION('',(0.,0.,-1.));
#8845 = ADVANCED_FACE('',(#8846),#8871,.T.);
#8846 = FACE_BOUND('',#8847,.T.);
#8847 = EDGE_LOOP('',(#8848,#8849,#8857,#8865));
#8848 = ORIENTED_EDGE('',*,*,#8170,.T.);
#8849 = ORIENTED_EDGE('',*,*,#8850,.T.);
#8850 = EDGE_CURVE('',#8173,#8851,#8853,.T.);
#8851 = VERTEX_POINT('',#8852);
#8852 = CARTESIAN_POINT('',(-4.4,0.63,3.07));
#8853 = LINE('',#8854,#8855);
#8854 = CARTESIAN_POINT('',(-4.4,0.5,1.32));
#8855 = VECTOR('',#8856,1.);
#8856 = DIRECTION('',(0.,7.408159078957E-02,0.997252183706));
#8857 = ORIENTED_EDGE('',*,*,#8858,.F.);
#8858 = EDGE_CURVE('',#8859,#8851,#8861,.T.);
#8859 = VERTEX_POINT('',#8860);
#8860 = CARTESIAN_POINT('',(-4.6,0.63,3.07));
#8861 = LINE('',#8862,#8863);
#8862 = CARTESIAN_POINT('',(-4.6,0.63,3.07));
#8863 = VECTOR('',#8864,1.);
#8864 = DIRECTION('',(1.,0.,0.));
#8865 = ORIENTED_EDGE('',*,*,#8866,.F.);
#8866 = EDGE_CURVE('',#8171,#8859,#8867,.T.);
#8867 = LINE('',#8868,#8869);
#8868 = CARTESIAN_POINT('',(-4.6,0.5,1.32));
#8869 = VECTOR('',#8870,1.);
#8870 = DIRECTION('',(0.,7.408159078957E-02,0.997252183706));
#8871 = PLANE('',#8872);
#8872 = AXIS2_PLACEMENT_3D('',#8873,#8874,#8875);
#8873 = CARTESIAN_POINT('',(-4.6,0.5,1.32));
#8874 = DIRECTION('',(0.,-0.997252183706,7.408159078957E-02));
#8875 = DIRECTION('',(0.,7.408159078957E-02,0.997252183706));
#8876 = ADVANCED_FACE('',(#8877),#8895,.F.);
#8877 = FACE_BOUND('',#8878,.F.);
#8878 = EDGE_LOOP('',(#8879,#8880,#8888,#8894));
#8879 = ORIENTED_EDGE('',*,*,#8850,.T.);
#8880 = ORIENTED_EDGE('',*,*,#8881,.T.);
#8881 = EDGE_CURVE('',#8851,#8882,#8884,.T.);
#8882 = VERTEX_POINT('',#8883);
#8883 = CARTESIAN_POINT('',(-4.4,0.98,3.07));
#8884 = LINE('',#8885,#8886);
#8885 = CARTESIAN_POINT('',(-4.4,0.63,3.07));
#8886 = VECTOR('',#8887,1.);
#8887 = DIRECTION('',(0.,1.,0.));
#8888 = ORIENTED_EDGE('',*,*,#8889,.T.);
#8889 = EDGE_CURVE('',#8882,#8189,#8890,.T.);
#8890 = LINE('',#8891,#8892);
#8891 = CARTESIAN_POINT('',(-4.4,0.98,3.07));
#8892 = VECTOR('',#8893,1.);
#8893 = DIRECTION('',(0.,0.,-1.));
#8894 = ORIENTED_EDGE('',*,*,#8196,.T.);
#8895 = PLANE('',#8896);
#8896 = AXIS2_PLACEMENT_3D('',#8897,#8898,#8899);
#8897 = CARTESIAN_POINT('',(-4.4,0.771294517928,2.168759014354));
#8898 = DIRECTION('',(-1.,-0.,-0.));
#8899 = DIRECTION('',(0.,0.,-1.));
#8900 = ADVANCED_FACE('',(#8901),#8919,.T.);
#8901 = FACE_BOUND('',#8902,.T.);
#8902 = EDGE_LOOP('',(#8903,#8911,#8912,#8913));
#8903 = ORIENTED_EDGE('',*,*,#8904,.T.);
#8904 = EDGE_CURVE('',#8905,#8882,#8907,.T.);
#8905 = VERTEX_POINT('',#8906);
#8906 = CARTESIAN_POINT('',(-4.6,0.98,3.07));
#8907 = LINE('',#8908,#8909);
#8908 = CARTESIAN_POINT('',(-4.6,0.98,3.07));
#8909 = VECTOR('',#8910,1.);
#8910 = DIRECTION('',(1.,0.,0.));
#8911 = ORIENTED_EDGE('',*,*,#8889,.T.);
#8912 = ORIENTED_EDGE('',*,*,#8188,.F.);
#8913 = ORIENTED_EDGE('',*,*,#8914,.F.);
#8914 = EDGE_CURVE('',#8905,#8181,#8915,.T.);
#8915 = LINE('',#8916,#8917);
#8916 = CARTESIAN_POINT('',(-4.6,0.98,3.07));
#8917 = VECTOR('',#8918,1.);
#8918 = DIRECTION('',(0.,0.,-1.));
#8919 = PLANE('',#8920);
#8920 = AXIS2_PLACEMENT_3D('',#8921,#8922,#8923);
#8921 = CARTESIAN_POINT('',(-4.6,0.98,3.07));
#8922 = DIRECTION('',(0.,1.,0.));
#8923 = DIRECTION('',(0.,0.,-1.));
#8924 = ADVANCED_FACE('',(#8925),#8936,.T.);
#8925 = FACE_BOUND('',#8926,.T.);
#8926 = EDGE_LOOP('',(#8927,#8928,#8934,#8935));
#8927 = ORIENTED_EDGE('',*,*,#8866,.T.);
#8928 = ORIENTED_EDGE('',*,*,#8929,.T.);
#8929 = EDGE_CURVE('',#8859,#8905,#8930,.T.);
#8930 = LINE('',#8931,#8932);
#8931 = CARTESIAN_POINT('',(-4.6,0.63,3.07));
#8932 = VECTOR('',#8933,1.);
#8933 = DIRECTION('',(0.,1.,0.));
#8934 = ORIENTED_EDGE('',*,*,#8914,.T.);
#8935 = ORIENTED_EDGE('',*,*,#8180,.T.);
#8936 = PLANE('',#8937);
#8937 = AXIS2_PLACEMENT_3D('',#8938,#8939,#8940);
#8938 = CARTESIAN_POINT('',(-4.6,0.771294517928,2.168759014354));
#8939 = DIRECTION('',(-1.,-0.,-0.));
#8940 = DIRECTION('',(0.,0.,-1.));
#8941 = ADVANCED_FACE('',(#8942),#8967,.T.);
#8942 = FACE_BOUND('',#8943,.T.);
#8943 = EDGE_LOOP('',(#8944,#8945,#8953,#8961));
#8944 = ORIENTED_EDGE('',*,*,#8204,.T.);
#8945 = ORIENTED_EDGE('',*,*,#8946,.T.);
#8946 = EDGE_CURVE('',#8207,#8947,#8949,.T.);
#8947 = VERTEX_POINT('',#8948);
#8948 = CARTESIAN_POINT('',(-3.4,0.63,3.07));
#8949 = LINE('',#8950,#8951);
#8950 = CARTESIAN_POINT('',(-3.4,0.5,1.32));
#8951 = VECTOR('',#8952,1.);
#8952 = DIRECTION('',(0.,7.408159078957E-02,0.997252183706));
#8953 = ORIENTED_EDGE('',*,*,#8954,.F.);
#8954 = EDGE_CURVE('',#8955,#8947,#8957,.T.);
#8955 = VERTEX_POINT('',#8956);
#8956 = CARTESIAN_POINT('',(-3.6,0.63,3.07));
#8957 = LINE('',#8958,#8959);
#8958 = CARTESIAN_POINT('',(-3.6,0.63,3.07));
#8959 = VECTOR('',#8960,1.);
#8960 = DIRECTION('',(1.,0.,0.));
#8961 = ORIENTED_EDGE('',*,*,#8962,.F.);
#8962 = EDGE_CURVE('',#8205,#8955,#8963,.T.);
#8963 = LINE('',#8964,#8965);
#8964 = CARTESIAN_POINT('',(-3.6,0.5,1.32));
#8965 = VECTOR('',#8966,1.);
#8966 = DIRECTION('',(0.,7.408159078957E-02,0.997252183706));
#8967 = PLANE('',#8968);
#8968 = AXIS2_PLACEMENT_3D('',#8969,#8970,#8971);
#8969 = CARTESIAN_POINT('',(-3.6,0.5,1.32));
#8970 = DIRECTION('',(0.,-0.997252183706,7.408159078957E-02));
#8971 = DIRECTION('',(0.,7.408159078957E-02,0.997252183706));
#8972 = ADVANCED_FACE('',(#8973),#8991,.F.);
#8973 = FACE_BOUND('',#8974,.F.);
#8974 = EDGE_LOOP('',(#8975,#8976,#8984,#8990));
#8975 = ORIENTED_EDGE('',*,*,#8946,.T.);
#8976 = ORIENTED_EDGE('',*,*,#8977,.T.);
#8977 = EDGE_CURVE('',#8947,#8978,#8980,.T.);
#8978 = VERTEX_POINT('',#8979);
#8979 = CARTESIAN_POINT('',(-3.4,0.98,3.07));
#8980 = LINE('',#8981,#8982);
#8981 = CARTESIAN_POINT('',(-3.4,0.63,3.07));
#8982 = VECTOR('',#8983,1.);
#8983 = DIRECTION('',(0.,1.,0.));
#8984 = ORIENTED_EDGE('',*,*,#8985,.T.);
#8985 = EDGE_CURVE('',#8978,#8223,#8986,.T.);
#8986 = LINE('',#8987,#8988);
#8987 = CARTESIAN_POINT('',(-3.4,0.98,3.07));
#8988 = VECTOR('',#8989,1.);
#8989 = DIRECTION('',(0.,0.,-1.));
#8990 = ORIENTED_EDGE('',*,*,#8230,.T.);
#8991 = PLANE('',#8992);
#8992 = AXIS2_PLACEMENT_3D('',#8993,#8994,#8995);
#8993 = CARTESIAN_POINT('',(-3.4,0.771294517928,2.168759014354));
#8994 = DIRECTION('',(-1.,-0.,-0.));
#8995 = DIRECTION('',(0.,0.,-1.));
#8996 = ADVANCED_FACE('',(#8997),#9015,.T.);
#8997 = FACE_BOUND('',#8998,.T.);
#8998 = EDGE_LOOP('',(#8999,#9007,#9008,#9009));
#8999 = ORIENTED_EDGE('',*,*,#9000,.T.);
#9000 = EDGE_CURVE('',#9001,#8978,#9003,.T.);
#9001 = VERTEX_POINT('',#9002);
#9002 = CARTESIAN_POINT('',(-3.6,0.98,3.07));
#9003 = LINE('',#9004,#9005);
#9004 = CARTESIAN_POINT('',(-3.6,0.98,3.07));
#9005 = VECTOR('',#9006,1.);
#9006 = DIRECTION('',(1.,0.,0.));
#9007 = ORIENTED_EDGE('',*,*,#8985,.T.);
#9008 = ORIENTED_EDGE('',*,*,#8222,.F.);
#9009 = ORIENTED_EDGE('',*,*,#9010,.F.);
#9010 = EDGE_CURVE('',#9001,#8215,#9011,.T.);
#9011 = LINE('',#9012,#9013);
#9012 = CARTESIAN_POINT('',(-3.6,0.98,3.07));
#9013 = VECTOR('',#9014,1.);
#9014 = DIRECTION('',(0.,0.,-1.));
#9015 = PLANE('',#9016);
#9016 = AXIS2_PLACEMENT_3D('',#9017,#9018,#9019);
#9017 = CARTESIAN_POINT('',(-3.6,0.98,3.07));
#9018 = DIRECTION('',(0.,1.,0.));
#9019 = DIRECTION('',(0.,0.,-1.));
#9020 = ADVANCED_FACE('',(#9021),#9032,.T.);
#9021 = FACE_BOUND('',#9022,.T.);
#9022 = EDGE_LOOP('',(#9023,#9024,#9030,#9031));
#9023 = ORIENTED_EDGE('',*,*,#8962,.T.);
#9024 = ORIENTED_EDGE('',*,*,#9025,.T.);
#9025 = EDGE_CURVE('',#8955,#9001,#9026,.T.);
#9026 = LINE('',#9027,#9028);
#9027 = CARTESIAN_POINT('',(-3.6,0.63,3.07));
#9028 = VECTOR('',#9029,1.);
#9029 = DIRECTION('',(0.,1.,0.));
#9030 = ORIENTED_EDGE('',*,*,#9010,.T.);
#9031 = ORIENTED_EDGE('',*,*,#8214,.T.);
#9032 = PLANE('',#9033);
#9033 = AXIS2_PLACEMENT_3D('',#9034,#9035,#9036);
#9034 = CARTESIAN_POINT('',(-3.6,0.771294517928,2.168759014354));
#9035 = DIRECTION('',(-1.,-0.,-0.));
#9036 = DIRECTION('',(0.,0.,-1.));
#9037 = ADVANCED_FACE('',(#9038),#9063,.T.);
#9038 = FACE_BOUND('',#9039,.T.);
#9039 = EDGE_LOOP('',(#9040,#9041,#9049,#9057));
#9040 = ORIENTED_EDGE('',*,*,#8238,.T.);
#9041 = ORIENTED_EDGE('',*,*,#9042,.T.);
#9042 = EDGE_CURVE('',#8241,#9043,#9045,.T.);
#9043 = VERTEX_POINT('',#9044);
#9044 = CARTESIAN_POINT('',(-2.4,0.63,3.07));
#9045 = LINE('',#9046,#9047);
#9046 = CARTESIAN_POINT('',(-2.4,0.5,1.32));
#9047 = VECTOR('',#9048,1.);
#9048 = DIRECTION('',(0.,7.408159078957E-02,0.997252183706));
#9049 = ORIENTED_EDGE('',*,*,#9050,.F.);
#9050 = EDGE_CURVE('',#9051,#9043,#9053,.T.);
#9051 = VERTEX_POINT('',#9052);
#9052 = CARTESIAN_POINT('',(-2.6,0.63,3.07));
#9053 = LINE('',#9054,#9055);
#9054 = CARTESIAN_POINT('',(-2.6,0.63,3.07));
#9055 = VECTOR('',#9056,1.);
#9056 = DIRECTION('',(1.,0.,0.));
#9057 = ORIENTED_EDGE('',*,*,#9058,.F.);
#9058 = EDGE_CURVE('',#8239,#9051,#9059,.T.);
#9059 = LINE('',#9060,#9061);
#9060 = CARTESIAN_POINT('',(-2.6,0.5,1.32));
#9061 = VECTOR('',#9062,1.);
#9062 = DIRECTION('',(0.,7.408159078957E-02,0.997252183706));
#9063 = PLANE('',#9064);
#9064 = AXIS2_PLACEMENT_3D('',#9065,#9066,#9067);
#9065 = CARTESIAN_POINT('',(-2.6,0.5,1.32));
#9066 = DIRECTION('',(0.,-0.997252183706,7.408159078957E-02));
#9067 = DIRECTION('',(0.,7.408159078957E-02,0.997252183706));
#9068 = ADVANCED_FACE('',(#9069),#9087,.F.);
#9069 = FACE_BOUND('',#9070,.F.);
#9070 = EDGE_LOOP('',(#9071,#9072,#9080,#9086));
#9071 = ORIENTED_EDGE('',*,*,#9042,.T.);
#9072 = ORIENTED_EDGE('',*,*,#9073,.T.);
#9073 = EDGE_CURVE('',#9043,#9074,#9076,.T.);
#9074 = VERTEX_POINT('',#9075);
#9075 = CARTESIAN_POINT('',(-2.4,0.98,3.07));
#9076 = LINE('',#9077,#9078);
#9077 = CARTESIAN_POINT('',(-2.4,0.63,3.07));
#9078 = VECTOR('',#9079,1.);
#9079 = DIRECTION('',(0.,1.,0.));
#9080 = ORIENTED_EDGE('',*,*,#9081,.T.);
#9081 = EDGE_CURVE('',#9074,#8257,#9082,.T.);
#9082 = LINE('',#9083,#9084);
#9083 = CARTESIAN_POINT('',(-2.4,0.98,3.07));
#9084 = VECTOR('',#9085,1.);
#9085 = DIRECTION('',(0.,0.,-1.));
#9086 = ORIENTED_EDGE('',*,*,#8264,.T.);
#9087 = PLANE('',#9088);
#9088 = AXIS2_PLACEMENT_3D('',#9089,#9090,#9091);
#9089 = CARTESIAN_POINT('',(-2.4,0.771294517928,2.168759014354));
#9090 = DIRECTION('',(-1.,-0.,-0.));
#9091 = DIRECTION('',(0.,0.,-1.));
#9092 = ADVANCED_FACE('',(#9093),#9111,.T.);
#9093 = FACE_BOUND('',#9094,.T.);
#9094 = EDGE_LOOP('',(#9095,#9103,#9104,#9105));
#9095 = ORIENTED_EDGE('',*,*,#9096,.T.);
#9096 = EDGE_CURVE('',#9097,#9074,#9099,.T.);
#9097 = VERTEX_POINT('',#9098);
#9098 = CARTESIAN_POINT('',(-2.6,0.98,3.07));
#9099 = LINE('',#9100,#9101);
#9100 = CARTESIAN_POINT('',(-2.6,0.98,3.07));
#9101 = VECTOR('',#9102,1.);
#9102 = DIRECTION('',(1.,0.,0.));
#9103 = ORIENTED_EDGE('',*,*,#9081,.T.);
#9104 = ORIENTED_EDGE('',*,*,#8256,.F.);
#9105 = ORIENTED_EDGE('',*,*,#9106,.F.);
#9106 = EDGE_CURVE('',#9097,#8249,#9107,.T.);
#9107 = LINE('',#9108,#9109);
#9108 = CARTESIAN_POINT('',(-2.6,0.98,3.07));
#9109 = VECTOR('',#9110,1.);
#9110 = DIRECTION('',(0.,0.,-1.));
#9111 = PLANE('',#9112);
#9112 = AXIS2_PLACEMENT_3D('',#9113,#9114,#9115);
#9113 = CARTESIAN_POINT('',(-2.6,0.98,3.07));
#9114 = DIRECTION('',(0.,1.,0.));
#9115 = DIRECTION('',(0.,0.,-1.));
#9116 = ADVANCED_FACE('',(#9117),#9128,.T.);
#9117 = FACE_BOUND('',#9118,.T.);
#9118 = EDGE_LOOP('',(#9119,#9120,#9126,#9127));
#9119 = ORIENTED_EDGE('',*,*,#9058,.T.);
#9120 = ORIENTED_EDGE('',*,*,#9121,.T.);
#9121 = EDGE_CURVE('',#9051,#9097,#9122,.T.);
#9122 = LINE('',#9123,#9124);
#9123 = CARTESIAN_POINT('',(-2.6,0.63,3.07));
#9124 = VECTOR('',#9125,1.);
#9125 = DIRECTION('',(0.,1.,0.));
#9126 = ORIENTED_EDGE('',*,*,#9106,.T.);
#9127 = ORIENTED_EDGE('',*,*,#8248,.T.);
#9128 = PLANE('',#9129);
#9129 = AXIS2_PLACEMENT_3D('',#9130,#9131,#9132);
#9130 = CARTESIAN_POINT('',(-2.6,0.771294517928,2.168759014354));
#9131 = DIRECTION('',(-1.,-0.,-0.));
#9132 = DIRECTION('',(0.,0.,-1.));
#9133 = ADVANCED_FACE('',(#9134),#9159,.T.);
#9134 = FACE_BOUND('',#9135,.T.);
#9135 = EDGE_LOOP('',(#9136,#9137,#9145,#9153));
#9136 = ORIENTED_EDGE('',*,*,#8272,.T.);
#9137 = ORIENTED_EDGE('',*,*,#9138,.T.);
#9138 = EDGE_CURVE('',#8275,#9139,#9141,.T.);
#9139 = VERTEX_POINT('',#9140);
#9140 = CARTESIAN_POINT('',(-1.4,0.63,3.07));
#9141 = LINE('',#9142,#9143);
#9142 = CARTESIAN_POINT('',(-1.4,0.5,1.32));
#9143 = VECTOR('',#9144,1.);
#9144 = DIRECTION('',(0.,7.408159078957E-02,0.997252183706));
#9145 = ORIENTED_EDGE('',*,*,#9146,.F.);
#9146 = EDGE_CURVE('',#9147,#9139,#9149,.T.);
#9147 = VERTEX_POINT('',#9148);
#9148 = CARTESIAN_POINT('',(-1.6,0.63,3.07));
#9149 = LINE('',#9150,#9151);
#9150 = CARTESIAN_POINT('',(-1.6,0.63,3.07));
#9151 = VECTOR('',#9152,1.);
#9152 = DIRECTION('',(1.,0.,0.));
#9153 = ORIENTED_EDGE('',*,*,#9154,.F.);
#9154 = EDGE_CURVE('',#8273,#9147,#9155,.T.);
#9155 = LINE('',#9156,#9157);
#9156 = CARTESIAN_POINT('',(-1.6,0.5,1.32));
#9157 = VECTOR('',#9158,1.);
#9158 = DIRECTION('',(0.,7.408159078957E-02,0.997252183706));
#9159 = PLANE('',#9160);
#9160 = AXIS2_PLACEMENT_3D('',#9161,#9162,#9163);
#9161 = CARTESIAN_POINT('',(-1.6,0.5,1.32));
#9162 = DIRECTION('',(0.,-0.997252183706,7.408159078957E-02));
#9163 = DIRECTION('',(0.,7.408159078957E-02,0.997252183706));
#9164 = ADVANCED_FACE('',(#9165),#9183,.F.);
#9165 = FACE_BOUND('',#9166,.F.);
#9166 = EDGE_LOOP('',(#9167,#9168,#9176,#9182));
#9167 = ORIENTED_EDGE('',*,*,#9138,.T.);
#9168 = ORIENTED_EDGE('',*,*,#9169,.T.);
#9169 = EDGE_CURVE('',#9139,#9170,#9172,.T.);
#9170 = VERTEX_POINT('',#9171);
#9171 = CARTESIAN_POINT('',(-1.4,0.98,3.07));
#9172 = LINE('',#9173,#9174);
#9173 = CARTESIAN_POINT('',(-1.4,0.63,3.07));
#9174 = VECTOR('',#9175,1.);
#9175 = DIRECTION('',(0.,1.,0.));
#9176 = ORIENTED_EDGE('',*,*,#9177,.T.);
#9177 = EDGE_CURVE('',#9170,#8291,#9178,.T.);
#9178 = LINE('',#9179,#9180);
#9179 = CARTESIAN_POINT('',(-1.4,0.98,3.07));
#9180 = VECTOR('',#9181,1.);
#9181 = DIRECTION('',(0.,0.,-1.));
#9182 = ORIENTED_EDGE('',*,*,#8298,.T.);
#9183 = PLANE('',#9184);
#9184 = AXIS2_PLACEMENT_3D('',#9185,#9186,#9187);
#9185 = CARTESIAN_POINT('',(-1.4,0.771294517928,2.168759014354));
#9186 = DIRECTION('',(-1.,-0.,-0.));
#9187 = DIRECTION('',(0.,0.,-1.));
#9188 = ADVANCED_FACE('',(#9189),#9207,.T.);
#9189 = FACE_BOUND('',#9190,.T.);
#9190 = EDGE_LOOP('',(#9191,#9199,#9200,#9201));
#9191 = ORIENTED_EDGE('',*,*,#9192,.T.);
#9192 = EDGE_CURVE('',#9193,#9170,#9195,.T.);
#9193 = VERTEX_POINT('',#9194);
#9194 = CARTESIAN_POINT('',(-1.6,0.98,3.07));
#9195 = LINE('',#9196,#9197);
#9196 = CARTESIAN_POINT('',(-1.6,0.98,3.07));
#9197 = VECTOR('',#9198,1.);
#9198 = DIRECTION('',(1.,0.,0.));
#9199 = ORIENTED_EDGE('',*,*,#9177,.T.);
#9200 = ORIENTED_EDGE('',*,*,#8290,.F.);
#9201 = ORIENTED_EDGE('',*,*,#9202,.F.);
#9202 = EDGE_CURVE('',#9193,#8283,#9203,.T.);
#9203 = LINE('',#9204,#9205);
#9204 = CARTESIAN_POINT('',(-1.6,0.98,3.07));
#9205 = VECTOR('',#9206,1.);
#9206 = DIRECTION('',(0.,0.,-1.));
#9207 = PLANE('',#9208);
#9208 = AXIS2_PLACEMENT_3D('',#9209,#9210,#9211);
#9209 = CARTESIAN_POINT('',(-1.6,0.98,3.07));
#9210 = DIRECTION('',(0.,1.,0.));
#9211 = DIRECTION('',(0.,0.,-1.));
#9212 = ADVANCED_FACE('',(#9213),#9224,.T.);
#9213 = FACE_BOUND('',#9214,.T.);
#9214 = EDGE_LOOP('',(#9215,#9216,#9222,#9223));
#9215 = ORIENTED_EDGE('',*,*,#9154,.T.);
#9216 = ORIENTED_EDGE('',*,*,#9217,.T.);
#9217 = EDGE_CURVE('',#9147,#9193,#9218,.T.);
#9218 = LINE('',#9219,#9220);
#9219 = CARTESIAN_POINT('',(-1.6,0.63,3.07));
#9220 = VECTOR('',#9221,1.);
#9221 = DIRECTION('',(0.,1.,0.));
#9222 = ORIENTED_EDGE('',*,*,#9202,.T.);
#9223 = ORIENTED_EDGE('',*,*,#8282,.T.);
#9224 = PLANE('',#9225);
#9225 = AXIS2_PLACEMENT_3D('',#9226,#9227,#9228);
#9226 = CARTESIAN_POINT('',(-1.6,0.771294517928,2.168759014354));
#9227 = DIRECTION('',(-1.,-0.,-0.));
#9228 = DIRECTION('',(0.,0.,-1.));
#9229 = ADVANCED_FACE('',(#9230),#9255,.T.);
#9230 = FACE_BOUND('',#9231,.T.);
#9231 = EDGE_LOOP('',(#9232,#9233,#9241,#9249));
#9232 = ORIENTED_EDGE('',*,*,#8306,.T.);
#9233 = ORIENTED_EDGE('',*,*,#9234,.T.);
#9234 = EDGE_CURVE('',#8309,#9235,#9237,.T.);
#9235 = VERTEX_POINT('',#9236);
#9236 = CARTESIAN_POINT('',(-0.4,0.63,3.07));
#9237 = LINE('',#9238,#9239);
#9238 = CARTESIAN_POINT('',(-0.4,0.5,1.32));
#9239 = VECTOR('',#9240,1.);
#9240 = DIRECTION('',(0.,7.408159078957E-02,0.997252183706));
#9241 = ORIENTED_EDGE('',*,*,#9242,.F.);
#9242 = EDGE_CURVE('',#9243,#9235,#9245,.T.);
#9243 = VERTEX_POINT('',#9244);
#9244 = CARTESIAN_POINT('',(-0.6,0.63,3.07));
#9245 = LINE('',#9246,#9247);
#9246 = CARTESIAN_POINT('',(-0.6,0.63,3.07));
#9247 = VECTOR('',#9248,1.);
#9248 = DIRECTION('',(1.,0.,0.));
#9249 = ORIENTED_EDGE('',*,*,#9250,.F.);
#9250 = EDGE_CURVE('',#8307,#9243,#9251,.T.);
#9251 = LINE('',#9252,#9253);
#9252 = CARTESIAN_POINT('',(-0.6,0.5,1.32));
#9253 = VECTOR('',#9254,1.);
#9254 = DIRECTION('',(0.,7.408159078957E-02,0.997252183706));
#9255 = PLANE('',#9256);
#9256 = AXIS2_PLACEMENT_3D('',#9257,#9258,#9259);
#9257 = CARTESIAN_POINT('',(-0.6,0.5,1.32));
#9258 = DIRECTION('',(0.,-0.997252183706,7.408159078957E-02));
#9259 = DIRECTION('',(0.,7.408159078957E-02,0.997252183706));
#9260 = ADVANCED_FACE('',(#9261),#9279,.F.);
#9261 = FACE_BOUND('',#9262,.F.);
#9262 = EDGE_LOOP('',(#9263,#9264,#9272,#9278));
#9263 = ORIENTED_EDGE('',*,*,#9234,.T.);
#9264 = ORIENTED_EDGE('',*,*,#9265,.T.);
#9265 = EDGE_CURVE('',#9235,#9266,#9268,.T.);
#9266 = VERTEX_POINT('',#9267);
#9267 = CARTESIAN_POINT('',(-0.4,0.98,3.07));
#9268 = LINE('',#9269,#9270);
#9269 = CARTESIAN_POINT('',(-0.4,0.63,3.07));
#9270 = VECTOR('',#9271,1.);
#9271 = DIRECTION('',(0.,1.,0.));
#9272 = ORIENTED_EDGE('',*,*,#9273,.T.);
#9273 = EDGE_CURVE('',#9266,#8325,#9274,.T.);
#9274 = LINE('',#9275,#9276);
#9275 = CARTESIAN_POINT('',(-0.4,0.98,3.07));
#9276 = VECTOR('',#9277,1.);
#9277 = DIRECTION('',(0.,0.,-1.));
#9278 = ORIENTED_EDGE('',*,*,#8332,.T.);
#9279 = PLANE('',#9280);
#9280 = AXIS2_PLACEMENT_3D('',#9281,#9282,#9283);
#9281 = CARTESIAN_POINT('',(-0.4,0.771294517928,2.168759014354));
#9282 = DIRECTION('',(-1.,-0.,-0.));
#9283 = DIRECTION('',(0.,0.,-1.));
#9284 = ADVANCED_FACE('',(#9285),#9303,.T.);
#9285 = FACE_BOUND('',#9286,.T.);
#9286 = EDGE_LOOP('',(#9287,#9295,#9296,#9297));
#9287 = ORIENTED_EDGE('',*,*,#9288,.T.);
#9288 = EDGE_CURVE('',#9289,#9266,#9291,.T.);
#9289 = VERTEX_POINT('',#9290);
#9290 = CARTESIAN_POINT('',(-0.6,0.98,3.07));
#9291 = LINE('',#9292,#9293);
#9292 = CARTESIAN_POINT('',(-0.6,0.98,3.07));
#9293 = VECTOR('',#9294,1.);
#9294 = DIRECTION('',(1.,0.,0.));
#9295 = ORIENTED_EDGE('',*,*,#9273,.T.);
#9296 = ORIENTED_EDGE('',*,*,#8324,.F.);
#9297 = ORIENTED_EDGE('',*,*,#9298,.F.);
#9298 = EDGE_CURVE('',#9289,#8317,#9299,.T.);
#9299 = LINE('',#9300,#9301);
#9300 = CARTESIAN_POINT('',(-0.6,0.98,3.07));
#9301 = VECTOR('',#9302,1.);
#9302 = DIRECTION('',(0.,0.,-1.));
#9303 = PLANE('',#9304);
#9304 = AXIS2_PLACEMENT_3D('',#9305,#9306,#9307);
#9305 = CARTESIAN_POINT('',(-0.6,0.98,3.07));
#9306 = DIRECTION('',(0.,1.,0.));
#9307 = DIRECTION('',(0.,0.,-1.));
#9308 = ADVANCED_FACE('',(#9309),#9320,.T.);
#9309 = FACE_BOUND('',#9310,.T.);
#9310 = EDGE_LOOP('',(#9311,#9312,#9318,#9319));
#9311 = ORIENTED_EDGE('',*,*,#9250,.T.);
#9312 = ORIENTED_EDGE('',*,*,#9313,.T.);
#9313 = EDGE_CURVE('',#9243,#9289,#9314,.T.);
#9314 = LINE('',#9315,#9316);
#9315 = CARTESIAN_POINT('',(-0.6,0.63,3.07));
#9316 = VECTOR('',#9317,1.);
#9317 = DIRECTION('',(0.,1.,0.));
#9318 = ORIENTED_EDGE('',*,*,#9298,.T.);
#9319 = ORIENTED_EDGE('',*,*,#8316,.T.);
#9320 = PLANE('',#9321);
#9321 = AXIS2_PLACEMENT_3D('',#9322,#9323,#9324);
#9322 = CARTESIAN_POINT('',(-0.6,0.771294517928,2.168759014354));
#9323 = DIRECTION('',(-1.,-0.,-0.));
#9324 = DIRECTION('',(0.,0.,-1.));
#9325 = ADVANCED_FACE('',(#9326),#9351,.T.);
#9326 = FACE_BOUND('',#9327,.T.);
#9327 = EDGE_LOOP('',(#9328,#9329,#9337,#9345));
#9328 = ORIENTED_EDGE('',*,*,#8340,.T.);
#9329 = ORIENTED_EDGE('',*,*,#9330,.T.);
#9330 = EDGE_CURVE('',#8343,#9331,#9333,.T.);
#9331 = VERTEX_POINT('',#9332);
#9332 = CARTESIAN_POINT('',(0.6,0.63,3.07));
#9333 = LINE('',#9334,#9335);
#9334 = CARTESIAN_POINT('',(0.6,0.5,1.32));
#9335 = VECTOR('',#9336,1.);
#9336 = DIRECTION('',(0.,7.408159078957E-02,0.997252183706));
#9337 = ORIENTED_EDGE('',*,*,#9338,.F.);
#9338 = EDGE_CURVE('',#9339,#9331,#9341,.T.);
#9339 = VERTEX_POINT('',#9340);
#9340 = CARTESIAN_POINT('',(0.4,0.63,3.07));
#9341 = LINE('',#9342,#9343);
#9342 = CARTESIAN_POINT('',(0.4,0.63,3.07));
#9343 = VECTOR('',#9344,1.);
#9344 = DIRECTION('',(1.,0.,0.));
#9345 = ORIENTED_EDGE('',*,*,#9346,.F.);
#9346 = EDGE_CURVE('',#8341,#9339,#9347,.T.);
#9347 = LINE('',#9348,#9349);
#9348 = CARTESIAN_POINT('',(0.4,0.5,1.32));
#9349 = VECTOR('',#9350,1.);
#9350 = DIRECTION('',(0.,7.408159078957E-02,0.997252183706));
#9351 = PLANE('',#9352);
#9352 = AXIS2_PLACEMENT_3D('',#9353,#9354,#9355);
#9353 = CARTESIAN_POINT('',(0.4,0.5,1.32));
#9354 = DIRECTION('',(0.,-0.997252183706,7.408159078957E-02));
#9355 = DIRECTION('',(0.,7.408159078957E-02,0.997252183706));
#9356 = ADVANCED_FACE('',(#9357),#9375,.F.);
#9357 = FACE_BOUND('',#9358,.F.);
#9358 = EDGE_LOOP('',(#9359,#9360,#9368,#9374));
#9359 = ORIENTED_EDGE('',*,*,#9330,.T.);
#9360 = ORIENTED_EDGE('',*,*,#9361,.T.);
#9361 = EDGE_CURVE('',#9331,#9362,#9364,.T.);
#9362 = VERTEX_POINT('',#9363);
#9363 = CARTESIAN_POINT('',(0.6,0.98,3.07));
#9364 = LINE('',#9365,#9366);
#9365 = CARTESIAN_POINT('',(0.6,0.63,3.07));
#9366 = VECTOR('',#9367,1.);
#9367 = DIRECTION('',(0.,1.,0.));
#9368 = ORIENTED_EDGE('',*,*,#9369,.T.);
#9369 = EDGE_CURVE('',#9362,#8359,#9370,.T.);
#9370 = LINE('',#9371,#9372);
#9371 = CARTESIAN_POINT('',(0.6,0.98,3.07));
#9372 = VECTOR('',#9373,1.);
#9373 = DIRECTION('',(0.,0.,-1.));
#9374 = ORIENTED_EDGE('',*,*,#8366,.T.);
#9375 = PLANE('',#9376);
#9376 = AXIS2_PLACEMENT_3D('',#9377,#9378,#9379);
#9377 = CARTESIAN_POINT('',(0.6,0.771294517928,2.168759014354));
#9378 = DIRECTION('',(-1.,-0.,-0.));
#9379 = DIRECTION('',(0.,0.,-1.));
#9380 = ADVANCED_FACE('',(#9381),#9399,.T.);
#9381 = FACE_BOUND('',#9382,.T.);
#9382 = EDGE_LOOP('',(#9383,#9391,#9392,#9393));
#9383 = ORIENTED_EDGE('',*,*,#9384,.T.);
#9384 = EDGE_CURVE('',#9385,#9362,#9387,.T.);
#9385 = VERTEX_POINT('',#9386);
#9386 = CARTESIAN_POINT('',(0.4,0.98,3.07));
#9387 = LINE('',#9388,#9389);
#9388 = CARTESIAN_POINT('',(0.4,0.98,3.07));
#9389 = VECTOR('',#9390,1.);
#9390 = DIRECTION('',(1.,0.,0.));
#9391 = ORIENTED_EDGE('',*,*,#9369,.T.);
#9392 = ORIENTED_EDGE('',*,*,#8358,.F.);
#9393 = ORIENTED_EDGE('',*,*,#9394,.F.);
#9394 = EDGE_CURVE('',#9385,#8351,#9395,.T.);
#9395 = LINE('',#9396,#9397);
#9396 = CARTESIAN_POINT('',(0.4,0.98,3.07));
#9397 = VECTOR('',#9398,1.);
#9398 = DIRECTION('',(0.,0.,-1.));
#9399 = PLANE('',#9400);
#9400 = AXIS2_PLACEMENT_3D('',#9401,#9402,#9403);
#9401 = CARTESIAN_POINT('',(0.4,0.98,3.07));
#9402 = DIRECTION('',(0.,1.,0.));
#9403 = DIRECTION('',(0.,0.,-1.));
#9404 = ADVANCED_FACE('',(#9405),#9416,.T.);
#9405 = FACE_BOUND('',#9406,.T.);
#9406 = EDGE_LOOP('',(#9407,#9408,#9414,#9415));
#9407 = ORIENTED_EDGE('',*,*,#9346,.T.);
#9408 = ORIENTED_EDGE('',*,*,#9409,.T.);
#9409 = EDGE_CURVE('',#9339,#9385,#9410,.T.);
#9410 = LINE('',#9411,#9412);
#9411 = CARTESIAN_POINT('',(0.4,0.63,3.07));
#9412 = VECTOR('',#9413,1.);
#9413 = DIRECTION('',(0.,1.,0.));
#9414 = ORIENTED_EDGE('',*,*,#9394,.T.);
#9415 = ORIENTED_EDGE('',*,*,#8350,.T.);
#9416 = PLANE('',#9417);
#9417 = AXIS2_PLACEMENT_3D('',#9418,#9419,#9420);
#9418 = CARTESIAN_POINT('',(0.4,0.771294517928,2.168759014354));
#9419 = DIRECTION('',(-1.,-0.,-0.));
#9420 = DIRECTION('',(0.,0.,-1.));
#9421 = ADVANCED_FACE('',(#9422),#9447,.T.);
#9422 = FACE_BOUND('',#9423,.T.);
#9423 = EDGE_LOOP('',(#9424,#9425,#9433,#9441));
#9424 = ORIENTED_EDGE('',*,*,#8374,.T.);
#9425 = ORIENTED_EDGE('',*,*,#9426,.T.);
#9426 = EDGE_CURVE('',#8377,#9427,#9429,.T.);
#9427 = VERTEX_POINT('',#9428);
#9428 = CARTESIAN_POINT('',(1.6,0.63,3.07));
#9429 = LINE('',#9430,#9431);
#9430 = CARTESIAN_POINT('',(1.6,0.5,1.32));
#9431 = VECTOR('',#9432,1.);
#9432 = DIRECTION('',(0.,7.408159078957E-02,0.997252183706));
#9433 = ORIENTED_EDGE('',*,*,#9434,.F.);
#9434 = EDGE_CURVE('',#9435,#9427,#9437,.T.);
#9435 = VERTEX_POINT('',#9436);
#9436 = CARTESIAN_POINT('',(1.4,0.63,3.07));
#9437 = LINE('',#9438,#9439);
#9438 = CARTESIAN_POINT('',(1.4,0.63,3.07));
#9439 = VECTOR('',#9440,1.);
#9440 = DIRECTION('',(1.,0.,0.));
#9441 = ORIENTED_EDGE('',*,*,#9442,.F.);
#9442 = EDGE_CURVE('',#8375,#9435,#9443,.T.);
#9443 = LINE('',#9444,#9445);
#9444 = CARTESIAN_POINT('',(1.4,0.5,1.32));
#9445 = VECTOR('',#9446,1.);
#9446 = DIRECTION('',(0.,7.408159078957E-02,0.997252183706));
#9447 = PLANE('',#9448);
#9448 = AXIS2_PLACEMENT_3D('',#9449,#9450,#9451);
#9449 = CARTESIAN_POINT('',(1.4,0.5,1.32));
#9450 = DIRECTION('',(0.,-0.997252183706,7.408159078957E-02));
#9451 = DIRECTION('',(0.,7.408159078957E-02,0.997252183706));
#9452 = ADVANCED_FACE('',(#9453),#9471,.F.);
#9453 = FACE_BOUND('',#9454,.F.);
#9454 = EDGE_LOOP('',(#9455,#9456,#9464,#9470));
#9455 = ORIENTED_EDGE('',*,*,#9426,.T.);
#9456 = ORIENTED_EDGE('',*,*,#9457,.T.);
#9457 = EDGE_CURVE('',#9427,#9458,#9460,.T.);
#9458 = VERTEX_POINT('',#9459);
#9459 = CARTESIAN_POINT('',(1.6,0.98,3.07));
#9460 = LINE('',#9461,#9462);
#9461 = CARTESIAN_POINT('',(1.6,0.63,3.07));
#9462 = VECTOR('',#9463,1.);
#9463 = DIRECTION('',(0.,1.,0.));
#9464 = ORIENTED_EDGE('',*,*,#9465,.T.);
#9465 = EDGE_CURVE('',#9458,#8393,#9466,.T.);
#9466 = LINE('',#9467,#9468);
#9467 = CARTESIAN_POINT('',(1.6,0.98,3.07));
#9468 = VECTOR('',#9469,1.);
#9469 = DIRECTION('',(0.,0.,-1.));
#9470 = ORIENTED_EDGE('',*,*,#8400,.T.);
#9471 = PLANE('',#9472);
#9472 = AXIS2_PLACEMENT_3D('',#9473,#9474,#9475);
#9473 = CARTESIAN_POINT('',(1.6,0.771294517928,2.168759014354));
#9474 = DIRECTION('',(-1.,-0.,-0.));
#9475 = DIRECTION('',(0.,0.,-1.));
#9476 = ADVANCED_FACE('',(#9477),#9495,.T.);
#9477 = FACE_BOUND('',#9478,.T.);
#9478 = EDGE_LOOP('',(#9479,#9487,#9488,#9489));
#9479 = ORIENTED_EDGE('',*,*,#9480,.T.);
#9480 = EDGE_CURVE('',#9481,#9458,#9483,.T.);
#9481 = VERTEX_POINT('',#9482);
#9482 = CARTESIAN_POINT('',(1.4,0.98,3.07));
#9483 = LINE('',#9484,#9485);
#9484 = CARTESIAN_POINT('',(1.4,0.98,3.07));
#9485 = VECTOR('',#9486,1.);
#9486 = DIRECTION('',(1.,0.,0.));
#9487 = ORIENTED_EDGE('',*,*,#9465,.T.);
#9488 = ORIENTED_EDGE('',*,*,#8392,.F.);
#9489 = ORIENTED_EDGE('',*,*,#9490,.F.);
#9490 = EDGE_CURVE('',#9481,#8385,#9491,.T.);
#9491 = LINE('',#9492,#9493);
#9492 = CARTESIAN_POINT('',(1.4,0.98,3.07));
#9493 = VECTOR('',#9494,1.);
#9494 = DIRECTION('',(0.,0.,-1.));
#9495 = PLANE('',#9496);
#9496 = AXIS2_PLACEMENT_3D('',#9497,#9498,#9499);
#9497 = CARTESIAN_POINT('',(1.4,0.98,3.07));
#9498 = DIRECTION('',(0.,1.,0.));
#9499 = DIRECTION('',(0.,0.,-1.));
#9500 = ADVANCED_FACE('',(#9501),#9512,.T.);
#9501 = FACE_BOUND('',#9502,.T.);
#9502 = EDGE_LOOP('',(#9503,#9504,#9510,#9511));
#9503 = ORIENTED_EDGE('',*,*,#9442,.T.);
#9504 = ORIENTED_EDGE('',*,*,#9505,.T.);
#9505 = EDGE_CURVE('',#9435,#9481,#9506,.T.);
#9506 = LINE('',#9507,#9508);
#9507 = CARTESIAN_POINT('',(1.4,0.63,3.07));
#9508 = VECTOR('',#9509,1.);
#9509 = DIRECTION('',(0.,1.,0.));
#9510 = ORIENTED_EDGE('',*,*,#9490,.T.);
#9511 = ORIENTED_EDGE('',*,*,#8384,.T.);
#9512 = PLANE('',#9513);
#9513 = AXIS2_PLACEMENT_3D('',#9514,#9515,#9516);
#9514 = CARTESIAN_POINT('',(1.4,0.771294517928,2.168759014354));
#9515 = DIRECTION('',(-1.,-0.,-0.));
#9516 = DIRECTION('',(0.,0.,-1.));
#9517 = ADVANCED_FACE('',(#9518),#9543,.T.);
#9518 = FACE_BOUND('',#9519,.T.);
#9519 = EDGE_LOOP('',(#9520,#9521,#9529,#9537));
#9520 = ORIENTED_EDGE('',*,*,#8408,.T.);
#9521 = ORIENTED_EDGE('',*,*,#9522,.T.);
#9522 = EDGE_CURVE('',#8411,#9523,#9525,.T.);
#9523 = VERTEX_POINT('',#9524);
#9524 = CARTESIAN_POINT('',(2.6,0.63,3.07));
#9525 = LINE('',#9526,#9527);
#9526 = CARTESIAN_POINT('',(2.6,0.5,1.32));
#9527 = VECTOR('',#9528,1.);
#9528 = DIRECTION('',(0.,7.408159078957E-02,0.997252183706));
#9529 = ORIENTED_EDGE('',*,*,#9530,.F.);
#9530 = EDGE_CURVE('',#9531,#9523,#9533,.T.);
#9531 = VERTEX_POINT('',#9532);
#9532 = CARTESIAN_POINT('',(2.4,0.63,3.07));
#9533 = LINE('',#9534,#9535);
#9534 = CARTESIAN_POINT('',(2.4,0.63,3.07));
#9535 = VECTOR('',#9536,1.);
#9536 = DIRECTION('',(1.,0.,0.));
#9537 = ORIENTED_EDGE('',*,*,#9538,.F.);
#9538 = EDGE_CURVE('',#8409,#9531,#9539,.T.);
#9539 = LINE('',#9540,#9541);
#9540 = CARTESIAN_POINT('',(2.4,0.5,1.32));
#9541 = VECTOR('',#9542,1.);
#9542 = DIRECTION('',(0.,7.408159078957E-02,0.997252183706));
#9543 = PLANE('',#9544);
#9544 = AXIS2_PLACEMENT_3D('',#9545,#9546,#9547);
#9545 = CARTESIAN_POINT('',(2.4,0.5,1.32));
#9546 = DIRECTION('',(0.,-0.997252183706,7.408159078957E-02));
#9547 = DIRECTION('',(0.,7.408159078957E-02,0.997252183706));
#9548 = ADVANCED_FACE('',(#9549),#9567,.F.);
#9549 = FACE_BOUND('',#9550,.F.);
#9550 = EDGE_LOOP('',(#9551,#9552,#9560,#9566));
#9551 = ORIENTED_EDGE('',*,*,#9522,.T.);
#9552 = ORIENTED_EDGE('',*,*,#9553,.T.);
#9553 = EDGE_CURVE('',#9523,#9554,#9556,.T.);
#9554 = VERTEX_POINT('',#9555);
#9555 = CARTESIAN_POINT('',(2.6,0.98,3.07));
#9556 = LINE('',#9557,#9558);
#9557 = CARTESIAN_POINT('',(2.6,0.63,3.07));
#9558 = VECTOR('',#9559,1.);
#9559 = DIRECTION('',(0.,1.,0.));
#9560 = ORIENTED_EDGE('',*,*,#9561,.T.);
#9561 = EDGE_CURVE('',#9554,#8427,#9562,.T.);
#9562 = LINE('',#9563,#9564);
#9563 = CARTESIAN_POINT('',(2.6,0.98,3.07));
#9564 = VECTOR('',#9565,1.);
#9565 = DIRECTION('',(0.,0.,-1.));
#9566 = ORIENTED_EDGE('',*,*,#8434,.T.);
#9567 = PLANE('',#9568);
#9568 = AXIS2_PLACEMENT_3D('',#9569,#9570,#9571);
#9569 = CARTESIAN_POINT('',(2.6,0.771294517928,2.168759014354));
#9570 = DIRECTION('',(-1.,-0.,-0.));
#9571 = DIRECTION('',(0.,0.,-1.));
#9572 = ADVANCED_FACE('',(#9573),#9591,.T.);
#9573 = FACE_BOUND('',#9574,.T.);
#9574 = EDGE_LOOP('',(#9575,#9583,#9584,#9585));
#9575 = ORIENTED_EDGE('',*,*,#9576,.T.);
#9576 = EDGE_CURVE('',#9577,#9554,#9579,.T.);
#9577 = VERTEX_POINT('',#9578);
#9578 = CARTESIAN_POINT('',(2.4,0.98,3.07));
#9579 = LINE('',#9580,#9581);
#9580 = CARTESIAN_POINT('',(2.4,0.98,3.07));
#9581 = VECTOR('',#9582,1.);
#9582 = DIRECTION('',(1.,0.,0.));
#9583 = ORIENTED_EDGE('',*,*,#9561,.T.);
#9584 = ORIENTED_EDGE('',*,*,#8426,.F.);
#9585 = ORIENTED_EDGE('',*,*,#9586,.F.);
#9586 = EDGE_CURVE('',#9577,#8419,#9587,.T.);
#9587 = LINE('',#9588,#9589);
#9588 = CARTESIAN_POINT('',(2.4,0.98,3.07));
#9589 = VECTOR('',#9590,1.);
#9590 = DIRECTION('',(0.,0.,-1.));
#9591 = PLANE('',#9592);
#9592 = AXIS2_PLACEMENT_3D('',#9593,#9594,#9595);
#9593 = CARTESIAN_POINT('',(2.4,0.98,3.07));
#9594 = DIRECTION('',(0.,1.,0.));
#9595 = DIRECTION('',(0.,0.,-1.));
#9596 = ADVANCED_FACE('',(#9597),#9608,.T.);
#9597 = FACE_BOUND('',#9598,.T.);
#9598 = EDGE_LOOP('',(#9599,#9600,#9606,#9607));
#9599 = ORIENTED_EDGE('',*,*,#9538,.T.);
#9600 = ORIENTED_EDGE('',*,*,#9601,.T.);
#9601 = EDGE_CURVE('',#9531,#9577,#9602,.T.);
#9602 = LINE('',#9603,#9604);
#9603 = CARTESIAN_POINT('',(2.4,0.63,3.07));
#9604 = VECTOR('',#9605,1.);
#9605 = DIRECTION('',(0.,1.,0.));
#9606 = ORIENTED_EDGE('',*,*,#9586,.T.);
#9607 = ORIENTED_EDGE('',*,*,#8418,.T.);
#9608 = PLANE('',#9609);
#9609 = AXIS2_PLACEMENT_3D('',#9610,#9611,#9612);
#9610 = CARTESIAN_POINT('',(2.4,0.771294517928,2.168759014354));
#9611 = DIRECTION('',(-1.,-0.,-0.));
#9612 = DIRECTION('',(0.,0.,-1.));
#9613 = ADVANCED_FACE('',(#9614),#9639,.T.);
#9614 = FACE_BOUND('',#9615,.T.);
#9615 = EDGE_LOOP('',(#9616,#9617,#9625,#9633));
#9616 = ORIENTED_EDGE('',*,*,#8442,.T.);
#9617 = ORIENTED_EDGE('',*,*,#9618,.T.);
#9618 = EDGE_CURVE('',#8445,#9619,#9621,.T.);
#9619 = VERTEX_POINT('',#9620);
#9620 = CARTESIAN_POINT('',(3.6,0.63,3.07));
#9621 = LINE('',#9622,#9623);
#9622 = CARTESIAN_POINT('',(3.6,0.5,1.32));
#9623 = VECTOR('',#9624,1.);
#9624 = DIRECTION('',(0.,7.408159078957E-02,0.997252183706));
#9625 = ORIENTED_EDGE('',*,*,#9626,.F.);
#9626 = EDGE_CURVE('',#9627,#9619,#9629,.T.);
#9627 = VERTEX_POINT('',#9628);
#9628 = CARTESIAN_POINT('',(3.4,0.63,3.07));
#9629 = LINE('',#9630,#9631);
#9630 = CARTESIAN_POINT('',(3.4,0.63,3.07));
#9631 = VECTOR('',#9632,1.);
#9632 = DIRECTION('',(1.,0.,0.));
#9633 = ORIENTED_EDGE('',*,*,#9634,.F.);
#9634 = EDGE_CURVE('',#8443,#9627,#9635,.T.);
#9635 = LINE('',#9636,#9637);
#9636 = CARTESIAN_POINT('',(3.4,0.5,1.32));
#9637 = VECTOR('',#9638,1.);
#9638 = DIRECTION('',(0.,7.408159078957E-02,0.997252183706));
#9639 = PLANE('',#9640);
#9640 = AXIS2_PLACEMENT_3D('',#9641,#9642,#9643);
#9641 = CARTESIAN_POINT('',(3.4,0.5,1.32));
#9642 = DIRECTION('',(0.,-0.997252183706,7.408159078957E-02));
#9643 = DIRECTION('',(0.,7.408159078957E-02,0.997252183706));
#9644 = ADVANCED_FACE('',(#9645),#9663,.F.);
#9645 = FACE_BOUND('',#9646,.F.);
#9646 = EDGE_LOOP('',(#9647,#9648,#9656,#9662));
#9647 = ORIENTED_EDGE('',*,*,#9618,.T.);
#9648 = ORIENTED_EDGE('',*,*,#9649,.T.);
#9649 = EDGE_CURVE('',#9619,#9650,#9652,.T.);
#9650 = VERTEX_POINT('',#9651);
#9651 = CARTESIAN_POINT('',(3.6,0.98,3.07));
#9652 = LINE('',#9653,#9654);
#9653 = CARTESIAN_POINT('',(3.6,0.63,3.07));
#9654 = VECTOR('',#9655,1.);
#9655 = DIRECTION('',(0.,1.,0.));
#9656 = ORIENTED_EDGE('',*,*,#9657,.T.);
#9657 = EDGE_CURVE('',#9650,#8461,#9658,.T.);
#9658 = LINE('',#9659,#9660);
#9659 = CARTESIAN_POINT('',(3.6,0.98,3.07));
#9660 = VECTOR('',#9661,1.);
#9661 = DIRECTION('',(0.,0.,-1.));
#9662 = ORIENTED_EDGE('',*,*,#8468,.T.);
#9663 = PLANE('',#9664);
#9664 = AXIS2_PLACEMENT_3D('',#9665,#9666,#9667);
#9665 = CARTESIAN_POINT('',(3.6,0.771294517928,2.168759014354));
#9666 = DIRECTION('',(-1.,-0.,-0.));
#9667 = DIRECTION('',(0.,0.,-1.));
#9668 = ADVANCED_FACE('',(#9669),#9687,.T.);
#9669 = FACE_BOUND('',#9670,.T.);
#9670 = EDGE_LOOP('',(#9671,#9679,#9680,#9681));
#9671 = ORIENTED_EDGE('',*,*,#9672,.T.);
#9672 = EDGE_CURVE('',#9673,#9650,#9675,.T.);
#9673 = VERTEX_POINT('',#9674);
#9674 = CARTESIAN_POINT('',(3.4,0.98,3.07));
#9675 = LINE('',#9676,#9677);
#9676 = CARTESIAN_POINT('',(3.4,0.98,3.07));
#9677 = VECTOR('',#9678,1.);
#9678 = DIRECTION('',(1.,0.,0.));
#9679 = ORIENTED_EDGE('',*,*,#9657,.T.);
#9680 = ORIENTED_EDGE('',*,*,#8460,.F.);
#9681 = ORIENTED_EDGE('',*,*,#9682,.F.);
#9682 = EDGE_CURVE('',#9673,#8453,#9683,.T.);
#9683 = LINE('',#9684,#9685);
#9684 = CARTESIAN_POINT('',(3.4,0.98,3.07));
#9685 = VECTOR('',#9686,1.);
#9686 = DIRECTION('',(0.,0.,-1.));
#9687 = PLANE('',#9688);
#9688 = AXIS2_PLACEMENT_3D('',#9689,#9690,#9691);
#9689 = CARTESIAN_POINT('',(3.4,0.98,3.07));
#9690 = DIRECTION('',(0.,1.,0.));
#9691 = DIRECTION('',(0.,0.,-1.));
#9692 = ADVANCED_FACE('',(#9693),#9704,.T.);
#9693 = FACE_BOUND('',#9694,.T.);
#9694 = EDGE_LOOP('',(#9695,#9696,#9702,#9703));
#9695 = ORIENTED_EDGE('',*,*,#9634,.T.);
#9696 = ORIENTED_EDGE('',*,*,#9697,.T.);
#9697 = EDGE_CURVE('',#9627,#9673,#9698,.T.);
#9698 = LINE('',#9699,#9700);
#9699 = CARTESIAN_POINT('',(3.4,0.63,3.07));
#9700 = VECTOR('',#9701,1.);
#9701 = DIRECTION('',(0.,1.,0.));
#9702 = ORIENTED_EDGE('',*,*,#9682,.T.);
#9703 = ORIENTED_EDGE('',*,*,#8452,.T.);
#9704 = PLANE('',#9705);
#9705 = AXIS2_PLACEMENT_3D('',#9706,#9707,#9708);
#9706 = CARTESIAN_POINT('',(3.4,0.771294517928,2.168759014354));
#9707 = DIRECTION('',(-1.,-0.,-0.));
#9708 = DIRECTION('',(0.,0.,-1.));
#9709 = ADVANCED_FACE('',(#9710),#9735,.T.);
#9710 = FACE_BOUND('',#9711,.T.);
#9711 = EDGE_LOOP('',(#9712,#9713,#9721,#9729));
#9712 = ORIENTED_EDGE('',*,*,#8476,.T.);
#9713 = ORIENTED_EDGE('',*,*,#9714,.T.);
#9714 = EDGE_CURVE('',#8479,#9715,#9717,.T.);
#9715 = VERTEX_POINT('',#9716);
#9716 = CARTESIAN_POINT('',(4.6,0.63,3.07));
#9717 = LINE('',#9718,#9719);
#9718 = CARTESIAN_POINT('',(4.6,0.5,1.32));
#9719 = VECTOR('',#9720,1.);
#9720 = DIRECTION('',(0.,7.408159078957E-02,0.997252183706));
#9721 = ORIENTED_EDGE('',*,*,#9722,.F.);
#9722 = EDGE_CURVE('',#9723,#9715,#9725,.T.);
#9723 = VERTEX_POINT('',#9724);
#9724 = CARTESIAN_POINT('',(4.4,0.63,3.07));
#9725 = LINE('',#9726,#9727);
#9726 = CARTESIAN_POINT('',(4.4,0.63,3.07));
#9727 = VECTOR('',#9728,1.);
#9728 = DIRECTION('',(1.,0.,0.));
#9729 = ORIENTED_EDGE('',*,*,#9730,.F.);
#9730 = EDGE_CURVE('',#8477,#9723,#9731,.T.);
#9731 = LINE('',#9732,#9733);
#9732 = CARTESIAN_POINT('',(4.4,0.5,1.32));
#9733 = VECTOR('',#9734,1.);
#9734 = DIRECTION('',(0.,7.408159078957E-02,0.997252183706));
#9735 = PLANE('',#9736);
#9736 = AXIS2_PLACEMENT_3D('',#9737,#9738,#9739);
#9737 = CARTESIAN_POINT('',(4.4,0.5,1.32));
#9738 = DIRECTION('',(0.,-0.997252183706,7.408159078957E-02));
#9739 = DIRECTION('',(0.,7.408159078957E-02,0.997252183706));
#9740 = ADVANCED_FACE('',(#9741),#9759,.F.);
#9741 = FACE_BOUND('',#9742,.F.);
#9742 = EDGE_LOOP('',(#9743,#9744,#9752,#9758));
#9743 = ORIENTED_EDGE('',*,*,#9714,.T.);
#9744 = ORIENTED_EDGE('',*,*,#9745,.T.);
#9745 = EDGE_CURVE('',#9715,#9746,#9748,.T.);
#9746 = VERTEX_POINT('',#9747);
#9747 = CARTESIAN_POINT('',(4.6,0.98,3.07));
#9748 = LINE('',#9749,#9750);
#9749 = CARTESIAN_POINT('',(4.6,0.63,3.07));
#9750 = VECTOR('',#9751,1.);
#9751 = DIRECTION('',(0.,1.,0.));
#9752 = ORIENTED_EDGE('',*,*,#9753,.T.);
#9753 = EDGE_CURVE('',#9746,#8495,#9754,.T.);
#9754 = LINE('',#9755,#9756);
#9755 = CARTESIAN_POINT('',(4.6,0.98,3.07));
#9756 = VECTOR('',#9757,1.);
#9757 = DIRECTION('',(0.,0.,-1.));
#9758 = ORIENTED_EDGE('',*,*,#8502,.T.);
#9759 = PLANE('',#9760);
#9760 = AXIS2_PLACEMENT_3D('',#9761,#9762,#9763);
#9761 = CARTESIAN_POINT('',(4.6,0.771294517928,2.168759014354));
#9762 = DIRECTION('',(-1.,-0.,-0.));
#9763 = DIRECTION('',(0.,0.,-1.));
#9764 = ADVANCED_FACE('',(#9765),#9783,.T.);
#9765 = FACE_BOUND('',#9766,.T.);
#9766 = EDGE_LOOP('',(#9767,#9775,#9776,#9777));
#9767 = ORIENTED_EDGE('',*,*,#9768,.T.);
#9768 = EDGE_CURVE('',#9769,#9746,#9771,.T.);
#9769 = VERTEX_POINT('',#9770);
#9770 = CARTESIAN_POINT('',(4.4,0.98,3.07));
#9771 = LINE('',#9772,#9773);
#9772 = CARTESIAN_POINT('',(4.4,0.98,3.07));
#9773 = VECTOR('',#9774,1.);
#9774 = DIRECTION('',(1.,0.,0.));
#9775 = ORIENTED_EDGE('',*,*,#9753,.T.);
#9776 = ORIENTED_EDGE('',*,*,#8494,.F.);
#9777 = ORIENTED_EDGE('',*,*,#9778,.F.);
#9778 = EDGE_CURVE('',#9769,#8487,#9779,.T.);
#9779 = LINE('',#9780,#9781);
#9780 = CARTESIAN_POINT('',(4.4,0.98,3.07));
#9781 = VECTOR('',#9782,1.);
#9782 = DIRECTION('',(0.,0.,-1.));
#9783 = PLANE('',#9784);
#9784 = AXIS2_PLACEMENT_3D('',#9785,#9786,#9787);
#9785 = CARTESIAN_POINT('',(4.4,0.98,3.07));
#9786 = DIRECTION('',(0.,1.,0.));
#9787 = DIRECTION('',(0.,0.,-1.));
#9788 = ADVANCED_FACE('',(#9789),#9800,.T.);
#9789 = FACE_BOUND('',#9790,.T.);
#9790 = EDGE_LOOP('',(#9791,#9792,#9798,#9799));
#9791 = ORIENTED_EDGE('',*,*,#9730,.T.);
#9792 = ORIENTED_EDGE('',*,*,#9793,.T.);
#9793 = EDGE_CURVE('',#9723,#9769,#9794,.T.);
#9794 = LINE('',#9795,#9796);
#9795 = CARTESIAN_POINT('',(4.4,0.63,3.07));
#9796 = VECTOR('',#9797,1.);
#9797 = DIRECTION('',(0.,1.,0.));
#9798 = ORIENTED_EDGE('',*,*,#9778,.T.);
#9799 = ORIENTED_EDGE('',*,*,#8486,.T.);
#9800 = PLANE('',#9801);
#9801 = AXIS2_PLACEMENT_3D('',#9802,#9803,#9804);
#9802 = CARTESIAN_POINT('',(4.4,0.771294517928,2.168759014354));
#9803 = DIRECTION('',(-1.,-0.,-0.));
#9804 = DIRECTION('',(0.,0.,-1.));
#9805 = ADVANCED_FACE('',(#9806),#9831,.T.);
#9806 = FACE_BOUND('',#9807,.T.);
#9807 = EDGE_LOOP('',(#9808,#9809,#9817,#9825));
#9808 = ORIENTED_EDGE('',*,*,#8510,.T.);
#9809 = ORIENTED_EDGE('',*,*,#9810,.T.);
#9810 = EDGE_CURVE('',#8513,#9811,#9813,.T.);
#9811 = VERTEX_POINT('',#9812);
#9812 = CARTESIAN_POINT('',(5.6,0.63,3.07));
#9813 = LINE('',#9814,#9815);
#9814 = CARTESIAN_POINT('',(5.6,0.5,1.32));
#9815 = VECTOR('',#9816,1.);
#9816 = DIRECTION('',(0.,7.408159078957E-02,0.997252183706));
#9817 = ORIENTED_EDGE('',*,*,#9818,.F.);
#9818 = EDGE_CURVE('',#9819,#9811,#9821,.T.);
#9819 = VERTEX_POINT('',#9820);
#9820 = CARTESIAN_POINT('',(5.4,0.63,3.07));
#9821 = LINE('',#9822,#9823);
#9822 = CARTESIAN_POINT('',(5.4,0.63,3.07));
#9823 = VECTOR('',#9824,1.);
#9824 = DIRECTION('',(1.,0.,0.));
#9825 = ORIENTED_EDGE('',*,*,#9826,.F.);
#9826 = EDGE_CURVE('',#8511,#9819,#9827,.T.);
#9827 = LINE('',#9828,#9829);
#9828 = CARTESIAN_POINT('',(5.4,0.5,1.32));
#9829 = VECTOR('',#9830,1.);
#9830 = DIRECTION('',(0.,7.408159078957E-02,0.997252183706));
#9831 = PLANE('',#9832);
#9832 = AXIS2_PLACEMENT_3D('',#9833,#9834,#9835);
#9833 = CARTESIAN_POINT('',(5.4,0.5,1.32));
#9834 = DIRECTION('',(0.,-0.997252183706,7.408159078957E-02));
#9835 = DIRECTION('',(0.,7.408159078957E-02,0.997252183706));
#9836 = ADVANCED_FACE('',(#9837),#9855,.F.);
#9837 = FACE_BOUND('',#9838,.F.);
#9838 = EDGE_LOOP('',(#9839,#9840,#9848,#9854));
#9839 = ORIENTED_EDGE('',*,*,#9810,.T.);
#9840 = ORIENTED_EDGE('',*,*,#9841,.T.);
#9841 = EDGE_CURVE('',#9811,#9842,#9844,.T.);
#9842 = VERTEX_POINT('',#9843);
#9843 = CARTESIAN_POINT('',(5.6,0.98,3.07));
#9844 = LINE('',#9845,#9846);
#9845 = CARTESIAN_POINT('',(5.6,0.63,3.07));
#9846 = VECTOR('',#9847,1.);
#9847 = DIRECTION('',(0.,1.,0.));
#9848 = ORIENTED_EDGE('',*,*,#9849,.T.);
#9849 = EDGE_CURVE('',#9842,#8529,#9850,.T.);
#9850 = LINE('',#9851,#9852);
#9851 = CARTESIAN_POINT('',(5.6,0.98,3.07));
#9852 = VECTOR('',#9853,1.);
#9853 = DIRECTION('',(0.,0.,-1.));
#9854 = ORIENTED_EDGE('',*,*,#8536,.T.);
#9855 = PLANE('',#9856);
#9856 = AXIS2_PLACEMENT_3D('',#9857,#9858,#9859);
#9857 = CARTESIAN_POINT('',(5.6,0.771294517928,2.168759014354));
#9858 = DIRECTION('',(-1.,-0.,-0.));
#9859 = DIRECTION('',(0.,0.,-1.));
#9860 = ADVANCED_FACE('',(#9861),#9879,.T.);
#9861 = FACE_BOUND('',#9862,.T.);
#9862 = EDGE_LOOP('',(#9863,#9871,#9872,#9873));
#9863 = ORIENTED_EDGE('',*,*,#9864,.T.);
#9864 = EDGE_CURVE('',#9865,#9842,#9867,.T.);
#9865 = VERTEX_POINT('',#9866);
#9866 = CARTESIAN_POINT('',(5.4,0.98,3.07));
#9867 = LINE('',#9868,#9869);
#9868 = CARTESIAN_POINT('',(5.4,0.98,3.07));
#9869 = VECTOR('',#9870,1.);
#9870 = DIRECTION('',(1.,0.,0.));
#9871 = ORIENTED_EDGE('',*,*,#9849,.T.);
#9872 = ORIENTED_EDGE('',*,*,#8528,.F.);
#9873 = ORIENTED_EDGE('',*,*,#9874,.F.);
#9874 = EDGE_CURVE('',#9865,#8521,#9875,.T.);
#9875 = LINE('',#9876,#9877);
#9876 = CARTESIAN_POINT('',(5.4,0.98,3.07));
#9877 = VECTOR('',#9878,1.);
#9878 = DIRECTION('',(0.,0.,-1.));
#9879 = PLANE('',#9880);
#9880 = AXIS2_PLACEMENT_3D('',#9881,#9882,#9883);
#9881 = CARTESIAN_POINT('',(5.4,0.98,3.07));
#9882 = DIRECTION('',(0.,1.,0.));
#9883 = DIRECTION('',(0.,0.,-1.));
#9884 = ADVANCED_FACE('',(#9885),#9896,.T.);
#9885 = FACE_BOUND('',#9886,.T.);
#9886 = EDGE_LOOP('',(#9887,#9888,#9894,#9895));
#9887 = ORIENTED_EDGE('',*,*,#9826,.T.);
#9888 = ORIENTED_EDGE('',*,*,#9889,.T.);
#9889 = EDGE_CURVE('',#9819,#9865,#9890,.T.);
#9890 = LINE('',#9891,#9892);
#9891 = CARTESIAN_POINT('',(5.4,0.63,3.07));
#9892 = VECTOR('',#9893,1.);
#9893 = DIRECTION('',(0.,1.,0.));
#9894 = ORIENTED_EDGE('',*,*,#9874,.T.);
#9895 = ORIENTED_EDGE('',*,*,#8520,.T.);
#9896 = PLANE('',#9897);
#9897 = AXIS2_PLACEMENT_3D('',#9898,#9899,#9900);
#9898 = CARTESIAN_POINT('',(5.4,0.771294517928,2.168759014354));
#9899 = DIRECTION('',(-1.,-0.,-0.));
#9900 = DIRECTION('',(0.,0.,-1.));
#9901 = ADVANCED_FACE('',(#9902),#9927,.T.);
#9902 = FACE_BOUND('',#9903,.T.);
#9903 = EDGE_LOOP('',(#9904,#9905,#9913,#9921));
#9904 = ORIENTED_EDGE('',*,*,#8544,.T.);
#9905 = ORIENTED_EDGE('',*,*,#9906,.T.);
#9906 = EDGE_CURVE('',#8547,#9907,#9909,.T.);
#9907 = VERTEX_POINT('',#9908);
#9908 = CARTESIAN_POINT('',(6.6,0.63,3.07));
#9909 = LINE('',#9910,#9911);
#9910 = CARTESIAN_POINT('',(6.6,0.5,1.32));
#9911 = VECTOR('',#9912,1.);
#9912 = DIRECTION('',(0.,7.408159078957E-02,0.997252183706));
#9913 = ORIENTED_EDGE('',*,*,#9914,.F.);
#9914 = EDGE_CURVE('',#9915,#9907,#9917,.T.);
#9915 = VERTEX_POINT('',#9916);
#9916 = CARTESIAN_POINT('',(6.4,0.63,3.07));
#9917 = LINE('',#9918,#9919);
#9918 = CARTESIAN_POINT('',(6.4,0.63,3.07));
#9919 = VECTOR('',#9920,1.);
#9920 = DIRECTION('',(1.,0.,0.));
#9921 = ORIENTED_EDGE('',*,*,#9922,.F.);
#9922 = EDGE_CURVE('',#8545,#9915,#9923,.T.);
#9923 = LINE('',#9924,#9925);
#9924 = CARTESIAN_POINT('',(6.4,0.5,1.32));
#9925 = VECTOR('',#9926,1.);
#9926 = DIRECTION('',(0.,7.408159078957E-02,0.997252183706));
#9927 = PLANE('',#9928);
#9928 = AXIS2_PLACEMENT_3D('',#9929,#9930,#9931);
#9929 = CARTESIAN_POINT('',(6.4,0.5,1.32));
#9930 = DIRECTION('',(0.,-0.997252183706,7.408159078957E-02));
#9931 = DIRECTION('',(0.,7.408159078957E-02,0.997252183706));
#9932 = ADVANCED_FACE('',(#9933),#9951,.F.);
#9933 = FACE_BOUND('',#9934,.F.);
#9934 = EDGE_LOOP('',(#9935,#9936,#9944,#9950));
#9935 = ORIENTED_EDGE('',*,*,#9906,.T.);
#9936 = ORIENTED_EDGE('',*,*,#9937,.T.);
#9937 = EDGE_CURVE('',#9907,#9938,#9940,.T.);
#9938 = VERTEX_POINT('',#9939);
#9939 = CARTESIAN_POINT('',(6.6,0.98,3.07));
#9940 = LINE('',#9941,#9942);
#9941 = CARTESIAN_POINT('',(6.6,0.63,3.07));
#9942 = VECTOR('',#9943,1.);
#9943 = DIRECTION('',(0.,1.,0.));
#9944 = ORIENTED_EDGE('',*,*,#9945,.T.);
#9945 = EDGE_CURVE('',#9938,#8563,#9946,.T.);
#9946 = LINE('',#9947,#9948);
#9947 = CARTESIAN_POINT('',(6.6,0.98,3.07));
#9948 = VECTOR('',#9949,1.);
#9949 = DIRECTION('',(0.,0.,-1.));
#9950 = ORIENTED_EDGE('',*,*,#8570,.T.);
#9951 = PLANE('',#9952);
#9952 = AXIS2_PLACEMENT_3D('',#9953,#9954,#9955);
#9953 = CARTESIAN_POINT('',(6.6,0.771294517928,2.168759014354));
#9954 = DIRECTION('',(-1.,-0.,-0.));
#9955 = DIRECTION('',(0.,0.,-1.));
#9956 = ADVANCED_FACE('',(#9957),#9975,.T.);
#9957 = FACE_BOUND('',#9958,.T.);
#9958 = EDGE_LOOP('',(#9959,#9967,#9968,#9969));
#9959 = ORIENTED_EDGE('',*,*,#9960,.T.);
#9960 = EDGE_CURVE('',#9961,#9938,#9963,.T.);
#9961 = VERTEX_POINT('',#9962);
#9962 = CARTESIAN_POINT('',(6.4,0.98,3.07));
#9963 = LINE('',#9964,#9965);
#9964 = CARTESIAN_POINT('',(6.4,0.98,3.07));
#9965 = VECTOR('',#9966,1.);
#9966 = DIRECTION('',(1.,0.,0.));
#9967 = ORIENTED_EDGE('',*,*,#9945,.T.);
#9968 = ORIENTED_EDGE('',*,*,#8562,.F.);
#9969 = ORIENTED_EDGE('',*,*,#9970,.F.);
#9970 = EDGE_CURVE('',#9961,#8555,#9971,.T.);
#9971 = LINE('',#9972,#9973);
#9972 = CARTESIAN_POINT('',(6.4,0.98,3.07));
#9973 = VECTOR('',#9974,1.);
#9974 = DIRECTION('',(0.,0.,-1.));
#9975 = PLANE('',#9976);
#9976 = AXIS2_PLACEMENT_3D('',#9977,#9978,#9979);
#9977 = CARTESIAN_POINT('',(6.4,0.98,3.07));
#9978 = DIRECTION('',(0.,1.,0.));
#9979 = DIRECTION('',(0.,0.,-1.));
#9980 = ADVANCED_FACE('',(#9981),#9992,.T.);
#9981 = FACE_BOUND('',#9982,.T.);
#9982 = EDGE_LOOP('',(#9983,#9984,#9990,#9991));
#9983 = ORIENTED_EDGE('',*,*,#9922,.T.);
#9984 = ORIENTED_EDGE('',*,*,#9985,.T.);
#9985 = EDGE_CURVE('',#9915,#9961,#9986,.T.);
#9986 = LINE('',#9987,#9988);
#9987 = CARTESIAN_POINT('',(6.4,0.63,3.07));
#9988 = VECTOR('',#9989,1.);
#9989 = DIRECTION('',(0.,1.,0.));
#9990 = ORIENTED_EDGE('',*,*,#9970,.T.);
#9991 = ORIENTED_EDGE('',*,*,#8554,.T.);
#9992 = PLANE('',#9993);
#9993 = AXIS2_PLACEMENT_3D('',#9994,#9995,#9996);
#9994 = CARTESIAN_POINT('',(6.4,0.771294517928,2.168759014354));
#9995 = DIRECTION('',(-1.,-0.,-0.));
#9996 = DIRECTION('',(0.,0.,-1.));
#9997 = ADVANCED_FACE('',(#9998),#10004,.T.);
#9998 = FACE_BOUND('',#9999,.T.);
#9999 = EDGE_LOOP('',(#10000,#10001,#10002,#10003));
#10000 = ORIENTED_EDGE('',*,*,#8666,.T.);
#10001 = ORIENTED_EDGE('',*,*,#8689,.T.);
#10002 = ORIENTED_EDGE('',*,*,#8712,.F.);
#10003 = ORIENTED_EDGE('',*,*,#8737,.F.);
#10004 = PLANE('',#10005);
#10005 = AXIS2_PLACEMENT_3D('',#10006,#10007,#10008);
#10006 = CARTESIAN_POINT('',(-6.6,0.63,3.07));
#10007 = DIRECTION('',(0.,0.,1.));
#10008 = DIRECTION('',(0.,1.,0.));
#10009 = ADVANCED_FACE('',(#10010),#10016,.T.);
#10010 = FACE_BOUND('',#10011,.T.);
#10011 = EDGE_LOOP('',(#10012,#10013,#10014,#10015));
#10012 = ORIENTED_EDGE('',*,*,#8762,.T.);
#10013 = ORIENTED_EDGE('',*,*,#8785,.T.);
#10014 = ORIENTED_EDGE('',*,*,#8808,.F.);
#10015 = ORIENTED_EDGE('',*,*,#8833,.F.);
#10016 = PLANE('',#10017);
#10017 = AXIS2_PLACEMENT_3D('',#10018,#10019,#10020);
#10018 = CARTESIAN_POINT('',(-5.6,0.63,3.07));
#10019 = DIRECTION('',(0.,0.,1.));
#10020 = DIRECTION('',(0.,1.,0.));
#10021 = ADVANCED_FACE('',(#10022),#10028,.T.);
#10022 = FACE_BOUND('',#10023,.T.);
#10023 = EDGE_LOOP('',(#10024,#10025,#10026,#10027));
#10024 = ORIENTED_EDGE('',*,*,#8858,.T.);
#10025 = ORIENTED_EDGE('',*,*,#8881,.T.);
#10026 = ORIENTED_EDGE('',*,*,#8904,.F.);
#10027 = ORIENTED_EDGE('',*,*,#8929,.F.);
#10028 = PLANE('',#10029);
#10029 = AXIS2_PLACEMENT_3D('',#10030,#10031,#10032);
#10030 = CARTESIAN_POINT('',(-4.6,0.63,3.07));
#10031 = DIRECTION('',(0.,0.,1.));
#10032 = DIRECTION('',(0.,1.,0.));
#10033 = ADVANCED_FACE('',(#10034),#10040,.T.);
#10034 = FACE_BOUND('',#10035,.T.);
#10035 = EDGE_LOOP('',(#10036,#10037,#10038,#10039));
#10036 = ORIENTED_EDGE('',*,*,#8954,.T.);
#10037 = ORIENTED_EDGE('',*,*,#8977,.T.);
#10038 = ORIENTED_EDGE('',*,*,#9000,.F.);
#10039 = ORIENTED_EDGE('',*,*,#9025,.F.);
#10040 = PLANE('',#10041);
#10041 = AXIS2_PLACEMENT_3D('',#10042,#10043,#10044);
#10042 = CARTESIAN_POINT('',(-3.6,0.63,3.07));
#10043 = DIRECTION('',(0.,0.,1.));
#10044 = DIRECTION('',(0.,1.,0.));
#10045 = ADVANCED_FACE('',(#10046),#10052,.T.);
#10046 = FACE_BOUND('',#10047,.T.);
#10047 = EDGE_LOOP('',(#10048,#10049,#10050,#10051));
#10048 = ORIENTED_EDGE('',*,*,#9050,.T.);
#10049 = ORIENTED_EDGE('',*,*,#9073,.T.);
#10050 = ORIENTED_EDGE('',*,*,#9096,.F.);
#10051 = ORIENTED_EDGE('',*,*,#9121,.F.);
#10052 = PLANE('',#10053);
#10053 = AXIS2_PLACEMENT_3D('',#10054,#10055,#10056);
#10054 = CARTESIAN_POINT('',(-2.6,0.63,3.07));
#10055 = DIRECTION('',(0.,0.,1.));
#10056 = DIRECTION('',(0.,1.,0.));
#10057 = ADVANCED_FACE('',(#10058),#10064,.T.);
#10058 = FACE_BOUND('',#10059,.T.);
#10059 = EDGE_LOOP('',(#10060,#10061,#10062,#10063));
#10060 = ORIENTED_EDGE('',*,*,#9146,.T.);
#10061 = ORIENTED_EDGE('',*,*,#9169,.T.);
#10062 = ORIENTED_EDGE('',*,*,#9192,.F.);
#10063 = ORIENTED_EDGE('',*,*,#9217,.F.);
#10064 = PLANE('',#10065);
#10065 = AXIS2_PLACEMENT_3D('',#10066,#10067,#10068);
#10066 = CARTESIAN_POINT('',(-1.6,0.63,3.07));
#10067 = DIRECTION('',(0.,0.,1.));
#10068 = DIRECTION('',(0.,1.,0.));
#10069 = ADVANCED_FACE('',(#10070),#10076,.T.);
#10070 = FACE_BOUND('',#10071,.T.);
#10071 = EDGE_LOOP('',(#10072,#10073,#10074,#10075));
#10072 = ORIENTED_EDGE('',*,*,#9242,.T.);
#10073 = ORIENTED_EDGE('',*,*,#9265,.T.);
#10074 = ORIENTED_EDGE('',*,*,#9288,.F.);
#10075 = ORIENTED_EDGE('',*,*,#9313,.F.);
#10076 = PLANE('',#10077);
#10077 = AXIS2_PLACEMENT_3D('',#10078,#10079,#10080);
#10078 = CARTESIAN_POINT('',(-0.6,0.63,3.07));
#10079 = DIRECTION('',(0.,0.,1.));
#10080 = DIRECTION('',(0.,1.,0.));
#10081 = ADVANCED_FACE('',(#10082),#10088,.T.);
#10082 = FACE_BOUND('',#10083,.T.);
#10083 = EDGE_LOOP('',(#10084,#10085,#10086,#10087));
#10084 = ORIENTED_EDGE('',*,*,#9338,.T.);
#10085 = ORIENTED_EDGE('',*,*,#9361,.T.);
#10086 = ORIENTED_EDGE('',*,*,#9384,.F.);
#10087 = ORIENTED_EDGE('',*,*,#9409,.F.);
#10088 = PLANE('',#10089);
#10089 = AXIS2_PLACEMENT_3D('',#10090,#10091,#10092);
#10090 = CARTESIAN_POINT('',(0.4,0.63,3.07));
#10091 = DIRECTION('',(0.,0.,1.));
#10092 = DIRECTION('',(0.,1.,0.));
#10093 = ADVANCED_FACE('',(#10094),#10100,.T.);
#10094 = FACE_BOUND('',#10095,.T.);
#10095 = EDGE_LOOP('',(#10096,#10097,#10098,#10099));
#10096 = ORIENTED_EDGE('',*,*,#9434,.T.);
#10097 = ORIENTED_EDGE('',*,*,#9457,.T.);
#10098 = ORIENTED_EDGE('',*,*,#9480,.F.);
#10099 = ORIENTED_EDGE('',*,*,#9505,.F.);
#10100 = PLANE('',#10101);
#10101 = AXIS2_PLACEMENT_3D('',#10102,#10103,#10104);
#10102 = CARTESIAN_POINT('',(1.4,0.63,3.07));
#10103 = DIRECTION('',(0.,0.,1.));
#10104 = DIRECTION('',(0.,1.,0.));
#10105 = ADVANCED_FACE('',(#10106),#10112,.T.);
#10106 = FACE_BOUND('',#10107,.T.);
#10107 = EDGE_LOOP('',(#10108,#10109,#10110,#10111));
#10108 = ORIENTED_EDGE('',*,*,#9530,.T.);
#10109 = ORIENTED_EDGE('',*,*,#9553,.T.);
#10110 = ORIENTED_EDGE('',*,*,#9576,.F.);
#10111 = ORIENTED_EDGE('',*,*,#9601,.F.);
#10112 = PLANE('',#10113);
#10113 = AXIS2_PLACEMENT_3D('',#10114,#10115,#10116);
#10114 = CARTESIAN_POINT('',(2.4,0.63,3.07));
#10115 = DIRECTION('',(0.,0.,1.));
#10116 = DIRECTION('',(0.,1.,0.));
#10117 = ADVANCED_FACE('',(#10118),#10124,.T.);
#10118 = FACE_BOUND('',#10119,.T.);
#10119 = EDGE_LOOP('',(#10120,#10121,#10122,#10123));
#10120 = ORIENTED_EDGE('',*,*,#9626,.T.);
#10121 = ORIENTED_EDGE('',*,*,#9649,.T.);
#10122 = ORIENTED_EDGE('',*,*,#9672,.F.);
#10123 = ORIENTED_EDGE('',*,*,#9697,.F.);
#10124 = PLANE('',#10125);
#10125 = AXIS2_PLACEMENT_3D('',#10126,#10127,#10128);
#10126 = CARTESIAN_POINT('',(3.4,0.63,3.07));
#10127 = DIRECTION('',(0.,0.,1.));
#10128 = DIRECTION('',(0.,1.,0.));
#10129 = ADVANCED_FACE('',(#10130),#10136,.T.);
#10130 = FACE_BOUND('',#10131,.T.);
#10131 = EDGE_LOOP('',(#10132,#10133,#10134,#10135));
#10132 = ORIENTED_EDGE('',*,*,#9722,.T.);
#10133 = ORIENTED_EDGE('',*,*,#9745,.T.);
#10134 = ORIENTED_EDGE('',*,*,#9768,.F.);
#10135 = ORIENTED_EDGE('',*,*,#9793,.F.);
#10136 = PLANE('',#10137);
#10137 = AXIS2_PLACEMENT_3D('',#10138,#10139,#10140);
#10138 = CARTESIAN_POINT('',(4.4,0.63,3.07));
#10139 = DIRECTION('',(0.,0.,1.));
#10140 = DIRECTION('',(0.,1.,0.));
#10141 = ADVANCED_FACE('',(#10142),#10148,.T.);
#10142 = FACE_BOUND('',#10143,.T.);
#10143 = EDGE_LOOP('',(#10144,#10145,#10146,#10147));
#10144 = ORIENTED_EDGE('',*,*,#9818,.T.);
#10145 = ORIENTED_EDGE('',*,*,#9841,.T.);
#10146 = ORIENTED_EDGE('',*,*,#9864,.F.);
#10147 = ORIENTED_EDGE('',*,*,#9889,.F.);
#10148 = PLANE('',#10149);
#10149 = AXIS2_PLACEMENT_3D('',#10150,#10151,#10152);
#10150 = CARTESIAN_POINT('',(5.4,0.63,3.07));
#10151 = DIRECTION('',(0.,0.,1.));
#10152 = DIRECTION('',(0.,1.,0.));
#10153 = ADVANCED_FACE('',(#10154),#10160,.T.);
#10154 = FACE_BOUND('',#10155,.T.);
#10155 = EDGE_LOOP('',(#10156,#10157,#10158,#10159));
#10156 = ORIENTED_EDGE('',*,*,#9914,.T.);
#10157 = ORIENTED_EDGE('',*,*,#9937,.T.);
#10158 = ORIENTED_EDGE('',*,*,#9960,.F.);
#10159 = ORIENTED_EDGE('',*,*,#9985,.F.);
#10160 = PLANE('',#10161);
#10161 = AXIS2_PLACEMENT_3D('',#10162,#10163,#10164);
#10162 = CARTESIAN_POINT('',(6.4,0.63,3.07));
#10163 = DIRECTION('',(0.,0.,1.));
#10164 = DIRECTION('',(0.,1.,0.));
#10165 = ( GEOMETRIC_REPRESENTATION_CONTEXT(3) 
GLOBAL_UNCERTAINTY_ASSIGNED_CONTEXT((#10169)) 
GLOBAL_UNIT_ASSIGNED_CONTEXT((#10166,#10167,#10168)) 
REPRESENTATION_CONTEXT('Context #1',
  '3D Context with UNIT and UNCERTAINTY') );
#10166 = ( LENGTH_UNIT() NAMED_UNIT(*) SI_UNIT(.MILLI.,.METRE.) );
#10167 = ( NAMED_UNIT(*) PLANE_ANGLE_UNIT() SI_UNIT($,.RADIAN.) );
#10168 = ( NAMED_UNIT(*) SI_UNIT($,.STERADIAN.) SOLID_ANGLE_UNIT() );
#10169 = UNCERTAINTY_MEASURE_WITH_UNIT(LENGTH_MEASURE(1.E-07),#10166,
  'distance_accuracy_value','confusion accuracy');
#10170 = CONTEXT_DEPENDENT_SHAPE_REPRESENTATION(#10171,#10173);
#10171 = ( REPRESENTATION_RELATIONSHIP('','',#3864,#3841) 
REPRESENTATION_RELATIONSHIP_WITH_TRANSFORMATION(#10172) 
SHAPE_REPRESENTATION_RELATIONSHIP() );
#10172 = ITEM_DEFINED_TRANSFORMATION('','',#11,#3842);
#10173 = PRODUCT_DEFINITION_SHAPE('Placement','Placement of an item',
  #10174);
#10174 = NEXT_ASSEMBLY_USAGE_OCCURRENCE('6','=>[0:1:1:5]','',#3836,#3859
  ,$);
#10175 = PRODUCT_RELATED_PRODUCT_CATEGORY('part',$,(#3861));
#10176 = SHAPE_DEFINITION_REPRESENTATION(#10177,#10183);
#10177 = PRODUCT_DEFINITION_SHAPE('','',#10178);
#10178 = PRODUCT_DEFINITION('design','',#10179,#10182);
#10179 = PRODUCT_DEFINITION_FORMATION('','',#10180);
#10180 = PRODUCT('R_0603_1608Metric','R_0603_1608Metric','',(#10181));
#10181 = PRODUCT_CONTEXT('',#2,'mechanical');
#10182 = PRODUCT_DEFINITION_CONTEXT('part definition',#2,'design');
#10183 = SHAPE_REPRESENTATION('',(#11,#10184),#10188);
#10184 = AXIS2_PLACEMENT_3D('',#10185,#10186,#10187);
#10185 = CARTESIAN_POINT('',(0.,0.,0.));
#10186 = DIRECTION('',(0.,0.,1.));
#10187 = DIRECTION('',(1.,0.,-0.));
#10188 = ( GEOMETRIC_REPRESENTATION_CONTEXT(3) 
GLOBAL_UNCERTAINTY_ASSIGNED_CONTEXT((#10192)) 
GLOBAL_UNIT_ASSIGNED_CONTEXT((#10189,#10190,#10191)) 
REPRESENTATION_CONTEXT('Context #1',
  '3D Context with UNIT and UNCERTAINTY') );
#10189 = ( LENGTH_UNIT() NAMED_UNIT(*) SI_UNIT(.MILLI.,.METRE.) );
#10190 = ( NAMED_UNIT(*) PLANE_ANGLE_UNIT() SI_UNIT($,.RADIAN.) );
#10191 = ( NAMED_UNIT(*) SI_UNIT($,.STERADIAN.) SOLID_ANGLE_UNIT() );
#10192 = UNCERTAINTY_MEASURE_WITH_UNIT(LENGTH_MEASURE(1.E-07),#10189,
  'distance_accuracy_value','confusion accuracy');
#10193 = CONTEXT_DEPENDENT_SHAPE_REPRESENTATION(#10194,#10196);
#10194 = ( REPRESENTATION_RELATIONSHIP('','',#10183,#10) 
REPRESENTATION_RELATIONSHIP_WITH_TRANSFORMATION(#10195) 
SHAPE_REPRESENTATION_RELATIONSHIP() );
#10195 = ITEM_DEFINED_TRANSFORMATION('','',#11,#35);
#10196 = PRODUCT_DEFINITION_SHAPE('Placement','Placement of an item',
  #10197);
#10197 = NEXT_ASSEMBLY_USAGE_OCCURRENCE('9','R176','',#5,#10178,$);
#10198 = PRODUCT_RELATED_PRODUCT_CATEGORY('part',$,(#10180));
#10199 = SHAPE_DEFINITION_REPRESENTATION(#10200,#10206);
#10200 = PRODUCT_DEFINITION_SHAPE('','',#10201);
#10201 = PRODUCT_DEFINITION('design','',#10202,#10205);
#10202 = PRODUCT_DEFINITION_FORMATION('','',#10203);
#10203 = PRODUCT('R_0603_1608Metric','R_0603_1608Metric','',(#10204));
#10204 = PRODUCT_CONTEXT('',#2,'mechanical');
#10205 = PRODUCT_DEFINITION_CONTEXT('part definition',#2,'design');
#10206 = ADVANCED_BREP_SHAPE_REPRESENTATION('',(#11,#10207),#10997);
#10207 = MANIFOLD_SOLID_BREP('',#10208);
#10208 = CLOSED_SHELL('',(#10209,#10249,#10332,#10357,#10382,#10449,
    #10466,#10483,#10532,#10549,#10566,#10615,#10632,#10701,#10732,
    #10756,#10825,#10849,#10866,#10883,#10900,#10917,#10934,#10951,
    #10968,#10985));
#10209 = ADVANCED_FACE('',(#10210),#10244,.F.);
#10210 = FACE_BOUND('',#10211,.F.);
#10211 = EDGE_LOOP('',(#10212,#10222,#10230,#10238));
#10212 = ORIENTED_EDGE('',*,*,#10213,.F.);
#10213 = EDGE_CURVE('',#10214,#10216,#10218,.T.);
#10214 = VERTEX_POINT('',#10215);
#10215 = CARTESIAN_POINT('',(-0.8,-0.4,4.5E-02));
#10216 = VERTEX_POINT('',#10217);
#10217 = CARTESIAN_POINT('',(-0.8,-0.4,0.405));
#10218 = LINE('',#10219,#10220);
#10219 = CARTESIAN_POINT('',(-0.8,-0.4,0.));
#10220 = VECTOR('',#10221,1.);
#10221 = DIRECTION('',(0.,0.,1.));
#10222 = ORIENTED_EDGE('',*,*,#10223,.T.);
#10223 = EDGE_CURVE('',#10214,#10224,#10226,.T.);
#10224 = VERTEX_POINT('',#10225);
#10225 = CARTESIAN_POINT('',(-0.8,0.4,4.5E-02));
#10226 = LINE('',#10227,#10228);
#10227 = CARTESIAN_POINT('',(-0.8,-0.4,4.5E-02));
#10228 = VECTOR('',#10229,1.);
#10229 = DIRECTION('',(0.,1.,0.));
#10230 = ORIENTED_EDGE('',*,*,#10231,.T.);
#10231 = EDGE_CURVE('',#10224,#10232,#10234,.T.);
#10232 = VERTEX_POINT('',#10233);
#10233 = CARTESIAN_POINT('',(-0.8,0.4,0.405));
#10234 = LINE('',#10235,#10236);
#10235 = CARTESIAN_POINT('',(-0.8,0.4,0.));
#10236 = VECTOR('',#10237,1.);
#10237 = DIRECTION('',(0.,0.,1.));
#10238 = ORIENTED_EDGE('',*,*,#10239,.F.);
#10239 = EDGE_CURVE('',#10216,#10232,#10240,.T.);
#10240 = LINE('',#10241,#10242);
#10241 = CARTESIAN_POINT('',(-0.8,-0.4,0.405));
#10242 = VECTOR('',#10243,1.);
#10243 = DIRECTION('',(0.,1.,0.));
#10244 = PLANE('',#10245);
#10245 = AXIS2_PLACEMENT_3D('',#10246,#10247,#10248);
#10246 = CARTESIAN_POINT('',(-0.8,-0.4,0.));
#10247 = DIRECTION('',(1.,0.,0.));
#10248 = DIRECTION('',(0.,0.,1.));
#10249 = ADVANCED_FACE('',(#10250),#10327,.F.);
#10250 = FACE_BOUND('',#10251,.F.);
#10251 = EDGE_LOOP('',(#10252,#10262,#10269,#10270,#10279,#10287,#10296,
    #10304,#10312,#10320));
#10252 = ORIENTED_EDGE('',*,*,#10253,.F.);
#10253 = EDGE_CURVE('',#10254,#10256,#10258,.T.);
#10254 = VERTEX_POINT('',#10255);
#10255 = CARTESIAN_POINT('',(-0.755,-0.4,-2.775557561563E-17));
#10256 = VERTEX_POINT('',#10257);
#10257 = CARTESIAN_POINT('',(-0.545,-0.4,-2.775557561563E-17));
#10258 = LINE('',#10259,#10260);
#10259 = CARTESIAN_POINT('',(-0.8,-0.4,0.));
#10260 = VECTOR('',#10261,1.);
#10261 = DIRECTION('',(1.,0.,0.));
#10262 = ORIENTED_EDGE('',*,*,#10263,.F.);
#10263 = EDGE_CURVE('',#10214,#10254,#10264,.T.);
#10264 = CIRCLE('',#10265,4.5E-02);
#10265 = AXIS2_PLACEMENT_3D('',#10266,#10267,#10268);
#10266 = CARTESIAN_POINT('',(-0.755,-0.4,4.5E-02));
#10267 = DIRECTION('',(0.,-1.,0.));
#10268 = DIRECTION('',(0.,0.,1.));
#10269 = ORIENTED_EDGE('',*,*,#10213,.T.);
#10270 = ORIENTED_EDGE('',*,*,#10271,.T.);
#10271 = EDGE_CURVE('',#10216,#10272,#10274,.T.);
#10272 = VERTEX_POINT('',#10273);
#10273 = CARTESIAN_POINT('',(-0.755,-0.4,0.45));
#10274 = CIRCLE('',#10275,4.5E-02);
#10275 = AXIS2_PLACEMENT_3D('',#10276,#10277,#10278);
#10276 = CARTESIAN_POINT('',(-0.755,-0.4,0.405));
#10277 = DIRECTION('',(0.,1.,0.));
#10278 = DIRECTION('',(0.,-0.,1.));
#10279 = ORIENTED_EDGE('',*,*,#10280,.T.);
#10280 = EDGE_CURVE('',#10272,#10281,#10283,.T.);
#10281 = VERTEX_POINT('',#10282);
#10282 = CARTESIAN_POINT('',(-0.545,-0.4,0.45));
#10283 = LINE('',#10284,#10285);
#10284 = CARTESIAN_POINT('',(-0.8,-0.4,0.45));
#10285 = VECTOR('',#10286,1.);
#10286 = DIRECTION('',(1.,0.,0.));
#10287 = ORIENTED_EDGE('',*,*,#10288,.F.);
#10288 = EDGE_CURVE('',#10289,#10281,#10291,.T.);
#10289 = VERTEX_POINT('',#10290);
#10290 = CARTESIAN_POINT('',(-0.5,-0.4,0.405));
#10291 = CIRCLE('',#10292,4.5E-02);
#10292 = AXIS2_PLACEMENT_3D('',#10293,#10294,#10295);
#10293 = CARTESIAN_POINT('',(-0.545,-0.4,0.405));
#10294 = DIRECTION('',(0.,-1.,0.));
#10295 = DIRECTION('',(0.,0.,1.));
#10296 = ORIENTED_EDGE('',*,*,#10297,.F.);
#10297 = EDGE_CURVE('',#10298,#10289,#10300,.T.);
#10298 = VERTEX_POINT('',#10299);
#10299 = CARTESIAN_POINT('',(-0.755,-0.4,0.405));
#10300 = LINE('',#10301,#10302);
#10301 = CARTESIAN_POINT('',(-0.755,-0.4,0.405));
#10302 = VECTOR('',#10303,1.);
#10303 = DIRECTION('',(1.,0.,0.));
#10304 = ORIENTED_EDGE('',*,*,#10305,.F.);
#10305 = EDGE_CURVE('',#10306,#10298,#10308,.T.);
#10306 = VERTEX_POINT('',#10307);
#10307 = CARTESIAN_POINT('',(-0.755,-0.4,4.5E-02));
#10308 = LINE('',#10309,#10310);
#10309 = CARTESIAN_POINT('',(-0.755,-0.4,4.5E-02));
#10310 = VECTOR('',#10311,1.);
#10311 = DIRECTION('',(0.,0.,1.));
#10312 = ORIENTED_EDGE('',*,*,#10313,.T.);
#10313 = EDGE_CURVE('',#10306,#10314,#10316,.T.);
#10314 = VERTEX_POINT('',#10315);
#10315 = CARTESIAN_POINT('',(-0.5,-0.4,4.5E-02));
#10316 = LINE('',#10317,#10318);
#10317 = CARTESIAN_POINT('',(-0.755,-0.4,4.5E-02));
#10318 = VECTOR('',#10319,1.);
#10319 = DIRECTION('',(1.,0.,0.));
#10320 = ORIENTED_EDGE('',*,*,#10321,.T.);
#10321 = EDGE_CURVE('',#10314,#10256,#10322,.T.);
#10322 = CIRCLE('',#10323,4.5E-02);
#10323 = AXIS2_PLACEMENT_3D('',#10324,#10325,#10326);
#10324 = CARTESIAN_POINT('',(-0.545,-0.4,4.5E-02));
#10325 = DIRECTION('',(0.,1.,0.));
#10326 = DIRECTION('',(0.,-0.,1.));
#10327 = PLANE('',#10328);
#10328 = AXIS2_PLACEMENT_3D('',#10329,#10330,#10331);
#10329 = CARTESIAN_POINT('',(-0.8,-0.4,0.));
#10330 = DIRECTION('',(0.,1.,0.));
#10331 = DIRECTION('',(0.,-0.,1.));
#10332 = ADVANCED_FACE('',(#10333),#10352,.T.);
#10333 = FACE_BOUND('',#10334,.T.);
#10334 = EDGE_LOOP('',(#10335,#10336,#10345,#10351));
#10335 = ORIENTED_EDGE('',*,*,#10223,.T.);
#10336 = ORIENTED_EDGE('',*,*,#10337,.T.);
#10337 = EDGE_CURVE('',#10224,#10338,#10340,.T.);
#10338 = VERTEX_POINT('',#10339);
#10339 = CARTESIAN_POINT('',(-0.755,0.4,-2.775557561563E-17));
#10340 = CIRCLE('',#10341,4.5E-02);
#10341 = AXIS2_PLACEMENT_3D('',#10342,#10343,#10344);
#10342 = CARTESIAN_POINT('',(-0.755,0.4,4.5E-02));
#10343 = DIRECTION('',(0.,-1.,0.));
#10344 = DIRECTION('',(0.,0.,1.));
#10345 = ORIENTED_EDGE('',*,*,#10346,.F.);
#10346 = EDGE_CURVE('',#10254,#10338,#10347,.T.);
#10347 = LINE('',#10348,#10349);
#10348 = CARTESIAN_POINT('',(-0.755,-0.4,-2.775557561563E-17));
#10349 = VECTOR('',#10350,1.);
#10350 = DIRECTION('',(0.,1.,0.));
#10351 = ORIENTED_EDGE('',*,*,#10263,.F.);
#10352 = CYLINDRICAL_SURFACE('',#10353,4.5E-02);
#10353 = AXIS2_PLACEMENT_3D('',#10354,#10355,#10356);
#10354 = CARTESIAN_POINT('',(-0.755,-0.4,4.5E-02));
#10355 = DIRECTION('',(0.,1.,0.));
#10356 = DIRECTION('',(-1.,0.,0.));
#10357 = ADVANCED_FACE('',(#10358),#10377,.T.);
#10358 = FACE_BOUND('',#10359,.T.);
#10359 = EDGE_LOOP('',(#10360,#10361,#10369,#10376));
#10360 = ORIENTED_EDGE('',*,*,#10271,.T.);
#10361 = ORIENTED_EDGE('',*,*,#10362,.T.);
#10362 = EDGE_CURVE('',#10272,#10363,#10365,.T.);
#10363 = VERTEX_POINT('',#10364);
#10364 = CARTESIAN_POINT('',(-0.755,0.4,0.45));
#10365 = LINE('',#10366,#10367);
#10366 = CARTESIAN_POINT('',(-0.755,-0.4,0.45));
#10367 = VECTOR('',#10368,1.);
#10368 = DIRECTION('',(0.,1.,0.));
#10369 = ORIENTED_EDGE('',*,*,#10370,.F.);
#10370 = EDGE_CURVE('',#10232,#10363,#10371,.T.);
#10371 = CIRCLE('',#10372,4.5E-02);
#10372 = AXIS2_PLACEMENT_3D('',#10373,#10374,#10375);
#10373 = CARTESIAN_POINT('',(-0.755,0.4,0.405));
#10374 = DIRECTION('',(0.,1.,0.));
#10375 = DIRECTION('',(0.,-0.,1.));
#10376 = ORIENTED_EDGE('',*,*,#10239,.F.);
#10377 = CYLINDRICAL_SURFACE('',#10378,4.5E-02);
#10378 = AXIS2_PLACEMENT_3D('',#10379,#10380,#10381);
#10379 = CARTESIAN_POINT('',(-0.755,-0.4,0.405));
#10380 = DIRECTION('',(0.,1.,0.));
#10381 = DIRECTION('',(-1.,0.,0.));
#10382 = ADVANCED_FACE('',(#10383),#10444,.T.);
#10383 = FACE_BOUND('',#10384,.T.);
#10384 = EDGE_LOOP('',(#10385,#10393,#10394,#10395,#10396,#10404,#10413,
    #10421,#10429,#10437));
#10385 = ORIENTED_EDGE('',*,*,#10386,.F.);
#10386 = EDGE_CURVE('',#10338,#10387,#10389,.T.);
#10387 = VERTEX_POINT('',#10388);
#10388 = CARTESIAN_POINT('',(-0.545,0.4,-2.775557561563E-17));
#10389 = LINE('',#10390,#10391);
#10390 = CARTESIAN_POINT('',(-0.8,0.4,0.));
#10391 = VECTOR('',#10392,1.);
#10392 = DIRECTION('',(1.,0.,0.));
#10393 = ORIENTED_EDGE('',*,*,#10337,.F.);
#10394 = ORIENTED_EDGE('',*,*,#10231,.T.);
#10395 = ORIENTED_EDGE('',*,*,#10370,.T.);
#10396 = ORIENTED_EDGE('',*,*,#10397,.T.);
#10397 = EDGE_CURVE('',#10363,#10398,#10400,.T.);
#10398 = VERTEX_POINT('',#10399);
#10399 = CARTESIAN_POINT('',(-0.545,0.4,0.45));
#10400 = LINE('',#10401,#10402);
#10401 = CARTESIAN_POINT('',(-0.8,0.4,0.45));
#10402 = VECTOR('',#10403,1.);
#10403 = DIRECTION('',(1.,0.,0.));
#10404 = ORIENTED_EDGE('',*,*,#10405,.F.);
#10405 = EDGE_CURVE('',#10406,#10398,#10408,.T.);
#10406 = VERTEX_POINT('',#10407);
#10407 = CARTESIAN_POINT('',(-0.5,0.4,0.405));
#10408 = CIRCLE('',#10409,4.5E-02);
#10409 = AXIS2_PLACEMENT_3D('',#10410,#10411,#10412);
#10410 = CARTESIAN_POINT('',(-0.545,0.4,0.405));
#10411 = DIRECTION('',(0.,-1.,0.));
#10412 = DIRECTION('',(0.,0.,1.));
#10413 = ORIENTED_EDGE('',*,*,#10414,.F.);
#10414 = EDGE_CURVE('',#10415,#10406,#10417,.T.);
#10415 = VERTEX_POINT('',#10416);
#10416 = CARTESIAN_POINT('',(-0.755,0.4,0.405));
#10417 = LINE('',#10418,#10419);
#10418 = CARTESIAN_POINT('',(-0.755,0.4,0.405));
#10419 = VECTOR('',#10420,1.);
#10420 = DIRECTION('',(1.,0.,0.));
#10421 = ORIENTED_EDGE('',*,*,#10422,.F.);
#10422 = EDGE_CURVE('',#10423,#10415,#10425,.T.);
#10423 = VERTEX_POINT('',#10424);
#10424 = CARTESIAN_POINT('',(-0.755,0.4,4.5E-02));
#10425 = LINE('',#10426,#10427);
#10426 = CARTESIAN_POINT('',(-0.755,0.4,4.5E-02));
#10427 = VECTOR('',#10428,1.);
#10428 = DIRECTION('',(0.,0.,1.));
#10429 = ORIENTED_EDGE('',*,*,#10430,.T.);
#10430 = EDGE_CURVE('',#10423,#10431,#10433,.T.);
#10431 = VERTEX_POINT('',#10432);
#10432 = CARTESIAN_POINT('',(-0.5,0.4,4.5E-02));
#10433 = LINE('',#10434,#10435);
#10434 = CARTESIAN_POINT('',(-0.755,0.4,4.5E-02));
#10435 = VECTOR('',#10436,1.);
#10436 = DIRECTION('',(1.,0.,0.));
#10437 = ORIENTED_EDGE('',*,*,#10438,.T.);
#10438 = EDGE_CURVE('',#10431,#10387,#10439,.T.);
#10439 = CIRCLE('',#10440,4.5E-02);
#10440 = AXIS2_PLACEMENT_3D('',#10441,#10442,#10443);
#10441 = CARTESIAN_POINT('',(-0.545,0.4,4.5E-02));
#10442 = DIRECTION('',(0.,1.,0.));
#10443 = DIRECTION('',(0.,-0.,1.));
#10444 = PLANE('',#10445);
#10445 = AXIS2_PLACEMENT_3D('',#10446,#10447,#10448);
#10446 = CARTESIAN_POINT('',(-0.8,0.4,0.));
#10447 = DIRECTION('',(0.,1.,0.));
#10448 = DIRECTION('',(0.,-0.,1.));
#10449 = ADVANCED_FACE('',(#10450),#10461,.F.);
#10450 = FACE_BOUND('',#10451,.F.);
#10451 = EDGE_LOOP('',(#10452,#10453,#10454,#10455));
#10452 = ORIENTED_EDGE('',*,*,#10386,.F.);
#10453 = ORIENTED_EDGE('',*,*,#10346,.F.);
#10454 = ORIENTED_EDGE('',*,*,#10253,.T.);
#10455 = ORIENTED_EDGE('',*,*,#10456,.T.);
#10456 = EDGE_CURVE('',#10256,#10387,#10457,.T.);
#10457 = LINE('',#10458,#10459);
#10458 = CARTESIAN_POINT('',(-0.545,-0.4,-2.775557561563E-17));
#10459 = VECTOR('',#10460,1.);
#10460 = DIRECTION('',(0.,1.,0.));
#10461 = PLANE('',#10462);
#10462 = AXIS2_PLACEMENT_3D('',#10463,#10464,#10465);
#10463 = CARTESIAN_POINT('',(-0.8,-0.4,0.));
#10464 = DIRECTION('',(0.,0.,1.));
#10465 = DIRECTION('',(1.,0.,-0.));
#10466 = ADVANCED_FACE('',(#10467),#10478,.T.);
#10467 = FACE_BOUND('',#10468,.T.);
#10468 = EDGE_LOOP('',(#10469,#10470,#10471,#10472));
#10469 = ORIENTED_EDGE('',*,*,#10321,.T.);
#10470 = ORIENTED_EDGE('',*,*,#10456,.T.);
#10471 = ORIENTED_EDGE('',*,*,#10438,.F.);
#10472 = ORIENTED_EDGE('',*,*,#10473,.F.);
#10473 = EDGE_CURVE('',#10314,#10431,#10474,.T.);
#10474 = LINE('',#10475,#10476);
#10475 = CARTESIAN_POINT('',(-0.5,-0.4,4.5E-02));
#10476 = VECTOR('',#10477,1.);
#10477 = DIRECTION('',(0.,1.,0.));
#10478 = CYLINDRICAL_SURFACE('',#10479,4.5E-02);
#10479 = AXIS2_PLACEMENT_3D('',#10480,#10481,#10482);
#10480 = CARTESIAN_POINT('',(-0.545,-0.4,4.5E-02));
#10481 = DIRECTION('',(0.,1.,0.));
#10482 = DIRECTION('',(1.,0.,0.));
#10483 = ADVANCED_FACE('',(#10484),#10527,.F.);
#10484 = FACE_BOUND('',#10485,.F.);
#10485 = EDGE_LOOP('',(#10486,#10487,#10488,#10489,#10497,#10505,#10513,
    #10521));
#10486 = ORIENTED_EDGE('',*,*,#10313,.F.);
#10487 = ORIENTED_EDGE('',*,*,#10305,.T.);
#10488 = ORIENTED_EDGE('',*,*,#10297,.T.);
#10489 = ORIENTED_EDGE('',*,*,#10490,.T.);
#10490 = EDGE_CURVE('',#10289,#10491,#10493,.T.);
#10491 = VERTEX_POINT('',#10492);
#10492 = CARTESIAN_POINT('',(0.5,-0.4,0.405));
#10493 = LINE('',#10494,#10495);
#10494 = CARTESIAN_POINT('',(-0.5,-0.4,0.405));
#10495 = VECTOR('',#10496,1.);
#10496 = DIRECTION('',(1.,0.,0.));
#10497 = ORIENTED_EDGE('',*,*,#10498,.T.);
#10498 = EDGE_CURVE('',#10491,#10499,#10501,.T.);
#10499 = VERTEX_POINT('',#10500);
#10500 = CARTESIAN_POINT('',(0.755,-0.4,0.405));
#10501 = LINE('',#10502,#10503);
#10502 = CARTESIAN_POINT('',(-0.755,-0.4,0.405));
#10503 = VECTOR('',#10504,1.);
#10504 = DIRECTION('',(1.,0.,0.));
#10505 = ORIENTED_EDGE('',*,*,#10506,.F.);
#10506 = EDGE_CURVE('',#10507,#10499,#10509,.T.);
#10507 = VERTEX_POINT('',#10508);
#10508 = CARTESIAN_POINT('',(0.755,-0.4,4.5E-02));
#10509 = LINE('',#10510,#10511);
#10510 = CARTESIAN_POINT('',(0.755,-0.4,4.5E-02));
#10511 = VECTOR('',#10512,1.);
#10512 = DIRECTION('',(0.,0.,1.));
#10513 = ORIENTED_EDGE('',*,*,#10514,.F.);
#10514 = EDGE_CURVE('',#10515,#10507,#10517,.T.);
#10515 = VERTEX_POINT('',#10516);
#10516 = CARTESIAN_POINT('',(0.5,-0.4,4.5E-02));
#10517 = LINE('',#10518,#10519);
#10518 = CARTESIAN_POINT('',(-0.755,-0.4,4.5E-02));
#10519 = VECTOR('',#10520,1.);
#10520 = DIRECTION('',(1.,0.,0.));
#10521 = ORIENTED_EDGE('',*,*,#10522,.F.);
#10522 = EDGE_CURVE('',#10314,#10515,#10523,.T.);
#10523 = LINE('',#10524,#10525);
#10524 = CARTESIAN_POINT('',(-0.755,-0.4,4.5E-02));
#10525 = VECTOR('',#10526,1.);
#10526 = DIRECTION('',(1.,0.,0.));
#10527 = PLANE('',#10528);
#10528 = AXIS2_PLACEMENT_3D('',#10529,#10530,#10531);
#10529 = CARTESIAN_POINT('',(-0.755,-0.4,4.5E-02));
#10530 = DIRECTION('',(0.,1.,0.));
#10531 = DIRECTION('',(0.,-0.,1.));
#10532 = ADVANCED_FACE('',(#10533),#10544,.T.);
#10533 = FACE_BOUND('',#10534,.T.);
#10534 = EDGE_LOOP('',(#10535,#10536,#10537,#10538));
#10535 = ORIENTED_EDGE('',*,*,#10397,.F.);
#10536 = ORIENTED_EDGE('',*,*,#10362,.F.);
#10537 = ORIENTED_EDGE('',*,*,#10280,.T.);
#10538 = ORIENTED_EDGE('',*,*,#10539,.T.);
#10539 = EDGE_CURVE('',#10281,#10398,#10540,.T.);
#10540 = LINE('',#10541,#10542);
#10541 = CARTESIAN_POINT('',(-0.545,-0.4,0.45));
#10542 = VECTOR('',#10543,1.);
#10543 = DIRECTION('',(0.,1.,0.));
#10544 = PLANE('',#10545);
#10545 = AXIS2_PLACEMENT_3D('',#10546,#10547,#10548);
#10546 = CARTESIAN_POINT('',(-0.8,-0.4,0.45));
#10547 = DIRECTION('',(0.,0.,1.));
#10548 = DIRECTION('',(1.,0.,-0.));
#10549 = ADVANCED_FACE('',(#10550),#10561,.T.);
#10550 = FACE_BOUND('',#10551,.T.);
#10551 = EDGE_LOOP('',(#10552,#10558,#10559,#10560));
#10552 = ORIENTED_EDGE('',*,*,#10553,.T.);
#10553 = EDGE_CURVE('',#10289,#10406,#10554,.T.);
#10554 = LINE('',#10555,#10556);
#10555 = CARTESIAN_POINT('',(-0.5,-0.4,0.405));
#10556 = VECTOR('',#10557,1.);
#10557 = DIRECTION('',(0.,1.,0.));
#10558 = ORIENTED_EDGE('',*,*,#10405,.T.);
#10559 = ORIENTED_EDGE('',*,*,#10539,.F.);
#10560 = ORIENTED_EDGE('',*,*,#10288,.F.);
#10561 = CYLINDRICAL_SURFACE('',#10562,4.5E-02);
#10562 = AXIS2_PLACEMENT_3D('',#10563,#10564,#10565);
#10563 = CARTESIAN_POINT('',(-0.545,-0.4,0.405));
#10564 = DIRECTION('',(0.,1.,0.));
#10565 = DIRECTION('',(1.,0.,0.));
#10566 = ADVANCED_FACE('',(#10567),#10610,.T.);
#10567 = FACE_BOUND('',#10568,.T.);
#10568 = EDGE_LOOP('',(#10569,#10570,#10571,#10572,#10580,#10588,#10596,
    #10604));
#10569 = ORIENTED_EDGE('',*,*,#10430,.F.);
#10570 = ORIENTED_EDGE('',*,*,#10422,.T.);
#10571 = ORIENTED_EDGE('',*,*,#10414,.T.);
#10572 = ORIENTED_EDGE('',*,*,#10573,.T.);
#10573 = EDGE_CURVE('',#10406,#10574,#10576,.T.);
#10574 = VERTEX_POINT('',#10575);
#10575 = CARTESIAN_POINT('',(0.5,0.4,0.405));
#10576 = LINE('',#10577,#10578);
#10577 = CARTESIAN_POINT('',(-0.5,0.4,0.405));
#10578 = VECTOR('',#10579,1.);
#10579 = DIRECTION('',(1.,0.,0.));
#10580 = ORIENTED_EDGE('',*,*,#10581,.T.);
#10581 = EDGE_CURVE('',#10574,#10582,#10584,.T.);
#10582 = VERTEX_POINT('',#10583);
#10583 = CARTESIAN_POINT('',(0.755,0.4,0.405));
#10584 = LINE('',#10585,#10586);
#10585 = CARTESIAN_POINT('',(-0.755,0.4,0.405));
#10586 = VECTOR('',#10587,1.);
#10587 = DIRECTION('',(1.,0.,0.));
#10588 = ORIENTED_EDGE('',*,*,#10589,.F.);
#10589 = EDGE_CURVE('',#10590,#10582,#10592,.T.);
#10590 = VERTEX_POINT('',#10591);
#10591 = CARTESIAN_POINT('',(0.755,0.4,4.5E-02));
#10592 = LINE('',#10593,#10594);
#10593 = CARTESIAN_POINT('',(0.755,0.4,4.5E-02));
#10594 = VECTOR('',#10595,1.);
#10595 = DIRECTION('',(0.,0.,1.));
#10596 = ORIENTED_EDGE('',*,*,#10597,.F.);
#10597 = EDGE_CURVE('',#10598,#10590,#10600,.T.);
#10598 = VERTEX_POINT('',#10599);
#10599 = CARTESIAN_POINT('',(0.5,0.4,4.5E-02));
#10600 = LINE('',#10601,#10602);
#10601 = CARTESIAN_POINT('',(-0.755,0.4,4.5E-02));
#10602 = VECTOR('',#10603,1.);
#10603 = DIRECTION('',(1.,0.,0.));
#10604 = ORIENTED_EDGE('',*,*,#10605,.F.);
#10605 = EDGE_CURVE('',#10431,#10598,#10606,.T.);
#10606 = LINE('',#10607,#10608);
#10607 = CARTESIAN_POINT('',(-0.755,0.4,4.5E-02));
#10608 = VECTOR('',#10609,1.);
#10609 = DIRECTION('',(1.,0.,0.));
#10610 = PLANE('',#10611);
#10611 = AXIS2_PLACEMENT_3D('',#10612,#10613,#10614);
#10612 = CARTESIAN_POINT('',(-0.755,0.4,4.5E-02));
#10613 = DIRECTION('',(0.,1.,0.));
#10614 = DIRECTION('',(0.,-0.,1.));
#10615 = ADVANCED_FACE('',(#10616),#10627,.F.);
#10616 = FACE_BOUND('',#10617,.F.);
#10617 = EDGE_LOOP('',(#10618,#10619,#10620,#10626));
#10618 = ORIENTED_EDGE('',*,*,#10473,.F.);
#10619 = ORIENTED_EDGE('',*,*,#10522,.T.);
#10620 = ORIENTED_EDGE('',*,*,#10621,.T.);
#10621 = EDGE_CURVE('',#10515,#10598,#10622,.T.);
#10622 = LINE('',#10623,#10624);
#10623 = CARTESIAN_POINT('',(0.5,-0.4,4.5E-02));
#10624 = VECTOR('',#10625,1.);
#10625 = DIRECTION('',(0.,1.,0.));
#10626 = ORIENTED_EDGE('',*,*,#10605,.F.);
#10627 = PLANE('',#10628);
#10628 = AXIS2_PLACEMENT_3D('',#10629,#10630,#10631);
#10629 = CARTESIAN_POINT('',(-0.755,-0.4,4.5E-02));
#10630 = DIRECTION('',(0.,0.,1.));
#10631 = DIRECTION('',(1.,0.,-0.));
#10632 = ADVANCED_FACE('',(#10633),#10696,.F.);
#10633 = FACE_BOUND('',#10634,.F.);
#10634 = EDGE_LOOP('',(#10635,#10645,#10652,#10653,#10654,#10655,#10664,
    #10672,#10681,#10689));
#10635 = ORIENTED_EDGE('',*,*,#10636,.F.);
#10636 = EDGE_CURVE('',#10637,#10639,#10641,.T.);
#10637 = VERTEX_POINT('',#10638);
#10638 = CARTESIAN_POINT('',(0.545,-0.4,-2.775557561563E-17));
#10639 = VERTEX_POINT('',#10640);
#10640 = CARTESIAN_POINT('',(0.755,-0.4,-2.775557561563E-17));
#10641 = LINE('',#10642,#10643);
#10642 = CARTESIAN_POINT('',(0.5,-0.4,0.));
#10643 = VECTOR('',#10644,1.);
#10644 = DIRECTION('',(1.,0.,0.));
#10645 = ORIENTED_EDGE('',*,*,#10646,.F.);
#10646 = EDGE_CURVE('',#10515,#10637,#10647,.T.);
#10647 = CIRCLE('',#10648,4.5E-02);
#10648 = AXIS2_PLACEMENT_3D('',#10649,#10650,#10651);
#10649 = CARTESIAN_POINT('',(0.545,-0.4,4.5E-02));
#10650 = DIRECTION('',(0.,-1.,0.));
#10651 = DIRECTION('',(0.,0.,1.));
#10652 = ORIENTED_EDGE('',*,*,#10514,.T.);
#10653 = ORIENTED_EDGE('',*,*,#10506,.T.);
#10654 = ORIENTED_EDGE('',*,*,#10498,.F.);
#10655 = ORIENTED_EDGE('',*,*,#10656,.T.);
#10656 = EDGE_CURVE('',#10491,#10657,#10659,.T.);
#10657 = VERTEX_POINT('',#10658);
#10658 = CARTESIAN_POINT('',(0.545,-0.4,0.45));
#10659 = CIRCLE('',#10660,4.5E-02);
#10660 = AXIS2_PLACEMENT_3D('',#10661,#10662,#10663);
#10661 = CARTESIAN_POINT('',(0.545,-0.4,0.405));
#10662 = DIRECTION('',(0.,1.,0.));
#10663 = DIRECTION('',(0.,-0.,1.));
#10664 = ORIENTED_EDGE('',*,*,#10665,.T.);
#10665 = EDGE_CURVE('',#10657,#10666,#10668,.T.);
#10666 = VERTEX_POINT('',#10667);
#10667 = CARTESIAN_POINT('',(0.755,-0.4,0.45));
#10668 = LINE('',#10669,#10670);
#10669 = CARTESIAN_POINT('',(0.5,-0.4,0.45));
#10670 = VECTOR('',#10671,1.);
#10671 = DIRECTION('',(1.,0.,0.));
#10672 = ORIENTED_EDGE('',*,*,#10673,.F.);
#10673 = EDGE_CURVE('',#10674,#10666,#10676,.T.);
#10674 = VERTEX_POINT('',#10675);
#10675 = CARTESIAN_POINT('',(0.8,-0.4,0.405));
#10676 = CIRCLE('',#10677,4.5E-02);
#10677 = AXIS2_PLACEMENT_3D('',#10678,#10679,#10680);
#10678 = CARTESIAN_POINT('',(0.755,-0.4,0.405));
#10679 = DIRECTION('',(0.,-1.,0.));
#10680 = DIRECTION('',(0.,0.,1.));
#10681 = ORIENTED_EDGE('',*,*,#10682,.F.);
#10682 = EDGE_CURVE('',#10683,#10674,#10685,.T.);
#10683 = VERTEX_POINT('',#10684);
#10684 = CARTESIAN_POINT('',(0.8,-0.4,4.5E-02));
#10685 = LINE('',#10686,#10687);
#10686 = CARTESIAN_POINT('',(0.8,-0.4,0.));
#10687 = VECTOR('',#10688,1.);
#10688 = DIRECTION('',(0.,0.,1.));
#10689 = ORIENTED_EDGE('',*,*,#10690,.T.);
#10690 = EDGE_CURVE('',#10683,#10639,#10691,.T.);
#10691 = CIRCLE('',#10692,4.5E-02);
#10692 = AXIS2_PLACEMENT_3D('',#10693,#10694,#10695);
#10693 = CARTESIAN_POINT('',(0.755,-0.4,4.5E-02));
#10694 = DIRECTION('',(0.,1.,0.));
#10695 = DIRECTION('',(0.,-0.,1.));
#10696 = PLANE('',#10697);
#10697 = AXIS2_PLACEMENT_3D('',#10698,#10699,#10700);
#10698 = CARTESIAN_POINT('',(0.5,-0.4,0.));
#10699 = DIRECTION('',(0.,1.,0.));
#10700 = DIRECTION('',(0.,-0.,1.));
#10701 = ADVANCED_FACE('',(#10702),#10727,.F.);
#10702 = FACE_BOUND('',#10703,.F.);
#10703 = EDGE_LOOP('',(#10704,#10705,#10713,#10721));
#10704 = ORIENTED_EDGE('',*,*,#10490,.F.);
#10705 = ORIENTED_EDGE('',*,*,#10706,.T.);
#10706 = EDGE_CURVE('',#10289,#10707,#10709,.T.);
#10707 = VERTEX_POINT('',#10708);
#10708 = CARTESIAN_POINT('',(-0.5,-0.4,0.45));
#10709 = LINE('',#10710,#10711);
#10710 = CARTESIAN_POINT('',(-0.5,-0.4,0.405));
#10711 = VECTOR('',#10712,1.);
#10712 = DIRECTION('',(0.,0.,1.));
#10713 = ORIENTED_EDGE('',*,*,#10714,.T.);
#10714 = EDGE_CURVE('',#10707,#10715,#10717,.T.);
#10715 = VERTEX_POINT('',#10716);
#10716 = CARTESIAN_POINT('',(0.5,-0.4,0.45));
#10717 = LINE('',#10718,#10719);
#10718 = CARTESIAN_POINT('',(-0.5,-0.4,0.45));
#10719 = VECTOR('',#10720,1.);
#10720 = DIRECTION('',(1.,0.,0.));
#10721 = ORIENTED_EDGE('',*,*,#10722,.F.);
#10722 = EDGE_CURVE('',#10491,#10715,#10723,.T.);
#10723 = LINE('',#10724,#10725);
#10724 = CARTESIAN_POINT('',(0.5,-0.4,0.405));
#10725 = VECTOR('',#10726,1.);
#10726 = DIRECTION('',(0.,0.,1.));
#10727 = PLANE('',#10728);
#10728 = AXIS2_PLACEMENT_3D('',#10729,#10730,#10731);
#10729 = CARTESIAN_POINT('',(-0.5,-0.4,0.405));
#10730 = DIRECTION('',(0.,1.,0.));
#10731 = DIRECTION('',(0.,-0.,1.));
#10732 = ADVANCED_FACE('',(#10733),#10751,.F.);
#10733 = FACE_BOUND('',#10734,.F.);
#10734 = EDGE_LOOP('',(#10735,#10736,#10737,#10745));
#10735 = ORIENTED_EDGE('',*,*,#10706,.F.);
#10736 = ORIENTED_EDGE('',*,*,#10553,.T.);
#10737 = ORIENTED_EDGE('',*,*,#10738,.T.);
#10738 = EDGE_CURVE('',#10406,#10739,#10741,.T.);
#10739 = VERTEX_POINT('',#10740);
#10740 = CARTESIAN_POINT('',(-0.5,0.4,0.45));
#10741 = LINE('',#10742,#10743);
#10742 = CARTESIAN_POINT('',(-0.5,0.4,0.405));
#10743 = VECTOR('',#10744,1.);
#10744 = DIRECTION('',(0.,0.,1.));
#10745 = ORIENTED_EDGE('',*,*,#10746,.F.);
#10746 = EDGE_CURVE('',#10707,#10739,#10747,.T.);
#10747 = LINE('',#10748,#10749);
#10748 = CARTESIAN_POINT('',(-0.5,-0.4,0.45));
#10749 = VECTOR('',#10750,1.);
#10750 = DIRECTION('',(0.,1.,0.));
#10751 = PLANE('',#10752);
#10752 = AXIS2_PLACEMENT_3D('',#10753,#10754,#10755);
#10753 = CARTESIAN_POINT('',(-0.5,-0.4,0.405));
#10754 = DIRECTION('',(1.,0.,0.));
#10755 = DIRECTION('',(0.,0.,1.));
#10756 = ADVANCED_FACE('',(#10757),#10820,.T.);
#10757 = FACE_BOUND('',#10758,.T.);
#10758 = EDGE_LOOP('',(#10759,#10769,#10776,#10777,#10778,#10779,#10788,
    #10796,#10805,#10813));
#10759 = ORIENTED_EDGE('',*,*,#10760,.F.);
#10760 = EDGE_CURVE('',#10761,#10763,#10765,.T.);
#10761 = VERTEX_POINT('',#10762);
#10762 = CARTESIAN_POINT('',(0.545,0.4,-2.775557561563E-17));
#10763 = VERTEX_POINT('',#10764);
#10764 = CARTESIAN_POINT('',(0.755,0.4,-2.775557561563E-17));
#10765 = LINE('',#10766,#10767);
#10766 = CARTESIAN_POINT('',(0.5,0.4,0.));
#10767 = VECTOR('',#10768,1.);
#10768 = DIRECTION('',(1.,0.,0.));
#10769 = ORIENTED_EDGE('',*,*,#10770,.F.);
#10770 = EDGE_CURVE('',#10598,#10761,#10771,.T.);
#10771 = CIRCLE('',#10772,4.5E-02);
#10772 = AXIS2_PLACEMENT_3D('',#10773,#10774,#10775);
#10773 = CARTESIAN_POINT('',(0.545,0.4,4.5E-02));
#10774 = DIRECTION('',(0.,-1.,0.));
#10775 = DIRECTION('',(0.,0.,1.));
#10776 = ORIENTED_EDGE('',*,*,#10597,.T.);
#10777 = ORIENTED_EDGE('',*,*,#10589,.T.);
#10778 = ORIENTED_EDGE('',*,*,#10581,.F.);
#10779 = ORIENTED_EDGE('',*,*,#10780,.T.);
#10780 = EDGE_CURVE('',#10574,#10781,#10783,.T.);
#10781 = VERTEX_POINT('',#10782);
#10782 = CARTESIAN_POINT('',(0.545,0.4,0.45));
#10783 = CIRCLE('',#10784,4.5E-02);
#10784 = AXIS2_PLACEMENT_3D('',#10785,#10786,#10787);
#10785 = CARTESIAN_POINT('',(0.545,0.4,0.405));
#10786 = DIRECTION('',(0.,1.,0.));
#10787 = DIRECTION('',(0.,-0.,1.));
#10788 = ORIENTED_EDGE('',*,*,#10789,.T.);
#10789 = EDGE_CURVE('',#10781,#10790,#10792,.T.);
#10790 = VERTEX_POINT('',#10791);
#10791 = CARTESIAN_POINT('',(0.755,0.4,0.45));
#10792 = LINE('',#10793,#10794);
#10793 = CARTESIAN_POINT('',(0.5,0.4,0.45));
#10794 = VECTOR('',#10795,1.);
#10795 = DIRECTION('',(1.,0.,0.));
#10796 = ORIENTED_EDGE('',*,*,#10797,.F.);
#10797 = EDGE_CURVE('',#10798,#10790,#10800,.T.);
#10798 = VERTEX_POINT('',#10799);
#10799 = CARTESIAN_POINT('',(0.8,0.4,0.405));
#10800 = CIRCLE('',#10801,4.5E-02);
#10801 = AXIS2_PLACEMENT_3D('',#10802,#10803,#10804);
#10802 = CARTESIAN_POINT('',(0.755,0.4,0.405));
#10803 = DIRECTION('',(0.,-1.,0.));
#10804 = DIRECTION('',(0.,0.,1.));
#10805 = ORIENTED_EDGE('',*,*,#10806,.F.);
#10806 = EDGE_CURVE('',#10807,#10798,#10809,.T.);
#10807 = VERTEX_POINT('',#10808);
#10808 = CARTESIAN_POINT('',(0.8,0.4,4.5E-02));
#10809 = LINE('',#10810,#10811);
#10810 = CARTESIAN_POINT('',(0.8,0.4,0.));
#10811 = VECTOR('',#10812,1.);
#10812 = DIRECTION('',(0.,0.,1.));
#10813 = ORIENTED_EDGE('',*,*,#10814,.T.);
#10814 = EDGE_CURVE('',#10807,#10763,#10815,.T.);
#10815 = CIRCLE('',#10816,4.5E-02);
#10816 = AXIS2_PLACEMENT_3D('',#10817,#10818,#10819);
#10817 = CARTESIAN_POINT('',(0.755,0.4,4.5E-02));
#10818 = DIRECTION('',(0.,1.,0.));
#10819 = DIRECTION('',(0.,-0.,1.));
#10820 = PLANE('',#10821);
#10821 = AXIS2_PLACEMENT_3D('',#10822,#10823,#10824);
#10822 = CARTESIAN_POINT('',(0.5,0.4,0.));
#10823 = DIRECTION('',(0.,1.,0.));
#10824 = DIRECTION('',(0.,-0.,1.));
#10825 = ADVANCED_FACE('',(#10826),#10844,.T.);
#10826 = FACE_BOUND('',#10827,.T.);
#10827 = EDGE_LOOP('',(#10828,#10829,#10830,#10838));
#10828 = ORIENTED_EDGE('',*,*,#10573,.F.);
#10829 = ORIENTED_EDGE('',*,*,#10738,.T.);
#10830 = ORIENTED_EDGE('',*,*,#10831,.T.);
#10831 = EDGE_CURVE('',#10739,#10832,#10834,.T.);
#10832 = VERTEX_POINT('',#10833);
#10833 = CARTESIAN_POINT('',(0.5,0.4,0.45));
#10834 = LINE('',#10835,#10836);
#10835 = CARTESIAN_POINT('',(-0.5,0.4,0.45));
#10836 = VECTOR('',#10837,1.);
#10837 = DIRECTION('',(1.,0.,0.));
#10838 = ORIENTED_EDGE('',*,*,#10839,.F.);
#10839 = EDGE_CURVE('',#10574,#10832,#10840,.T.);
#10840 = LINE('',#10841,#10842);
#10841 = CARTESIAN_POINT('',(0.5,0.4,0.405));
#10842 = VECTOR('',#10843,1.);
#10843 = DIRECTION('',(0.,0.,1.));
#10844 = PLANE('',#10845);
#10845 = AXIS2_PLACEMENT_3D('',#10846,#10847,#10848);
#10846 = CARTESIAN_POINT('',(-0.5,0.4,0.405));
#10847 = DIRECTION('',(0.,1.,0.));
#10848 = DIRECTION('',(0.,-0.,1.));
#10849 = ADVANCED_FACE('',(#10850),#10861,.T.);
#10850 = FACE_BOUND('',#10851,.T.);
#10851 = EDGE_LOOP('',(#10852,#10853,#10854,#10860));
#10852 = ORIENTED_EDGE('',*,*,#10621,.T.);
#10853 = ORIENTED_EDGE('',*,*,#10770,.T.);
#10854 = ORIENTED_EDGE('',*,*,#10855,.F.);
#10855 = EDGE_CURVE('',#10637,#10761,#10856,.T.);
#10856 = LINE('',#10857,#10858);
#10857 = CARTESIAN_POINT('',(0.545,-0.4,-2.775557561563E-17));
#10858 = VECTOR('',#10859,1.);
#10859 = DIRECTION('',(0.,1.,0.));
#10860 = ORIENTED_EDGE('',*,*,#10646,.F.);
#10861 = CYLINDRICAL_SURFACE('',#10862,4.5E-02);
#10862 = AXIS2_PLACEMENT_3D('',#10863,#10864,#10865);
#10863 = CARTESIAN_POINT('',(0.545,-0.4,4.5E-02));
#10864 = DIRECTION('',(0.,1.,0.));
#10865 = DIRECTION('',(-1.,0.,0.));
#10866 = ADVANCED_FACE('',(#10867),#10878,.F.);
#10867 = FACE_BOUND('',#10868,.F.);
#10868 = EDGE_LOOP('',(#10869,#10870,#10871,#10872));
#10869 = ORIENTED_EDGE('',*,*,#10760,.F.);
#10870 = ORIENTED_EDGE('',*,*,#10855,.F.);
#10871 = ORIENTED_EDGE('',*,*,#10636,.T.);
#10872 = ORIENTED_EDGE('',*,*,#10873,.T.);
#10873 = EDGE_CURVE('',#10639,#10763,#10874,.T.);
#10874 = LINE('',#10875,#10876);
#10875 = CARTESIAN_POINT('',(0.755,-0.4,-2.775557561563E-17));
#10876 = VECTOR('',#10877,1.);
#10877 = DIRECTION('',(0.,1.,0.));
#10878 = PLANE('',#10879);
#10879 = AXIS2_PLACEMENT_3D('',#10880,#10881,#10882);
#10880 = CARTESIAN_POINT('',(0.5,-0.4,0.));
#10881 = DIRECTION('',(0.,0.,1.));
#10882 = DIRECTION('',(1.,0.,-0.));
#10883 = ADVANCED_FACE('',(#10884),#10895,.T.);
#10884 = FACE_BOUND('',#10885,.T.);
#10885 = EDGE_LOOP('',(#10886,#10887,#10888,#10889));
#10886 = ORIENTED_EDGE('',*,*,#10690,.T.);
#10887 = ORIENTED_EDGE('',*,*,#10873,.T.);
#10888 = ORIENTED_EDGE('',*,*,#10814,.F.);
#10889 = ORIENTED_EDGE('',*,*,#10890,.F.);
#10890 = EDGE_CURVE('',#10683,#10807,#10891,.T.);
#10891 = LINE('',#10892,#10893);
#10892 = CARTESIAN_POINT('',(0.8,-0.4,4.5E-02));
#10893 = VECTOR('',#10894,1.);
#10894 = DIRECTION('',(0.,1.,0.));
#10895 = CYLINDRICAL_SURFACE('',#10896,4.5E-02);
#10896 = AXIS2_PLACEMENT_3D('',#10897,#10898,#10899);
#10897 = CARTESIAN_POINT('',(0.755,-0.4,4.5E-02));
#10898 = DIRECTION('',(0.,1.,0.));
#10899 = DIRECTION('',(1.,0.,0.));
#10900 = ADVANCED_FACE('',(#10901),#10912,.T.);
#10901 = FACE_BOUND('',#10902,.T.);
#10902 = EDGE_LOOP('',(#10903,#10904,#10905,#10906));
#10903 = ORIENTED_EDGE('',*,*,#10682,.F.);
#10904 = ORIENTED_EDGE('',*,*,#10890,.T.);
#10905 = ORIENTED_EDGE('',*,*,#10806,.T.);
#10906 = ORIENTED_EDGE('',*,*,#10907,.F.);
#10907 = EDGE_CURVE('',#10674,#10798,#10908,.T.);
#10908 = LINE('',#10909,#10910);
#10909 = CARTESIAN_POINT('',(0.8,-0.4,0.405));
#10910 = VECTOR('',#10911,1.);
#10911 = DIRECTION('',(0.,1.,0.));
#10912 = PLANE('',#10913);
#10913 = AXIS2_PLACEMENT_3D('',#10914,#10915,#10916);
#10914 = CARTESIAN_POINT('',(0.8,-0.4,0.));
#10915 = DIRECTION('',(1.,0.,0.));
#10916 = DIRECTION('',(0.,0.,1.));
#10917 = ADVANCED_FACE('',(#10918),#10929,.T.);
#10918 = FACE_BOUND('',#10919,.T.);
#10919 = EDGE_LOOP('',(#10920,#10921,#10922,#10928));
#10920 = ORIENTED_EDGE('',*,*,#10907,.T.);
#10921 = ORIENTED_EDGE('',*,*,#10797,.T.);
#10922 = ORIENTED_EDGE('',*,*,#10923,.F.);
#10923 = EDGE_CURVE('',#10666,#10790,#10924,.T.);
#10924 = LINE('',#10925,#10926);
#10925 = CARTESIAN_POINT('',(0.755,-0.4,0.45));
#10926 = VECTOR('',#10927,1.);
#10927 = DIRECTION('',(0.,1.,0.));
#10928 = ORIENTED_EDGE('',*,*,#10673,.F.);
#10929 = CYLINDRICAL_SURFACE('',#10930,4.5E-02);
#10930 = AXIS2_PLACEMENT_3D('',#10931,#10932,#10933);
#10931 = CARTESIAN_POINT('',(0.755,-0.4,0.405));
#10932 = DIRECTION('',(0.,1.,0.));
#10933 = DIRECTION('',(1.,0.,0.));
#10934 = ADVANCED_FACE('',(#10935),#10946,.T.);
#10935 = FACE_BOUND('',#10936,.T.);
#10936 = EDGE_LOOP('',(#10937,#10938,#10944,#10945));
#10937 = ORIENTED_EDGE('',*,*,#10789,.F.);
#10938 = ORIENTED_EDGE('',*,*,#10939,.F.);
#10939 = EDGE_CURVE('',#10657,#10781,#10940,.T.);
#10940 = LINE('',#10941,#10942);
#10941 = CARTESIAN_POINT('',(0.545,-0.4,0.45));
#10942 = VECTOR('',#10943,1.);
#10943 = DIRECTION('',(0.,1.,0.));
#10944 = ORIENTED_EDGE('',*,*,#10665,.T.);
#10945 = ORIENTED_EDGE('',*,*,#10923,.T.);
#10946 = PLANE('',#10947);
#10947 = AXIS2_PLACEMENT_3D('',#10948,#10949,#10950);
#10948 = CARTESIAN_POINT('',(0.5,-0.4,0.45));
#10949 = DIRECTION('',(0.,0.,1.));
#10950 = DIRECTION('',(1.,0.,-0.));
#10951 = ADVANCED_FACE('',(#10952),#10963,.T.);
#10952 = FACE_BOUND('',#10953,.T.);
#10953 = EDGE_LOOP('',(#10954,#10955,#10956,#10957));
#10954 = ORIENTED_EDGE('',*,*,#10656,.T.);
#10955 = ORIENTED_EDGE('',*,*,#10939,.T.);
#10956 = ORIENTED_EDGE('',*,*,#10780,.F.);
#10957 = ORIENTED_EDGE('',*,*,#10958,.F.);
#10958 = EDGE_CURVE('',#10491,#10574,#10959,.T.);
#10959 = LINE('',#10960,#10961);
#10960 = CARTESIAN_POINT('',(0.5,-0.4,0.405));
#10961 = VECTOR('',#10962,1.);
#10962 = DIRECTION('',(0.,1.,0.));
#10963 = CYLINDRICAL_SURFACE('',#10964,4.5E-02);
#10964 = AXIS2_PLACEMENT_3D('',#10965,#10966,#10967);
#10965 = CARTESIAN_POINT('',(0.545,-0.4,0.405));
#10966 = DIRECTION('',(0.,1.,0.));
#10967 = DIRECTION('',(-1.,0.,0.));
#10968 = ADVANCED_FACE('',(#10969),#10980,.T.);
#10969 = FACE_BOUND('',#10970,.T.);
#10970 = EDGE_LOOP('',(#10971,#10972,#10973,#10974));
#10971 = ORIENTED_EDGE('',*,*,#10722,.F.);
#10972 = ORIENTED_EDGE('',*,*,#10958,.T.);
#10973 = ORIENTED_EDGE('',*,*,#10839,.T.);
#10974 = ORIENTED_EDGE('',*,*,#10975,.F.);
#10975 = EDGE_CURVE('',#10715,#10832,#10976,.T.);
#10976 = LINE('',#10977,#10978);
#10977 = CARTESIAN_POINT('',(0.5,-0.4,0.45));
#10978 = VECTOR('',#10979,1.);
#10979 = DIRECTION('',(0.,1.,0.));
#10980 = PLANE('',#10981);
#10981 = AXIS2_PLACEMENT_3D('',#10982,#10983,#10984);
#10982 = CARTESIAN_POINT('',(0.5,-0.4,0.405));
#10983 = DIRECTION('',(1.,0.,0.));
#10984 = DIRECTION('',(0.,0.,1.));
#10985 = ADVANCED_FACE('',(#10986),#10992,.T.);
#10986 = FACE_BOUND('',#10987,.T.);
#10987 = EDGE_LOOP('',(#10988,#10989,#10990,#10991));
#10988 = ORIENTED_EDGE('',*,*,#10746,.F.);
#10989 = ORIENTED_EDGE('',*,*,#10714,.T.);
#10990 = ORIENTED_EDGE('',*,*,#10975,.T.);
#10991 = ORIENTED_EDGE('',*,*,#10831,.F.);
#10992 = PLANE('',#10993);
#10993 = AXIS2_PLACEMENT_3D('',#10994,#10995,#10996);
#10994 = CARTESIAN_POINT('',(-0.5,-0.4,0.45));
#10995 = DIRECTION('',(0.,0.,1.));
#10996 = DIRECTION('',(1.,0.,-0.));
#10997 = ( GEOMETRIC_REPRESENTATION_CONTEXT(3) 
GLOBAL_UNCERTAINTY_ASSIGNED_CONTEXT((#11001)) 
GLOBAL_UNIT_ASSIGNED_CONTEXT((#10998,#10999,#11000)) 
REPRESENTATION_CONTEXT('Context #1',
  '3D Context with UNIT and UNCERTAINTY') );
#10998 = ( LENGTH_UNIT() NAMED_UNIT(*) SI_UNIT(.MILLI.,.METRE.) );
#10999 = ( NAMED_UNIT(*) PLANE_ANGLE_UNIT() SI_UNIT($,.RADIAN.) );
#11000 = ( NAMED_UNIT(*) SI_UNIT($,.STERADIAN.) SOLID_ANGLE_UNIT() );
#11001 = UNCERTAINTY_MEASURE_WITH_UNIT(LENGTH_MEASURE(1.E-07),#10998,
  'distance_accuracy_value','confusion accuracy');
#11002 = CONTEXT_DEPENDENT_SHAPE_REPRESENTATION(#11003,#11005);
#11003 = ( REPRESENTATION_RELATIONSHIP('','',#10206,#10183) 
REPRESENTATION_RELATIONSHIP_WITH_TRANSFORMATION(#11004) 
SHAPE_REPRESENTATION_RELATIONSHIP() );
#11004 = ITEM_DEFINED_TRANSFORMATION('','',#11,#10184);
#11005 = PRODUCT_DEFINITION_SHAPE('Placement','Placement of an item',
  #11006);
#11006 = NEXT_ASSEMBLY_USAGE_OCCURRENCE('8','=>[0:1:1:7]','',#10178,
  #10201,$);
#11007 = PRODUCT_RELATED_PRODUCT_CATEGORY('part',$,(#10203));
#11008 = CONTEXT_DEPENDENT_SHAPE_REPRESENTATION(#11009,#11011);
#11009 = ( REPRESENTATION_RELATIONSHIP('','',#10183,#10) 
REPRESENTATION_RELATIONSHIP_WITH_TRANSFORMATION(#11010) 
SHAPE_REPRESENTATION_RELATIONSHIP() );
#11010 = ITEM_DEFINED_TRANSFORMATION('','',#11,#39);
#11011 = PRODUCT_DEFINITION_SHAPE('Placement','Placement of an item',
  #11012);
#11012 = NEXT_ASSEMBLY_USAGE_OCCURRENCE('10','R184','',#5,#10178,$);
#11013 = CONTEXT_DEPENDENT_SHAPE_REPRESENTATION(#11014,#11016);
#11014 = ( REPRESENTATION_RELATIONSHIP('','',#10183,#10) 
REPRESENTATION_RELATIONSHIP_WITH_TRANSFORMATION(#11015) 
SHAPE_REPRESENTATION_RELATIONSHIP() );
#11015 = ITEM_DEFINED_TRANSFORMATION('','',#11,#43);
#11016 = PRODUCT_DEFINITION_SHAPE('Placement','Placement of an item',
  #11017);
#11017 = NEXT_ASSEMBLY_USAGE_OCCURRENCE('11','R174','',#5,#10178,$);
#11018 = CONTEXT_DEPENDENT_SHAPE_REPRESENTATION(#11019,#11021);
#11019 = ( REPRESENTATION_RELATIONSHIP('','',#10183,#10) 
REPRESENTATION_RELATIONSHIP_WITH_TRANSFORMATION(#11020) 
SHAPE_REPRESENTATION_RELATIONSHIP() );
#11020 = ITEM_DEFINED_TRANSFORMATION('','',#11,#47);
#11021 = PRODUCT_DEFINITION_SHAPE('Placement','Placement of an item',
  #11022);
#11022 = NEXT_ASSEMBLY_USAGE_OCCURRENCE('12','R162','',#5,#10178,$);
#11023 = CONTEXT_DEPENDENT_SHAPE_REPRESENTATION(#11024,#11026);
#11024 = ( REPRESENTATION_RELATIONSHIP('','',#10183,#10) 
REPRESENTATION_RELATIONSHIP_WITH_TRANSFORMATION(#11025) 
SHAPE_REPRESENTATION_RELATIONSHIP() );
#11025 = ITEM_DEFINED_TRANSFORMATION('','',#11,#51);
#11026 = PRODUCT_DEFINITION_SHAPE('Placement','Placement of an item',
  #11027);
#11027 = NEXT_ASSEMBLY_USAGE_OCCURRENCE('13','R171','',#5,#10178,$);
#11028 = CONTEXT_DEPENDENT_SHAPE_REPRESENTATION(#11029,#11031);
#11029 = ( REPRESENTATION_RELATIONSHIP('','',#10183,#10) 
REPRESENTATION_RELATIONSHIP_WITH_TRANSFORMATION(#11030) 
SHAPE_REPRESENTATION_RELATIONSHIP() );
#11030 = ITEM_DEFINED_TRANSFORMATION('','',#11,#55);
#11031 = PRODUCT_DEFINITION_SHAPE('Placement','Placement of an item',
  #11032);
#11032 = NEXT_ASSEMBLY_USAGE_OCCURRENCE('14','R185','',#5,#10178,$);
#11033 = CONTEXT_DEPENDENT_SHAPE_REPRESENTATION(#11034,#11036);
#11034 = ( REPRESENTATION_RELATIONSHIP('','',#10183,#10) 
REPRESENTATION_RELATIONSHIP_WITH_TRANSFORMATION(#11035) 
SHAPE_REPRESENTATION_RELATIONSHIP() );
#11035 = ITEM_DEFINED_TRANSFORMATION('','',#11,#59);
#11036 = PRODUCT_DEFINITION_SHAPE('Placement','Placement of an item',
  #11037);
#11037 = NEXT_ASSEMBLY_USAGE_OCCURRENCE('15','R165','',#5,#10178,$);
#11038 = CONTEXT_DEPENDENT_SHAPE_REPRESENTATION(#11039,#11041);
#11039 = ( REPRESENTATION_RELATIONSHIP('','',#10183,#10) 
REPRESENTATION_RELATIONSHIP_WITH_TRANSFORMATION(#11040) 
SHAPE_REPRESENTATION_RELATIONSHIP() );
#11040 = ITEM_DEFINED_TRANSFORMATION('','',#11,#63);
#11041 = PRODUCT_DEFINITION_SHAPE('Placement','Placement of an item',
  #11042);
#11042 = NEXT_ASSEMBLY_USAGE_OCCURRENCE('16','R166','',#5,#10178,$);
#11043 = CONTEXT_DEPENDENT_SHAPE_REPRESENTATION(#11044,#11046);
#11044 = ( REPRESENTATION_RELATIONSHIP('','',#10183,#10) 
REPRESENTATION_RELATIONSHIP_WITH_TRANSFORMATION(#11045) 
SHAPE_REPRESENTATION_RELATIONSHIP() );
#11045 = ITEM_DEFINED_TRANSFORMATION('','',#11,#67);
#11046 = PRODUCT_DEFINITION_SHAPE('Placement','Placement of an item',
  #11047);
#11047 = NEXT_ASSEMBLY_USAGE_OCCURRENCE('17','R172','',#5,#10178,$);
#11048 = SHAPE_DEFINITION_REPRESENTATION(#11049,#11055);
#11049 = PRODUCT_DEFINITION_SHAPE('','',#11050);
#11050 = PRODUCT_DEFINITION('design','',#11051,#11054);
#11051 = PRODUCT_DEFINITION_FORMATION('','',#11052);
#11052 = PRODUCT('C_0603_1608Metric','C_0603_1608Metric','',(#11053));
#11053 = PRODUCT_CONTEXT('',#2,'mechanical');
#11054 = PRODUCT_DEFINITION_CONTEXT('part definition',#2,'design');
#11055 = SHAPE_REPRESENTATION('',(#11,#11056),#11060);
#11056 = AXIS2_PLACEMENT_3D('',#11057,#11058,#11059);
#11057 = CARTESIAN_POINT('',(0.,0.,0.));
#11058 = DIRECTION('',(0.,0.,1.));
#11059 = DIRECTION('',(1.,0.,-0.));
#11060 = ( GEOMETRIC_REPRESENTATION_CONTEXT(3) 
GLOBAL_UNCERTAINTY_ASSIGNED_CONTEXT((#11064)) 
GLOBAL_UNIT_ASSIGNED_CONTEXT((#11061,#11062,#11063)) 
REPRESENTATION_CONTEXT('Context #1',
  '3D Context with UNIT and UNCERTAINTY') );
#11061 = ( LENGTH_UNIT() NAMED_UNIT(*) SI_UNIT(.MILLI.,.METRE.) );
#11062 = ( NAMED_UNIT(*) PLANE_ANGLE_UNIT() SI_UNIT($,.RADIAN.) );
#11063 = ( NAMED_UNIT(*) SI_UNIT($,.STERADIAN.) SOLID_ANGLE_UNIT() );
#11064 = UNCERTAINTY_MEASURE_WITH_UNIT(LENGTH_MEASURE(1.E-07),#11061,
  'distance_accuracy_value','confusion accuracy');
#11065 = CONTEXT_DEPENDENT_SHAPE_REPRESENTATION(#11066,#11068);
#11066 = ( REPRESENTATION_RELATIONSHIP('','',#11055,#10) 
REPRESENTATION_RELATIONSHIP_WITH_TRANSFORMATION(#11067) 
SHAPE_REPRESENTATION_RELATIONSHIP() );
#11067 = ITEM_DEFINED_TRANSFORMATION('','',#11,#71);
#11068 = PRODUCT_DEFINITION_SHAPE('Placement','Placement of an item',
  #11069);
#11069 = NEXT_ASSEMBLY_USAGE_OCCURRENCE('19','C26','',#5,#11050,$);
#11070 = PRODUCT_RELATED_PRODUCT_CATEGORY('part',$,(#11052));
#11071 = SHAPE_DEFINITION_REPRESENTATION(#11072,#11078);
#11072 = PRODUCT_DEFINITION_SHAPE('','',#11073);
#11073 = PRODUCT_DEFINITION('design','',#11074,#11077);
#11074 = PRODUCT_DEFINITION_FORMATION('','',#11075);
#11075 = PRODUCT('C_0603_1608Metric','C_0603_1608Metric','',(#11076));
#11076 = PRODUCT_CONTEXT('',#2,'mechanical');
#11077 = PRODUCT_DEFINITION_CONTEXT('part definition',#2,'design');
#11078 = ADVANCED_BREP_SHAPE_REPRESENTATION('',(#11,#11079),#11933);
#11079 = MANIFOLD_SOLID_BREP('',#11080);
#11080 = CLOSED_SHELL('',(#11081,#11157,#11188,#11213,#11238,#11262,
    #11286,#11311,#11336,#11353,#11439,#11471,#11495,#11520,#11544,
    #11569,#11593,#11618,#11635,#11721,#11752,#11777,#11802,#11826,
    #11850,#11875,#11900,#11917));
#11081 = ADVANCED_FACE('',(#11082),#11152,.F.);
#11082 = FACE_BOUND('',#11083,.F.);
#11083 = EDGE_LOOP('',(#11084,#11094,#11103,#11111,#11120,#11128,#11137,
    #11145));
#11084 = ORIENTED_EDGE('',*,*,#11085,.F.);
#11085 = EDGE_CURVE('',#11086,#11088,#11090,.T.);
#11086 = VERTEX_POINT('',#11087);
#11087 = CARTESIAN_POINT('',(-0.8,-0.4,3.E-02));
#11088 = VERTEX_POINT('',#11089);
#11089 = CARTESIAN_POINT('',(-0.8,-0.4,0.77));
#11090 = LINE('',#11091,#11092);
#11091 = CARTESIAN_POINT('',(-0.8,-0.4,0.));
#11092 = VECTOR('',#11093,1.);
#11093 = DIRECTION('',(0.,0.,1.));
#11094 = ORIENTED_EDGE('',*,*,#11095,.T.);
#11095 = EDGE_CURVE('',#11086,#11096,#11098,.T.);
#11096 = VERTEX_POINT('',#11097);
#11097 = CARTESIAN_POINT('',(-0.8,-0.37,0.));
#11098 = CIRCLE('',#11099,3.E-02);
#11099 = AXIS2_PLACEMENT_3D('',#11100,#11101,#11102);
#11100 = CARTESIAN_POINT('',(-0.8,-0.37,3.E-02));
#11101 = DIRECTION('',(1.,0.,-0.));
#11102 = DIRECTION('',(0.,0.,1.));
#11103 = ORIENTED_EDGE('',*,*,#11104,.T.);
#11104 = EDGE_CURVE('',#11096,#11105,#11107,.T.);
#11105 = VERTEX_POINT('',#11106);
#11106 = CARTESIAN_POINT('',(-0.8,0.37,0.));
#11107 = LINE('',#11108,#11109);
#11108 = CARTESIAN_POINT('',(-0.8,-0.4,0.));
#11109 = VECTOR('',#11110,1.);
#11110 = DIRECTION('',(0.,1.,0.));
#11111 = ORIENTED_EDGE('',*,*,#11112,.F.);
#11112 = EDGE_CURVE('',#11113,#11105,#11115,.T.);
#11113 = VERTEX_POINT('',#11114);
#11114 = CARTESIAN_POINT('',(-0.8,0.4,3.E-02));
#11115 = CIRCLE('',#11116,3.E-02);
#11116 = AXIS2_PLACEMENT_3D('',#11117,#11118,#11119);
#11117 = CARTESIAN_POINT('',(-0.8,0.37,3.E-02));
#11118 = DIRECTION('',(-1.,0.,0.));
#11119 = DIRECTION('',(0.,0.,1.));
#11120 = ORIENTED_EDGE('',*,*,#11121,.T.);
#11121 = EDGE_CURVE('',#11113,#11122,#11124,.T.);
#11122 = VERTEX_POINT('',#11123);
#11123 = CARTESIAN_POINT('',(-0.8,0.4,0.77));
#11124 = LINE('',#11125,#11126);
#11125 = CARTESIAN_POINT('',(-0.8,0.4,0.));
#11126 = VECTOR('',#11127,1.);
#11127 = DIRECTION('',(0.,0.,1.));
#11128 = ORIENTED_EDGE('',*,*,#11129,.T.);
#11129 = EDGE_CURVE('',#11122,#11130,#11132,.T.);
#11130 = VERTEX_POINT('',#11131);
#11131 = CARTESIAN_POINT('',(-0.8,0.37,0.8));
#11132 = CIRCLE('',#11133,3.E-02);
#11133 = AXIS2_PLACEMENT_3D('',#11134,#11135,#11136);
#11134 = CARTESIAN_POINT('',(-0.8,0.37,0.77));
#11135 = DIRECTION('',(1.,0.,-0.));
#11136 = DIRECTION('',(0.,0.,1.));
#11137 = ORIENTED_EDGE('',*,*,#11138,.F.);
#11138 = EDGE_CURVE('',#11139,#11130,#11141,.T.);
#11139 = VERTEX_POINT('',#11140);
#11140 = CARTESIAN_POINT('',(-0.8,-0.37,0.8));
#11141 = LINE('',#11142,#11143);
#11142 = CARTESIAN_POINT('',(-0.8,-0.4,0.8));
#11143 = VECTOR('',#11144,1.);
#11144 = DIRECTION('',(0.,1.,0.));
#11145 = ORIENTED_EDGE('',*,*,#11146,.F.);
#11146 = EDGE_CURVE('',#11088,#11139,#11147,.T.);
#11147 = CIRCLE('',#11148,3.E-02);
#11148 = AXIS2_PLACEMENT_3D('',#11149,#11150,#11151);
#11149 = CARTESIAN_POINT('',(-0.8,-0.37,0.77));
#11150 = DIRECTION('',(-1.,0.,0.));
#11151 = DIRECTION('',(0.,0.,1.));
#11152 = PLANE('',#11153);
#11153 = AXIS2_PLACEMENT_3D('',#11154,#11155,#11156);
#11154 = CARTESIAN_POINT('',(-0.8,-0.4,0.));
#11155 = DIRECTION('',(1.,0.,0.));
#11156 = DIRECTION('',(0.,0.,1.));
#11157 = ADVANCED_FACE('',(#11158),#11183,.F.);
#11158 = FACE_BOUND('',#11159,.F.);
#11159 = EDGE_LOOP('',(#11160,#11170,#11176,#11177));
#11160 = ORIENTED_EDGE('',*,*,#11161,.F.);
#11161 = EDGE_CURVE('',#11162,#11164,#11166,.T.);
#11162 = VERTEX_POINT('',#11163);
#11163 = CARTESIAN_POINT('',(-0.5,-0.4,3.E-02));
#11164 = VERTEX_POINT('',#11165);
#11165 = CARTESIAN_POINT('',(-0.5,-0.4,0.77));
#11166 = LINE('',#11167,#11168);
#11167 = CARTESIAN_POINT('',(-0.5,-0.4,0.));
#11168 = VECTOR('',#11169,1.);
#11169 = DIRECTION('',(0.,0.,1.));
#11170 = ORIENTED_EDGE('',*,*,#11171,.F.);
#11171 = EDGE_CURVE('',#11086,#11162,#11172,.T.);
#11172 = LINE('',#11173,#11174);
#11173 = CARTESIAN_POINT('',(-0.8,-0.4,3.E-02));
#11174 = VECTOR('',#11175,1.);
#11175 = DIRECTION('',(1.,0.,0.));
#11176 = ORIENTED_EDGE('',*,*,#11085,.T.);
#11177 = ORIENTED_EDGE('',*,*,#11178,.T.);
#11178 = EDGE_CURVE('',#11088,#11164,#11179,.T.);
#11179 = LINE('',#11180,#11181);
#11180 = CARTESIAN_POINT('',(-0.8,-0.4,0.77));
#11181 = VECTOR('',#11182,1.);
#11182 = DIRECTION('',(1.,0.,0.));
#11183 = PLANE('',#11184);
#11184 = AXIS2_PLACEMENT_3D('',#11185,#11186,#11187);
#11185 = CARTESIAN_POINT('',(-0.8,-0.4,0.));
#11186 = DIRECTION('',(0.,1.,0.));
#11187 = DIRECTION('',(0.,-0.,1.));
#11188 = ADVANCED_FACE('',(#11189),#11208,.T.);
#11189 = FACE_BOUND('',#11190,.T.);
#11190 = EDGE_LOOP('',(#11191,#11192,#11200,#11207));
#11191 = ORIENTED_EDGE('',*,*,#11095,.T.);
#11192 = ORIENTED_EDGE('',*,*,#11193,.T.);
#11193 = EDGE_CURVE('',#11096,#11194,#11196,.T.);
#11194 = VERTEX_POINT('',#11195);
#11195 = CARTESIAN_POINT('',(-0.5,-0.37,0.));
#11196 = LINE('',#11197,#11198);
#11197 = CARTESIAN_POINT('',(-0.8,-0.37,0.));
#11198 = VECTOR('',#11199,1.);
#11199 = DIRECTION('',(1.,0.,0.));
#11200 = ORIENTED_EDGE('',*,*,#11201,.F.);
#11201 = EDGE_CURVE('',#11162,#11194,#11202,.T.);
#11202 = CIRCLE('',#11203,3.E-02);
#11203 = AXIS2_PLACEMENT_3D('',#11204,#11205,#11206);
#11204 = CARTESIAN_POINT('',(-0.5,-0.37,3.E-02));
#11205 = DIRECTION('',(1.,0.,-0.));
#11206 = DIRECTION('',(0.,0.,1.));
#11207 = ORIENTED_EDGE('',*,*,#11171,.F.);
#11208 = CYLINDRICAL_SURFACE('',#11209,3.E-02);
#11209 = AXIS2_PLACEMENT_3D('',#11210,#11211,#11212);
#11210 = CARTESIAN_POINT('',(-0.8,-0.37,3.E-02));
#11211 = DIRECTION('',(1.,0.,0.));
#11212 = DIRECTION('',(0.,-1.,0.));
#11213 = ADVANCED_FACE('',(#11214),#11233,.T.);
#11214 = FACE_BOUND('',#11215,.T.);
#11215 = EDGE_LOOP('',(#11216,#11217,#11226,#11232));
#11216 = ORIENTED_EDGE('',*,*,#11178,.T.);
#11217 = ORIENTED_EDGE('',*,*,#11218,.T.);
#11218 = EDGE_CURVE('',#11164,#11219,#11221,.T.);
#11219 = VERTEX_POINT('',#11220);
#11220 = CARTESIAN_POINT('',(-0.5,-0.37,0.8));
#11221 = CIRCLE('',#11222,3.E-02);
#11222 = AXIS2_PLACEMENT_3D('',#11223,#11224,#11225);
#11223 = CARTESIAN_POINT('',(-0.5,-0.37,0.77));
#11224 = DIRECTION('',(-1.,0.,0.));
#11225 = DIRECTION('',(0.,0.,1.));
#11226 = ORIENTED_EDGE('',*,*,#11227,.F.);
#11227 = EDGE_CURVE('',#11139,#11219,#11228,.T.);
#11228 = LINE('',#11229,#11230);
#11229 = CARTESIAN_POINT('',(-0.8,-0.37,0.8));
#11230 = VECTOR('',#11231,1.);
#11231 = DIRECTION('',(1.,0.,0.));
#11232 = ORIENTED_EDGE('',*,*,#11146,.F.);
#11233 = CYLINDRICAL_SURFACE('',#11234,3.E-02);
#11234 = AXIS2_PLACEMENT_3D('',#11235,#11236,#11237);
#11235 = CARTESIAN_POINT('',(-0.8,-0.37,0.77));
#11236 = DIRECTION('',(1.,0.,0.));
#11237 = DIRECTION('',(0.,-1.,0.));
#11238 = ADVANCED_FACE('',(#11239),#11257,.F.);
#11239 = FACE_BOUND('',#11240,.F.);
#11240 = EDGE_LOOP('',(#11241,#11242,#11243,#11251));
#11241 = ORIENTED_EDGE('',*,*,#11104,.F.);
#11242 = ORIENTED_EDGE('',*,*,#11193,.T.);
#11243 = ORIENTED_EDGE('',*,*,#11244,.T.);
#11244 = EDGE_CURVE('',#11194,#11245,#11247,.T.);
#11245 = VERTEX_POINT('',#11246);
#11246 = CARTESIAN_POINT('',(-0.5,0.37,0.));
#11247 = LINE('',#11248,#11249);
#11248 = CARTESIAN_POINT('',(-0.5,-0.4,0.));
#11249 = VECTOR('',#11250,1.);
#11250 = DIRECTION('',(0.,1.,0.));
#11251 = ORIENTED_EDGE('',*,*,#11252,.F.);
#11252 = EDGE_CURVE('',#11105,#11245,#11253,.T.);
#11253 = LINE('',#11254,#11255);
#11254 = CARTESIAN_POINT('',(-0.8,0.37,0.));
#11255 = VECTOR('',#11256,1.);
#11256 = DIRECTION('',(1.,0.,0.));
#11257 = PLANE('',#11258);
#11258 = AXIS2_PLACEMENT_3D('',#11259,#11260,#11261);
#11259 = CARTESIAN_POINT('',(-0.8,-0.4,0.));
#11260 = DIRECTION('',(0.,0.,1.));
#11261 = DIRECTION('',(1.,0.,-0.));
#11262 = ADVANCED_FACE('',(#11263),#11281,.T.);
#11263 = FACE_BOUND('',#11264,.T.);
#11264 = EDGE_LOOP('',(#11265,#11266,#11267,#11275));
#11265 = ORIENTED_EDGE('',*,*,#11138,.F.);
#11266 = ORIENTED_EDGE('',*,*,#11227,.T.);
#11267 = ORIENTED_EDGE('',*,*,#11268,.T.);
#11268 = EDGE_CURVE('',#11219,#11269,#11271,.T.);
#11269 = VERTEX_POINT('',#11270);
#11270 = CARTESIAN_POINT('',(-0.5,0.37,0.8));
#11271 = LINE('',#11272,#11273);
#11272 = CARTESIAN_POINT('',(-0.5,-0.4,0.8));
#11273 = VECTOR('',#11274,1.);
#11274 = DIRECTION('',(0.,1.,0.));
#11275 = ORIENTED_EDGE('',*,*,#11276,.F.);
#11276 = EDGE_CURVE('',#11130,#11269,#11277,.T.);
#11277 = LINE('',#11278,#11279);
#11278 = CARTESIAN_POINT('',(-0.8,0.37,0.8));
#11279 = VECTOR('',#11280,1.);
#11280 = DIRECTION('',(1.,0.,0.));
#11281 = PLANE('',#11282);
#11282 = AXIS2_PLACEMENT_3D('',#11283,#11284,#11285);
#11283 = CARTESIAN_POINT('',(-0.8,-0.4,0.8));
#11284 = DIRECTION('',(0.,0.,1.));
#11285 = DIRECTION('',(1.,0.,-0.));
#11286 = ADVANCED_FACE('',(#11287),#11306,.T.);
#11287 = FACE_BOUND('',#11288,.T.);
#11288 = EDGE_LOOP('',(#11289,#11297,#11304,#11305));
#11289 = ORIENTED_EDGE('',*,*,#11290,.T.);
#11290 = EDGE_CURVE('',#11113,#11291,#11293,.T.);
#11291 = VERTEX_POINT('',#11292);
#11292 = CARTESIAN_POINT('',(-0.5,0.4,3.E-02));
#11293 = LINE('',#11294,#11295);
#11294 = CARTESIAN_POINT('',(-0.8,0.4,3.E-02));
#11295 = VECTOR('',#11296,1.);
#11296 = DIRECTION('',(1.,0.,0.));
#11297 = ORIENTED_EDGE('',*,*,#11298,.T.);
#11298 = EDGE_CURVE('',#11291,#11245,#11299,.T.);
#11299 = CIRCLE('',#11300,3.E-02);
#11300 = AXIS2_PLACEMENT_3D('',#11301,#11302,#11303);
#11301 = CARTESIAN_POINT('',(-0.5,0.37,3.E-02));
#11302 = DIRECTION('',(-1.,0.,0.));
#11303 = DIRECTION('',(0.,0.,1.));
#11304 = ORIENTED_EDGE('',*,*,#11252,.F.);
#11305 = ORIENTED_EDGE('',*,*,#11112,.F.);
#11306 = CYLINDRICAL_SURFACE('',#11307,3.E-02);
#11307 = AXIS2_PLACEMENT_3D('',#11308,#11309,#11310);
#11308 = CARTESIAN_POINT('',(-0.8,0.37,3.E-02));
#11309 = DIRECTION('',(1.,0.,0.));
#11310 = DIRECTION('',(-0.,1.,0.));
#11311 = ADVANCED_FACE('',(#11312),#11331,.T.);
#11312 = FACE_BOUND('',#11313,.T.);
#11313 = EDGE_LOOP('',(#11314,#11315,#11316,#11325));
#11314 = ORIENTED_EDGE('',*,*,#11129,.T.);
#11315 = ORIENTED_EDGE('',*,*,#11276,.T.);
#11316 = ORIENTED_EDGE('',*,*,#11317,.F.);
#11317 = EDGE_CURVE('',#11318,#11269,#11320,.T.);
#11318 = VERTEX_POINT('',#11319);
#11319 = CARTESIAN_POINT('',(-0.5,0.4,0.77));
#11320 = CIRCLE('',#11321,3.E-02);
#11321 = AXIS2_PLACEMENT_3D('',#11322,#11323,#11324);
#11322 = CARTESIAN_POINT('',(-0.5,0.37,0.77));
#11323 = DIRECTION('',(1.,0.,-0.));
#11324 = DIRECTION('',(0.,0.,1.));
#11325 = ORIENTED_EDGE('',*,*,#11326,.F.);
#11326 = EDGE_CURVE('',#11122,#11318,#11327,.T.);
#11327 = LINE('',#11328,#11329);
#11328 = CARTESIAN_POINT('',(-0.8,0.4,0.77));
#11329 = VECTOR('',#11330,1.);
#11330 = DIRECTION('',(1.,0.,0.));
#11331 = CYLINDRICAL_SURFACE('',#11332,3.E-02);
#11332 = AXIS2_PLACEMENT_3D('',#11333,#11334,#11335);
#11333 = CARTESIAN_POINT('',(-0.8,0.37,0.77));
#11334 = DIRECTION('',(1.,0.,0.));
#11335 = DIRECTION('',(-0.,1.,0.));
#11336 = ADVANCED_FACE('',(#11337),#11348,.T.);
#11337 = FACE_BOUND('',#11338,.T.);
#11338 = EDGE_LOOP('',(#11339,#11345,#11346,#11347));
#11339 = ORIENTED_EDGE('',*,*,#11340,.F.);
#11340 = EDGE_CURVE('',#11291,#11318,#11341,.T.);
#11341 = LINE('',#11342,#11343);
#11342 = CARTESIAN_POINT('',(-0.5,0.4,0.));
#11343 = VECTOR('',#11344,1.);
#11344 = DIRECTION('',(0.,0.,1.));
#11345 = ORIENTED_EDGE('',*,*,#11290,.F.);
#11346 = ORIENTED_EDGE('',*,*,#11121,.T.);
#11347 = ORIENTED_EDGE('',*,*,#11326,.T.);
#11348 = PLANE('',#11349);
#11349 = AXIS2_PLACEMENT_3D('',#11350,#11351,#11352);
#11350 = CARTESIAN_POINT('',(-0.8,0.4,0.));
#11351 = DIRECTION('',(0.,1.,0.));
#11352 = DIRECTION('',(0.,-0.,1.));
#11353 = ADVANCED_FACE('',(#11354,#11364),#11434,.T.);
#11354 = FACE_BOUND('',#11355,.T.);
#11355 = EDGE_LOOP('',(#11356,#11357,#11358,#11359,#11360,#11361,#11362,
    #11363));
#11356 = ORIENTED_EDGE('',*,*,#11161,.F.);
#11357 = ORIENTED_EDGE('',*,*,#11201,.T.);
#11358 = ORIENTED_EDGE('',*,*,#11244,.T.);
#11359 = ORIENTED_EDGE('',*,*,#11298,.F.);
#11360 = ORIENTED_EDGE('',*,*,#11340,.T.);
#11361 = ORIENTED_EDGE('',*,*,#11317,.T.);
#11362 = ORIENTED_EDGE('',*,*,#11268,.F.);
#11363 = ORIENTED_EDGE('',*,*,#11218,.F.);
#11364 = FACE_BOUND('',#11365,.T.);
#11365 = EDGE_LOOP('',(#11366,#11377,#11385,#11394,#11402,#11411,#11419,
    #11428));
#11366 = ORIENTED_EDGE('',*,*,#11367,.F.);
#11367 = EDGE_CURVE('',#11368,#11370,#11372,.T.);
#11368 = VERTEX_POINT('',#11369);
#11369 = CARTESIAN_POINT('',(-0.5,-0.37,6.E-02));
#11370 = VERTEX_POINT('',#11371);
#11371 = CARTESIAN_POINT('',(-0.5,-0.34,3.E-02));
#11372 = CIRCLE('',#11373,3.E-02);
#11373 = AXIS2_PLACEMENT_3D('',#11374,#11375,#11376);
#11374 = CARTESIAN_POINT('',(-0.5,-0.34,6.E-02));
#11375 = DIRECTION('',(1.,0.,-0.));
#11376 = DIRECTION('',(0.,0.,1.));
#11377 = ORIENTED_EDGE('',*,*,#11378,.T.);
#11378 = EDGE_CURVE('',#11368,#11379,#11381,.T.);
#11379 = VERTEX_POINT('',#11380);
#11380 = CARTESIAN_POINT('',(-0.5,-0.37,0.74));
#11381 = LINE('',#11382,#11383);
#11382 = CARTESIAN_POINT('',(-0.5,-0.37,3.E-02));
#11383 = VECTOR('',#11384,1.);
#11384 = DIRECTION('',(0.,0.,1.));
#11385 = ORIENTED_EDGE('',*,*,#11386,.T.);
#11386 = EDGE_CURVE('',#11379,#11387,#11389,.T.);
#11387 = VERTEX_POINT('',#11388);
#11388 = CARTESIAN_POINT('',(-0.5,-0.34,0.77));
#11389 = CIRCLE('',#11390,3.E-02);
#11390 = AXIS2_PLACEMENT_3D('',#11391,#11392,#11393);
#11391 = CARTESIAN_POINT('',(-0.5,-0.34,0.74));
#11392 = DIRECTION('',(-1.,0.,0.));
#11393 = DIRECTION('',(0.,0.,1.));
#11394 = ORIENTED_EDGE('',*,*,#11395,.T.);
#11395 = EDGE_CURVE('',#11387,#11396,#11398,.T.);
#11396 = VERTEX_POINT('',#11397);
#11397 = CARTESIAN_POINT('',(-0.5,0.34,0.77));
#11398 = LINE('',#11399,#11400);
#11399 = CARTESIAN_POINT('',(-0.5,-0.37,0.77));
#11400 = VECTOR('',#11401,1.);
#11401 = DIRECTION('',(0.,1.,0.));
#11402 = ORIENTED_EDGE('',*,*,#11403,.F.);
#11403 = EDGE_CURVE('',#11404,#11396,#11406,.T.);
#11404 = VERTEX_POINT('',#11405);
#11405 = CARTESIAN_POINT('',(-0.5,0.37,0.74));
#11406 = CIRCLE('',#11407,3.E-02);
#11407 = AXIS2_PLACEMENT_3D('',#11408,#11409,#11410);
#11408 = CARTESIAN_POINT('',(-0.5,0.34,0.74));
#11409 = DIRECTION('',(1.,0.,-0.));
#11410 = DIRECTION('',(0.,0.,1.));
#11411 = ORIENTED_EDGE('',*,*,#11412,.F.);
#11412 = EDGE_CURVE('',#11413,#11404,#11415,.T.);
#11413 = VERTEX_POINT('',#11414);
#11414 = CARTESIAN_POINT('',(-0.5,0.37,6.E-02));
#11415 = LINE('',#11416,#11417);
#11416 = CARTESIAN_POINT('',(-0.5,0.37,3.E-02));
#11417 = VECTOR('',#11418,1.);
#11418 = DIRECTION('',(0.,0.,1.));
#11419 = ORIENTED_EDGE('',*,*,#11420,.T.);
#11420 = EDGE_CURVE('',#11413,#11421,#11423,.T.);
#11421 = VERTEX_POINT('',#11422);
#11422 = CARTESIAN_POINT('',(-0.5,0.34,3.E-02));
#11423 = CIRCLE('',#11424,3.E-02);
#11424 = AXIS2_PLACEMENT_3D('',#11425,#11426,#11427);
#11425 = CARTESIAN_POINT('',(-0.5,0.34,6.E-02));
#11426 = DIRECTION('',(-1.,0.,0.));
#11427 = DIRECTION('',(0.,0.,1.));
#11428 = ORIENTED_EDGE('',*,*,#11429,.F.);
#11429 = EDGE_CURVE('',#11370,#11421,#11430,.T.);
#11430 = LINE('',#11431,#11432);
#11431 = CARTESIAN_POINT('',(-0.5,-0.37,3.E-02));
#11432 = VECTOR('',#11433,1.);
#11433 = DIRECTION('',(0.,1.,0.));
#11434 = PLANE('',#11435);
#11435 = AXIS2_PLACEMENT_3D('',#11436,#11437,#11438);
#11436 = CARTESIAN_POINT('',(-0.5,-0.4,0.));
#11437 = DIRECTION('',(1.,0.,0.));
#11438 = DIRECTION('',(0.,0.,1.));
#11439 = ADVANCED_FACE('',(#11440),#11466,.T.);
#11440 = FACE_BOUND('',#11441,.T.);
#11441 = EDGE_LOOP('',(#11442,#11443,#11451,#11460));
#11442 = ORIENTED_EDGE('',*,*,#11367,.T.);
#11443 = ORIENTED_EDGE('',*,*,#11444,.T.);
#11444 = EDGE_CURVE('',#11370,#11445,#11447,.T.);
#11445 = VERTEX_POINT('',#11446);
#11446 = CARTESIAN_POINT('',(0.5,-0.34,3.E-02));
#11447 = LINE('',#11448,#11449);
#11448 = CARTESIAN_POINT('',(-0.5,-0.34,3.E-02));
#11449 = VECTOR('',#11450,1.);
#11450 = DIRECTION('',(1.,0.,0.));
#11451 = ORIENTED_EDGE('',*,*,#11452,.F.);
#11452 = EDGE_CURVE('',#11453,#11445,#11455,.T.);
#11453 = VERTEX_POINT('',#11454);
#11454 = CARTESIAN_POINT('',(0.5,-0.37,6.E-02));
#11455 = CIRCLE('',#11456,3.E-02);
#11456 = AXIS2_PLACEMENT_3D('',#11457,#11458,#11459);
#11457 = CARTESIAN_POINT('',(0.5,-0.34,6.E-02));
#11458 = DIRECTION('',(1.,0.,-0.));
#11459 = DIRECTION('',(0.,0.,1.));
#11460 = ORIENTED_EDGE('',*,*,#11461,.F.);
#11461 = EDGE_CURVE('',#11368,#11453,#11462,.T.);
#11462 = LINE('',#11463,#11464);
#11463 = CARTESIAN_POINT('',(-0.5,-0.37,6.E-02));
#11464 = VECTOR('',#11465,1.);
#11465 = DIRECTION('',(1.,0.,0.));
#11466 = CYLINDRICAL_SURFACE('',#11467,3.E-02);
#11467 = AXIS2_PLACEMENT_3D('',#11468,#11469,#11470);
#11468 = CARTESIAN_POINT('',(-0.5,-0.34,6.E-02));
#11469 = DIRECTION('',(1.,0.,0.));
#11470 = DIRECTION('',(0.,-1.,0.));
#11471 = ADVANCED_FACE('',(#11472),#11490,.F.);
#11472 = FACE_BOUND('',#11473,.F.);
#11473 = EDGE_LOOP('',(#11474,#11475,#11476,#11484));
#11474 = ORIENTED_EDGE('',*,*,#11429,.F.);
#11475 = ORIENTED_EDGE('',*,*,#11444,.T.);
#11476 = ORIENTED_EDGE('',*,*,#11477,.T.);
#11477 = EDGE_CURVE('',#11445,#11478,#11480,.T.);
#11478 = VERTEX_POINT('',#11479);
#11479 = CARTESIAN_POINT('',(0.5,0.34,3.E-02));
#11480 = LINE('',#11481,#11482);
#11481 = CARTESIAN_POINT('',(0.5,-0.37,3.E-02));
#11482 = VECTOR('',#11483,1.);
#11483 = DIRECTION('',(0.,1.,0.));
#11484 = ORIENTED_EDGE('',*,*,#11485,.F.);
#11485 = EDGE_CURVE('',#11421,#11478,#11486,.T.);
#11486 = LINE('',#11487,#11488);
#11487 = CARTESIAN_POINT('',(-0.5,0.34,3.E-02));
#11488 = VECTOR('',#11489,1.);
#11489 = DIRECTION('',(1.,0.,0.));
#11490 = PLANE('',#11491);
#11491 = AXIS2_PLACEMENT_3D('',#11492,#11493,#11494);
#11492 = CARTESIAN_POINT('',(-0.5,-0.37,3.E-02));
#11493 = DIRECTION('',(0.,0.,1.));
#11494 = DIRECTION('',(1.,0.,-0.));
#11495 = ADVANCED_FACE('',(#11496),#11515,.T.);
#11496 = FACE_BOUND('',#11497,.T.);
#11497 = EDGE_LOOP('',(#11498,#11506,#11513,#11514));
#11498 = ORIENTED_EDGE('',*,*,#11499,.T.);
#11499 = EDGE_CURVE('',#11413,#11500,#11502,.T.);
#11500 = VERTEX_POINT('',#11501);
#11501 = CARTESIAN_POINT('',(0.5,0.37,6.E-02));
#11502 = LINE('',#11503,#11504);
#11503 = CARTESIAN_POINT('',(-0.5,0.37,6.E-02));
#11504 = VECTOR('',#11505,1.);
#11505 = DIRECTION('',(1.,0.,0.));
#11506 = ORIENTED_EDGE('',*,*,#11507,.T.);
#11507 = EDGE_CURVE('',#11500,#11478,#11508,.T.);
#11508 = CIRCLE('',#11509,3.E-02);
#11509 = AXIS2_PLACEMENT_3D('',#11510,#11511,#11512);
#11510 = CARTESIAN_POINT('',(0.5,0.34,6.E-02));
#11511 = DIRECTION('',(-1.,0.,0.));
#11512 = DIRECTION('',(0.,0.,1.));
#11513 = ORIENTED_EDGE('',*,*,#11485,.F.);
#11514 = ORIENTED_EDGE('',*,*,#11420,.F.);
#11515 = CYLINDRICAL_SURFACE('',#11516,3.E-02);
#11516 = AXIS2_PLACEMENT_3D('',#11517,#11518,#11519);
#11517 = CARTESIAN_POINT('',(-0.5,0.34,6.E-02));
#11518 = DIRECTION('',(1.,0.,0.));
#11519 = DIRECTION('',(-0.,1.,0.));
#11520 = ADVANCED_FACE('',(#11521),#11539,.T.);
#11521 = FACE_BOUND('',#11522,.T.);
#11522 = EDGE_LOOP('',(#11523,#11531,#11532,#11533));
#11523 = ORIENTED_EDGE('',*,*,#11524,.F.);
#11524 = EDGE_CURVE('',#11500,#11525,#11527,.T.);
#11525 = VERTEX_POINT('',#11526);
#11526 = CARTESIAN_POINT('',(0.5,0.37,0.74));
#11527 = LINE('',#11528,#11529);
#11528 = CARTESIAN_POINT('',(0.5,0.37,3.E-02));
#11529 = VECTOR('',#11530,1.);
#11530 = DIRECTION('',(0.,0.,1.));
#11531 = ORIENTED_EDGE('',*,*,#11499,.F.);
#11532 = ORIENTED_EDGE('',*,*,#11412,.T.);
#11533 = ORIENTED_EDGE('',*,*,#11534,.T.);
#11534 = EDGE_CURVE('',#11404,#11525,#11535,.T.);
#11535 = LINE('',#11536,#11537);
#11536 = CARTESIAN_POINT('',(-0.5,0.37,0.74));
#11537 = VECTOR('',#11538,1.);
#11538 = DIRECTION('',(1.,0.,0.));
#11539 = PLANE('',#11540);
#11540 = AXIS2_PLACEMENT_3D('',#11541,#11542,#11543);
#11541 = CARTESIAN_POINT('',(-0.5,0.37,3.E-02));
#11542 = DIRECTION('',(0.,1.,0.));
#11543 = DIRECTION('',(0.,-0.,1.));
#11544 = ADVANCED_FACE('',(#11545),#11564,.T.);
#11545 = FACE_BOUND('',#11546,.T.);
#11546 = EDGE_LOOP('',(#11547,#11548,#11556,#11563));
#11547 = ORIENTED_EDGE('',*,*,#11403,.T.);
#11548 = ORIENTED_EDGE('',*,*,#11549,.T.);
#11549 = EDGE_CURVE('',#11396,#11550,#11552,.T.);
#11550 = VERTEX_POINT('',#11551);
#11551 = CARTESIAN_POINT('',(0.5,0.34,0.77));
#11552 = LINE('',#11553,#11554);
#11553 = CARTESIAN_POINT('',(-0.5,0.34,0.77));
#11554 = VECTOR('',#11555,1.);
#11555 = DIRECTION('',(1.,0.,0.));
#11556 = ORIENTED_EDGE('',*,*,#11557,.F.);
#11557 = EDGE_CURVE('',#11525,#11550,#11558,.T.);
#11558 = CIRCLE('',#11559,3.E-02);
#11559 = AXIS2_PLACEMENT_3D('',#11560,#11561,#11562);
#11560 = CARTESIAN_POINT('',(0.5,0.34,0.74));
#11561 = DIRECTION('',(1.,0.,-0.));
#11562 = DIRECTION('',(0.,0.,1.));
#11563 = ORIENTED_EDGE('',*,*,#11534,.F.);
#11564 = CYLINDRICAL_SURFACE('',#11565,3.E-02);
#11565 = AXIS2_PLACEMENT_3D('',#11566,#11567,#11568);
#11566 = CARTESIAN_POINT('',(-0.5,0.34,0.74));
#11567 = DIRECTION('',(1.,0.,0.));
#11568 = DIRECTION('',(-0.,1.,0.));
#11569 = ADVANCED_FACE('',(#11570),#11588,.T.);
#11570 = FACE_BOUND('',#11571,.T.);
#11571 = EDGE_LOOP('',(#11572,#11573,#11581,#11587));
#11572 = ORIENTED_EDGE('',*,*,#11395,.F.);
#11573 = ORIENTED_EDGE('',*,*,#11574,.T.);
#11574 = EDGE_CURVE('',#11387,#11575,#11577,.T.);
#11575 = VERTEX_POINT('',#11576);
#11576 = CARTESIAN_POINT('',(0.5,-0.34,0.77));
#11577 = LINE('',#11578,#11579);
#11578 = CARTESIAN_POINT('',(-0.5,-0.34,0.77));
#11579 = VECTOR('',#11580,1.);
#11580 = DIRECTION('',(1.,0.,0.));
#11581 = ORIENTED_EDGE('',*,*,#11582,.T.);
#11582 = EDGE_CURVE('',#11575,#11550,#11583,.T.);
#11583 = LINE('',#11584,#11585);
#11584 = CARTESIAN_POINT('',(0.5,-0.37,0.77));
#11585 = VECTOR('',#11586,1.);
#11586 = DIRECTION('',(0.,1.,0.));
#11587 = ORIENTED_EDGE('',*,*,#11549,.F.);
#11588 = PLANE('',#11589);
#11589 = AXIS2_PLACEMENT_3D('',#11590,#11591,#11592);
#11590 = CARTESIAN_POINT('',(-0.5,-0.37,0.77));
#11591 = DIRECTION('',(0.,0.,1.));
#11592 = DIRECTION('',(1.,0.,-0.));
#11593 = ADVANCED_FACE('',(#11594),#11613,.T.);
#11594 = FACE_BOUND('',#11595,.T.);
#11595 = EDGE_LOOP('',(#11596,#11604,#11611,#11612));
#11596 = ORIENTED_EDGE('',*,*,#11597,.T.);
#11597 = EDGE_CURVE('',#11379,#11598,#11600,.T.);
#11598 = VERTEX_POINT('',#11599);
#11599 = CARTESIAN_POINT('',(0.5,-0.37,0.74));
#11600 = LINE('',#11601,#11602);
#11601 = CARTESIAN_POINT('',(-0.5,-0.37,0.74));
#11602 = VECTOR('',#11603,1.);
#11603 = DIRECTION('',(1.,0.,0.));
#11604 = ORIENTED_EDGE('',*,*,#11605,.T.);
#11605 = EDGE_CURVE('',#11598,#11575,#11606,.T.);
#11606 = CIRCLE('',#11607,3.E-02);
#11607 = AXIS2_PLACEMENT_3D('',#11608,#11609,#11610);
#11608 = CARTESIAN_POINT('',(0.5,-0.34,0.74));
#11609 = DIRECTION('',(-1.,0.,0.));
#11610 = DIRECTION('',(0.,0.,1.));
#11611 = ORIENTED_EDGE('',*,*,#11574,.F.);
#11612 = ORIENTED_EDGE('',*,*,#11386,.F.);
#11613 = CYLINDRICAL_SURFACE('',#11614,3.E-02);
#11614 = AXIS2_PLACEMENT_3D('',#11615,#11616,#11617);
#11615 = CARTESIAN_POINT('',(-0.5,-0.34,0.74));
#11616 = DIRECTION('',(1.,0.,0.));
#11617 = DIRECTION('',(0.,-1.,0.));
#11618 = ADVANCED_FACE('',(#11619),#11630,.F.);
#11619 = FACE_BOUND('',#11620,.F.);
#11620 = EDGE_LOOP('',(#11621,#11627,#11628,#11629));
#11621 = ORIENTED_EDGE('',*,*,#11622,.F.);
#11622 = EDGE_CURVE('',#11453,#11598,#11623,.T.);
#11623 = LINE('',#11624,#11625);
#11624 = CARTESIAN_POINT('',(0.5,-0.37,3.E-02));
#11625 = VECTOR('',#11626,1.);
#11626 = DIRECTION('',(0.,0.,1.));
#11627 = ORIENTED_EDGE('',*,*,#11461,.F.);
#11628 = ORIENTED_EDGE('',*,*,#11378,.T.);
#11629 = ORIENTED_EDGE('',*,*,#11597,.T.);
#11630 = PLANE('',#11631);
#11631 = AXIS2_PLACEMENT_3D('',#11632,#11633,#11634);
#11632 = CARTESIAN_POINT('',(-0.5,-0.37,3.E-02));
#11633 = DIRECTION('',(0.,1.,0.));
#11634 = DIRECTION('',(0.,-0.,1.));
#11635 = ADVANCED_FACE('',(#11636,#11706),#11716,.F.);
#11636 = FACE_BOUND('',#11637,.F.);
#11637 = EDGE_LOOP('',(#11638,#11648,#11657,#11665,#11674,#11682,#11691,
    #11699));
#11638 = ORIENTED_EDGE('',*,*,#11639,.F.);
#11639 = EDGE_CURVE('',#11640,#11642,#11644,.T.);
#11640 = VERTEX_POINT('',#11641);
#11641 = CARTESIAN_POINT('',(0.5,-0.4,3.E-02));
#11642 = VERTEX_POINT('',#11643);
#11643 = CARTESIAN_POINT('',(0.5,-0.4,0.77));
#11644 = LINE('',#11645,#11646);
#11645 = CARTESIAN_POINT('',(0.5,-0.4,0.));
#11646 = VECTOR('',#11647,1.);
#11647 = DIRECTION('',(0.,0.,1.));
#11648 = ORIENTED_EDGE('',*,*,#11649,.T.);
#11649 = EDGE_CURVE('',#11640,#11650,#11652,.T.);
#11650 = VERTEX_POINT('',#11651);
#11651 = CARTESIAN_POINT('',(0.5,-0.37,0.));
#11652 = CIRCLE('',#11653,3.E-02);
#11653 = AXIS2_PLACEMENT_3D('',#11654,#11655,#11656);
#11654 = CARTESIAN_POINT('',(0.5,-0.37,3.E-02));
#11655 = DIRECTION('',(1.,0.,-0.));
#11656 = DIRECTION('',(0.,0.,1.));
#11657 = ORIENTED_EDGE('',*,*,#11658,.T.);
#11658 = EDGE_CURVE('',#11650,#11659,#11661,.T.);
#11659 = VERTEX_POINT('',#11660);
#11660 = CARTESIAN_POINT('',(0.5,0.37,0.));
#11661 = LINE('',#11662,#11663);
#11662 = CARTESIAN_POINT('',(0.5,-0.4,0.));
#11663 = VECTOR('',#11664,1.);
#11664 = DIRECTION('',(0.,1.,0.));
#11665 = ORIENTED_EDGE('',*,*,#11666,.F.);
#11666 = EDGE_CURVE('',#11667,#11659,#11669,.T.);
#11667 = VERTEX_POINT('',#11668);
#11668 = CARTESIAN_POINT('',(0.5,0.4,3.E-02));
#11669 = CIRCLE('',#11670,3.E-02);
#11670 = AXIS2_PLACEMENT_3D('',#11671,#11672,#11673);
#11671 = CARTESIAN_POINT('',(0.5,0.37,3.E-02));
#11672 = DIRECTION('',(-1.,0.,0.));
#11673 = DIRECTION('',(0.,0.,1.));
#11674 = ORIENTED_EDGE('',*,*,#11675,.T.);
#11675 = EDGE_CURVE('',#11667,#11676,#11678,.T.);
#11676 = VERTEX_POINT('',#11677);
#11677 = CARTESIAN_POINT('',(0.5,0.4,0.77));
#11678 = LINE('',#11679,#11680);
#11679 = CARTESIAN_POINT('',(0.5,0.4,0.));
#11680 = VECTOR('',#11681,1.);
#11681 = DIRECTION('',(0.,0.,1.));
#11682 = ORIENTED_EDGE('',*,*,#11683,.T.);
#11683 = EDGE_CURVE('',#11676,#11684,#11686,.T.);
#11684 = VERTEX_POINT('',#11685);
#11685 = CARTESIAN_POINT('',(0.5,0.37,0.8));
#11686 = CIRCLE('',#11687,3.E-02);
#11687 = AXIS2_PLACEMENT_3D('',#11688,#11689,#11690);
#11688 = CARTESIAN_POINT('',(0.5,0.37,0.77));
#11689 = DIRECTION('',(1.,0.,-0.));
#11690 = DIRECTION('',(0.,0.,1.));
#11691 = ORIENTED_EDGE('',*,*,#11692,.F.);
#11692 = EDGE_CURVE('',#11693,#11684,#11695,.T.);
#11693 = VERTEX_POINT('',#11694);
#11694 = CARTESIAN_POINT('',(0.5,-0.37,0.8));
#11695 = LINE('',#11696,#11697);
#11696 = CARTESIAN_POINT('',(0.5,-0.4,0.8));
#11697 = VECTOR('',#11698,1.);
#11698 = DIRECTION('',(0.,1.,0.));
#11699 = ORIENTED_EDGE('',*,*,#11700,.F.);
#11700 = EDGE_CURVE('',#11642,#11693,#11701,.T.);
#11701 = CIRCLE('',#11702,3.E-02);
#11702 = AXIS2_PLACEMENT_3D('',#11703,#11704,#11705);
#11703 = CARTESIAN_POINT('',(0.5,-0.37,0.77));
#11704 = DIRECTION('',(-1.,0.,0.));
#11705 = DIRECTION('',(0.,0.,1.));
#11706 = FACE_BOUND('',#11707,.F.);
#11707 = EDGE_LOOP('',(#11708,#11709,#11710,#11711,#11712,#11713,#11714,
    #11715));
#11708 = ORIENTED_EDGE('',*,*,#11452,.F.);
#11709 = ORIENTED_EDGE('',*,*,#11622,.T.);
#11710 = ORIENTED_EDGE('',*,*,#11605,.T.);
#11711 = ORIENTED_EDGE('',*,*,#11582,.T.);
#11712 = ORIENTED_EDGE('',*,*,#11557,.F.);
#11713 = ORIENTED_EDGE('',*,*,#11524,.F.);
#11714 = ORIENTED_EDGE('',*,*,#11507,.T.);
#11715 = ORIENTED_EDGE('',*,*,#11477,.F.);
#11716 = PLANE('',#11717);
#11717 = AXIS2_PLACEMENT_3D('',#11718,#11719,#11720);
#11718 = CARTESIAN_POINT('',(0.5,-0.4,0.));
#11719 = DIRECTION('',(1.,0.,0.));
#11720 = DIRECTION('',(0.,0.,1.));
#11721 = ADVANCED_FACE('',(#11722),#11747,.F.);
#11722 = FACE_BOUND('',#11723,.F.);
#11723 = EDGE_LOOP('',(#11724,#11734,#11740,#11741));
#11724 = ORIENTED_EDGE('',*,*,#11725,.F.);
#11725 = EDGE_CURVE('',#11726,#11728,#11730,.T.);
#11726 = VERTEX_POINT('',#11727);
#11727 = CARTESIAN_POINT('',(0.8,-0.4,3.E-02));
#11728 = VERTEX_POINT('',#11729);
#11729 = CARTESIAN_POINT('',(0.8,-0.4,0.77));
#11730 = LINE('',#11731,#11732);
#11731 = CARTESIAN_POINT('',(0.8,-0.4,0.));
#11732 = VECTOR('',#11733,1.);
#11733 = DIRECTION('',(0.,0.,1.));
#11734 = ORIENTED_EDGE('',*,*,#11735,.F.);
#11735 = EDGE_CURVE('',#11640,#11726,#11736,.T.);
#11736 = LINE('',#11737,#11738);
#11737 = CARTESIAN_POINT('',(0.5,-0.4,3.E-02));
#11738 = VECTOR('',#11739,1.);
#11739 = DIRECTION('',(1.,0.,0.));
#11740 = ORIENTED_EDGE('',*,*,#11639,.T.);
#11741 = ORIENTED_EDGE('',*,*,#11742,.T.);
#11742 = EDGE_CURVE('',#11642,#11728,#11743,.T.);
#11743 = LINE('',#11744,#11745);
#11744 = CARTESIAN_POINT('',(0.5,-0.4,0.77));
#11745 = VECTOR('',#11746,1.);
#11746 = DIRECTION('',(1.,0.,0.));
#11747 = PLANE('',#11748);
#11748 = AXIS2_PLACEMENT_3D('',#11749,#11750,#11751);
#11749 = CARTESIAN_POINT('',(0.5,-0.4,0.));
#11750 = DIRECTION('',(0.,1.,0.));
#11751 = DIRECTION('',(0.,-0.,1.));
#11752 = ADVANCED_FACE('',(#11753),#11772,.T.);
#11753 = FACE_BOUND('',#11754,.T.);
#11754 = EDGE_LOOP('',(#11755,#11756,#11764,#11771));
#11755 = ORIENTED_EDGE('',*,*,#11649,.T.);
#11756 = ORIENTED_EDGE('',*,*,#11757,.T.);
#11757 = EDGE_CURVE('',#11650,#11758,#11760,.T.);
#11758 = VERTEX_POINT('',#11759);
#11759 = CARTESIAN_POINT('',(0.8,-0.37,0.));
#11760 = LINE('',#11761,#11762);
#11761 = CARTESIAN_POINT('',(0.5,-0.37,0.));
#11762 = VECTOR('',#11763,1.);
#11763 = DIRECTION('',(1.,0.,0.));
#11764 = ORIENTED_EDGE('',*,*,#11765,.F.);
#11765 = EDGE_CURVE('',#11726,#11758,#11766,.T.);
#11766 = CIRCLE('',#11767,3.E-02);
#11767 = AXIS2_PLACEMENT_3D('',#11768,#11769,#11770);
#11768 = CARTESIAN_POINT('',(0.8,-0.37,3.E-02));
#11769 = DIRECTION('',(1.,0.,-0.));
#11770 = DIRECTION('',(0.,0.,1.));
#11771 = ORIENTED_EDGE('',*,*,#11735,.F.);
#11772 = CYLINDRICAL_SURFACE('',#11773,3.E-02);
#11773 = AXIS2_PLACEMENT_3D('',#11774,#11775,#11776);
#11774 = CARTESIAN_POINT('',(0.5,-0.37,3.E-02));
#11775 = DIRECTION('',(1.,0.,0.));
#11776 = DIRECTION('',(0.,-1.,0.));
#11777 = ADVANCED_FACE('',(#11778),#11797,.T.);
#11778 = FACE_BOUND('',#11779,.T.);
#11779 = EDGE_LOOP('',(#11780,#11781,#11790,#11796));
#11780 = ORIENTED_EDGE('',*,*,#11742,.T.);
#11781 = ORIENTED_EDGE('',*,*,#11782,.T.);
#11782 = EDGE_CURVE('',#11728,#11783,#11785,.T.);
#11783 = VERTEX_POINT('',#11784);
#11784 = CARTESIAN_POINT('',(0.8,-0.37,0.8));
#11785 = CIRCLE('',#11786,3.E-02);
#11786 = AXIS2_PLACEMENT_3D('',#11787,#11788,#11789);
#11787 = CARTESIAN_POINT('',(0.8,-0.37,0.77));
#11788 = DIRECTION('',(-1.,0.,0.));
#11789 = DIRECTION('',(0.,0.,1.));
#11790 = ORIENTED_EDGE('',*,*,#11791,.F.);
#11791 = EDGE_CURVE('',#11693,#11783,#11792,.T.);
#11792 = LINE('',#11793,#11794);
#11793 = CARTESIAN_POINT('',(0.5,-0.37,0.8));
#11794 = VECTOR('',#11795,1.);
#11795 = DIRECTION('',(1.,0.,0.));
#11796 = ORIENTED_EDGE('',*,*,#11700,.F.);
#11797 = CYLINDRICAL_SURFACE('',#11798,3.E-02);
#11798 = AXIS2_PLACEMENT_3D('',#11799,#11800,#11801);
#11799 = CARTESIAN_POINT('',(0.5,-0.37,0.77));
#11800 = DIRECTION('',(1.,0.,0.));
#11801 = DIRECTION('',(0.,-1.,0.));
#11802 = ADVANCED_FACE('',(#11803),#11821,.F.);
#11803 = FACE_BOUND('',#11804,.F.);
#11804 = EDGE_LOOP('',(#11805,#11806,#11807,#11815));
#11805 = ORIENTED_EDGE('',*,*,#11658,.F.);
#11806 = ORIENTED_EDGE('',*,*,#11757,.T.);
#11807 = ORIENTED_EDGE('',*,*,#11808,.T.);
#11808 = EDGE_CURVE('',#11758,#11809,#11811,.T.);
#11809 = VERTEX_POINT('',#11810);
#11810 = CARTESIAN_POINT('',(0.8,0.37,0.));
#11811 = LINE('',#11812,#11813);
#11812 = CARTESIAN_POINT('',(0.8,-0.4,0.));
#11813 = VECTOR('',#11814,1.);
#11814 = DIRECTION('',(0.,1.,0.));
#11815 = ORIENTED_EDGE('',*,*,#11816,.F.);
#11816 = EDGE_CURVE('',#11659,#11809,#11817,.T.);
#11817 = LINE('',#11818,#11819);
#11818 = CARTESIAN_POINT('',(0.5,0.37,0.));
#11819 = VECTOR('',#11820,1.);
#11820 = DIRECTION('',(1.,0.,0.));
#11821 = PLANE('',#11822);
#11822 = AXIS2_PLACEMENT_3D('',#11823,#11824,#11825);
#11823 = CARTESIAN_POINT('',(0.5,-0.4,0.));
#11824 = DIRECTION('',(0.,0.,1.));
#11825 = DIRECTION('',(1.,0.,-0.));
#11826 = ADVANCED_FACE('',(#11827),#11845,.T.);
#11827 = FACE_BOUND('',#11828,.T.);
#11828 = EDGE_LOOP('',(#11829,#11830,#11831,#11839));
#11829 = ORIENTED_EDGE('',*,*,#11692,.F.);
#11830 = ORIENTED_EDGE('',*,*,#11791,.T.);
#11831 = ORIENTED_EDGE('',*,*,#11832,.T.);
#11832 = EDGE_CURVE('',#11783,#11833,#11835,.T.);
#11833 = VERTEX_POINT('',#11834);
#11834 = CARTESIAN_POINT('',(0.8,0.37,0.8));
#11835 = LINE('',#11836,#11837);
#11836 = CARTESIAN_POINT('',(0.8,-0.4,0.8));
#11837 = VECTOR('',#11838,1.);
#11838 = DIRECTION('',(0.,1.,0.));
#11839 = ORIENTED_EDGE('',*,*,#11840,.F.);
#11840 = EDGE_CURVE('',#11684,#11833,#11841,.T.);
#11841 = LINE('',#11842,#11843);
#11842 = CARTESIAN_POINT('',(0.5,0.37,0.8));
#11843 = VECTOR('',#11844,1.);
#11844 = DIRECTION('',(1.,0.,0.));
#11845 = PLANE('',#11846);
#11846 = AXIS2_PLACEMENT_3D('',#11847,#11848,#11849);
#11847 = CARTESIAN_POINT('',(0.5,-0.4,0.8));
#11848 = DIRECTION('',(0.,0.,1.));
#11849 = DIRECTION('',(1.,0.,-0.));
#11850 = ADVANCED_FACE('',(#11851),#11870,.T.);
#11851 = FACE_BOUND('',#11852,.T.);
#11852 = EDGE_LOOP('',(#11853,#11861,#11868,#11869));
#11853 = ORIENTED_EDGE('',*,*,#11854,.T.);
#11854 = EDGE_CURVE('',#11667,#11855,#11857,.T.);
#11855 = VERTEX_POINT('',#11856);
#11856 = CARTESIAN_POINT('',(0.8,0.4,3.E-02));
#11857 = LINE('',#11858,#11859);
#11858 = CARTESIAN_POINT('',(0.5,0.4,3.E-02));
#11859 = VECTOR('',#11860,1.);
#11860 = DIRECTION('',(1.,0.,0.));
#11861 = ORIENTED_EDGE('',*,*,#11862,.T.);
#11862 = EDGE_CURVE('',#11855,#11809,#11863,.T.);
#11863 = CIRCLE('',#11864,3.E-02);
#11864 = AXIS2_PLACEMENT_3D('',#11865,#11866,#11867);
#11865 = CARTESIAN_POINT('',(0.8,0.37,3.E-02));
#11866 = DIRECTION('',(-1.,0.,0.));
#11867 = DIRECTION('',(0.,0.,1.));
#11868 = ORIENTED_EDGE('',*,*,#11816,.F.);
#11869 = ORIENTED_EDGE('',*,*,#11666,.F.);
#11870 = CYLINDRICAL_SURFACE('',#11871,3.E-02);
#11871 = AXIS2_PLACEMENT_3D('',#11872,#11873,#11874);
#11872 = CARTESIAN_POINT('',(0.5,0.37,3.E-02));
#11873 = DIRECTION('',(1.,0.,0.));
#11874 = DIRECTION('',(-0.,1.,0.));
#11875 = ADVANCED_FACE('',(#11876),#11895,.T.);
#11876 = FACE_BOUND('',#11877,.T.);
#11877 = EDGE_LOOP('',(#11878,#11879,#11880,#11889));
#11878 = ORIENTED_EDGE('',*,*,#11683,.T.);
#11879 = ORIENTED_EDGE('',*,*,#11840,.T.);
#11880 = ORIENTED_EDGE('',*,*,#11881,.F.);
#11881 = EDGE_CURVE('',#11882,#11833,#11884,.T.);
#11882 = VERTEX_POINT('',#11883);
#11883 = CARTESIAN_POINT('',(0.8,0.4,0.77));
#11884 = CIRCLE('',#11885,3.E-02);
#11885 = AXIS2_PLACEMENT_3D('',#11886,#11887,#11888);
#11886 = CARTESIAN_POINT('',(0.8,0.37,0.77));
#11887 = DIRECTION('',(1.,0.,-0.));
#11888 = DIRECTION('',(0.,0.,1.));
#11889 = ORIENTED_EDGE('',*,*,#11890,.F.);
#11890 = EDGE_CURVE('',#11676,#11882,#11891,.T.);
#11891 = LINE('',#11892,#11893);
#11892 = CARTESIAN_POINT('',(0.5,0.4,0.77));
#11893 = VECTOR('',#11894,1.);
#11894 = DIRECTION('',(1.,0.,0.));
#11895 = CYLINDRICAL_SURFACE('',#11896,3.E-02);
#11896 = AXIS2_PLACEMENT_3D('',#11897,#11898,#11899);
#11897 = CARTESIAN_POINT('',(0.5,0.37,0.77));
#11898 = DIRECTION('',(1.,0.,0.));
#11899 = DIRECTION('',(-0.,1.,0.));
#11900 = ADVANCED_FACE('',(#11901),#11912,.T.);
#11901 = FACE_BOUND('',#11902,.T.);
#11902 = EDGE_LOOP('',(#11903,#11909,#11910,#11911));
#11903 = ORIENTED_EDGE('',*,*,#11904,.F.);
#11904 = EDGE_CURVE('',#11855,#11882,#11905,.T.);
#11905 = LINE('',#11906,#11907);
#11906 = CARTESIAN_POINT('',(0.8,0.4,0.));
#11907 = VECTOR('',#11908,1.);
#11908 = DIRECTION('',(0.,0.,1.));
#11909 = ORIENTED_EDGE('',*,*,#11854,.F.);
#11910 = ORIENTED_EDGE('',*,*,#11675,.T.);
#11911 = ORIENTED_EDGE('',*,*,#11890,.T.);
#11912 = PLANE('',#11913);
#11913 = AXIS2_PLACEMENT_3D('',#11914,#11915,#11916);
#11914 = CARTESIAN_POINT('',(0.5,0.4,0.));
#11915 = DIRECTION('',(0.,1.,0.));
#11916 = DIRECTION('',(0.,-0.,1.));
#11917 = ADVANCED_FACE('',(#11918),#11928,.T.);
#11918 = FACE_BOUND('',#11919,.T.);
#11919 = EDGE_LOOP('',(#11920,#11921,#11922,#11923,#11924,#11925,#11926,
    #11927));
#11920 = ORIENTED_EDGE('',*,*,#11725,.F.);
#11921 = ORIENTED_EDGE('',*,*,#11765,.T.);
#11922 = ORIENTED_EDGE('',*,*,#11808,.T.);
#11923 = ORIENTED_EDGE('',*,*,#11862,.F.);
#11924 = ORIENTED_EDGE('',*,*,#11904,.T.);
#11925 = ORIENTED_EDGE('',*,*,#11881,.T.);
#11926 = ORIENTED_EDGE('',*,*,#11832,.F.);
#11927 = ORIENTED_EDGE('',*,*,#11782,.F.);
#11928 = PLANE('',#11929);
#11929 = AXIS2_PLACEMENT_3D('',#11930,#11931,#11932);
#11930 = CARTESIAN_POINT('',(0.8,-0.4,0.));
#11931 = DIRECTION('',(1.,0.,0.));
#11932 = DIRECTION('',(0.,0.,1.));
#11933 = ( GEOMETRIC_REPRESENTATION_CONTEXT(3) 
GLOBAL_UNCERTAINTY_ASSIGNED_CONTEXT((#11937)) 
GLOBAL_UNIT_ASSIGNED_CONTEXT((#11934,#11935,#11936)) 
REPRESENTATION_CONTEXT('Context #1',
  '3D Context with UNIT and UNCERTAINTY') );
#11934 = ( LENGTH_UNIT() NAMED_UNIT(*) SI_UNIT(.MILLI.,.METRE.) );
#11935 = ( NAMED_UNIT(*) PLANE_ANGLE_UNIT() SI_UNIT($,.RADIAN.) );
#11936 = ( NAMED_UNIT(*) SI_UNIT($,.STERADIAN.) SOLID_ANGLE_UNIT() );
#11937 = UNCERTAINTY_MEASURE_WITH_UNIT(LENGTH_MEASURE(1.E-07),#11934,
  'distance_accuracy_value','confusion accuracy');
#11938 = CONTEXT_DEPENDENT_SHAPE_REPRESENTATION(#11939,#11941);
#11939 = ( REPRESENTATION_RELATIONSHIP('','',#11078,#11055) 
REPRESENTATION_RELATIONSHIP_WITH_TRANSFORMATION(#11940) 
SHAPE_REPRESENTATION_RELATIONSHIP() );
#11940 = ITEM_DEFINED_TRANSFORMATION('','',#11,#11056);
#11941 = PRODUCT_DEFINITION_SHAPE('Placement','Placement of an item',
  #11942);
#11942 = NEXT_ASSEMBLY_USAGE_OCCURRENCE('18','=>[0:1:1:9]','',#11050,
  #11073,$);
#11943 = PRODUCT_RELATED_PRODUCT_CATEGORY('part',$,(#11075));
#11944 = CONTEXT_DEPENDENT_SHAPE_REPRESENTATION(#11945,#11947);
#11945 = ( REPRESENTATION_RELATIONSHIP('','',#10183,#10) 
REPRESENTATION_RELATIONSHIP_WITH_TRANSFORMATION(#11946) 
SHAPE_REPRESENTATION_RELATIONSHIP() );
#11946 = ITEM_DEFINED_TRANSFORMATION('','',#11,#75);
#11947 = PRODUCT_DEFINITION_SHAPE('Placement','Placement of an item',
  #11948);
#11948 = NEXT_ASSEMBLY_USAGE_OCCURRENCE('20','R177','',#5,#10178,$);
#11949 = CONTEXT_DEPENDENT_SHAPE_REPRESENTATION(#11950,#11952);
#11950 = ( REPRESENTATION_RELATIONSHIP('','',#10183,#10) 
REPRESENTATION_RELATIONSHIP_WITH_TRANSFORMATION(#11951) 
SHAPE_REPRESENTATION_RELATIONSHIP() );
#11951 = ITEM_DEFINED_TRANSFORMATION('','',#11,#79);
#11952 = PRODUCT_DEFINITION_SHAPE('Placement','Placement of an item',
  #11953);
#11953 = NEXT_ASSEMBLY_USAGE_OCCURRENCE('21','R180','',#5,#10178,$);
#11954 = CONTEXT_DEPENDENT_SHAPE_REPRESENTATION(#11955,#11957);
#11955 = ( REPRESENTATION_RELATIONSHIP('','',#10183,#10) 
REPRESENTATION_RELATIONSHIP_WITH_TRANSFORMATION(#11956) 
SHAPE_REPRESENTATION_RELATIONSHIP() );
#11956 = ITEM_DEFINED_TRANSFORMATION('','',#11,#83);
#11957 = PRODUCT_DEFINITION_SHAPE('Placement','Placement of an item',
  #11958);
#11958 = NEXT_ASSEMBLY_USAGE_OCCURRENCE('22','R186','',#5,#10178,$);
#11959 = CONTEXT_DEPENDENT_SHAPE_REPRESENTATION(#11960,#11962);
#11960 = ( REPRESENTATION_RELATIONSHIP('','',#10183,#10) 
REPRESENTATION_RELATIONSHIP_WITH_TRANSFORMATION(#11961) 
SHAPE_REPRESENTATION_RELATIONSHIP() );
#11961 = ITEM_DEFINED_TRANSFORMATION('','',#11,#87);
#11962 = PRODUCT_DEFINITION_SHAPE('Placement','Placement of an item',
  #11963);
#11963 = NEXT_ASSEMBLY_USAGE_OCCURRENCE('23','R195','',#5,#10178,$);
#11964 = CONTEXT_DEPENDENT_SHAPE_REPRESENTATION(#11965,#11967);
#11965 = ( REPRESENTATION_RELATIONSHIP('','',#11055,#10) 
REPRESENTATION_RELATIONSHIP_WITH_TRANSFORMATION(#11966) 
SHAPE_REPRESENTATION_RELATIONSHIP() );
#11966 = ITEM_DEFINED_TRANSFORMATION('','',#11,#91);
#11967 = PRODUCT_DEFINITION_SHAPE('Placement','Placement of an item',
  #11968);
#11968 = NEXT_ASSEMBLY_USAGE_OCCURRENCE('24','C28','',#5,#11050,$);
#11969 = CONTEXT_DEPENDENT_SHAPE_REPRESENTATION(#11970,#11972);
#11970 = ( REPRESENTATION_RELATIONSHIP('','',#10183,#10) 
REPRESENTATION_RELATIONSHIP_WITH_TRANSFORMATION(#11971) 
SHAPE_REPRESENTATION_RELATIONSHIP() );
#11971 = ITEM_DEFINED_TRANSFORMATION('','',#11,#95);
#11972 = PRODUCT_DEFINITION_SHAPE('Placement','Placement of an item',
  #11973);
#11973 = NEXT_ASSEMBLY_USAGE_OCCURRENCE('25','R163','',#5,#10178,$);
#11974 = CONTEXT_DEPENDENT_SHAPE_REPRESENTATION(#11975,#11977);
#11975 = ( REPRESENTATION_RELATIONSHIP('','',#10183,#10) 
REPRESENTATION_RELATIONSHIP_WITH_TRANSFORMATION(#11976) 
SHAPE_REPRESENTATION_RELATIONSHIP() );
#11976 = ITEM_DEFINED_TRANSFORMATION('','',#11,#99);
#11977 = PRODUCT_DEFINITION_SHAPE('Placement','Placement of an item',
  #11978);
#11978 = NEXT_ASSEMBLY_USAGE_OCCURRENCE('26','R173','',#5,#10178,$);
#11979 = CONTEXT_DEPENDENT_SHAPE_REPRESENTATION(#11980,#11982);
#11980 = ( REPRESENTATION_RELATIONSHIP('','',#10183,#10) 
REPRESENTATION_RELATIONSHIP_WITH_TRANSFORMATION(#11981) 
SHAPE_REPRESENTATION_RELATIONSHIP() );
#11981 = ITEM_DEFINED_TRANSFORMATION('','',#11,#103);
#11982 = PRODUCT_DEFINITION_SHAPE('Placement','Placement of an item',
  #11983);
#11983 = NEXT_ASSEMBLY_USAGE_OCCURRENCE('27','R161','',#5,#10178,$);
#11984 = CONTEXT_DEPENDENT_SHAPE_REPRESENTATION(#11985,#11987);
#11985 = ( REPRESENTATION_RELATIONSHIP('','',#10183,#10) 
REPRESENTATION_RELATIONSHIP_WITH_TRANSFORMATION(#11986) 
SHAPE_REPRESENTATION_RELATIONSHIP() );
#11986 = ITEM_DEFINED_TRANSFORMATION('','',#11,#107);
#11987 = PRODUCT_DEFINITION_SHAPE('Placement','Placement of an item',
  #11988);
#11988 = NEXT_ASSEMBLY_USAGE_OCCURRENCE('28','R175','',#5,#10178,$);
#11989 = CONTEXT_DEPENDENT_SHAPE_REPRESENTATION(#11990,#11992);
#11990 = ( REPRESENTATION_RELATIONSHIP('','',#10183,#10) 
REPRESENTATION_RELATIONSHIP_WITH_TRANSFORMATION(#11991) 
SHAPE_REPRESENTATION_RELATIONSHIP() );
#11991 = ITEM_DEFINED_TRANSFORMATION('','',#11,#111);
#11992 = PRODUCT_DEFINITION_SHAPE('Placement','Placement of an item',
  #11993);
#11993 = NEXT_ASSEMBLY_USAGE_OCCURRENCE('29','R197','',#5,#10178,$);
#11994 = CONTEXT_DEPENDENT_SHAPE_REPRESENTATION(#11995,#11997);
#11995 = ( REPRESENTATION_RELATIONSHIP('','',#10183,#10) 
REPRESENTATION_RELATIONSHIP_WITH_TRANSFORMATION(#11996) 
SHAPE_REPRESENTATION_RELATIONSHIP() );
#11996 = ITEM_DEFINED_TRANSFORMATION('','',#11,#115);
#11997 = PRODUCT_DEFINITION_SHAPE('Placement','Placement of an item',
  #11998);
#11998 = NEXT_ASSEMBLY_USAGE_OCCURRENCE('30','R181','',#5,#10178,$);
#11999 = CONTEXT_DEPENDENT_SHAPE_REPRESENTATION(#12000,#12002);
#12000 = ( REPRESENTATION_RELATIONSHIP('','',#10183,#10) 
REPRESENTATION_RELATIONSHIP_WITH_TRANSFORMATION(#12001) 
SHAPE_REPRESENTATION_RELATIONSHIP() );
#12001 = ITEM_DEFINED_TRANSFORMATION('','',#11,#119);
#12002 = PRODUCT_DEFINITION_SHAPE('Placement','Placement of an item',
  #12003);
#12003 = NEXT_ASSEMBLY_USAGE_OCCURRENCE('31','R187','',#5,#10178,$);
#12004 = CONTEXT_DEPENDENT_SHAPE_REPRESENTATION(#12005,#12007);
#12005 = ( REPRESENTATION_RELATIONSHIP('','',#10183,#10) 
REPRESENTATION_RELATIONSHIP_WITH_TRANSFORMATION(#12006) 
SHAPE_REPRESENTATION_RELATIONSHIP() );
#12006 = ITEM_DEFINED_TRANSFORMATION('','',#11,#123);
#12007 = PRODUCT_DEFINITION_SHAPE('Placement','Placement of an item',
  #12008);
#12008 = NEXT_ASSEMBLY_USAGE_OCCURRENCE('32','R183','',#5,#10178,$);
#12009 = CONTEXT_DEPENDENT_SHAPE_REPRESENTATION(#12010,#12012);
#12010 = ( REPRESENTATION_RELATIONSHIP('','',#11055,#10) 
REPRESENTATION_RELATIONSHIP_WITH_TRANSFORMATION(#12011) 
SHAPE_REPRESENTATION_RELATIONSHIP() );
#12011 = ITEM_DEFINED_TRANSFORMATION('','',#11,#127);
#12012 = PRODUCT_DEFINITION_SHAPE('Placement','Placement of an item',
  #12013);
#12013 = NEXT_ASSEMBLY_USAGE_OCCURRENCE('33','C27','',#5,#11050,$);
#12014 = CONTEXT_DEPENDENT_SHAPE_REPRESENTATION(#12015,#12017);
#12015 = ( REPRESENTATION_RELATIONSHIP('','',#11055,#10) 
REPRESENTATION_RELATIONSHIP_WITH_TRANSFORMATION(#12016) 
SHAPE_REPRESENTATION_RELATIONSHIP() );
#12016 = ITEM_DEFINED_TRANSFORMATION('','',#11,#131);
#12017 = PRODUCT_DEFINITION_SHAPE('Placement','Placement of an item',
  #12018);
#12018 = NEXT_ASSEMBLY_USAGE_OCCURRENCE('34','C50','',#5,#11050,$);
#12019 = CONTEXT_DEPENDENT_SHAPE_REPRESENTATION(#12020,#12022);
#12020 = ( REPRESENTATION_RELATIONSHIP('','',#10183,#10) 
REPRESENTATION_RELATIONSHIP_WITH_TRANSFORMATION(#12021) 
SHAPE_REPRESENTATION_RELATIONSHIP() );
#12021 = ITEM_DEFINED_TRANSFORMATION('','',#11,#135);
#12022 = PRODUCT_DEFINITION_SHAPE('Placement','Placement of an item',
  #12023);
#12023 = NEXT_ASSEMBLY_USAGE_OCCURRENCE('35','R190','',#5,#10178,$);
#12024 = CONTEXT_DEPENDENT_SHAPE_REPRESENTATION(#12025,#12027);
#12025 = ( REPRESENTATION_RELATIONSHIP('','',#10183,#10) 
REPRESENTATION_RELATIONSHIP_WITH_TRANSFORMATION(#12026) 
SHAPE_REPRESENTATION_RELATIONSHIP() );
#12026 = ITEM_DEFINED_TRANSFORMATION('','',#11,#139);
#12027 = PRODUCT_DEFINITION_SHAPE('Placement','Placement of an item',
  #12028);
#12028 = NEXT_ASSEMBLY_USAGE_OCCURRENCE('36','R164','',#5,#10178,$);
#12029 = CONTEXT_DEPENDENT_SHAPE_REPRESENTATION(#12030,#12032);
#12030 = ( REPRESENTATION_RELATIONSHIP('','',#10183,#10) 
REPRESENTATION_RELATIONSHIP_WITH_TRANSFORMATION(#12031) 
SHAPE_REPRESENTATION_RELATIONSHIP() );
#12031 = ITEM_DEFINED_TRANSFORMATION('','',#11,#143);
#12032 = PRODUCT_DEFINITION_SHAPE('Placement','Placement of an item',
  #12033);
#12033 = NEXT_ASSEMBLY_USAGE_OCCURRENCE('37','R193','',#5,#10178,$);
#12034 = CONTEXT_DEPENDENT_SHAPE_REPRESENTATION(#12035,#12037);
#12035 = ( REPRESENTATION_RELATIONSHIP('','',#10183,#10) 
REPRESENTATION_RELATIONSHIP_WITH_TRANSFORMATION(#12036) 
SHAPE_REPRESENTATION_RELATIONSHIP() );
#12036 = ITEM_DEFINED_TRANSFORMATION('','',#11,#147);
#12037 = PRODUCT_DEFINITION_SHAPE('Placement','Placement of an item',
  #12038);
#12038 = NEXT_ASSEMBLY_USAGE_OCCURRENCE('38','R196','',#5,#10178,$);
#12039 = CONTEXT_DEPENDENT_SHAPE_REPRESENTATION(#12040,#12042);
#12040 = ( REPRESENTATION_RELATIONSHIP('','',#10183,#10) 
REPRESENTATION_RELATIONSHIP_WITH_TRANSFORMATION(#12041) 
SHAPE_REPRESENTATION_RELATIONSHIP() );
#12041 = ITEM_DEFINED_TRANSFORMATION('','',#11,#151);
#12042 = PRODUCT_DEFINITION_SHAPE('Placement','Placement of an item',
  #12043);
#12043 = NEXT_ASSEMBLY_USAGE_OCCURRENCE('39','R167','',#5,#10178,$);
#12044 = CONTEXT_DEPENDENT_SHAPE_REPRESENTATION(#12045,#12047);
#12045 = ( REPRESENTATION_RELATIONSHIP('','',#10183,#10) 
REPRESENTATION_RELATIONSHIP_WITH_TRANSFORMATION(#12046) 
SHAPE_REPRESENTATION_RELATIONSHIP() );
#12046 = ITEM_DEFINED_TRANSFORMATION('','',#11,#155);
#12047 = PRODUCT_DEFINITION_SHAPE('Placement','Placement of an item',
  #12048);
#12048 = NEXT_ASSEMBLY_USAGE_OCCURRENCE('40','R194','',#5,#10178,$);
#12049 = CONTEXT_DEPENDENT_SHAPE_REPRESENTATION(#12050,#12052);
#12050 = ( REPRESENTATION_RELATIONSHIP('','',#10183,#10) 
REPRESENTATION_RELATIONSHIP_WITH_TRANSFORMATION(#12051) 
SHAPE_REPRESENTATION_RELATIONSHIP() );
#12051 = ITEM_DEFINED_TRANSFORMATION('','',#11,#159);
#12052 = PRODUCT_DEFINITION_SHAPE('Placement','Placement of an item',
  #12053);
#12053 = NEXT_ASSEMBLY_USAGE_OCCURRENCE('41','R182','',#5,#10178,$);
#12054 = CONTEXT_DEPENDENT_SHAPE_REPRESENTATION(#12055,#12057);
#12055 = ( REPRESENTATION_RELATIONSHIP('','',#11055,#10) 
REPRESENTATION_RELATIONSHIP_WITH_TRANSFORMATION(#12056) 
SHAPE_REPRESENTATION_RELATIONSHIP() );
#12056 = ITEM_DEFINED_TRANSFORMATION('','',#11,#163);
#12057 = PRODUCT_DEFINITION_SHAPE('Placement','Placement of an item',
  #12058);
#12058 = NEXT_ASSEMBLY_USAGE_OCCURRENCE('42','C29','',#5,#11050,$);
#12059 = CONTEXT_DEPENDENT_SHAPE_REPRESENTATION(#12060,#12062);
#12060 = ( REPRESENTATION_RELATIONSHIP('','',#10183,#10) 
REPRESENTATION_RELATIONSHIP_WITH_TRANSFORMATION(#12061) 
SHAPE_REPRESENTATION_RELATIONSHIP() );
#12061 = ITEM_DEFINED_TRANSFORMATION('','',#11,#167);
#12062 = PRODUCT_DEFINITION_SHAPE('Placement','Placement of an item',
  #12063);
#12063 = NEXT_ASSEMBLY_USAGE_OCCURRENCE('43','R191','',#5,#10178,$);
#12064 = CONTEXT_DEPENDENT_SHAPE_REPRESENTATION(#12065,#12067);
#12065 = ( REPRESENTATION_RELATIONSHIP('','',#10183,#10) 
REPRESENTATION_RELATIONSHIP_WITH_TRANSFORMATION(#12066) 
SHAPE_REPRESENTATION_RELATIONSHIP() );
#12066 = ITEM_DEFINED_TRANSFORMATION('','',#11,#171);
#12067 = PRODUCT_DEFINITION_SHAPE('Placement','Placement of an item',
  #12068);
#12068 = NEXT_ASSEMBLY_USAGE_OCCURRENCE('44','R500','',#5,#10178,$);
#12069 = CONTEXT_DEPENDENT_SHAPE_REPRESENTATION(#12070,#12072);
#12070 = ( REPRESENTATION_RELATIONSHIP('','',#10183,#10) 
REPRESENTATION_RELATIONSHIP_WITH_TRANSFORMATION(#12071) 
SHAPE_REPRESENTATION_RELATIONSHIP() );
#12071 = ITEM_DEFINED_TRANSFORMATION('','',#11,#175);
#12072 = PRODUCT_DEFINITION_SHAPE('Placement','Placement of an item',
  #12073);
#12073 = NEXT_ASSEMBLY_USAGE_OCCURRENCE('45','R192','',#5,#10178,$);
#12074 = CONTEXT_DEPENDENT_SHAPE_REPRESENTATION(#12075,#12077);
#12075 = ( REPRESENTATION_RELATIONSHIP('','',#10183,#10) 
REPRESENTATION_RELATIONSHIP_WITH_TRANSFORMATION(#12076) 
SHAPE_REPRESENTATION_RELATIONSHIP() );
#12076 = ITEM_DEFINED_TRANSFORMATION('','',#11,#179);
#12077 = PRODUCT_DEFINITION_SHAPE('Placement','Placement of an item',
  #12078);
#12078 = NEXT_ASSEMBLY_USAGE_OCCURRENCE('46','R170','',#5,#10178,$);
#12079 = CONTEXT_DEPENDENT_SHAPE_REPRESENTATION(#12080,#12082);
#12080 = ( REPRESENTATION_RELATIONSHIP('','',#10183,#10) 
REPRESENTATION_RELATIONSHIP_WITH_TRANSFORMATION(#12081) 
SHAPE_REPRESENTATION_RELATIONSHIP() );
#12081 = ITEM_DEFINED_TRANSFORMATION('','',#11,#183);
#12082 = PRODUCT_DEFINITION_SHAPE('Placement','Placement of an item',
  #12083);
#12083 = NEXT_ASSEMBLY_USAGE_OCCURRENCE('47','R160','',#5,#10178,$);
#12084 = SHAPE_DEFINITION_REPRESENTATION(#12085,#12091);
#12085 = PRODUCT_DEFINITION_SHAPE('','',#12086);
#12086 = PRODUCT_DEFINITION('design','',#12087,#12090);
#12087 = PRODUCT_DEFINITION_FORMATION('','',#12088);
#12088 = PRODUCT('PoseDoll_RevO3_distal4_narrow_PCB',
  'PoseDoll_RevO3_distal4_narrow_PCB','',(#12089));
#12089 = PRODUCT_CONTEXT('',#2,'mechanical');
#12090 = PRODUCT_DEFINITION_CONTEXT('part definition',#2,'design');
#12091 = ADVANCED_BREP_SHAPE_REPRESENTATION('',(#11,#12092),#12242);
#12092 = MANIFOLD_SOLID_BREP('',#12093);
#12093 = CLOSED_SHELL('',(#12094,#12134,#12165,#12196,#12218,#12230));
#12094 = ADVANCED_FACE('',(#12095),#12129,.T.);
#12095 = FACE_BOUND('',#12096,.T.);
#12096 = EDGE_LOOP('',(#12097,#12107,#12115,#12123));
#12097 = ORIENTED_EDGE('',*,*,#12098,.T.);
#12098 = EDGE_CURVE('',#12099,#12101,#12103,.T.);
#12099 = VERTEX_POINT('',#12100);
#12100 = CARTESIAN_POINT('',(20.,-36.,0.));
#12101 = VERTEX_POINT('',#12102);
#12102 = CARTESIAN_POINT('',(20.,-36.,1.109998));
#12103 = LINE('',#12104,#12105);
#12104 = CARTESIAN_POINT('',(20.,-36.,0.));
#12105 = VECTOR('',#12106,1.);
#12106 = DIRECTION('',(0.,0.,1.));
#12107 = ORIENTED_EDGE('',*,*,#12108,.T.);
#12108 = EDGE_CURVE('',#12101,#12109,#12111,.T.);
#12109 = VERTEX_POINT('',#12110);
#12110 = CARTESIAN_POINT('',(0.,-36.,1.109998));
#12111 = LINE('',#12112,#12113);
#12112 = CARTESIAN_POINT('',(20.,-36.,1.109998));
#12113 = VECTOR('',#12114,1.);
#12114 = DIRECTION('',(-1.,0.,0.));
#12115 = ORIENTED_EDGE('',*,*,#12116,.F.);
#12116 = EDGE_CURVE('',#12117,#12109,#12119,.T.);
#12117 = VERTEX_POINT('',#12118);
#12118 = CARTESIAN_POINT('',(0.,-36.,0.));
#12119 = LINE('',#12120,#12121);
#12120 = CARTESIAN_POINT('',(0.,-36.,0.));
#12121 = VECTOR('',#12122,1.);
#12122 = DIRECTION('',(0.,0.,1.));
#12123 = ORIENTED_EDGE('',*,*,#12124,.F.);
#12124 = EDGE_CURVE('',#12099,#12117,#12125,.T.);
#12125 = LINE('',#12126,#12127);
#12126 = CARTESIAN_POINT('',(20.,-36.,0.));
#12127 = VECTOR('',#12128,1.);
#12128 = DIRECTION('',(-1.,0.,0.));
#12129 = PLANE('',#12130);
#12130 = AXIS2_PLACEMENT_3D('',#12131,#12132,#12133);
#12131 = CARTESIAN_POINT('',(20.,-36.,0.));
#12132 = DIRECTION('',(0.,-1.,0.));
#12133 = DIRECTION('',(-1.,0.,0.));
#12134 = ADVANCED_FACE('',(#12135),#12160,.T.);
#12135 = FACE_BOUND('',#12136,.T.);
#12136 = EDGE_LOOP('',(#12137,#12138,#12146,#12154));
#12137 = ORIENTED_EDGE('',*,*,#12116,.T.);
#12138 = ORIENTED_EDGE('',*,*,#12139,.T.);
#12139 = EDGE_CURVE('',#12109,#12140,#12142,.T.);
#12140 = VERTEX_POINT('',#12141);
#12141 = CARTESIAN_POINT('',(0.,0.,1.109998));
#12142 = LINE('',#12143,#12144);
#12143 = CARTESIAN_POINT('',(0.,-36.,1.109998));
#12144 = VECTOR('',#12145,1.);
#12145 = DIRECTION('',(0.,1.,0.));
#12146 = ORIENTED_EDGE('',*,*,#12147,.F.);
#12147 = EDGE_CURVE('',#12148,#12140,#12150,.T.);
#12148 = VERTEX_POINT('',#12149);
#12149 = CARTESIAN_POINT('',(0.,-0.,0.));
#12150 = LINE('',#12151,#12152);
#12151 = CARTESIAN_POINT('',(0.,-0.,0.));
#12152 = VECTOR('',#12153,1.);
#12153 = DIRECTION('',(0.,0.,1.));
#12154 = ORIENTED_EDGE('',*,*,#12155,.F.);
#12155 = EDGE_CURVE('',#12117,#12148,#12156,.T.);
#12156 = LINE('',#12157,#12158);
#12157 = CARTESIAN_POINT('',(0.,-36.,0.));
#12158 = VECTOR('',#12159,1.);
#12159 = DIRECTION('',(0.,1.,0.));
#12160 = PLANE('',#12161);
#12161 = AXIS2_PLACEMENT_3D('',#12162,#12163,#12164);
#12162 = CARTESIAN_POINT('',(0.,-36.,0.));
#12163 = DIRECTION('',(-1.,0.,0.));
#12164 = DIRECTION('',(0.,1.,0.));
#12165 = ADVANCED_FACE('',(#12166),#12191,.T.);
#12166 = FACE_BOUND('',#12167,.T.);
#12167 = EDGE_LOOP('',(#12168,#12169,#12177,#12185));
#12168 = ORIENTED_EDGE('',*,*,#12147,.T.);
#12169 = ORIENTED_EDGE('',*,*,#12170,.T.);
#12170 = EDGE_CURVE('',#12140,#12171,#12173,.T.);
#12171 = VERTEX_POINT('',#12172);
#12172 = CARTESIAN_POINT('',(20.,0.,1.109998));
#12173 = LINE('',#12174,#12175);
#12174 = CARTESIAN_POINT('',(0.,0.,1.109998));
#12175 = VECTOR('',#12176,1.);
#12176 = DIRECTION('',(1.,0.,0.));
#12177 = ORIENTED_EDGE('',*,*,#12178,.F.);
#12178 = EDGE_CURVE('',#12179,#12171,#12181,.T.);
#12179 = VERTEX_POINT('',#12180);
#12180 = CARTESIAN_POINT('',(20.,-0.,0.));
#12181 = LINE('',#12182,#12183);
#12182 = CARTESIAN_POINT('',(20.,-0.,0.));
#12183 = VECTOR('',#12184,1.);
#12184 = DIRECTION('',(0.,0.,1.));
#12185 = ORIENTED_EDGE('',*,*,#12186,.F.);
#12186 = EDGE_CURVE('',#12148,#12179,#12187,.T.);
#12187 = LINE('',#12188,#12189);
#12188 = CARTESIAN_POINT('',(0.,-0.,0.));
#12189 = VECTOR('',#12190,1.);
#12190 = DIRECTION('',(1.,0.,0.));
#12191 = PLANE('',#12192);
#12192 = AXIS2_PLACEMENT_3D('',#12193,#12194,#12195);
#12193 = CARTESIAN_POINT('',(0.,0.,0.));
#12194 = DIRECTION('',(0.,1.,0.));
#12195 = DIRECTION('',(1.,0.,0.));
#12196 = ADVANCED_FACE('',(#12197),#12213,.T.);
#12197 = FACE_BOUND('',#12198,.T.);
#12198 = EDGE_LOOP('',(#12199,#12200,#12206,#12207));
#12199 = ORIENTED_EDGE('',*,*,#12178,.T.);
#12200 = ORIENTED_EDGE('',*,*,#12201,.T.);
#12201 = EDGE_CURVE('',#12171,#12101,#12202,.T.);
#12202 = LINE('',#12203,#12204);
#12203 = CARTESIAN_POINT('',(20.,0.,1.109998));
#12204 = VECTOR('',#12205,1.);
#12205 = DIRECTION('',(0.,-1.,0.));
#12206 = ORIENTED_EDGE('',*,*,#12098,.F.);
#12207 = ORIENTED_EDGE('',*,*,#12208,.F.);
#12208 = EDGE_CURVE('',#12179,#12099,#12209,.T.);
#12209 = LINE('',#12210,#12211);
#12210 = CARTESIAN_POINT('',(20.,-0.,0.));
#12211 = VECTOR('',#12212,1.);
#12212 = DIRECTION('',(0.,-1.,0.));
#12213 = PLANE('',#12214);
#12214 = AXIS2_PLACEMENT_3D('',#12215,#12216,#12217);
#12215 = CARTESIAN_POINT('',(20.,-0.,0.));
#12216 = DIRECTION('',(1.,0.,-0.));
#12217 = DIRECTION('',(0.,-1.,0.));
#12218 = ADVANCED_FACE('',(#12219),#12225,.F.);
#12219 = FACE_BOUND('',#12220,.T.);
#12220 = EDGE_LOOP('',(#12221,#12222,#12223,#12224));
#12221 = ORIENTED_EDGE('',*,*,#12124,.T.);
#12222 = ORIENTED_EDGE('',*,*,#12155,.T.);
#12223 = ORIENTED_EDGE('',*,*,#12186,.T.);
#12224 = ORIENTED_EDGE('',*,*,#12208,.T.);
#12225 = PLANE('',#12226);
#12226 = AXIS2_PLACEMENT_3D('',#12227,#12228,#12229);
#12227 = CARTESIAN_POINT('',(0.,0.,0.));
#12228 = DIRECTION('',(0.,0.,1.));
#12229 = DIRECTION('',(1.,0.,-0.));
#12230 = ADVANCED_FACE('',(#12231),#12237,.T.);
#12231 = FACE_BOUND('',#12232,.F.);
#12232 = EDGE_LOOP('',(#12233,#12234,#12235,#12236));
#12233 = ORIENTED_EDGE('',*,*,#12108,.T.);
#12234 = ORIENTED_EDGE('',*,*,#12139,.T.);
#12235 = ORIENTED_EDGE('',*,*,#12170,.T.);
#12236 = ORIENTED_EDGE('',*,*,#12201,.T.);
#12237 = PLANE('',#12238);
#12238 = AXIS2_PLACEMENT_3D('',#12239,#12240,#12241);
#12239 = CARTESIAN_POINT('',(0.,0.,1.109998));
#12240 = DIRECTION('',(0.,0.,1.));
#12241 = DIRECTION('',(1.,0.,-0.));
#12242 = ( GEOMETRIC_REPRESENTATION_CONTEXT(3) 
GLOBAL_UNCERTAINTY_ASSIGNED_CONTEXT((#12246)) 
GLOBAL_UNIT_ASSIGNED_CONTEXT((#12243,#12244,#12245)) 
REPRESENTATION_CONTEXT('Context #1',
  '3D Context with UNIT and UNCERTAINTY') );
#12243 = ( LENGTH_UNIT() NAMED_UNIT(*) SI_UNIT(.MILLI.,.METRE.) );
#12244 = ( NAMED_UNIT(*) PLANE_ANGLE_UNIT() SI_UNIT($,.RADIAN.) );
#12245 = ( NAMED_UNIT(*) SI_UNIT($,.STERADIAN.) SOLID_ANGLE_UNIT() );
#12246 = UNCERTAINTY_MEASURE_WITH_UNIT(LENGTH_MEASURE(1.E-07),#12243,
  'distance_accuracy_value','confusion accuracy');
#12247 = CONTEXT_DEPENDENT_SHAPE_REPRESENTATION(#12248,#12250);
#12248 = ( REPRESENTATION_RELATIONSHIP('','',#12091,#10) 
REPRESENTATION_RELATIONSHIP_WITH_TRANSFORMATION(#12249) 
SHAPE_REPRESENTATION_RELATIONSHIP() );
#12249 = ITEM_DEFINED_TRANSFORMATION('','',#11,#187);
#12250 = PRODUCT_DEFINITION_SHAPE('Placement','Placement of an item',
  #12251);
#12251 = NEXT_ASSEMBLY_USAGE_OCCURRENCE('48','=>[0:1:1:10]','',#5,#12086
  ,$);
#12252 = PRODUCT_RELATED_PRODUCT_CATEGORY('part',$,(#12088));
#12253 = MECHANICAL_DESIGN_GEOMETRIC_PRESENTATION_REPRESENTATION('',(
    #12254,#12262,#12269,#12276,#12283,#12290,#12297,#12304,#12311,
    #12318,#12325,#12333,#12340,#12347,#12354,#12361,#12368,#12375,
    #12382,#12389,#12396,#12403,#12410,#12417,#12424,#12431,#12438,
    #12445),#11933);
#12254 = STYLED_ITEM('color',(#12255),#11081);
#12255 = PRESENTATION_STYLE_ASSIGNMENT((#12256));
#12256 = SURFACE_STYLE_USAGE(.BOTH.,#12257);
#12257 = SURFACE_SIDE_STYLE('',(#12258));
#12258 = SURFACE_STYLE_FILL_AREA(#12259);
#12259 = FILL_AREA_STYLE('',(#12260));
#12260 = FILL_AREA_STYLE_COLOUR('',#12261);
#12261 = COLOUR_RGB('',0.823999987314,0.819999987296,0.781000009244);
#12262 = STYLED_ITEM('color',(#12263),#11157);
#12263 = PRESENTATION_STYLE_ASSIGNMENT((#12264));
#12264 = SURFACE_STYLE_USAGE(.BOTH.,#12265);
#12265 = SURFACE_SIDE_STYLE('',(#12266));
#12266 = SURFACE_STYLE_FILL_AREA(#12267);
#12267 = FILL_AREA_STYLE('',(#12268));
#12268 = FILL_AREA_STYLE_COLOUR('',#12261);
#12269 = STYLED_ITEM('color',(#12270),#11188);
#12270 = PRESENTATION_STYLE_ASSIGNMENT((#12271));
#12271 = SURFACE_STYLE_USAGE(.BOTH.,#12272);
#12272 = SURFACE_SIDE_STYLE('',(#12273));
#12273 = SURFACE_STYLE_FILL_AREA(#12274);
#12274 = FILL_AREA_STYLE('',(#12275));
#12275 = FILL_AREA_STYLE_COLOUR('',#12261);
#12276 = STYLED_ITEM('color',(#12277),#11213);
#12277 = PRESENTATION_STYLE_ASSIGNMENT((#12278));
#12278 = SURFACE_STYLE_USAGE(.BOTH.,#12279);
#12279 = SURFACE_SIDE_STYLE('',(#12280));
#12280 = SURFACE_STYLE_FILL_AREA(#12281);
#12281 = FILL_AREA_STYLE('',(#12282));
#12282 = FILL_AREA_STYLE_COLOUR('',#12261);
#12283 = STYLED_ITEM('color',(#12284),#11238);
#12284 = PRESENTATION_STYLE_ASSIGNMENT((#12285));
#12285 = SURFACE_STYLE_USAGE(.BOTH.,#12286);
#12286 = SURFACE_SIDE_STYLE('',(#12287));
#12287 = SURFACE_STYLE_FILL_AREA(#12288);
#12288 = FILL_AREA_STYLE('',(#12289));
#12289 = FILL_AREA_STYLE_COLOUR('',#12261);
#12290 = STYLED_ITEM('color',(#12291),#11262);
#12291 = PRESENTATION_STYLE_ASSIGNMENT((#12292));
#12292 = SURFACE_STYLE_USAGE(.BOTH.,#12293);
#12293 = SURFACE_SIDE_STYLE('',(#12294));
#12294 = SURFACE_STYLE_FILL_AREA(#12295);
#12295 = FILL_AREA_STYLE('',(#12296));
#12296 = FILL_AREA_STYLE_COLOUR('',#12261);
#12297 = STYLED_ITEM('color',(#12298),#11286);
#12298 = PRESENTATION_STYLE_ASSIGNMENT((#12299));
#12299 = SURFACE_STYLE_USAGE(.BOTH.,#12300);
#12300 = SURFACE_SIDE_STYLE('',(#12301));
#12301 = SURFACE_STYLE_FILL_AREA(#12302);
#12302 = FILL_AREA_STYLE('',(#12303));
#12303 = FILL_AREA_STYLE_COLOUR('',#12261);
#12304 = STYLED_ITEM('color',(#12305),#11311);
#12305 = PRESENTATION_STYLE_ASSIGNMENT((#12306));
#12306 = SURFACE_STYLE_USAGE(.BOTH.,#12307);
#12307 = SURFACE_SIDE_STYLE('',(#12308));
#12308 = SURFACE_STYLE_FILL_AREA(#12309);
#12309 = FILL_AREA_STYLE('',(#12310));
#12310 = FILL_AREA_STYLE_COLOUR('',#12261);
#12311 = STYLED_ITEM('color',(#12312),#11336);
#12312 = PRESENTATION_STYLE_ASSIGNMENT((#12313));
#12313 = SURFACE_STYLE_USAGE(.BOTH.,#12314);
#12314 = SURFACE_SIDE_STYLE('',(#12315));
#12315 = SURFACE_STYLE_FILL_AREA(#12316);
#12316 = FILL_AREA_STYLE('',(#12317));
#12317 = FILL_AREA_STYLE_COLOUR('',#12261);
#12318 = STYLED_ITEM('color',(#12319),#11353);
#12319 = PRESENTATION_STYLE_ASSIGNMENT((#12320));
#12320 = SURFACE_STYLE_USAGE(.BOTH.,#12321);
#12321 = SURFACE_SIDE_STYLE('',(#12322));
#12322 = SURFACE_STYLE_FILL_AREA(#12323);
#12323 = FILL_AREA_STYLE('',(#12324));
#12324 = FILL_AREA_STYLE_COLOUR('',#12261);
#12325 = STYLED_ITEM('color',(#12326),#11439);
#12326 = PRESENTATION_STYLE_ASSIGNMENT((#12327));
#12327 = SURFACE_STYLE_USAGE(.BOTH.,#12328);
#12328 = SURFACE_SIDE_STYLE('',(#12329));
#12329 = SURFACE_STYLE_FILL_AREA(#12330);
#12330 = FILL_AREA_STYLE('',(#12331));
#12331 = FILL_AREA_STYLE_COLOUR('',#12332);
#12332 = COLOUR_RGB('',0.379000005575,0.270000008848,0.214999999939);
#12333 = STYLED_ITEM('color',(#12334),#11471);
#12334 = PRESENTATION_STYLE_ASSIGNMENT((#12335));
#12335 = SURFACE_STYLE_USAGE(.BOTH.,#12336);
#12336 = SURFACE_SIDE_STYLE('',(#12337));
#12337 = SURFACE_STYLE_FILL_AREA(#12338);
#12338 = FILL_AREA_STYLE('',(#12339));
#12339 = FILL_AREA_STYLE_COLOUR('',#12332);
#12340 = STYLED_ITEM('color',(#12341),#11495);
#12341 = PRESENTATION_STYLE_ASSIGNMENT((#12342));
#12342 = SURFACE_STYLE_USAGE(.BOTH.,#12343);
#12343 = SURFACE_SIDE_STYLE('',(#12344));
#12344 = SURFACE_STYLE_FILL_AREA(#12345);
#12345 = FILL_AREA_STYLE('',(#12346));
#12346 = FILL_AREA_STYLE_COLOUR('',#12332);
#12347 = STYLED_ITEM('color',(#12348),#11520);
#12348 = PRESENTATION_STYLE_ASSIGNMENT((#12349));
#12349 = SURFACE_STYLE_USAGE(.BOTH.,#12350);
#12350 = SURFACE_SIDE_STYLE('',(#12351));
#12351 = SURFACE_STYLE_FILL_AREA(#12352);
#12352 = FILL_AREA_STYLE('',(#12353));
#12353 = FILL_AREA_STYLE_COLOUR('',#12332);
#12354 = STYLED_ITEM('color',(#12355),#11544);
#12355 = PRESENTATION_STYLE_ASSIGNMENT((#12356));
#12356 = SURFACE_STYLE_USAGE(.BOTH.,#12357);
#12357 = SURFACE_SIDE_STYLE('',(#12358));
#12358 = SURFACE_STYLE_FILL_AREA(#12359);
#12359 = FILL_AREA_STYLE('',(#12360));
#12360 = FILL_AREA_STYLE_COLOUR('',#12332);
#12361 = STYLED_ITEM('color',(#12362),#11569);
#12362 = PRESENTATION_STYLE_ASSIGNMENT((#12363));
#12363 = SURFACE_STYLE_USAGE(.BOTH.,#12364);
#12364 = SURFACE_SIDE_STYLE('',(#12365));
#12365 = SURFACE_STYLE_FILL_AREA(#12366);
#12366 = FILL_AREA_STYLE('',(#12367));
#12367 = FILL_AREA_STYLE_COLOUR('',#12332);
#12368 = STYLED_ITEM('color',(#12369),#11593);
#12369 = PRESENTATION_STYLE_ASSIGNMENT((#12370));
#12370 = SURFACE_STYLE_USAGE(.BOTH.,#12371);
#12371 = SURFACE_SIDE_STYLE('',(#12372));
#12372 = SURFACE_STYLE_FILL_AREA(#12373);
#12373 = FILL_AREA_STYLE('',(#12374));
#12374 = FILL_AREA_STYLE_COLOUR('',#12332);
#12375 = STYLED_ITEM('color',(#12376),#11618);
#12376 = PRESENTATION_STYLE_ASSIGNMENT((#12377));
#12377 = SURFACE_STYLE_USAGE(.BOTH.,#12378);
#12378 = SURFACE_SIDE_STYLE('',(#12379));
#12379 = SURFACE_STYLE_FILL_AREA(#12380);
#12380 = FILL_AREA_STYLE('',(#12381));
#12381 = FILL_AREA_STYLE_COLOUR('',#12332);
#12382 = STYLED_ITEM('color',(#12383),#11635);
#12383 = PRESENTATION_STYLE_ASSIGNMENT((#12384));
#12384 = SURFACE_STYLE_USAGE(.BOTH.,#12385);
#12385 = SURFACE_SIDE_STYLE('',(#12386));
#12386 = SURFACE_STYLE_FILL_AREA(#12387);
#12387 = FILL_AREA_STYLE('',(#12388));
#12388 = FILL_AREA_STYLE_COLOUR('',#12261);
#12389 = STYLED_ITEM('color',(#12390),#11721);
#12390 = PRESENTATION_STYLE_ASSIGNMENT((#12391));
#12391 = SURFACE_STYLE_USAGE(.BOTH.,#12392);
#12392 = SURFACE_SIDE_STYLE('',(#12393));
#12393 = SURFACE_STYLE_FILL_AREA(#12394);
#12394 = FILL_AREA_STYLE('',(#12395));
#12395 = FILL_AREA_STYLE_COLOUR('',#12261);
#12396 = STYLED_ITEM('color',(#12397),#11752);
#12397 = PRESENTATION_STYLE_ASSIGNMENT((#12398));
#12398 = SURFACE_STYLE_USAGE(.BOTH.,#12399);
#12399 = SURFACE_SIDE_STYLE('',(#12400));
#12400 = SURFACE_STYLE_FILL_AREA(#12401);
#12401 = FILL_AREA_STYLE('',(#12402));
#12402 = FILL_AREA_STYLE_COLOUR('',#12261);
#12403 = STYLED_ITEM('color',(#12404),#11777);
#12404 = PRESENTATION_STYLE_ASSIGNMENT((#12405));
#12405 = SURFACE_STYLE_USAGE(.BOTH.,#12406);
#12406 = SURFACE_SIDE_STYLE('',(#12407));
#12407 = SURFACE_STYLE_FILL_AREA(#12408);
#12408 = FILL_AREA_STYLE('',(#12409));
#12409 = FILL_AREA_STYLE_COLOUR('',#12261);
#12410 = STYLED_ITEM('color',(#12411),#11802);
#12411 = PRESENTATION_STYLE_ASSIGNMENT((#12412));
#12412 = SURFACE_STYLE_USAGE(.BOTH.,#12413);
#12413 = SURFACE_SIDE_STYLE('',(#12414));
#12414 = SURFACE_STYLE_FILL_AREA(#12415);
#12415 = FILL_AREA_STYLE('',(#12416));
#12416 = FILL_AREA_STYLE_COLOUR('',#12261);
#12417 = STYLED_ITEM('color',(#12418),#11826);
#12418 = PRESENTATION_STYLE_ASSIGNMENT((#12419));
#12419 = SURFACE_STYLE_USAGE(.BOTH.,#12420);
#12420 = SURFACE_SIDE_STYLE('',(#12421));
#12421 = SURFACE_STYLE_FILL_AREA(#12422);
#12422 = FILL_AREA_STYLE('',(#12423));
#12423 = FILL_AREA_STYLE_COLOUR('',#12261);
#12424 = STYLED_ITEM('color',(#12425),#11850);
#12425 = PRESENTATION_STYLE_ASSIGNMENT((#12426));
#12426 = SURFACE_STYLE_USAGE(.BOTH.,#12427);
#12427 = SURFACE_SIDE_STYLE('',(#12428));
#12428 = SURFACE_STYLE_FILL_AREA(#12429);
#12429 = FILL_AREA_STYLE('',(#12430));
#12430 = FILL_AREA_STYLE_COLOUR('',#12261);
#12431 = STYLED_ITEM('color',(#12432),#11875);
#12432 = PRESENTATION_STYLE_ASSIGNMENT((#12433));
#12433 = SURFACE_STYLE_USAGE(.BOTH.,#12434);
#12434 = SURFACE_SIDE_STYLE('',(#12435));
#12435 = SURFACE_STYLE_FILL_AREA(#12436);
#12436 = FILL_AREA_STYLE('',(#12437));
#12437 = FILL_AREA_STYLE_COLOUR('',#12261);
#12438 = STYLED_ITEM('color',(#12439),#11900);
#12439 = PRESENTATION_STYLE_ASSIGNMENT((#12440));
#12440 = SURFACE_STYLE_USAGE(.BOTH.,#12441);
#12441 = SURFACE_SIDE_STYLE('',(#12442));
#12442 = SURFACE_STYLE_FILL_AREA(#12443);
#12443 = FILL_AREA_STYLE('',(#12444));
#12444 = FILL_AREA_STYLE_COLOUR('',#12261);
#12445 = STYLED_ITEM('color',(#12446),#11917);
#12446 = PRESENTATION_STYLE_ASSIGNMENT((#12447));
#12447 = SURFACE_STYLE_USAGE(.BOTH.,#12448);
#12448 = SURFACE_SIDE_STYLE('',(#12449));
#12449 = SURFACE_STYLE_FILL_AREA(#12450);
#12450 = FILL_AREA_STYLE('',(#12451));
#12451 = FILL_AREA_STYLE_COLOUR('',#12261);
#12452 = MECHANICAL_DESIGN_GEOMETRIC_PRESENTATION_REPRESENTATION('',(
    #12453,#12460,#12467,#12474,#12481,#12488,#12495,#12502,#12510,
    #12517,#12524,#12531,#12538,#12545,#12553,#12560,#12567,#12574,
    #12581,#12588,#12595,#12602,#12609,#12616,#12623,#12630),#10997);
#12453 = STYLED_ITEM('color',(#12454),#10209);
#12454 = PRESENTATION_STYLE_ASSIGNMENT((#12455));
#12455 = SURFACE_STYLE_USAGE(.BOTH.,#12456);
#12456 = SURFACE_SIDE_STYLE('',(#12457));
#12457 = SURFACE_STYLE_FILL_AREA(#12458);
#12458 = FILL_AREA_STYLE('',(#12459));
#12459 = FILL_AREA_STYLE_COLOUR('',#12261);
#12460 = STYLED_ITEM('color',(#12461),#10249);
#12461 = PRESENTATION_STYLE_ASSIGNMENT((#12462));
#12462 = SURFACE_STYLE_USAGE(.BOTH.,#12463);
#12463 = SURFACE_SIDE_STYLE('',(#12464));
#12464 = SURFACE_STYLE_FILL_AREA(#12465);
#12465 = FILL_AREA_STYLE('',(#12466));
#12466 = FILL_AREA_STYLE_COLOUR('',#12261);
#12467 = STYLED_ITEM('color',(#12468),#10332);
#12468 = PRESENTATION_STYLE_ASSIGNMENT((#12469));
#12469 = SURFACE_STYLE_USAGE(.BOTH.,#12470);
#12470 = SURFACE_SIDE_STYLE('',(#12471));
#12471 = SURFACE_STYLE_FILL_AREA(#12472);
#12472 = FILL_AREA_STYLE('',(#12473));
#12473 = FILL_AREA_STYLE_COLOUR('',#12261);
#12474 = STYLED_ITEM('color',(#12475),#10357);
#12475 = PRESENTATION_STYLE_ASSIGNMENT((#12476));
#12476 = SURFACE_STYLE_USAGE(.BOTH.,#12477);
#12477 = SURFACE_SIDE_STYLE('',(#12478));
#12478 = SURFACE_STYLE_FILL_AREA(#12479);
#12479 = FILL_AREA_STYLE('',(#12480));
#12480 = FILL_AREA_STYLE_COLOUR('',#12261);
#12481 = STYLED_ITEM('color',(#12482),#10382);
#12482 = PRESENTATION_STYLE_ASSIGNMENT((#12483));
#12483 = SURFACE_STYLE_USAGE(.BOTH.,#12484);
#12484 = SURFACE_SIDE_STYLE('',(#12485));
#12485 = SURFACE_STYLE_FILL_AREA(#12486);
#12486 = FILL_AREA_STYLE('',(#12487));
#12487 = FILL_AREA_STYLE_COLOUR('',#12261);
#12488 = STYLED_ITEM('color',(#12489),#10449);
#12489 = PRESENTATION_STYLE_ASSIGNMENT((#12490));
#12490 = SURFACE_STYLE_USAGE(.BOTH.,#12491);
#12491 = SURFACE_SIDE_STYLE('',(#12492));
#12492 = SURFACE_STYLE_FILL_AREA(#12493);
#12493 = FILL_AREA_STYLE('',(#12494));
#12494 = FILL_AREA_STYLE_COLOUR('',#12261);
#12495 = STYLED_ITEM('color',(#12496),#10466);
#12496 = PRESENTATION_STYLE_ASSIGNMENT((#12497));
#12497 = SURFACE_STYLE_USAGE(.BOTH.,#12498);
#12498 = SURFACE_SIDE_STYLE('',(#12499));
#12499 = SURFACE_STYLE_FILL_AREA(#12500);
#12500 = FILL_AREA_STYLE('',(#12501));
#12501 = FILL_AREA_STYLE_COLOUR('',#12261);
#12502 = STYLED_ITEM('color',(#12503),#10483);
#12503 = PRESENTATION_STYLE_ASSIGNMENT((#12504));
#12504 = SURFACE_STYLE_USAGE(.BOTH.,#12505);
#12505 = SURFACE_SIDE_STYLE('',(#12506));
#12506 = SURFACE_STYLE_FILL_AREA(#12507);
#12507 = FILL_AREA_STYLE('',(#12508));
#12508 = FILL_AREA_STYLE_COLOUR('',#12509);
#12509 = COLOUR_RGB('',0.894999996726,0.890999991539,0.812999995914);
#12510 = STYLED_ITEM('color',(#12511),#10532);
#12511 = PRESENTATION_STYLE_ASSIGNMENT((#12512));
#12512 = SURFACE_STYLE_USAGE(.BOTH.,#12513);
#12513 = SURFACE_SIDE_STYLE('',(#12514));
#12514 = SURFACE_STYLE_FILL_AREA(#12515);
#12515 = FILL_AREA_STYLE('',(#12516));
#12516 = FILL_AREA_STYLE_COLOUR('',#12261);
#12517 = STYLED_ITEM('color',(#12518),#10549);
#12518 = PRESENTATION_STYLE_ASSIGNMENT((#12519));
#12519 = SURFACE_STYLE_USAGE(.BOTH.,#12520);
#12520 = SURFACE_SIDE_STYLE('',(#12521));
#12521 = SURFACE_STYLE_FILL_AREA(#12522);
#12522 = FILL_AREA_STYLE('',(#12523));
#12523 = FILL_AREA_STYLE_COLOUR('',#12261);
#12524 = STYLED_ITEM('color',(#12525),#10566);
#12525 = PRESENTATION_STYLE_ASSIGNMENT((#12526));
#12526 = SURFACE_STYLE_USAGE(.BOTH.,#12527);
#12527 = SURFACE_SIDE_STYLE('',(#12528));
#12528 = SURFACE_STYLE_FILL_AREA(#12529);
#12529 = FILL_AREA_STYLE('',(#12530));
#12530 = FILL_AREA_STYLE_COLOUR('',#12509);
#12531 = STYLED_ITEM('color',(#12532),#10615);
#12532 = PRESENTATION_STYLE_ASSIGNMENT((#12533));
#12533 = SURFACE_STYLE_USAGE(.BOTH.,#12534);
#12534 = SURFACE_SIDE_STYLE('',(#12535));
#12535 = SURFACE_STYLE_FILL_AREA(#12536);
#12536 = FILL_AREA_STYLE('',(#12537));
#12537 = FILL_AREA_STYLE_COLOUR('',#12509);
#12538 = STYLED_ITEM('color',(#12539),#10632);
#12539 = PRESENTATION_STYLE_ASSIGNMENT((#12540));
#12540 = SURFACE_STYLE_USAGE(.BOTH.,#12541);
#12541 = SURFACE_SIDE_STYLE('',(#12542));
#12542 = SURFACE_STYLE_FILL_AREA(#12543);
#12543 = FILL_AREA_STYLE('',(#12544));
#12544 = FILL_AREA_STYLE_COLOUR('',#12261);
#12545 = STYLED_ITEM('color',(#12546),#10701);
#12546 = PRESENTATION_STYLE_ASSIGNMENT((#12547));
#12547 = SURFACE_STYLE_USAGE(.BOTH.,#12548);
#12548 = SURFACE_SIDE_STYLE('',(#12549));
#12549 = SURFACE_STYLE_FILL_AREA(#12550);
#12550 = FILL_AREA_STYLE('',(#12551));
#12551 = FILL_AREA_STYLE_COLOUR('',#12552);
#12552 = COLOUR_RGB('',8.200000279077E-02,8.600000121357E-02,
  9.399999706163E-02);
#12553 = STYLED_ITEM('color',(#12554),#10732);
#12554 = PRESENTATION_STYLE_ASSIGNMENT((#12555));
#12555 = SURFACE_STYLE_USAGE(.BOTH.,#12556);
#12556 = SURFACE_SIDE_STYLE('',(#12557));
#12557 = SURFACE_STYLE_FILL_AREA(#12558);
#12558 = FILL_AREA_STYLE('',(#12559));
#12559 = FILL_AREA_STYLE_COLOUR('',#12552);
#12560 = STYLED_ITEM('color',(#12561),#10756);
#12561 = PRESENTATION_STYLE_ASSIGNMENT((#12562));
#12562 = SURFACE_STYLE_USAGE(.BOTH.,#12563);
#12563 = SURFACE_SIDE_STYLE('',(#12564));
#12564 = SURFACE_STYLE_FILL_AREA(#12565);
#12565 = FILL_AREA_STYLE('',(#12566));
#12566 = FILL_AREA_STYLE_COLOUR('',#12261);
#12567 = STYLED_ITEM('color',(#12568),#10825);
#12568 = PRESENTATION_STYLE_ASSIGNMENT((#12569));
#12569 = SURFACE_STYLE_USAGE(.BOTH.,#12570);
#12570 = SURFACE_SIDE_STYLE('',(#12571));
#12571 = SURFACE_STYLE_FILL_AREA(#12572);
#12572 = FILL_AREA_STYLE('',(#12573));
#12573 = FILL_AREA_STYLE_COLOUR('',#12552);
#12574 = STYLED_ITEM('color',(#12575),#10849);
#12575 = PRESENTATION_STYLE_ASSIGNMENT((#12576));
#12576 = SURFACE_STYLE_USAGE(.BOTH.,#12577);
#12577 = SURFACE_SIDE_STYLE('',(#12578));
#12578 = SURFACE_STYLE_FILL_AREA(#12579);
#12579 = FILL_AREA_STYLE('',(#12580));
#12580 = FILL_AREA_STYLE_COLOUR('',#12261);
#12581 = STYLED_ITEM('color',(#12582),#10866);
#12582 = PRESENTATION_STYLE_ASSIGNMENT((#12583));
#12583 = SURFACE_STYLE_USAGE(.BOTH.,#12584);
#12584 = SURFACE_SIDE_STYLE('',(#12585));
#12585 = SURFACE_STYLE_FILL_AREA(#12586);
#12586 = FILL_AREA_STYLE('',(#12587));
#12587 = FILL_AREA_STYLE_COLOUR('',#12261);
#12588 = STYLED_ITEM('color',(#12589),#10883);
#12589 = PRESENTATION_STYLE_ASSIGNMENT((#12590));
#12590 = SURFACE_STYLE_USAGE(.BOTH.,#12591);
#12591 = SURFACE_SIDE_STYLE('',(#12592));
#12592 = SURFACE_STYLE_FILL_AREA(#12593);
#12593 = FILL_AREA_STYLE('',(#12594));
#12594 = FILL_AREA_STYLE_COLOUR('',#12261);
#12595 = STYLED_ITEM('color',(#12596),#10900);
#12596 = PRESENTATION_STYLE_ASSIGNMENT((#12597));
#12597 = SURFACE_STYLE_USAGE(.BOTH.,#12598);
#12598 = SURFACE_SIDE_STYLE('',(#12599));
#12599 = SURFACE_STYLE_FILL_AREA(#12600);
#12600 = FILL_AREA_STYLE('',(#12601));
#12601 = FILL_AREA_STYLE_COLOUR('',#12261);
#12602 = STYLED_ITEM('color',(#12603),#10917);
#12603 = PRESENTATION_STYLE_ASSIGNMENT((#12604));
#12604 = SURFACE_STYLE_USAGE(.BOTH.,#12605);
#12605 = SURFACE_SIDE_STYLE('',(#12606));
#12606 = SURFACE_STYLE_FILL_AREA(#12607);
#12607 = FILL_AREA_STYLE('',(#12608));
#12608 = FILL_AREA_STYLE_COLOUR('',#12261);
#12609 = STYLED_ITEM('color',(#12610),#10934);
#12610 = PRESENTATION_STYLE_ASSIGNMENT((#12611));
#12611 = SURFACE_STYLE_USAGE(.BOTH.,#12612);
#12612 = SURFACE_SIDE_STYLE('',(#12613));
#12613 = SURFACE_STYLE_FILL_AREA(#12614);
#12614 = FILL_AREA_STYLE('',(#12615));
#12615 = FILL_AREA_STYLE_COLOUR('',#12261);
#12616 = STYLED_ITEM('color',(#12617),#10951);
#12617 = PRESENTATION_STYLE_ASSIGNMENT((#12618));
#12618 = SURFACE_STYLE_USAGE(.BOTH.,#12619);
#12619 = SURFACE_SIDE_STYLE('',(#12620));
#12620 = SURFACE_STYLE_FILL_AREA(#12621);
#12621 = FILL_AREA_STYLE('',(#12622));
#12622 = FILL_AREA_STYLE_COLOUR('',#12261);
#12623 = STYLED_ITEM('color',(#12624),#10968);
#12624 = PRESENTATION_STYLE_ASSIGNMENT((#12625));
#12625 = SURFACE_STYLE_USAGE(.BOTH.,#12626);
#12626 = SURFACE_SIDE_STYLE('',(#12627));
#12627 = SURFACE_STYLE_FILL_AREA(#12628);
#12628 = FILL_AREA_STYLE('',(#12629));
#12629 = FILL_AREA_STYLE_COLOUR('',#12552);
#12630 = STYLED_ITEM('color',(#12631),#10985);
#12631 = PRESENTATION_STYLE_ASSIGNMENT((#12632));
#12632 = SURFACE_STYLE_USAGE(.BOTH.,#12633);
#12633 = SURFACE_SIDE_STYLE('',(#12634));
#12634 = SURFACE_STYLE_FILL_AREA(#12635);
#12635 = FILL_AREA_STYLE('',(#12636));
#12636 = FILL_AREA_STYLE_COLOUR('',#12552);
#12637 = MECHANICAL_DESIGN_GEOMETRIC_PRESENTATION_REPRESENTATION('',(
    #12638,#12647,#12656,#12665,#12674,#12683,#12692,#12701,#12710,
    #12719,#12728,#12737,#12746,#12755,#12764,#12773,#12782,#12791,
    #12800,#12809,#12818,#12827,#12836,#12845,#12854,#12863,#12872,
    #12881,#12890,#12899,#12908,#12917,#12926,#12935,#12944,#12953,
    #12962,#12971,#12980,#12989,#12998,#13007,#13016,#13025,#13034,
    #13043,#13052,#13061,#13070,#13079,#13088,#13097,#13106,#13115,
    #13124,#13133,#13142,#13151,#13160,#13169,#13178,#13187,#13196,
    #13205,#13214,#13223,#13232,#13241,#13250,#13259,#13268,#13277,
    #13286,#13295,#13304,#13313,#13322,#13331,#13340,#13349,#13358,
    #13367,#13376,#13385,#13394,#13403,#13412,#13421,#13430,#13439,
    #13448,#13457,#13466,#13475,#13484,#13493,#13502,#13511,#13520,
    #13529,#13538,#13547,#13556,#13565,#13574,#13583,#13592,#13601,
    #13610,#13619,#13628,#13637,#13646,#13655,#13664,#13673,#13682,
    #13691,#13700,#13709,#13718,#13727,#13736,#13745,#13754,#13763,
    #13772,#13781,#13790,#13799,#13808,#13817,#13826,#13835,#13844,
    #13853,#13862,#13871,#13880,#13889,#13898,#13907,#13916,#13925,
    #13934,#13943,#13952,#13961,#13970,#13979,#13988,#13997,#14006,
    #14015,#14024,#14033,#14042,#14051,#14060,#14069,#14078,#14087,
    #14096,#14105,#14114,#14123,#14132,#14141,#14150,#14159,#14168,
    #14177,#14186,#14195,#14204,#14213,#14222,#14231,#14240,#14249,
    #14258,#14267,#14276,#14285,#14294,#14303,#14312,#14321,#14330,
    #14339,#14348,#14357,#14366,#14375,#14384,#14393,#14402,#14411,
    #14420,#14429,#14438,#14447,#14456,#14465,#14474),#10165);
#12638 = STYLED_ITEM('color',(#12639),#3867);
#12639 = PRESENTATION_STYLE_ASSIGNMENT((#12640,#12645));
#12640 = SURFACE_STYLE_USAGE(.BOTH.,#12641);
#12641 = SURFACE_SIDE_STYLE('',(#12642));
#12642 = SURFACE_STYLE_FILL_AREA(#12643);
#12643 = FILL_AREA_STYLE('',(#12644));
#12644 = FILL_AREA_STYLE_COLOUR('',#12509);
#12645 = CURVE_STYLE('',#12646,POSITIVE_LENGTH_MEASURE(0.1),#12509);
#12646 = DRAUGHTING_PRE_DEFINED_CURVE_FONT('continuous');
#12647 = STYLED_ITEM('color',(#12648),#3971);
#12648 = PRESENTATION_STYLE_ASSIGNMENT((#12649,#12654));
#12649 = SURFACE_STYLE_USAGE(.BOTH.,#12650);
#12650 = SURFACE_SIDE_STYLE('',(#12651));
#12651 = SURFACE_STYLE_FILL_AREA(#12652);
#12652 = FILL_AREA_STYLE('',(#12653));
#12653 = FILL_AREA_STYLE_COLOUR('',#12509);
#12654 = CURVE_STYLE('',#12655,POSITIVE_LENGTH_MEASURE(0.1),#12509);
#12655 = DRAUGHTING_PRE_DEFINED_CURVE_FONT('continuous');
#12656 = STYLED_ITEM('color',(#12657),#4482);
#12657 = PRESENTATION_STYLE_ASSIGNMENT((#12658,#12663));
#12658 = SURFACE_STYLE_USAGE(.BOTH.,#12659);
#12659 = SURFACE_SIDE_STYLE('',(#12660));
#12660 = SURFACE_STYLE_FILL_AREA(#12661);
#12661 = FILL_AREA_STYLE('',(#12662));
#12662 = FILL_AREA_STYLE_COLOUR('',#12509);
#12663 = CURVE_STYLE('',#12664,POSITIVE_LENGTH_MEASURE(0.1),#12509);
#12664 = DRAUGHTING_PRE_DEFINED_CURVE_FONT('continuous');
#12665 = STYLED_ITEM('color',(#12666),#4506);
#12666 = PRESENTATION_STYLE_ASSIGNMENT((#12667,#12672));
#12667 = SURFACE_STYLE_USAGE(.BOTH.,#12668);
#12668 = SURFACE_SIDE_STYLE('',(#12669));
#12669 = SURFACE_STYLE_FILL_AREA(#12670);
#12670 = FILL_AREA_STYLE('',(#12671));
#12671 = FILL_AREA_STYLE_COLOUR('',#12509);
#12672 = CURVE_STYLE('',#12673,POSITIVE_LENGTH_MEASURE(0.1),#12509);
#12673 = DRAUGHTING_PRE_DEFINED_CURVE_FONT('continuous');
#12674 = STYLED_ITEM('color',(#12675),#4530);
#12675 = PRESENTATION_STYLE_ASSIGNMENT((#12676,#12681));
#12676 = SURFACE_STYLE_USAGE(.BOTH.,#12677);
#12677 = SURFACE_SIDE_STYLE('',(#12678));
#12678 = SURFACE_STYLE_FILL_AREA(#12679);
#12679 = FILL_AREA_STYLE('',(#12680));
#12680 = FILL_AREA_STYLE_COLOUR('',#12509);
#12681 = CURVE_STYLE('',#12682,POSITIVE_LENGTH_MEASURE(0.1),#12509);
#12682 = DRAUGHTING_PRE_DEFINED_CURVE_FONT('continuous');
#12683 = STYLED_ITEM('color',(#12684),#4554);
#12684 = PRESENTATION_STYLE_ASSIGNMENT((#12685,#12690));
#12685 = SURFACE_STYLE_USAGE(.BOTH.,#12686);
#12686 = SURFACE_SIDE_STYLE('',(#12687));
#12687 = SURFACE_STYLE_FILL_AREA(#12688);
#12688 = FILL_AREA_STYLE('',(#12689));
#12689 = FILL_AREA_STYLE_COLOUR('',#12509);
#12690 = CURVE_STYLE('',#12691,POSITIVE_LENGTH_MEASURE(0.1),#12509);
#12691 = DRAUGHTING_PRE_DEFINED_CURVE_FONT('continuous');
#12692 = STYLED_ITEM('color',(#12693),#4578);
#12693 = PRESENTATION_STYLE_ASSIGNMENT((#12694,#12699));
#12694 = SURFACE_STYLE_USAGE(.BOTH.,#12695);
#12695 = SURFACE_SIDE_STYLE('',(#12696));
#12696 = SURFACE_STYLE_FILL_AREA(#12697);
#12697 = FILL_AREA_STYLE('',(#12698));
#12698 = FILL_AREA_STYLE_COLOUR('',#12509);
#12699 = CURVE_STYLE('',#12700,POSITIVE_LENGTH_MEASURE(0.1),#12509);
#12700 = DRAUGHTING_PRE_DEFINED_CURVE_FONT('continuous');
#12701 = STYLED_ITEM('color',(#12702),#4723);
#12702 = PRESENTATION_STYLE_ASSIGNMENT((#12703,#12708));
#12703 = SURFACE_STYLE_USAGE(.BOTH.,#12704);
#12704 = SURFACE_SIDE_STYLE('',(#12705));
#12705 = SURFACE_STYLE_FILL_AREA(#12706);
#12706 = FILL_AREA_STYLE('',(#12707));
#12707 = FILL_AREA_STYLE_COLOUR('',#12509);
#12708 = CURVE_STYLE('',#12709,POSITIVE_LENGTH_MEASURE(0.1),#12509);
#12709 = DRAUGHTING_PRE_DEFINED_CURVE_FONT('continuous');
#12710 = STYLED_ITEM('color',(#12711),#4795);
#12711 = PRESENTATION_STYLE_ASSIGNMENT((#12712,#12717));
#12712 = SURFACE_STYLE_USAGE(.BOTH.,#12713);
#12713 = SURFACE_SIDE_STYLE('',(#12714));
#12714 = SURFACE_STYLE_FILL_AREA(#12715);
#12715 = FILL_AREA_STYLE('',(#12716));
#12716 = FILL_AREA_STYLE_COLOUR('',#12509);
#12717 = CURVE_STYLE('',#12718,POSITIVE_LENGTH_MEASURE(0.1),#12509);
#12718 = DRAUGHTING_PRE_DEFINED_CURVE_FONT('continuous');
#12719 = STYLED_ITEM('color',(#12720),#4827);
#12720 = PRESENTATION_STYLE_ASSIGNMENT((#12721,#12726));
#12721 = SURFACE_STYLE_USAGE(.BOTH.,#12722);
#12722 = SURFACE_SIDE_STYLE('',(#12723));
#12723 = SURFACE_STYLE_FILL_AREA(#12724);
#12724 = FILL_AREA_STYLE('',(#12725));
#12725 = FILL_AREA_STYLE_COLOUR('',#12509);
#12726 = CURVE_STYLE('',#12727,POSITIVE_LENGTH_MEASURE(0.1),#12509);
#12727 = DRAUGHTING_PRE_DEFINED_CURVE_FONT('continuous');
#12728 = STYLED_ITEM('color',(#12729),#4851);
#12729 = PRESENTATION_STYLE_ASSIGNMENT((#12730,#12735));
#12730 = SURFACE_STYLE_USAGE(.BOTH.,#12731);
#12731 = SURFACE_SIDE_STYLE('',(#12732));
#12732 = SURFACE_STYLE_FILL_AREA(#12733);
#12733 = FILL_AREA_STYLE('',(#12734));
#12734 = FILL_AREA_STYLE_COLOUR('',#12509);
#12735 = CURVE_STYLE('',#12736,POSITIVE_LENGTH_MEASURE(0.1),#12509);
#12736 = DRAUGHTING_PRE_DEFINED_CURVE_FONT('continuous');
#12737 = STYLED_ITEM('color',(#12738),#4875);
#12738 = PRESENTATION_STYLE_ASSIGNMENT((#12739,#12744));
#12739 = SURFACE_STYLE_USAGE(.BOTH.,#12740);
#12740 = SURFACE_SIDE_STYLE('',(#12741));
#12741 = SURFACE_STYLE_FILL_AREA(#12742);
#12742 = FILL_AREA_STYLE('',(#12743));
#12743 = FILL_AREA_STYLE_COLOUR('',#12509);
#12744 = CURVE_STYLE('',#12745,POSITIVE_LENGTH_MEASURE(0.1),#12509);
#12745 = DRAUGHTING_PRE_DEFINED_CURVE_FONT('continuous');
#12746 = STYLED_ITEM('color',(#12747),#4899);
#12747 = PRESENTATION_STYLE_ASSIGNMENT((#12748,#12753));
#12748 = SURFACE_STYLE_USAGE(.BOTH.,#12749);
#12749 = SURFACE_SIDE_STYLE('',(#12750));
#12750 = SURFACE_STYLE_FILL_AREA(#12751);
#12751 = FILL_AREA_STYLE('',(#12752));
#12752 = FILL_AREA_STYLE_COLOUR('',#12509);
#12753 = CURVE_STYLE('',#12754,POSITIVE_LENGTH_MEASURE(0.1),#12509);
#12754 = DRAUGHTING_PRE_DEFINED_CURVE_FONT('continuous');
#12755 = STYLED_ITEM('color',(#12756),#5277);
#12756 = PRESENTATION_STYLE_ASSIGNMENT((#12757,#12762));
#12757 = SURFACE_STYLE_USAGE(.BOTH.,#12758);
#12758 = SURFACE_SIDE_STYLE('',(#12759));
#12759 = SURFACE_STYLE_FILL_AREA(#12760);
#12760 = FILL_AREA_STYLE('',(#12761));
#12761 = FILL_AREA_STYLE_COLOUR('',#12509);
#12762 = CURVE_STYLE('',#12763,POSITIVE_LENGTH_MEASURE(0.1),#12509);
#12763 = DRAUGHTING_PRE_DEFINED_CURVE_FONT('continuous');
#12764 = STYLED_ITEM('color',(#12765),#5349);
#12765 = PRESENTATION_STYLE_ASSIGNMENT((#12766,#12771));
#12766 = SURFACE_STYLE_USAGE(.BOTH.,#12767);
#12767 = SURFACE_SIDE_STYLE('',(#12768));
#12768 = SURFACE_STYLE_FILL_AREA(#12769);
#12769 = FILL_AREA_STYLE('',(#12770));
#12770 = FILL_AREA_STYLE_COLOUR('',#12509);
#12771 = CURVE_STYLE('',#12772,POSITIVE_LENGTH_MEASURE(0.1),#12509);
#12772 = DRAUGHTING_PRE_DEFINED_CURVE_FONT('continuous');
#12773 = STYLED_ITEM('color',(#12774),#5373);
#12774 = PRESENTATION_STYLE_ASSIGNMENT((#12775,#12780));
#12775 = SURFACE_STYLE_USAGE(.BOTH.,#12776);
#12776 = SURFACE_SIDE_STYLE('',(#12777));
#12777 = SURFACE_STYLE_FILL_AREA(#12778);
#12778 = FILL_AREA_STYLE('',(#12779));
#12779 = FILL_AREA_STYLE_COLOUR('',#12509);
#12780 = CURVE_STYLE('',#12781,POSITIVE_LENGTH_MEASURE(0.1),#12509);
#12781 = DRAUGHTING_PRE_DEFINED_CURVE_FONT('continuous');
#12782 = STYLED_ITEM('color',(#12783),#5406);
#12783 = PRESENTATION_STYLE_ASSIGNMENT((#12784,#12789));
#12784 = SURFACE_STYLE_USAGE(.BOTH.,#12785);
#12785 = SURFACE_SIDE_STYLE('',(#12786));
#12786 = SURFACE_STYLE_FILL_AREA(#12787);
#12787 = FILL_AREA_STYLE('',(#12788));
#12788 = FILL_AREA_STYLE_COLOUR('',#12509);
#12789 = CURVE_STYLE('',#12790,POSITIVE_LENGTH_MEASURE(0.1),#12509);
#12790 = DRAUGHTING_PRE_DEFINED_CURVE_FONT('continuous');
#12791 = STYLED_ITEM('color',(#12792),#5420);
#12792 = PRESENTATION_STYLE_ASSIGNMENT((#12793,#12798));
#12793 = SURFACE_STYLE_USAGE(.BOTH.,#12794);
#12794 = SURFACE_SIDE_STYLE('',(#12795));
#12795 = SURFACE_STYLE_FILL_AREA(#12796);
#12796 = FILL_AREA_STYLE('',(#12797));
#12797 = FILL_AREA_STYLE_COLOUR('',#12261);
#12798 = CURVE_STYLE('',#12799,POSITIVE_LENGTH_MEASURE(0.1),#12261);
#12799 = DRAUGHTING_PRE_DEFINED_CURVE_FONT('continuous');
#12800 = STYLED_ITEM('color',(#12801),#5460);
#12801 = PRESENTATION_STYLE_ASSIGNMENT((#12802,#12807));
#12802 = SURFACE_STYLE_USAGE(.BOTH.,#12803);
#12803 = SURFACE_SIDE_STYLE('',(#12804));
#12804 = SURFACE_STYLE_FILL_AREA(#12805);
#12805 = FILL_AREA_STYLE('',(#12806));
#12806 = FILL_AREA_STYLE_COLOUR('',#12261);
#12807 = CURVE_STYLE('',#12808,POSITIVE_LENGTH_MEASURE(0.1),#12261);
#12808 = DRAUGHTING_PRE_DEFINED_CURVE_FONT('continuous');
#12809 = STYLED_ITEM('color',(#12810),#5484);
#12810 = PRESENTATION_STYLE_ASSIGNMENT((#12811,#12816));
#12811 = SURFACE_STYLE_USAGE(.BOTH.,#12812);
#12812 = SURFACE_SIDE_STYLE('',(#12813));
#12813 = SURFACE_STYLE_FILL_AREA(#12814);
#12814 = FILL_AREA_STYLE('',(#12815));
#12815 = FILL_AREA_STYLE_COLOUR('',#12261);
#12816 = CURVE_STYLE('',#12817,POSITIVE_LENGTH_MEASURE(0.1),#12261);
#12817 = DRAUGHTING_PRE_DEFINED_CURVE_FONT('continuous');
#12818 = STYLED_ITEM('color',(#12819),#5517);
#12819 = PRESENTATION_STYLE_ASSIGNMENT((#12820,#12825));
#12820 = SURFACE_STYLE_USAGE(.BOTH.,#12821);
#12821 = SURFACE_SIDE_STYLE('',(#12822));
#12822 = SURFACE_STYLE_FILL_AREA(#12823);
#12823 = FILL_AREA_STYLE('',(#12824));
#12824 = FILL_AREA_STYLE_COLOUR('',#12261);
#12825 = CURVE_STYLE('',#12826,POSITIVE_LENGTH_MEASURE(0.1),#12261);
#12826 = DRAUGHTING_PRE_DEFINED_CURVE_FONT('continuous');
#12827 = STYLED_ITEM('color',(#12828),#5557);
#12828 = PRESENTATION_STYLE_ASSIGNMENT((#12829,#12834));
#12829 = SURFACE_STYLE_USAGE(.BOTH.,#12830);
#12830 = SURFACE_SIDE_STYLE('',(#12831));
#12831 = SURFACE_STYLE_FILL_AREA(#12832);
#12832 = FILL_AREA_STYLE('',(#12833));
#12833 = FILL_AREA_STYLE_COLOUR('',#12261);
#12834 = CURVE_STYLE('',#12835,POSITIVE_LENGTH_MEASURE(0.1),#12261);
#12835 = DRAUGHTING_PRE_DEFINED_CURVE_FONT('continuous');
#12836 = STYLED_ITEM('color',(#12837),#5581);
#12837 = PRESENTATION_STYLE_ASSIGNMENT((#12838,#12843));
#12838 = SURFACE_STYLE_USAGE(.BOTH.,#12839);
#12839 = SURFACE_SIDE_STYLE('',(#12840));
#12840 = SURFACE_STYLE_FILL_AREA(#12841);
#12841 = FILL_AREA_STYLE('',(#12842));
#12842 = FILL_AREA_STYLE_COLOUR('',#12261);
#12843 = CURVE_STYLE('',#12844,POSITIVE_LENGTH_MEASURE(0.1),#12261);
#12844 = DRAUGHTING_PRE_DEFINED_CURVE_FONT('continuous');
#12845 = STYLED_ITEM('color',(#12846),#5614);
#12846 = PRESENTATION_STYLE_ASSIGNMENT((#12847,#12852));
#12847 = SURFACE_STYLE_USAGE(.BOTH.,#12848);
#12848 = SURFACE_SIDE_STYLE('',(#12849));
#12849 = SURFACE_STYLE_FILL_AREA(#12850);
#12850 = FILL_AREA_STYLE('',(#12851));
#12851 = FILL_AREA_STYLE_COLOUR('',#12261);
#12852 = CURVE_STYLE('',#12853,POSITIVE_LENGTH_MEASURE(0.1),#12261);
#12853 = DRAUGHTING_PRE_DEFINED_CURVE_FONT('continuous');
#12854 = STYLED_ITEM('color',(#12855),#5654);
#12855 = PRESENTATION_STYLE_ASSIGNMENT((#12856,#12861));
#12856 = SURFACE_STYLE_USAGE(.BOTH.,#12857);
#12857 = SURFACE_SIDE_STYLE('',(#12858));
#12858 = SURFACE_STYLE_FILL_AREA(#12859);
#12859 = FILL_AREA_STYLE('',(#12860));
#12860 = FILL_AREA_STYLE_COLOUR('',#12261);
#12861 = CURVE_STYLE('',#12862,POSITIVE_LENGTH_MEASURE(0.1),#12261);
#12862 = DRAUGHTING_PRE_DEFINED_CURVE_FONT('continuous');
#12863 = STYLED_ITEM('color',(#12864),#5678);
#12864 = PRESENTATION_STYLE_ASSIGNMENT((#12865,#12870));
#12865 = SURFACE_STYLE_USAGE(.BOTH.,#12866);
#12866 = SURFACE_SIDE_STYLE('',(#12867));
#12867 = SURFACE_STYLE_FILL_AREA(#12868);
#12868 = FILL_AREA_STYLE('',(#12869));
#12869 = FILL_AREA_STYLE_COLOUR('',#12261);
#12870 = CURVE_STYLE('',#12871,POSITIVE_LENGTH_MEASURE(0.1),#12261);
#12871 = DRAUGHTING_PRE_DEFINED_CURVE_FONT('continuous');
#12872 = STYLED_ITEM('color',(#12873),#5711);
#12873 = PRESENTATION_STYLE_ASSIGNMENT((#12874,#12879));
#12874 = SURFACE_STYLE_USAGE(.BOTH.,#12875);
#12875 = SURFACE_SIDE_STYLE('',(#12876));
#12876 = SURFACE_STYLE_FILL_AREA(#12877);
#12877 = FILL_AREA_STYLE('',(#12878));
#12878 = FILL_AREA_STYLE_COLOUR('',#12261);
#12879 = CURVE_STYLE('',#12880,POSITIVE_LENGTH_MEASURE(0.1),#12261);
#12880 = DRAUGHTING_PRE_DEFINED_CURVE_FONT('continuous');
#12881 = STYLED_ITEM('color',(#12882),#5751);
#12882 = PRESENTATION_STYLE_ASSIGNMENT((#12883,#12888));
#12883 = SURFACE_STYLE_USAGE(.BOTH.,#12884);
#12884 = SURFACE_SIDE_STYLE('',(#12885));
#12885 = SURFACE_STYLE_FILL_AREA(#12886);
#12886 = FILL_AREA_STYLE('',(#12887));
#12887 = FILL_AREA_STYLE_COLOUR('',#12261);
#12888 = CURVE_STYLE('',#12889,POSITIVE_LENGTH_MEASURE(0.1),#12261);
#12889 = DRAUGHTING_PRE_DEFINED_CURVE_FONT('continuous');
#12890 = STYLED_ITEM('color',(#12891),#5775);
#12891 = PRESENTATION_STYLE_ASSIGNMENT((#12892,#12897));
#12892 = SURFACE_STYLE_USAGE(.BOTH.,#12893);
#12893 = SURFACE_SIDE_STYLE('',(#12894));
#12894 = SURFACE_STYLE_FILL_AREA(#12895);
#12895 = FILL_AREA_STYLE('',(#12896));
#12896 = FILL_AREA_STYLE_COLOUR('',#12261);
#12897 = CURVE_STYLE('',#12898,POSITIVE_LENGTH_MEASURE(0.1),#12261);
#12898 = DRAUGHTING_PRE_DEFINED_CURVE_FONT('continuous');
#12899 = STYLED_ITEM('color',(#12900),#5808);
#12900 = PRESENTATION_STYLE_ASSIGNMENT((#12901,#12906));
#12901 = SURFACE_STYLE_USAGE(.BOTH.,#12902);
#12902 = SURFACE_SIDE_STYLE('',(#12903));
#12903 = SURFACE_STYLE_FILL_AREA(#12904);
#12904 = FILL_AREA_STYLE('',(#12905));
#12905 = FILL_AREA_STYLE_COLOUR('',#12261);
#12906 = CURVE_STYLE('',#12907,POSITIVE_LENGTH_MEASURE(0.1),#12261);
#12907 = DRAUGHTING_PRE_DEFINED_CURVE_FONT('continuous');
#12908 = STYLED_ITEM('color',(#12909),#5848);
#12909 = PRESENTATION_STYLE_ASSIGNMENT((#12910,#12915));
#12910 = SURFACE_STYLE_USAGE(.BOTH.,#12911);
#12911 = SURFACE_SIDE_STYLE('',(#12912));
#12912 = SURFACE_STYLE_FILL_AREA(#12913);
#12913 = FILL_AREA_STYLE('',(#12914));
#12914 = FILL_AREA_STYLE_COLOUR('',#12261);
#12915 = CURVE_STYLE('',#12916,POSITIVE_LENGTH_MEASURE(0.1),#12261);
#12916 = DRAUGHTING_PRE_DEFINED_CURVE_FONT('continuous');
#12917 = STYLED_ITEM('color',(#12918),#5872);
#12918 = PRESENTATION_STYLE_ASSIGNMENT((#12919,#12924));
#12919 = SURFACE_STYLE_USAGE(.BOTH.,#12920);
#12920 = SURFACE_SIDE_STYLE('',(#12921));
#12921 = SURFACE_STYLE_FILL_AREA(#12922);
#12922 = FILL_AREA_STYLE('',(#12923));
#12923 = FILL_AREA_STYLE_COLOUR('',#12261);
#12924 = CURVE_STYLE('',#12925,POSITIVE_LENGTH_MEASURE(0.1),#12261);
#12925 = DRAUGHTING_PRE_DEFINED_CURVE_FONT('continuous');
#12926 = STYLED_ITEM('color',(#12927),#5905);
#12927 = PRESENTATION_STYLE_ASSIGNMENT((#12928,#12933));
#12928 = SURFACE_STYLE_USAGE(.BOTH.,#12929);
#12929 = SURFACE_SIDE_STYLE('',(#12930));
#12930 = SURFACE_STYLE_FILL_AREA(#12931);
#12931 = FILL_AREA_STYLE('',(#12932));
#12932 = FILL_AREA_STYLE_COLOUR('',#12261);
#12933 = CURVE_STYLE('',#12934,POSITIVE_LENGTH_MEASURE(0.1),#12261);
#12934 = DRAUGHTING_PRE_DEFINED_CURVE_FONT('continuous');
#12935 = STYLED_ITEM('color',(#12936),#5945);
#12936 = PRESENTATION_STYLE_ASSIGNMENT((#12937,#12942));
#12937 = SURFACE_STYLE_USAGE(.BOTH.,#12938);
#12938 = SURFACE_SIDE_STYLE('',(#12939));
#12939 = SURFACE_STYLE_FILL_AREA(#12940);
#12940 = FILL_AREA_STYLE('',(#12941));
#12941 = FILL_AREA_STYLE_COLOUR('',#12261);
#12942 = CURVE_STYLE('',#12943,POSITIVE_LENGTH_MEASURE(0.1),#12261);
#12943 = DRAUGHTING_PRE_DEFINED_CURVE_FONT('continuous');
#12944 = STYLED_ITEM('color',(#12945),#5969);
#12945 = PRESENTATION_STYLE_ASSIGNMENT((#12946,#12951));
#12946 = SURFACE_STYLE_USAGE(.BOTH.,#12947);
#12947 = SURFACE_SIDE_STYLE('',(#12948));
#12948 = SURFACE_STYLE_FILL_AREA(#12949);
#12949 = FILL_AREA_STYLE('',(#12950));
#12950 = FILL_AREA_STYLE_COLOUR('',#12261);
#12951 = CURVE_STYLE('',#12952,POSITIVE_LENGTH_MEASURE(0.1),#12261);
#12952 = DRAUGHTING_PRE_DEFINED_CURVE_FONT('continuous');
#12953 = STYLED_ITEM('color',(#12954),#6002);
#12954 = PRESENTATION_STYLE_ASSIGNMENT((#12955,#12960));
#12955 = SURFACE_STYLE_USAGE(.BOTH.,#12956);
#12956 = SURFACE_SIDE_STYLE('',(#12957));
#12957 = SURFACE_STYLE_FILL_AREA(#12958);
#12958 = FILL_AREA_STYLE('',(#12959));
#12959 = FILL_AREA_STYLE_COLOUR('',#12261);
#12960 = CURVE_STYLE('',#12961,POSITIVE_LENGTH_MEASURE(0.1),#12261);
#12961 = DRAUGHTING_PRE_DEFINED_CURVE_FONT('continuous');
#12962 = STYLED_ITEM('color',(#12963),#6042);
#12963 = PRESENTATION_STYLE_ASSIGNMENT((#12964,#12969));
#12964 = SURFACE_STYLE_USAGE(.BOTH.,#12965);
#12965 = SURFACE_SIDE_STYLE('',(#12966));
#12966 = SURFACE_STYLE_FILL_AREA(#12967);
#12967 = FILL_AREA_STYLE('',(#12968));
#12968 = FILL_AREA_STYLE_COLOUR('',#12261);
#12969 = CURVE_STYLE('',#12970,POSITIVE_LENGTH_MEASURE(0.1),#12261);
#12970 = DRAUGHTING_PRE_DEFINED_CURVE_FONT('continuous');
#12971 = STYLED_ITEM('color',(#12972),#6066);
#12972 = PRESENTATION_STYLE_ASSIGNMENT((#12973,#12978));
#12973 = SURFACE_STYLE_USAGE(.BOTH.,#12974);
#12974 = SURFACE_SIDE_STYLE('',(#12975));
#12975 = SURFACE_STYLE_FILL_AREA(#12976);
#12976 = FILL_AREA_STYLE('',(#12977));
#12977 = FILL_AREA_STYLE_COLOUR('',#12261);
#12978 = CURVE_STYLE('',#12979,POSITIVE_LENGTH_MEASURE(0.1),#12261);
#12979 = DRAUGHTING_PRE_DEFINED_CURVE_FONT('continuous');
#12980 = STYLED_ITEM('color',(#12981),#6099);
#12981 = PRESENTATION_STYLE_ASSIGNMENT((#12982,#12987));
#12982 = SURFACE_STYLE_USAGE(.BOTH.,#12983);
#12983 = SURFACE_SIDE_STYLE('',(#12984));
#12984 = SURFACE_STYLE_FILL_AREA(#12985);
#12985 = FILL_AREA_STYLE('',(#12986));
#12986 = FILL_AREA_STYLE_COLOUR('',#12261);
#12987 = CURVE_STYLE('',#12988,POSITIVE_LENGTH_MEASURE(0.1),#12261);
#12988 = DRAUGHTING_PRE_DEFINED_CURVE_FONT('continuous');
#12989 = STYLED_ITEM('color',(#12990),#6139);
#12990 = PRESENTATION_STYLE_ASSIGNMENT((#12991,#12996));
#12991 = SURFACE_STYLE_USAGE(.BOTH.,#12992);
#12992 = SURFACE_SIDE_STYLE('',(#12993));
#12993 = SURFACE_STYLE_FILL_AREA(#12994);
#12994 = FILL_AREA_STYLE('',(#12995));
#12995 = FILL_AREA_STYLE_COLOUR('',#12261);
#12996 = CURVE_STYLE('',#12997,POSITIVE_LENGTH_MEASURE(0.1),#12261);
#12997 = DRAUGHTING_PRE_DEFINED_CURVE_FONT('continuous');
#12998 = STYLED_ITEM('color',(#12999),#6163);
#12999 = PRESENTATION_STYLE_ASSIGNMENT((#13000,#13005));
#13000 = SURFACE_STYLE_USAGE(.BOTH.,#13001);
#13001 = SURFACE_SIDE_STYLE('',(#13002));
#13002 = SURFACE_STYLE_FILL_AREA(#13003);
#13003 = FILL_AREA_STYLE('',(#13004));
#13004 = FILL_AREA_STYLE_COLOUR('',#12261);
#13005 = CURVE_STYLE('',#13006,POSITIVE_LENGTH_MEASURE(0.1),#12261);
#13006 = DRAUGHTING_PRE_DEFINED_CURVE_FONT('continuous');
#13007 = STYLED_ITEM('color',(#13008),#6196);
#13008 = PRESENTATION_STYLE_ASSIGNMENT((#13009,#13014));
#13009 = SURFACE_STYLE_USAGE(.BOTH.,#13010);
#13010 = SURFACE_SIDE_STYLE('',(#13011));
#13011 = SURFACE_STYLE_FILL_AREA(#13012);
#13012 = FILL_AREA_STYLE('',(#13013));
#13013 = FILL_AREA_STYLE_COLOUR('',#12261);
#13014 = CURVE_STYLE('',#13015,POSITIVE_LENGTH_MEASURE(0.1),#12261);
#13015 = DRAUGHTING_PRE_DEFINED_CURVE_FONT('continuous');
#13016 = STYLED_ITEM('color',(#13017),#6236);
#13017 = PRESENTATION_STYLE_ASSIGNMENT((#13018,#13023));
#13018 = SURFACE_STYLE_USAGE(.BOTH.,#13019);
#13019 = SURFACE_SIDE_STYLE('',(#13020));
#13020 = SURFACE_STYLE_FILL_AREA(#13021);
#13021 = FILL_AREA_STYLE('',(#13022));
#13022 = FILL_AREA_STYLE_COLOUR('',#12261);
#13023 = CURVE_STYLE('',#13024,POSITIVE_LENGTH_MEASURE(0.1),#12261);
#13024 = DRAUGHTING_PRE_DEFINED_CURVE_FONT('continuous');
#13025 = STYLED_ITEM('color',(#13026),#6260);
#13026 = PRESENTATION_STYLE_ASSIGNMENT((#13027,#13032));
#13027 = SURFACE_STYLE_USAGE(.BOTH.,#13028);
#13028 = SURFACE_SIDE_STYLE('',(#13029));
#13029 = SURFACE_STYLE_FILL_AREA(#13030);
#13030 = FILL_AREA_STYLE('',(#13031));
#13031 = FILL_AREA_STYLE_COLOUR('',#12261);
#13032 = CURVE_STYLE('',#13033,POSITIVE_LENGTH_MEASURE(0.1),#12261);
#13033 = DRAUGHTING_PRE_DEFINED_CURVE_FONT('continuous');
#13034 = STYLED_ITEM('color',(#13035),#6293);
#13035 = PRESENTATION_STYLE_ASSIGNMENT((#13036,#13041));
#13036 = SURFACE_STYLE_USAGE(.BOTH.,#13037);
#13037 = SURFACE_SIDE_STYLE('',(#13038));
#13038 = SURFACE_STYLE_FILL_AREA(#13039);
#13039 = FILL_AREA_STYLE('',(#13040));
#13040 = FILL_AREA_STYLE_COLOUR('',#12261);
#13041 = CURVE_STYLE('',#13042,POSITIVE_LENGTH_MEASURE(0.1),#12261);
#13042 = DRAUGHTING_PRE_DEFINED_CURVE_FONT('continuous');
#13043 = STYLED_ITEM('color',(#13044),#6333);
#13044 = PRESENTATION_STYLE_ASSIGNMENT((#13045,#13050));
#13045 = SURFACE_STYLE_USAGE(.BOTH.,#13046);
#13046 = SURFACE_SIDE_STYLE('',(#13047));
#13047 = SURFACE_STYLE_FILL_AREA(#13048);
#13048 = FILL_AREA_STYLE('',(#13049));
#13049 = FILL_AREA_STYLE_COLOUR('',#12261);
#13050 = CURVE_STYLE('',#13051,POSITIVE_LENGTH_MEASURE(0.1),#12261);
#13051 = DRAUGHTING_PRE_DEFINED_CURVE_FONT('continuous');
#13052 = STYLED_ITEM('color',(#13053),#6357);
#13053 = PRESENTATION_STYLE_ASSIGNMENT((#13054,#13059));
#13054 = SURFACE_STYLE_USAGE(.BOTH.,#13055);
#13055 = SURFACE_SIDE_STYLE('',(#13056));
#13056 = SURFACE_STYLE_FILL_AREA(#13057);
#13057 = FILL_AREA_STYLE('',(#13058));
#13058 = FILL_AREA_STYLE_COLOUR('',#12261);
#13059 = CURVE_STYLE('',#13060,POSITIVE_LENGTH_MEASURE(0.1),#12261);
#13060 = DRAUGHTING_PRE_DEFINED_CURVE_FONT('continuous');
#13061 = STYLED_ITEM('color',(#13062),#6390);
#13062 = PRESENTATION_STYLE_ASSIGNMENT((#13063,#13068));
#13063 = SURFACE_STYLE_USAGE(.BOTH.,#13064);
#13064 = SURFACE_SIDE_STYLE('',(#13065));
#13065 = SURFACE_STYLE_FILL_AREA(#13066);
#13066 = FILL_AREA_STYLE('',(#13067));
#13067 = FILL_AREA_STYLE_COLOUR('',#12261);
#13068 = CURVE_STYLE('',#13069,POSITIVE_LENGTH_MEASURE(0.1),#12261);
#13069 = DRAUGHTING_PRE_DEFINED_CURVE_FONT('continuous');
#13070 = STYLED_ITEM('color',(#13071),#6430);
#13071 = PRESENTATION_STYLE_ASSIGNMENT((#13072,#13077));
#13072 = SURFACE_STYLE_USAGE(.BOTH.,#13073);
#13073 = SURFACE_SIDE_STYLE('',(#13074));
#13074 = SURFACE_STYLE_FILL_AREA(#13075);
#13075 = FILL_AREA_STYLE('',(#13076));
#13076 = FILL_AREA_STYLE_COLOUR('',#12261);
#13077 = CURVE_STYLE('',#13078,POSITIVE_LENGTH_MEASURE(0.1),#12261);
#13078 = DRAUGHTING_PRE_DEFINED_CURVE_FONT('continuous');
#13079 = STYLED_ITEM('color',(#13080),#6454);
#13080 = PRESENTATION_STYLE_ASSIGNMENT((#13081,#13086));
#13081 = SURFACE_STYLE_USAGE(.BOTH.,#13082);
#13082 = SURFACE_SIDE_STYLE('',(#13083));
#13083 = SURFACE_STYLE_FILL_AREA(#13084);
#13084 = FILL_AREA_STYLE('',(#13085));
#13085 = FILL_AREA_STYLE_COLOUR('',#12261);
#13086 = CURVE_STYLE('',#13087,POSITIVE_LENGTH_MEASURE(0.1),#12261);
#13087 = DRAUGHTING_PRE_DEFINED_CURVE_FONT('continuous');
#13088 = STYLED_ITEM('color',(#13089),#6487);
#13089 = PRESENTATION_STYLE_ASSIGNMENT((#13090,#13095));
#13090 = SURFACE_STYLE_USAGE(.BOTH.,#13091);
#13091 = SURFACE_SIDE_STYLE('',(#13092));
#13092 = SURFACE_STYLE_FILL_AREA(#13093);
#13093 = FILL_AREA_STYLE('',(#13094));
#13094 = FILL_AREA_STYLE_COLOUR('',#12261);
#13095 = CURVE_STYLE('',#13096,POSITIVE_LENGTH_MEASURE(0.1),#12261);
#13096 = DRAUGHTING_PRE_DEFINED_CURVE_FONT('continuous');
#13097 = STYLED_ITEM('color',(#13098),#6527);
#13098 = PRESENTATION_STYLE_ASSIGNMENT((#13099,#13104));
#13099 = SURFACE_STYLE_USAGE(.BOTH.,#13100);
#13100 = SURFACE_SIDE_STYLE('',(#13101));
#13101 = SURFACE_STYLE_FILL_AREA(#13102);
#13102 = FILL_AREA_STYLE('',(#13103));
#13103 = FILL_AREA_STYLE_COLOUR('',#12261);
#13104 = CURVE_STYLE('',#13105,POSITIVE_LENGTH_MEASURE(0.1),#12261);
#13105 = DRAUGHTING_PRE_DEFINED_CURVE_FONT('continuous');
#13106 = STYLED_ITEM('color',(#13107),#6551);
#13107 = PRESENTATION_STYLE_ASSIGNMENT((#13108,#13113));
#13108 = SURFACE_STYLE_USAGE(.BOTH.,#13109);
#13109 = SURFACE_SIDE_STYLE('',(#13110));
#13110 = SURFACE_STYLE_FILL_AREA(#13111);
#13111 = FILL_AREA_STYLE('',(#13112));
#13112 = FILL_AREA_STYLE_COLOUR('',#12261);
#13113 = CURVE_STYLE('',#13114,POSITIVE_LENGTH_MEASURE(0.1),#12261);
#13114 = DRAUGHTING_PRE_DEFINED_CURVE_FONT('continuous');
#13115 = STYLED_ITEM('color',(#13116),#6584);
#13116 = PRESENTATION_STYLE_ASSIGNMENT((#13117,#13122));
#13117 = SURFACE_STYLE_USAGE(.BOTH.,#13118);
#13118 = SURFACE_SIDE_STYLE('',(#13119));
#13119 = SURFACE_STYLE_FILL_AREA(#13120);
#13120 = FILL_AREA_STYLE('',(#13121));
#13121 = FILL_AREA_STYLE_COLOUR('',#12261);
#13122 = CURVE_STYLE('',#13123,POSITIVE_LENGTH_MEASURE(0.1),#12261);
#13123 = DRAUGHTING_PRE_DEFINED_CURVE_FONT('continuous');
#13124 = STYLED_ITEM('color',(#13125),#6624);
#13125 = PRESENTATION_STYLE_ASSIGNMENT((#13126,#13131));
#13126 = SURFACE_STYLE_USAGE(.BOTH.,#13127);
#13127 = SURFACE_SIDE_STYLE('',(#13128));
#13128 = SURFACE_STYLE_FILL_AREA(#13129);
#13129 = FILL_AREA_STYLE('',(#13130));
#13130 = FILL_AREA_STYLE_COLOUR('',#12261);
#13131 = CURVE_STYLE('',#13132,POSITIVE_LENGTH_MEASURE(0.1),#12261);
#13132 = DRAUGHTING_PRE_DEFINED_CURVE_FONT('continuous');
#13133 = STYLED_ITEM('color',(#13134),#6648);
#13134 = PRESENTATION_STYLE_ASSIGNMENT((#13135,#13140));
#13135 = SURFACE_STYLE_USAGE(.BOTH.,#13136);
#13136 = SURFACE_SIDE_STYLE('',(#13137));
#13137 = SURFACE_STYLE_FILL_AREA(#13138);
#13138 = FILL_AREA_STYLE('',(#13139));
#13139 = FILL_AREA_STYLE_COLOUR('',#12261);
#13140 = CURVE_STYLE('',#13141,POSITIVE_LENGTH_MEASURE(0.1),#12261);
#13141 = DRAUGHTING_PRE_DEFINED_CURVE_FONT('continuous');
#13142 = STYLED_ITEM('color',(#13143),#6681);
#13143 = PRESENTATION_STYLE_ASSIGNMENT((#13144,#13149));
#13144 = SURFACE_STYLE_USAGE(.BOTH.,#13145);
#13145 = SURFACE_SIDE_STYLE('',(#13146));
#13146 = SURFACE_STYLE_FILL_AREA(#13147);
#13147 = FILL_AREA_STYLE('',(#13148));
#13148 = FILL_AREA_STYLE_COLOUR('',#12261);
#13149 = CURVE_STYLE('',#13150,POSITIVE_LENGTH_MEASURE(0.1),#12261);
#13150 = DRAUGHTING_PRE_DEFINED_CURVE_FONT('continuous');
#13151 = STYLED_ITEM('color',(#13152),#6721);
#13152 = PRESENTATION_STYLE_ASSIGNMENT((#13153,#13158));
#13153 = SURFACE_STYLE_USAGE(.BOTH.,#13154);
#13154 = SURFACE_SIDE_STYLE('',(#13155));
#13155 = SURFACE_STYLE_FILL_AREA(#13156);
#13156 = FILL_AREA_STYLE('',(#13157));
#13157 = FILL_AREA_STYLE_COLOUR('',#12261);
#13158 = CURVE_STYLE('',#13159,POSITIVE_LENGTH_MEASURE(0.1),#12261);
#13159 = DRAUGHTING_PRE_DEFINED_CURVE_FONT('continuous');
#13160 = STYLED_ITEM('color',(#13161),#6745);
#13161 = PRESENTATION_STYLE_ASSIGNMENT((#13162,#13167));
#13162 = SURFACE_STYLE_USAGE(.BOTH.,#13163);
#13163 = SURFACE_SIDE_STYLE('',(#13164));
#13164 = SURFACE_STYLE_FILL_AREA(#13165);
#13165 = FILL_AREA_STYLE('',(#13166));
#13166 = FILL_AREA_STYLE_COLOUR('',#12261);
#13167 = CURVE_STYLE('',#13168,POSITIVE_LENGTH_MEASURE(0.1),#12261);
#13168 = DRAUGHTING_PRE_DEFINED_CURVE_FONT('continuous');
#13169 = STYLED_ITEM('color',(#13170),#6778);
#13170 = PRESENTATION_STYLE_ASSIGNMENT((#13171,#13176));
#13171 = SURFACE_STYLE_USAGE(.BOTH.,#13172);
#13172 = SURFACE_SIDE_STYLE('',(#13173));
#13173 = SURFACE_STYLE_FILL_AREA(#13174);
#13174 = FILL_AREA_STYLE('',(#13175));
#13175 = FILL_AREA_STYLE_COLOUR('',#12509);
#13176 = CURVE_STYLE('',#13177,POSITIVE_LENGTH_MEASURE(0.1),#12509);
#13177 = DRAUGHTING_PRE_DEFINED_CURVE_FONT('continuous');
#13178 = STYLED_ITEM('color',(#13179),#6795);
#13179 = PRESENTATION_STYLE_ASSIGNMENT((#13180,#13185));
#13180 = SURFACE_STYLE_USAGE(.BOTH.,#13181);
#13181 = SURFACE_SIDE_STYLE('',(#13182));
#13182 = SURFACE_STYLE_FILL_AREA(#13183);
#13183 = FILL_AREA_STYLE('',(#13184));
#13184 = FILL_AREA_STYLE_COLOUR('',#12509);
#13185 = CURVE_STYLE('',#13186,POSITIVE_LENGTH_MEASURE(0.1),#12509);
#13186 = DRAUGHTING_PRE_DEFINED_CURVE_FONT('continuous');
#13187 = STYLED_ITEM('color',(#13188),#6849);
#13188 = PRESENTATION_STYLE_ASSIGNMENT((#13189,#13194));
#13189 = SURFACE_STYLE_USAGE(.BOTH.,#13190);
#13190 = SURFACE_SIDE_STYLE('',(#13191));
#13191 = SURFACE_STYLE_FILL_AREA(#13192);
#13192 = FILL_AREA_STYLE('',(#13193));
#13193 = FILL_AREA_STYLE_COLOUR('',#12509);
#13194 = CURVE_STYLE('',#13195,POSITIVE_LENGTH_MEASURE(0.1),#12509);
#13195 = DRAUGHTING_PRE_DEFINED_CURVE_FONT('continuous');
#13196 = STYLED_ITEM('color',(#13197),#6873);
#13197 = PRESENTATION_STYLE_ASSIGNMENT((#13198,#13203));
#13198 = SURFACE_STYLE_USAGE(.BOTH.,#13199);
#13199 = SURFACE_SIDE_STYLE('',(#13200));
#13200 = SURFACE_STYLE_FILL_AREA(#13201);
#13201 = FILL_AREA_STYLE('',(#13202));
#13202 = FILL_AREA_STYLE_COLOUR('',#12509);
#13203 = CURVE_STYLE('',#13204,POSITIVE_LENGTH_MEASURE(0.1),#12509);
#13204 = DRAUGHTING_PRE_DEFINED_CURVE_FONT('continuous');
#13205 = STYLED_ITEM('color',(#13206),#6897);
#13206 = PRESENTATION_STYLE_ASSIGNMENT((#13207,#13212));
#13207 = SURFACE_STYLE_USAGE(.BOTH.,#13208);
#13208 = SURFACE_SIDE_STYLE('',(#13209));
#13209 = SURFACE_STYLE_FILL_AREA(#13210);
#13210 = FILL_AREA_STYLE('',(#13211));
#13211 = FILL_AREA_STYLE_COLOUR('',#12509);
#13212 = CURVE_STYLE('',#13213,POSITIVE_LENGTH_MEASURE(0.1),#12509);
#13213 = DRAUGHTING_PRE_DEFINED_CURVE_FONT('continuous');
#13214 = STYLED_ITEM('color',(#13215),#6914);
#13215 = PRESENTATION_STYLE_ASSIGNMENT((#13216,#13221));
#13216 = SURFACE_STYLE_USAGE(.BOTH.,#13217);
#13217 = SURFACE_SIDE_STYLE('',(#13218));
#13218 = SURFACE_STYLE_FILL_AREA(#13219);
#13219 = FILL_AREA_STYLE('',(#13220));
#13220 = FILL_AREA_STYLE_COLOUR('',#12509);
#13221 = CURVE_STYLE('',#13222,POSITIVE_LENGTH_MEASURE(0.1),#12509);
#13222 = DRAUGHTING_PRE_DEFINED_CURVE_FONT('continuous');
#13223 = STYLED_ITEM('color',(#13224),#6938);
#13224 = PRESENTATION_STYLE_ASSIGNMENT((#13225,#13230));
#13225 = SURFACE_STYLE_USAGE(.BOTH.,#13226);
#13226 = SURFACE_SIDE_STYLE('',(#13227));
#13227 = SURFACE_STYLE_FILL_AREA(#13228);
#13228 = FILL_AREA_STYLE('',(#13229));
#13229 = FILL_AREA_STYLE_COLOUR('',#12509);
#13230 = CURVE_STYLE('',#13231,POSITIVE_LENGTH_MEASURE(0.1),#12509);
#13231 = DRAUGHTING_PRE_DEFINED_CURVE_FONT('continuous');
#13232 = STYLED_ITEM('color',(#13233),#6985);
#13233 = PRESENTATION_STYLE_ASSIGNMENT((#13234,#13239));
#13234 = SURFACE_STYLE_USAGE(.BOTH.,#13235);
#13235 = SURFACE_SIDE_STYLE('',(#13236));
#13236 = SURFACE_STYLE_FILL_AREA(#13237);
#13237 = FILL_AREA_STYLE('',(#13238));
#13238 = FILL_AREA_STYLE_COLOUR('',#12509);
#13239 = CURVE_STYLE('',#13240,POSITIVE_LENGTH_MEASURE(0.1),#12509);
#13240 = DRAUGHTING_PRE_DEFINED_CURVE_FONT('continuous');
#13241 = STYLED_ITEM('color',(#13242),#7009);
#13242 = PRESENTATION_STYLE_ASSIGNMENT((#13243,#13248));
#13243 = SURFACE_STYLE_USAGE(.BOTH.,#13244);
#13244 = SURFACE_SIDE_STYLE('',(#13245));
#13245 = SURFACE_STYLE_FILL_AREA(#13246);
#13246 = FILL_AREA_STYLE('',(#13247));
#13247 = FILL_AREA_STYLE_COLOUR('',#12509);
#13248 = CURVE_STYLE('',#13249,POSITIVE_LENGTH_MEASURE(0.1),#12509);
#13249 = DRAUGHTING_PRE_DEFINED_CURVE_FONT('continuous');
#13250 = STYLED_ITEM('color',(#13251),#7033);
#13251 = PRESENTATION_STYLE_ASSIGNMENT((#13252,#13257));
#13252 = SURFACE_STYLE_USAGE(.BOTH.,#13253);
#13253 = SURFACE_SIDE_STYLE('',(#13254));
#13254 = SURFACE_STYLE_FILL_AREA(#13255);
#13255 = FILL_AREA_STYLE('',(#13256));
#13256 = FILL_AREA_STYLE_COLOUR('',#12509);
#13257 = CURVE_STYLE('',#13258,POSITIVE_LENGTH_MEASURE(0.1),#12509);
#13258 = DRAUGHTING_PRE_DEFINED_CURVE_FONT('continuous');
#13259 = STYLED_ITEM('color',(#13260),#7050);
#13260 = PRESENTATION_STYLE_ASSIGNMENT((#13261,#13266));
#13261 = SURFACE_STYLE_USAGE(.BOTH.,#13262);
#13262 = SURFACE_SIDE_STYLE('',(#13263));
#13263 = SURFACE_STYLE_FILL_AREA(#13264);
#13264 = FILL_AREA_STYLE('',(#13265));
#13265 = FILL_AREA_STYLE_COLOUR('',#12509);
#13266 = CURVE_STYLE('',#13267,POSITIVE_LENGTH_MEASURE(0.1),#12509);
#13267 = DRAUGHTING_PRE_DEFINED_CURVE_FONT('continuous');
#13268 = STYLED_ITEM('color',(#13269),#7067);
#13269 = PRESENTATION_STYLE_ASSIGNMENT((#13270,#13275));
#13270 = SURFACE_STYLE_USAGE(.BOTH.,#13271);
#13271 = SURFACE_SIDE_STYLE('',(#13272));
#13272 = SURFACE_STYLE_FILL_AREA(#13273);
#13273 = FILL_AREA_STYLE('',(#13274));
#13274 = FILL_AREA_STYLE_COLOUR('',#12509);
#13275 = CURVE_STYLE('',#13276,POSITIVE_LENGTH_MEASURE(0.1),#12509);
#13276 = DRAUGHTING_PRE_DEFINED_CURVE_FONT('continuous');
#13277 = STYLED_ITEM('color',(#13278),#7090);
#13278 = PRESENTATION_STYLE_ASSIGNMENT((#13279,#13284));
#13279 = SURFACE_STYLE_USAGE(.BOTH.,#13280);
#13280 = SURFACE_SIDE_STYLE('',(#13281));
#13281 = SURFACE_STYLE_FILL_AREA(#13282);
#13282 = FILL_AREA_STYLE('',(#13283));
#13283 = FILL_AREA_STYLE_COLOUR('',#12261);
#13284 = CURVE_STYLE('',#13285,POSITIVE_LENGTH_MEASURE(0.1),#12261);
#13285 = DRAUGHTING_PRE_DEFINED_CURVE_FONT('continuous');
#13286 = STYLED_ITEM('color',(#13287),#7129);
#13287 = PRESENTATION_STYLE_ASSIGNMENT((#13288,#13293));
#13288 = SURFACE_STYLE_USAGE(.BOTH.,#13289);
#13289 = SURFACE_SIDE_STYLE('',(#13290));
#13290 = SURFACE_STYLE_FILL_AREA(#13291);
#13291 = FILL_AREA_STYLE('',(#13292));
#13292 = FILL_AREA_STYLE_COLOUR('',#12509);
#13293 = CURVE_STYLE('',#13294,POSITIVE_LENGTH_MEASURE(0.1),#12509);
#13294 = DRAUGHTING_PRE_DEFINED_CURVE_FONT('continuous');
#13295 = STYLED_ITEM('color',(#13296),#7154);
#13296 = PRESENTATION_STYLE_ASSIGNMENT((#13297,#13302));
#13297 = SURFACE_STYLE_USAGE(.BOTH.,#13298);
#13298 = SURFACE_SIDE_STYLE('',(#13299));
#13299 = SURFACE_STYLE_FILL_AREA(#13300);
#13300 = FILL_AREA_STYLE('',(#13301));
#13301 = FILL_AREA_STYLE_COLOUR('',#12509);
#13302 = CURVE_STYLE('',#13303,POSITIVE_LENGTH_MEASURE(0.1),#12509);
#13303 = DRAUGHTING_PRE_DEFINED_CURVE_FONT('continuous');
#13304 = STYLED_ITEM('color',(#13305),#7170);
#13305 = PRESENTATION_STYLE_ASSIGNMENT((#13306,#13311));
#13306 = SURFACE_STYLE_USAGE(.BOTH.,#13307);
#13307 = SURFACE_SIDE_STYLE('',(#13308));
#13308 = SURFACE_STYLE_FILL_AREA(#13309);
#13309 = FILL_AREA_STYLE('',(#13310));
#13310 = FILL_AREA_STYLE_COLOUR('',#12261);
#13311 = CURVE_STYLE('',#13312,POSITIVE_LENGTH_MEASURE(0.1),#12261);
#13312 = DRAUGHTING_PRE_DEFINED_CURVE_FONT('continuous');
#13313 = STYLED_ITEM('color',(#13314),#7209);
#13314 = PRESENTATION_STYLE_ASSIGNMENT((#13315,#13320));
#13315 = SURFACE_STYLE_USAGE(.BOTH.,#13316);
#13316 = SURFACE_SIDE_STYLE('',(#13317));
#13317 = SURFACE_STYLE_FILL_AREA(#13318);
#13318 = FILL_AREA_STYLE('',(#13319));
#13319 = FILL_AREA_STYLE_COLOUR('',#12261);
#13320 = CURVE_STYLE('',#13321,POSITIVE_LENGTH_MEASURE(0.1),#12261);
#13321 = DRAUGHTING_PRE_DEFINED_CURVE_FONT('continuous');
#13322 = STYLED_ITEM('color',(#13323),#7226);
#13323 = PRESENTATION_STYLE_ASSIGNMENT((#13324,#13329));
#13324 = SURFACE_STYLE_USAGE(.BOTH.,#13325);
#13325 = SURFACE_SIDE_STYLE('',(#13326));
#13326 = SURFACE_STYLE_FILL_AREA(#13327);
#13327 = FILL_AREA_STYLE('',(#13328));
#13328 = FILL_AREA_STYLE_COLOUR('',#12261);
#13329 = CURVE_STYLE('',#13330,POSITIVE_LENGTH_MEASURE(0.1),#12261);
#13330 = DRAUGHTING_PRE_DEFINED_CURVE_FONT('continuous');
#13331 = STYLED_ITEM('color',(#13332),#7253);
#13332 = PRESENTATION_STYLE_ASSIGNMENT((#13333,#13338));
#13333 = SURFACE_STYLE_USAGE(.BOTH.,#13334);
#13334 = SURFACE_SIDE_STYLE('',(#13335));
#13335 = SURFACE_STYLE_FILL_AREA(#13336);
#13336 = FILL_AREA_STYLE('',(#13337));
#13337 = FILL_AREA_STYLE_COLOUR('',#12261);
#13338 = CURVE_STYLE('',#13339,POSITIVE_LENGTH_MEASURE(0.1),#12261);
#13339 = DRAUGHTING_PRE_DEFINED_CURVE_FONT('continuous');
#13340 = STYLED_ITEM('color',(#13341),#7277);
#13341 = PRESENTATION_STYLE_ASSIGNMENT((#13342,#13347));
#13342 = SURFACE_STYLE_USAGE(.BOTH.,#13343);
#13343 = SURFACE_SIDE_STYLE('',(#13344));
#13344 = SURFACE_STYLE_FILL_AREA(#13345);
#13345 = FILL_AREA_STYLE('',(#13346));
#13346 = FILL_AREA_STYLE_COLOUR('',#12261);
#13347 = CURVE_STYLE('',#13348,POSITIVE_LENGTH_MEASURE(0.1),#12261);
#13348 = DRAUGHTING_PRE_DEFINED_CURVE_FONT('continuous');
#13349 = STYLED_ITEM('color',(#13350),#7294);
#13350 = PRESENTATION_STYLE_ASSIGNMENT((#13351,#13356));
#13351 = SURFACE_STYLE_USAGE(.BOTH.,#13352);
#13352 = SURFACE_SIDE_STYLE('',(#13353));
#13353 = SURFACE_STYLE_FILL_AREA(#13354);
#13354 = FILL_AREA_STYLE('',(#13355));
#13355 = FILL_AREA_STYLE_COLOUR('',#12261);
#13356 = CURVE_STYLE('',#13357,POSITIVE_LENGTH_MEASURE(0.1),#12261);
#13357 = DRAUGHTING_PRE_DEFINED_CURVE_FONT('continuous');
#13358 = STYLED_ITEM('color',(#13359),#7318);
#13359 = PRESENTATION_STYLE_ASSIGNMENT((#13360,#13365));
#13360 = SURFACE_STYLE_USAGE(.BOTH.,#13361);
#13361 = SURFACE_SIDE_STYLE('',(#13362));
#13362 = SURFACE_STYLE_FILL_AREA(#13363);
#13363 = FILL_AREA_STYLE('',(#13364));
#13364 = FILL_AREA_STYLE_COLOUR('',#12261);
#13365 = CURVE_STYLE('',#13366,POSITIVE_LENGTH_MEASURE(0.1),#12261);
#13366 = DRAUGHTING_PRE_DEFINED_CURVE_FONT('continuous');
#13367 = STYLED_ITEM('color',(#13368),#7342);
#13368 = PRESENTATION_STYLE_ASSIGNMENT((#13369,#13374));
#13369 = SURFACE_STYLE_USAGE(.BOTH.,#13370);
#13370 = SURFACE_SIDE_STYLE('',(#13371));
#13371 = SURFACE_STYLE_FILL_AREA(#13372);
#13372 = FILL_AREA_STYLE('',(#13373));
#13373 = FILL_AREA_STYLE_COLOUR('',#12509);
#13374 = CURVE_STYLE('',#13375,POSITIVE_LENGTH_MEASURE(0.1),#12509);
#13375 = DRAUGHTING_PRE_DEFINED_CURVE_FONT('continuous');
#13376 = STYLED_ITEM('color',(#13377),#7366);
#13377 = PRESENTATION_STYLE_ASSIGNMENT((#13378,#13383));
#13378 = SURFACE_STYLE_USAGE(.BOTH.,#13379);
#13379 = SURFACE_SIDE_STYLE('',(#13380));
#13380 = SURFACE_STYLE_FILL_AREA(#13381);
#13381 = FILL_AREA_STYLE('',(#13382));
#13382 = FILL_AREA_STYLE_COLOUR('',#12261);
#13383 = CURVE_STYLE('',#13384,POSITIVE_LENGTH_MEASURE(0.1),#12261);
#13384 = DRAUGHTING_PRE_DEFINED_CURVE_FONT('continuous');
#13385 = STYLED_ITEM('color',(#13386),#7383);
#13386 = PRESENTATION_STYLE_ASSIGNMENT((#13387,#13392));
#13387 = SURFACE_STYLE_USAGE(.BOTH.,#13388);
#13388 = SURFACE_SIDE_STYLE('',(#13389));
#13389 = SURFACE_STYLE_FILL_AREA(#13390);
#13390 = FILL_AREA_STYLE('',(#13391));
#13391 = FILL_AREA_STYLE_COLOUR('',#12261);
#13392 = CURVE_STYLE('',#13393,POSITIVE_LENGTH_MEASURE(0.1),#12261);
#13393 = DRAUGHTING_PRE_DEFINED_CURVE_FONT('continuous');
#13394 = STYLED_ITEM('color',(#13395),#7400);
#13395 = PRESENTATION_STYLE_ASSIGNMENT((#13396,#13401));
#13396 = SURFACE_STYLE_USAGE(.BOTH.,#13397);
#13397 = SURFACE_SIDE_STYLE('',(#13398));
#13398 = SURFACE_STYLE_FILL_AREA(#13399);
#13399 = FILL_AREA_STYLE('',(#13400));
#13400 = FILL_AREA_STYLE_COLOUR('',#12261);
#13401 = CURVE_STYLE('',#13402,POSITIVE_LENGTH_MEASURE(0.1),#12261);
#13402 = DRAUGHTING_PRE_DEFINED_CURVE_FONT('continuous');
#13403 = STYLED_ITEM('color',(#13404),#7417);
#13404 = PRESENTATION_STYLE_ASSIGNMENT((#13405,#13410));
#13405 = SURFACE_STYLE_USAGE(.BOTH.,#13406);
#13406 = SURFACE_SIDE_STYLE('',(#13407));
#13407 = SURFACE_STYLE_FILL_AREA(#13408);
#13408 = FILL_AREA_STYLE('',(#13409));
#13409 = FILL_AREA_STYLE_COLOUR('',#12261);
#13410 = CURVE_STYLE('',#13411,POSITIVE_LENGTH_MEASURE(0.1),#12261);
#13411 = DRAUGHTING_PRE_DEFINED_CURVE_FONT('continuous');
#13412 = STYLED_ITEM('color',(#13413),#7434);
#13413 = PRESENTATION_STYLE_ASSIGNMENT((#13414,#13419));
#13414 = SURFACE_STYLE_USAGE(.BOTH.,#13415);
#13415 = SURFACE_SIDE_STYLE('',(#13416));
#13416 = SURFACE_STYLE_FILL_AREA(#13417);
#13417 = FILL_AREA_STYLE('',(#13418));
#13418 = FILL_AREA_STYLE_COLOUR('',#12261);
#13419 = CURVE_STYLE('',#13420,POSITIVE_LENGTH_MEASURE(0.1),#12261);
#13420 = DRAUGHTING_PRE_DEFINED_CURVE_FONT('continuous');
#13421 = STYLED_ITEM('color',(#13422),#7451);
#13422 = PRESENTATION_STYLE_ASSIGNMENT((#13423,#13428));
#13423 = SURFACE_STYLE_USAGE(.BOTH.,#13424);
#13424 = SURFACE_SIDE_STYLE('',(#13425));
#13425 = SURFACE_STYLE_FILL_AREA(#13426);
#13426 = FILL_AREA_STYLE('',(#13427));
#13427 = FILL_AREA_STYLE_COLOUR('',#12261);
#13428 = CURVE_STYLE('',#13429,POSITIVE_LENGTH_MEASURE(0.1),#12261);
#13429 = DRAUGHTING_PRE_DEFINED_CURVE_FONT('continuous');
#13430 = STYLED_ITEM('color',(#13431),#7468);
#13431 = PRESENTATION_STYLE_ASSIGNMENT((#13432,#13437));
#13432 = SURFACE_STYLE_USAGE(.BOTH.,#13433);
#13433 = SURFACE_SIDE_STYLE('',(#13434));
#13434 = SURFACE_STYLE_FILL_AREA(#13435);
#13435 = FILL_AREA_STYLE('',(#13436));
#13436 = FILL_AREA_STYLE_COLOUR('',#12261);
#13437 = CURVE_STYLE('',#13438,POSITIVE_LENGTH_MEASURE(0.1),#12261);
#13438 = DRAUGHTING_PRE_DEFINED_CURVE_FONT('continuous');
#13439 = STYLED_ITEM('color',(#13440),#7485);
#13440 = PRESENTATION_STYLE_ASSIGNMENT((#13441,#13446));
#13441 = SURFACE_STYLE_USAGE(.BOTH.,#13442);
#13442 = SURFACE_SIDE_STYLE('',(#13443));
#13443 = SURFACE_STYLE_FILL_AREA(#13444);
#13444 = FILL_AREA_STYLE('',(#13445));
#13445 = FILL_AREA_STYLE_COLOUR('',#12261);
#13446 = CURVE_STYLE('',#13447,POSITIVE_LENGTH_MEASURE(0.1),#12261);
#13447 = DRAUGHTING_PRE_DEFINED_CURVE_FONT('continuous');
#13448 = STYLED_ITEM('color',(#13449),#7502);
#13449 = PRESENTATION_STYLE_ASSIGNMENT((#13450,#13455));
#13450 = SURFACE_STYLE_USAGE(.BOTH.,#13451);
#13451 = SURFACE_SIDE_STYLE('',(#13452));
#13452 = SURFACE_STYLE_FILL_AREA(#13453);
#13453 = FILL_AREA_STYLE('',(#13454));
#13454 = FILL_AREA_STYLE_COLOUR('',#12261);
#13455 = CURVE_STYLE('',#13456,POSITIVE_LENGTH_MEASURE(0.1),#12261);
#13456 = DRAUGHTING_PRE_DEFINED_CURVE_FONT('continuous');
#13457 = STYLED_ITEM('color',(#13458),#7519);
#13458 = PRESENTATION_STYLE_ASSIGNMENT((#13459,#13464));
#13459 = SURFACE_STYLE_USAGE(.BOTH.,#13460);
#13460 = SURFACE_SIDE_STYLE('',(#13461));
#13461 = SURFACE_STYLE_FILL_AREA(#13462);
#13462 = FILL_AREA_STYLE('',(#13463));
#13463 = FILL_AREA_STYLE_COLOUR('',#12261);
#13464 = CURVE_STYLE('',#13465,POSITIVE_LENGTH_MEASURE(0.1),#12261);
#13465 = DRAUGHTING_PRE_DEFINED_CURVE_FONT('continuous');
#13466 = STYLED_ITEM('color',(#13467),#7536);
#13467 = PRESENTATION_STYLE_ASSIGNMENT((#13468,#13473));
#13468 = SURFACE_STYLE_USAGE(.BOTH.,#13469);
#13469 = SURFACE_SIDE_STYLE('',(#13470));
#13470 = SURFACE_STYLE_FILL_AREA(#13471);
#13471 = FILL_AREA_STYLE('',(#13472));
#13472 = FILL_AREA_STYLE_COLOUR('',#12261);
#13473 = CURVE_STYLE('',#13474,POSITIVE_LENGTH_MEASURE(0.1),#12261);
#13474 = DRAUGHTING_PRE_DEFINED_CURVE_FONT('continuous');
#13475 = STYLED_ITEM('color',(#13476),#7553);
#13476 = PRESENTATION_STYLE_ASSIGNMENT((#13477,#13482));
#13477 = SURFACE_STYLE_USAGE(.BOTH.,#13478);
#13478 = SURFACE_SIDE_STYLE('',(#13479));
#13479 = SURFACE_STYLE_FILL_AREA(#13480);
#13480 = FILL_AREA_STYLE('',(#13481));
#13481 = FILL_AREA_STYLE_COLOUR('',#12261);
#13482 = CURVE_STYLE('',#13483,POSITIVE_LENGTH_MEASURE(0.1),#12261);
#13483 = DRAUGHTING_PRE_DEFINED_CURVE_FONT('continuous');
#13484 = STYLED_ITEM('color',(#13485),#7570);
#13485 = PRESENTATION_STYLE_ASSIGNMENT((#13486,#13491));
#13486 = SURFACE_STYLE_USAGE(.BOTH.,#13487);
#13487 = SURFACE_SIDE_STYLE('',(#13488));
#13488 = SURFACE_STYLE_FILL_AREA(#13489);
#13489 = FILL_AREA_STYLE('',(#13490));
#13490 = FILL_AREA_STYLE_COLOUR('',#12261);
#13491 = CURVE_STYLE('',#13492,POSITIVE_LENGTH_MEASURE(0.1),#12261);
#13492 = DRAUGHTING_PRE_DEFINED_CURVE_FONT('continuous');
#13493 = STYLED_ITEM('color',(#13494),#7587);
#13494 = PRESENTATION_STYLE_ASSIGNMENT((#13495,#13500));
#13495 = SURFACE_STYLE_USAGE(.BOTH.,#13496);
#13496 = SURFACE_SIDE_STYLE('',(#13497));
#13497 = SURFACE_STYLE_FILL_AREA(#13498);
#13498 = FILL_AREA_STYLE('',(#13499));
#13499 = FILL_AREA_STYLE_COLOUR('',#12261);
#13500 = CURVE_STYLE('',#13501,POSITIVE_LENGTH_MEASURE(0.1),#12261);
#13501 = DRAUGHTING_PRE_DEFINED_CURVE_FONT('continuous');
#13502 = STYLED_ITEM('color',(#13503),#7604);
#13503 = PRESENTATION_STYLE_ASSIGNMENT((#13504,#13509));
#13504 = SURFACE_STYLE_USAGE(.BOTH.,#13505);
#13505 = SURFACE_SIDE_STYLE('',(#13506));
#13506 = SURFACE_STYLE_FILL_AREA(#13507);
#13507 = FILL_AREA_STYLE('',(#13508));
#13508 = FILL_AREA_STYLE_COLOUR('',#12509);
#13509 = CURVE_STYLE('',#13510,POSITIVE_LENGTH_MEASURE(0.1),#12509);
#13510 = DRAUGHTING_PRE_DEFINED_CURVE_FONT('continuous');
#13511 = STYLED_ITEM('color',(#13512),#7621);
#13512 = PRESENTATION_STYLE_ASSIGNMENT((#13513,#13518));
#13513 = SURFACE_STYLE_USAGE(.BOTH.,#13514);
#13514 = SURFACE_SIDE_STYLE('',(#13515));
#13515 = SURFACE_STYLE_FILL_AREA(#13516);
#13516 = FILL_AREA_STYLE('',(#13517));
#13517 = FILL_AREA_STYLE_COLOUR('',#12509);
#13518 = CURVE_STYLE('',#13519,POSITIVE_LENGTH_MEASURE(0.1),#12509);
#13519 = DRAUGHTING_PRE_DEFINED_CURVE_FONT('continuous');
#13520 = STYLED_ITEM('color',(#13521),#7633);
#13521 = PRESENTATION_STYLE_ASSIGNMENT((#13522,#13527));
#13522 = SURFACE_STYLE_USAGE(.BOTH.,#13523);
#13523 = SURFACE_SIDE_STYLE('',(#13524));
#13524 = SURFACE_STYLE_FILL_AREA(#13525);
#13525 = FILL_AREA_STYLE('',(#13526));
#13526 = FILL_AREA_STYLE_COLOUR('',#12509);
#13527 = CURVE_STYLE('',#13528,POSITIVE_LENGTH_MEASURE(0.1),#12509);
#13528 = DRAUGHTING_PRE_DEFINED_CURVE_FONT('continuous');
#13529 = STYLED_ITEM('color',(#13530),#7657);
#13530 = PRESENTATION_STYLE_ASSIGNMENT((#13531,#13536));
#13531 = SURFACE_STYLE_USAGE(.BOTH.,#13532);
#13532 = SURFACE_SIDE_STYLE('',(#13533));
#13533 = SURFACE_STYLE_FILL_AREA(#13534);
#13534 = FILL_AREA_STYLE('',(#13535));
#13535 = FILL_AREA_STYLE_COLOUR('',#12509);
#13536 = CURVE_STYLE('',#13537,POSITIVE_LENGTH_MEASURE(0.1),#12509);
#13537 = DRAUGHTING_PRE_DEFINED_CURVE_FONT('continuous');
#13538 = STYLED_ITEM('color',(#13539),#7674);
#13539 = PRESENTATION_STYLE_ASSIGNMENT((#13540,#13545));
#13540 = SURFACE_STYLE_USAGE(.BOTH.,#13541);
#13541 = SURFACE_SIDE_STYLE('',(#13542));
#13542 = SURFACE_STYLE_FILL_AREA(#13543);
#13543 = FILL_AREA_STYLE('',(#13544));
#13544 = FILL_AREA_STYLE_COLOUR('',#12261);
#13545 = CURVE_STYLE('',#13546,POSITIVE_LENGTH_MEASURE(0.1),#12261);
#13546 = DRAUGHTING_PRE_DEFINED_CURVE_FONT('continuous');
#13547 = STYLED_ITEM('color',(#13548),#7691);
#13548 = PRESENTATION_STYLE_ASSIGNMENT((#13549,#13554));
#13549 = SURFACE_STYLE_USAGE(.BOTH.,#13550);
#13550 = SURFACE_SIDE_STYLE('',(#13551));
#13551 = SURFACE_STYLE_FILL_AREA(#13552);
#13552 = FILL_AREA_STYLE('',(#13553));
#13553 = FILL_AREA_STYLE_COLOUR('',#12261);
#13554 = CURVE_STYLE('',#13555,POSITIVE_LENGTH_MEASURE(0.1),#12261);
#13555 = DRAUGHTING_PRE_DEFINED_CURVE_FONT('continuous');
#13556 = STYLED_ITEM('color',(#13557),#7703);
#13557 = PRESENTATION_STYLE_ASSIGNMENT((#13558,#13563));
#13558 = SURFACE_STYLE_USAGE(.BOTH.,#13559);
#13559 = SURFACE_SIDE_STYLE('',(#13560));
#13560 = SURFACE_STYLE_FILL_AREA(#13561);
#13561 = FILL_AREA_STYLE('',(#13562));
#13562 = FILL_AREA_STYLE_COLOUR('',#12261);
#13563 = CURVE_STYLE('',#13564,POSITIVE_LENGTH_MEASURE(0.1),#12261);
#13564 = DRAUGHTING_PRE_DEFINED_CURVE_FONT('continuous');
#13565 = STYLED_ITEM('color',(#13566),#7720);
#13566 = PRESENTATION_STYLE_ASSIGNMENT((#13567,#13572));
#13567 = SURFACE_STYLE_USAGE(.BOTH.,#13568);
#13568 = SURFACE_SIDE_STYLE('',(#13569));
#13569 = SURFACE_STYLE_FILL_AREA(#13570);
#13570 = FILL_AREA_STYLE('',(#13571));
#13571 = FILL_AREA_STYLE_COLOUR('',#12261);
#13572 = CURVE_STYLE('',#13573,POSITIVE_LENGTH_MEASURE(0.1),#12261);
#13573 = DRAUGHTING_PRE_DEFINED_CURVE_FONT('continuous');
#13574 = STYLED_ITEM('color',(#13575),#7732);
#13575 = PRESENTATION_STYLE_ASSIGNMENT((#13576,#13581));
#13576 = SURFACE_STYLE_USAGE(.BOTH.,#13577);
#13577 = SURFACE_SIDE_STYLE('',(#13578));
#13578 = SURFACE_STYLE_FILL_AREA(#13579);
#13579 = FILL_AREA_STYLE('',(#13580));
#13580 = FILL_AREA_STYLE_COLOUR('',#12261);
#13581 = CURVE_STYLE('',#13582,POSITIVE_LENGTH_MEASURE(0.1),#12261);
#13582 = DRAUGHTING_PRE_DEFINED_CURVE_FONT('continuous');
#13583 = STYLED_ITEM('color',(#13584),#7749);
#13584 = PRESENTATION_STYLE_ASSIGNMENT((#13585,#13590));
#13585 = SURFACE_STYLE_USAGE(.BOTH.,#13586);
#13586 = SURFACE_SIDE_STYLE('',(#13587));
#13587 = SURFACE_STYLE_FILL_AREA(#13588);
#13588 = FILL_AREA_STYLE('',(#13589));
#13589 = FILL_AREA_STYLE_COLOUR('',#12261);
#13590 = CURVE_STYLE('',#13591,POSITIVE_LENGTH_MEASURE(0.1),#12261);
#13591 = DRAUGHTING_PRE_DEFINED_CURVE_FONT('continuous');
#13592 = STYLED_ITEM('color',(#13593),#7761);
#13593 = PRESENTATION_STYLE_ASSIGNMENT((#13594,#13599));
#13594 = SURFACE_STYLE_USAGE(.BOTH.,#13595);
#13595 = SURFACE_SIDE_STYLE('',(#13596));
#13596 = SURFACE_STYLE_FILL_AREA(#13597);
#13597 = FILL_AREA_STYLE('',(#13598));
#13598 = FILL_AREA_STYLE_COLOUR('',#12261);
#13599 = CURVE_STYLE('',#13600,POSITIVE_LENGTH_MEASURE(0.1),#12261);
#13600 = DRAUGHTING_PRE_DEFINED_CURVE_FONT('continuous');
#13601 = STYLED_ITEM('color',(#13602),#7778);
#13602 = PRESENTATION_STYLE_ASSIGNMENT((#13603,#13608));
#13603 = SURFACE_STYLE_USAGE(.BOTH.,#13604);
#13604 = SURFACE_SIDE_STYLE('',(#13605));
#13605 = SURFACE_STYLE_FILL_AREA(#13606);
#13606 = FILL_AREA_STYLE('',(#13607));
#13607 = FILL_AREA_STYLE_COLOUR('',#12261);
#13608 = CURVE_STYLE('',#13609,POSITIVE_LENGTH_MEASURE(0.1),#12261);
#13609 = DRAUGHTING_PRE_DEFINED_CURVE_FONT('continuous');
#13610 = STYLED_ITEM('color',(#13611),#7790);
#13611 = PRESENTATION_STYLE_ASSIGNMENT((#13612,#13617));
#13612 = SURFACE_STYLE_USAGE(.BOTH.,#13613);
#13613 = SURFACE_SIDE_STYLE('',(#13614));
#13614 = SURFACE_STYLE_FILL_AREA(#13615);
#13615 = FILL_AREA_STYLE('',(#13616));
#13616 = FILL_AREA_STYLE_COLOUR('',#12261);
#13617 = CURVE_STYLE('',#13618,POSITIVE_LENGTH_MEASURE(0.1),#12261);
#13618 = DRAUGHTING_PRE_DEFINED_CURVE_FONT('continuous');
#13619 = STYLED_ITEM('color',(#13620),#7807);
#13620 = PRESENTATION_STYLE_ASSIGNMENT((#13621,#13626));
#13621 = SURFACE_STYLE_USAGE(.BOTH.,#13622);
#13622 = SURFACE_SIDE_STYLE('',(#13623));
#13623 = SURFACE_STYLE_FILL_AREA(#13624);
#13624 = FILL_AREA_STYLE('',(#13625));
#13625 = FILL_AREA_STYLE_COLOUR('',#12261);
#13626 = CURVE_STYLE('',#13627,POSITIVE_LENGTH_MEASURE(0.1),#12261);
#13627 = DRAUGHTING_PRE_DEFINED_CURVE_FONT('continuous');
#13628 = STYLED_ITEM('color',(#13629),#7819);
#13629 = PRESENTATION_STYLE_ASSIGNMENT((#13630,#13635));
#13630 = SURFACE_STYLE_USAGE(.BOTH.,#13631);
#13631 = SURFACE_SIDE_STYLE('',(#13632));
#13632 = SURFACE_STYLE_FILL_AREA(#13633);
#13633 = FILL_AREA_STYLE('',(#13634));
#13634 = FILL_AREA_STYLE_COLOUR('',#12261);
#13635 = CURVE_STYLE('',#13636,POSITIVE_LENGTH_MEASURE(0.1),#12261);
#13636 = DRAUGHTING_PRE_DEFINED_CURVE_FONT('continuous');
#13637 = STYLED_ITEM('color',(#13638),#7836);
#13638 = PRESENTATION_STYLE_ASSIGNMENT((#13639,#13644));
#13639 = SURFACE_STYLE_USAGE(.BOTH.,#13640);
#13640 = SURFACE_SIDE_STYLE('',(#13641));
#13641 = SURFACE_STYLE_FILL_AREA(#13642);
#13642 = FILL_AREA_STYLE('',(#13643));
#13643 = FILL_AREA_STYLE_COLOUR('',#12261);
#13644 = CURVE_STYLE('',#13645,POSITIVE_LENGTH_MEASURE(0.1),#12261);
#13645 = DRAUGHTING_PRE_DEFINED_CURVE_FONT('continuous');
#13646 = STYLED_ITEM('color',(#13647),#7848);
#13647 = PRESENTATION_STYLE_ASSIGNMENT((#13648,#13653));
#13648 = SURFACE_STYLE_USAGE(.BOTH.,#13649);
#13649 = SURFACE_SIDE_STYLE('',(#13650));
#13650 = SURFACE_STYLE_FILL_AREA(#13651);
#13651 = FILL_AREA_STYLE('',(#13652));
#13652 = FILL_AREA_STYLE_COLOUR('',#12261);
#13653 = CURVE_STYLE('',#13654,POSITIVE_LENGTH_MEASURE(0.1),#12261);
#13654 = DRAUGHTING_PRE_DEFINED_CURVE_FONT('continuous');
#13655 = STYLED_ITEM('color',(#13656),#7865);
#13656 = PRESENTATION_STYLE_ASSIGNMENT((#13657,#13662));
#13657 = SURFACE_STYLE_USAGE(.BOTH.,#13658);
#13658 = SURFACE_SIDE_STYLE('',(#13659));
#13659 = SURFACE_STYLE_FILL_AREA(#13660);
#13660 = FILL_AREA_STYLE('',(#13661));
#13661 = FILL_AREA_STYLE_COLOUR('',#12261);
#13662 = CURVE_STYLE('',#13663,POSITIVE_LENGTH_MEASURE(0.1),#12261);
#13663 = DRAUGHTING_PRE_DEFINED_CURVE_FONT('continuous');
#13664 = STYLED_ITEM('color',(#13665),#7877);
#13665 = PRESENTATION_STYLE_ASSIGNMENT((#13666,#13671));
#13666 = SURFACE_STYLE_USAGE(.BOTH.,#13667);
#13667 = SURFACE_SIDE_STYLE('',(#13668));
#13668 = SURFACE_STYLE_FILL_AREA(#13669);
#13669 = FILL_AREA_STYLE('',(#13670));
#13670 = FILL_AREA_STYLE_COLOUR('',#12261);
#13671 = CURVE_STYLE('',#13672,POSITIVE_LENGTH_MEASURE(0.1),#12261);
#13672 = DRAUGHTING_PRE_DEFINED_CURVE_FONT('continuous');
#13673 = STYLED_ITEM('color',(#13674),#7894);
#13674 = PRESENTATION_STYLE_ASSIGNMENT((#13675,#13680));
#13675 = SURFACE_STYLE_USAGE(.BOTH.,#13676);
#13676 = SURFACE_SIDE_STYLE('',(#13677));
#13677 = SURFACE_STYLE_FILL_AREA(#13678);
#13678 = FILL_AREA_STYLE('',(#13679));
#13679 = FILL_AREA_STYLE_COLOUR('',#12261);
#13680 = CURVE_STYLE('',#13681,POSITIVE_LENGTH_MEASURE(0.1),#12261);
#13681 = DRAUGHTING_PRE_DEFINED_CURVE_FONT('continuous');
#13682 = STYLED_ITEM('color',(#13683),#7906);
#13683 = PRESENTATION_STYLE_ASSIGNMENT((#13684,#13689));
#13684 = SURFACE_STYLE_USAGE(.BOTH.,#13685);
#13685 = SURFACE_SIDE_STYLE('',(#13686));
#13686 = SURFACE_STYLE_FILL_AREA(#13687);
#13687 = FILL_AREA_STYLE('',(#13688));
#13688 = FILL_AREA_STYLE_COLOUR('',#12261);
#13689 = CURVE_STYLE('',#13690,POSITIVE_LENGTH_MEASURE(0.1),#12261);
#13690 = DRAUGHTING_PRE_DEFINED_CURVE_FONT('continuous');
#13691 = STYLED_ITEM('color',(#13692),#7923);
#13692 = PRESENTATION_STYLE_ASSIGNMENT((#13693,#13698));
#13693 = SURFACE_STYLE_USAGE(.BOTH.,#13694);
#13694 = SURFACE_SIDE_STYLE('',(#13695));
#13695 = SURFACE_STYLE_FILL_AREA(#13696);
#13696 = FILL_AREA_STYLE('',(#13697));
#13697 = FILL_AREA_STYLE_COLOUR('',#12261);
#13698 = CURVE_STYLE('',#13699,POSITIVE_LENGTH_MEASURE(0.1),#12261);
#13699 = DRAUGHTING_PRE_DEFINED_CURVE_FONT('continuous');
#13700 = STYLED_ITEM('color',(#13701),#7935);
#13701 = PRESENTATION_STYLE_ASSIGNMENT((#13702,#13707));
#13702 = SURFACE_STYLE_USAGE(.BOTH.,#13703);
#13703 = SURFACE_SIDE_STYLE('',(#13704));
#13704 = SURFACE_STYLE_FILL_AREA(#13705);
#13705 = FILL_AREA_STYLE('',(#13706));
#13706 = FILL_AREA_STYLE_COLOUR('',#12261);
#13707 = CURVE_STYLE('',#13708,POSITIVE_LENGTH_MEASURE(0.1),#12261);
#13708 = DRAUGHTING_PRE_DEFINED_CURVE_FONT('continuous');
#13709 = STYLED_ITEM('color',(#13710),#7952);
#13710 = PRESENTATION_STYLE_ASSIGNMENT((#13711,#13716));
#13711 = SURFACE_STYLE_USAGE(.BOTH.,#13712);
#13712 = SURFACE_SIDE_STYLE('',(#13713));
#13713 = SURFACE_STYLE_FILL_AREA(#13714);
#13714 = FILL_AREA_STYLE('',(#13715));
#13715 = FILL_AREA_STYLE_COLOUR('',#12261);
#13716 = CURVE_STYLE('',#13717,POSITIVE_LENGTH_MEASURE(0.1),#12261);
#13717 = DRAUGHTING_PRE_DEFINED_CURVE_FONT('continuous');
#13718 = STYLED_ITEM('color',(#13719),#7964);
#13719 = PRESENTATION_STYLE_ASSIGNMENT((#13720,#13725));
#13720 = SURFACE_STYLE_USAGE(.BOTH.,#13721);
#13721 = SURFACE_SIDE_STYLE('',(#13722));
#13722 = SURFACE_STYLE_FILL_AREA(#13723);
#13723 = FILL_AREA_STYLE('',(#13724));
#13724 = FILL_AREA_STYLE_COLOUR('',#12261);
#13725 = CURVE_STYLE('',#13726,POSITIVE_LENGTH_MEASURE(0.1),#12261);
#13726 = DRAUGHTING_PRE_DEFINED_CURVE_FONT('continuous');
#13727 = STYLED_ITEM('color',(#13728),#7981);
#13728 = PRESENTATION_STYLE_ASSIGNMENT((#13729,#13734));
#13729 = SURFACE_STYLE_USAGE(.BOTH.,#13730);
#13730 = SURFACE_SIDE_STYLE('',(#13731));
#13731 = SURFACE_STYLE_FILL_AREA(#13732);
#13732 = FILL_AREA_STYLE('',(#13733));
#13733 = FILL_AREA_STYLE_COLOUR('',#12261);
#13734 = CURVE_STYLE('',#13735,POSITIVE_LENGTH_MEASURE(0.1),#12261);
#13735 = DRAUGHTING_PRE_DEFINED_CURVE_FONT('continuous');
#13736 = STYLED_ITEM('color',(#13737),#7993);
#13737 = PRESENTATION_STYLE_ASSIGNMENT((#13738,#13743));
#13738 = SURFACE_STYLE_USAGE(.BOTH.,#13739);
#13739 = SURFACE_SIDE_STYLE('',(#13740));
#13740 = SURFACE_STYLE_FILL_AREA(#13741);
#13741 = FILL_AREA_STYLE('',(#13742));
#13742 = FILL_AREA_STYLE_COLOUR('',#12261);
#13743 = CURVE_STYLE('',#13744,POSITIVE_LENGTH_MEASURE(0.1),#12261);
#13744 = DRAUGHTING_PRE_DEFINED_CURVE_FONT('continuous');
#13745 = STYLED_ITEM('color',(#13746),#8010);
#13746 = PRESENTATION_STYLE_ASSIGNMENT((#13747,#13752));
#13747 = SURFACE_STYLE_USAGE(.BOTH.,#13748);
#13748 = SURFACE_SIDE_STYLE('',(#13749));
#13749 = SURFACE_STYLE_FILL_AREA(#13750);
#13750 = FILL_AREA_STYLE('',(#13751));
#13751 = FILL_AREA_STYLE_COLOUR('',#12261);
#13752 = CURVE_STYLE('',#13753,POSITIVE_LENGTH_MEASURE(0.1),#12261);
#13753 = DRAUGHTING_PRE_DEFINED_CURVE_FONT('continuous');
#13754 = STYLED_ITEM('color',(#13755),#8022);
#13755 = PRESENTATION_STYLE_ASSIGNMENT((#13756,#13761));
#13756 = SURFACE_STYLE_USAGE(.BOTH.,#13757);
#13757 = SURFACE_SIDE_STYLE('',(#13758));
#13758 = SURFACE_STYLE_FILL_AREA(#13759);
#13759 = FILL_AREA_STYLE('',(#13760));
#13760 = FILL_AREA_STYLE_COLOUR('',#12261);
#13761 = CURVE_STYLE('',#13762,POSITIVE_LENGTH_MEASURE(0.1),#12261);
#13762 = DRAUGHTING_PRE_DEFINED_CURVE_FONT('continuous');
#13763 = STYLED_ITEM('color',(#13764),#8039);
#13764 = PRESENTATION_STYLE_ASSIGNMENT((#13765,#13770));
#13765 = SURFACE_STYLE_USAGE(.BOTH.,#13766);
#13766 = SURFACE_SIDE_STYLE('',(#13767));
#13767 = SURFACE_STYLE_FILL_AREA(#13768);
#13768 = FILL_AREA_STYLE('',(#13769));
#13769 = FILL_AREA_STYLE_COLOUR('',#12261);
#13770 = CURVE_STYLE('',#13771,POSITIVE_LENGTH_MEASURE(0.1),#12261);
#13771 = DRAUGHTING_PRE_DEFINED_CURVE_FONT('continuous');
#13772 = STYLED_ITEM('color',(#13773),#8051);
#13773 = PRESENTATION_STYLE_ASSIGNMENT((#13774,#13779));
#13774 = SURFACE_STYLE_USAGE(.BOTH.,#13775);
#13775 = SURFACE_SIDE_STYLE('',(#13776));
#13776 = SURFACE_STYLE_FILL_AREA(#13777);
#13777 = FILL_AREA_STYLE('',(#13778));
#13778 = FILL_AREA_STYLE_COLOUR('',#12261);
#13779 = CURVE_STYLE('',#13780,POSITIVE_LENGTH_MEASURE(0.1),#12261);
#13780 = DRAUGHTING_PRE_DEFINED_CURVE_FONT('continuous');
#13781 = STYLED_ITEM('color',(#13782),#8068);
#13782 = PRESENTATION_STYLE_ASSIGNMENT((#13783,#13788));
#13783 = SURFACE_STYLE_USAGE(.BOTH.,#13784);
#13784 = SURFACE_SIDE_STYLE('',(#13785));
#13785 = SURFACE_STYLE_FILL_AREA(#13786);
#13786 = FILL_AREA_STYLE('',(#13787));
#13787 = FILL_AREA_STYLE_COLOUR('',#12261);
#13788 = CURVE_STYLE('',#13789,POSITIVE_LENGTH_MEASURE(0.1),#12261);
#13789 = DRAUGHTING_PRE_DEFINED_CURVE_FONT('continuous');
#13790 = STYLED_ITEM('color',(#13791),#8080);
#13791 = PRESENTATION_STYLE_ASSIGNMENT((#13792,#13797));
#13792 = SURFACE_STYLE_USAGE(.BOTH.,#13793);
#13793 = SURFACE_SIDE_STYLE('',(#13794));
#13794 = SURFACE_STYLE_FILL_AREA(#13795);
#13795 = FILL_AREA_STYLE('',(#13796));
#13796 = FILL_AREA_STYLE_COLOUR('',#12509);
#13797 = CURVE_STYLE('',#13798,POSITIVE_LENGTH_MEASURE(0.1),#12509);
#13798 = DRAUGHTING_PRE_DEFINED_CURVE_FONT('continuous');
#13799 = STYLED_ITEM('color',(#13800),#8092);
#13800 = PRESENTATION_STYLE_ASSIGNMENT((#13801,#13806));
#13801 = SURFACE_STYLE_USAGE(.BOTH.,#13802);
#13802 = SURFACE_SIDE_STYLE('',(#13803));
#13803 = SURFACE_STYLE_FILL_AREA(#13804);
#13804 = FILL_AREA_STYLE('',(#13805));
#13805 = FILL_AREA_STYLE_COLOUR('',#12509);
#13806 = CURVE_STYLE('',#13807,POSITIVE_LENGTH_MEASURE(0.1),#12509);
#13807 = DRAUGHTING_PRE_DEFINED_CURVE_FONT('continuous');
#13808 = STYLED_ITEM('color',(#13809),#8580);
#13809 = PRESENTATION_STYLE_ASSIGNMENT((#13810,#13815));
#13810 = SURFACE_STYLE_USAGE(.BOTH.,#13811);
#13811 = SURFACE_SIDE_STYLE('',(#13812));
#13812 = SURFACE_STYLE_FILL_AREA(#13813);
#13813 = FILL_AREA_STYLE('',(#13814));
#13814 = FILL_AREA_STYLE_COLOUR('',#12509);
#13815 = CURVE_STYLE('',#13816,POSITIVE_LENGTH_MEASURE(0.1),#12509);
#13816 = DRAUGHTING_PRE_DEFINED_CURVE_FONT('continuous');
#13817 = STYLED_ITEM('color',(#13818),#8592);
#13818 = PRESENTATION_STYLE_ASSIGNMENT((#13819,#13824));
#13819 = SURFACE_STYLE_USAGE(.BOTH.,#13820);
#13820 = SURFACE_SIDE_STYLE('',(#13821));
#13821 = SURFACE_STYLE_FILL_AREA(#13822);
#13822 = FILL_AREA_STYLE('',(#13823));
#13823 = FILL_AREA_STYLE_COLOUR('',#12261);
#13824 = CURVE_STYLE('',#13825,POSITIVE_LENGTH_MEASURE(0.1),#12261);
#13825 = DRAUGHTING_PRE_DEFINED_CURVE_FONT('continuous');
#13826 = STYLED_ITEM('color',(#13827),#8609);
#13827 = PRESENTATION_STYLE_ASSIGNMENT((#13828,#13833));
#13828 = SURFACE_STYLE_USAGE(.BOTH.,#13829);
#13829 = SURFACE_SIDE_STYLE('',(#13830));
#13830 = SURFACE_STYLE_FILL_AREA(#13831);
#13831 = FILL_AREA_STYLE('',(#13832));
#13832 = FILL_AREA_STYLE_COLOUR('',#12261);
#13833 = CURVE_STYLE('',#13834,POSITIVE_LENGTH_MEASURE(0.1),#12261);
#13834 = DRAUGHTING_PRE_DEFINED_CURVE_FONT('continuous');
#13835 = STYLED_ITEM('color',(#13836),#8626);
#13836 = PRESENTATION_STYLE_ASSIGNMENT((#13837,#13842));
#13837 = SURFACE_STYLE_USAGE(.BOTH.,#13838);
#13838 = SURFACE_SIDE_STYLE('',(#13839));
#13839 = SURFACE_STYLE_FILL_AREA(#13840);
#13840 = FILL_AREA_STYLE('',(#13841));
#13841 = FILL_AREA_STYLE_COLOUR('',#12261);
#13842 = CURVE_STYLE('',#13843,POSITIVE_LENGTH_MEASURE(0.1),#12261);
#13843 = DRAUGHTING_PRE_DEFINED_CURVE_FONT('continuous');
#13844 = STYLED_ITEM('color',(#13845),#8641);
#13845 = PRESENTATION_STYLE_ASSIGNMENT((#13846,#13851));
#13846 = SURFACE_STYLE_USAGE(.BOTH.,#13847);
#13847 = SURFACE_SIDE_STYLE('',(#13848));
#13848 = SURFACE_STYLE_FILL_AREA(#13849);
#13849 = FILL_AREA_STYLE('',(#13850));
#13850 = FILL_AREA_STYLE_COLOUR('',#12261);
#13851 = CURVE_STYLE('',#13852,POSITIVE_LENGTH_MEASURE(0.1),#12261);
#13852 = DRAUGHTING_PRE_DEFINED_CURVE_FONT('continuous');
#13853 = STYLED_ITEM('color',(#13854),#8653);
#13854 = PRESENTATION_STYLE_ASSIGNMENT((#13855,#13860));
#13855 = SURFACE_STYLE_USAGE(.BOTH.,#13856);
#13856 = SURFACE_SIDE_STYLE('',(#13857));
#13857 = SURFACE_STYLE_FILL_AREA(#13858);
#13858 = FILL_AREA_STYLE('',(#13859));
#13859 = FILL_AREA_STYLE_COLOUR('',#12261);
#13860 = CURVE_STYLE('',#13861,POSITIVE_LENGTH_MEASURE(0.1),#12261);
#13861 = DRAUGHTING_PRE_DEFINED_CURVE_FONT('continuous');
#13862 = STYLED_ITEM('color',(#13863),#8684);
#13863 = PRESENTATION_STYLE_ASSIGNMENT((#13864,#13869));
#13864 = SURFACE_STYLE_USAGE(.BOTH.,#13865);
#13865 = SURFACE_SIDE_STYLE('',(#13866));
#13866 = SURFACE_STYLE_FILL_AREA(#13867);
#13867 = FILL_AREA_STYLE('',(#13868));
#13868 = FILL_AREA_STYLE_COLOUR('',#12261);
#13869 = CURVE_STYLE('',#13870,POSITIVE_LENGTH_MEASURE(0.1),#12261);
#13870 = DRAUGHTING_PRE_DEFINED_CURVE_FONT('continuous');
#13871 = STYLED_ITEM('color',(#13872),#8708);
#13872 = PRESENTATION_STYLE_ASSIGNMENT((#13873,#13878));
#13873 = SURFACE_STYLE_USAGE(.BOTH.,#13874);
#13874 = SURFACE_SIDE_STYLE('',(#13875));
#13875 = SURFACE_STYLE_FILL_AREA(#13876);
#13876 = FILL_AREA_STYLE('',(#13877));
#13877 = FILL_AREA_STYLE_COLOUR('',#12261);
#13878 = CURVE_STYLE('',#13879,POSITIVE_LENGTH_MEASURE(0.1),#12261);
#13879 = DRAUGHTING_PRE_DEFINED_CURVE_FONT('continuous');
#13880 = STYLED_ITEM('color',(#13881),#8732);
#13881 = PRESENTATION_STYLE_ASSIGNMENT((#13882,#13887));
#13882 = SURFACE_STYLE_USAGE(.BOTH.,#13883);
#13883 = SURFACE_SIDE_STYLE('',(#13884));
#13884 = SURFACE_STYLE_FILL_AREA(#13885);
#13885 = FILL_AREA_STYLE('',(#13886));
#13886 = FILL_AREA_STYLE_COLOUR('',#12261);
#13887 = CURVE_STYLE('',#13888,POSITIVE_LENGTH_MEASURE(0.1),#12261);
#13888 = DRAUGHTING_PRE_DEFINED_CURVE_FONT('continuous');
#13889 = STYLED_ITEM('color',(#13890),#8749);
#13890 = PRESENTATION_STYLE_ASSIGNMENT((#13891,#13896));
#13891 = SURFACE_STYLE_USAGE(.BOTH.,#13892);
#13892 = SURFACE_SIDE_STYLE('',(#13893));
#13893 = SURFACE_STYLE_FILL_AREA(#13894);
#13894 = FILL_AREA_STYLE('',(#13895));
#13895 = FILL_AREA_STYLE_COLOUR('',#12261);
#13896 = CURVE_STYLE('',#13897,POSITIVE_LENGTH_MEASURE(0.1),#12261);
#13897 = DRAUGHTING_PRE_DEFINED_CURVE_FONT('continuous');
#13898 = STYLED_ITEM('color',(#13899),#8780);
#13899 = PRESENTATION_STYLE_ASSIGNMENT((#13900,#13905));
#13900 = SURFACE_STYLE_USAGE(.BOTH.,#13901);
#13901 = SURFACE_SIDE_STYLE('',(#13902));
#13902 = SURFACE_STYLE_FILL_AREA(#13903);
#13903 = FILL_AREA_STYLE('',(#13904));
#13904 = FILL_AREA_STYLE_COLOUR('',#12261);
#13905 = CURVE_STYLE('',#13906,POSITIVE_LENGTH_MEASURE(0.1),#12261);
#13906 = DRAUGHTING_PRE_DEFINED_CURVE_FONT('continuous');
#13907 = STYLED_ITEM('color',(#13908),#8804);
#13908 = PRESENTATION_STYLE_ASSIGNMENT((#13909,#13914));
#13909 = SURFACE_STYLE_USAGE(.BOTH.,#13910);
#13910 = SURFACE_SIDE_STYLE('',(#13911));
#13911 = SURFACE_STYLE_FILL_AREA(#13912);
#13912 = FILL_AREA_STYLE('',(#13913));
#13913 = FILL_AREA_STYLE_COLOUR('',#12261);
#13914 = CURVE_STYLE('',#13915,POSITIVE_LENGTH_MEASURE(0.1),#12261);
#13915 = DRAUGHTING_PRE_DEFINED_CURVE_FONT('continuous');
#13916 = STYLED_ITEM('color',(#13917),#8828);
#13917 = PRESENTATION_STYLE_ASSIGNMENT((#13918,#13923));
#13918 = SURFACE_STYLE_USAGE(.BOTH.,#13919);
#13919 = SURFACE_SIDE_STYLE('',(#13920));
#13920 = SURFACE_STYLE_FILL_AREA(#13921);
#13921 = FILL_AREA_STYLE('',(#13922));
#13922 = FILL_AREA_STYLE_COLOUR('',#12261);
#13923 = CURVE_STYLE('',#13924,POSITIVE_LENGTH_MEASURE(0.1),#12261);
#13924 = DRAUGHTING_PRE_DEFINED_CURVE_FONT('continuous');
#13925 = STYLED_ITEM('color',(#13926),#8845);
#13926 = PRESENTATION_STYLE_ASSIGNMENT((#13927,#13932));
#13927 = SURFACE_STYLE_USAGE(.BOTH.,#13928);
#13928 = SURFACE_SIDE_STYLE('',(#13929));
#13929 = SURFACE_STYLE_FILL_AREA(#13930);
#13930 = FILL_AREA_STYLE('',(#13931));
#13931 = FILL_AREA_STYLE_COLOUR('',#12261);
#13932 = CURVE_STYLE('',#13933,POSITIVE_LENGTH_MEASURE(0.1),#12261);
#13933 = DRAUGHTING_PRE_DEFINED_CURVE_FONT('continuous');
#13934 = STYLED_ITEM('color',(#13935),#8876);
#13935 = PRESENTATION_STYLE_ASSIGNMENT((#13936,#13941));
#13936 = SURFACE_STYLE_USAGE(.BOTH.,#13937);
#13937 = SURFACE_SIDE_STYLE('',(#13938));
#13938 = SURFACE_STYLE_FILL_AREA(#13939);
#13939 = FILL_AREA_STYLE('',(#13940));
#13940 = FILL_AREA_STYLE_COLOUR('',#12261);
#13941 = CURVE_STYLE('',#13942,POSITIVE_LENGTH_MEASURE(0.1),#12261);
#13942 = DRAUGHTING_PRE_DEFINED_CURVE_FONT('continuous');
#13943 = STYLED_ITEM('color',(#13944),#8900);
#13944 = PRESENTATION_STYLE_ASSIGNMENT((#13945,#13950));
#13945 = SURFACE_STYLE_USAGE(.BOTH.,#13946);
#13946 = SURFACE_SIDE_STYLE('',(#13947));
#13947 = SURFACE_STYLE_FILL_AREA(#13948);
#13948 = FILL_AREA_STYLE('',(#13949));
#13949 = FILL_AREA_STYLE_COLOUR('',#12261);
#13950 = CURVE_STYLE('',#13951,POSITIVE_LENGTH_MEASURE(0.1),#12261);
#13951 = DRAUGHTING_PRE_DEFINED_CURVE_FONT('continuous');
#13952 = STYLED_ITEM('color',(#13953),#8924);
#13953 = PRESENTATION_STYLE_ASSIGNMENT((#13954,#13959));
#13954 = SURFACE_STYLE_USAGE(.BOTH.,#13955);
#13955 = SURFACE_SIDE_STYLE('',(#13956));
#13956 = SURFACE_STYLE_FILL_AREA(#13957);
#13957 = FILL_AREA_STYLE('',(#13958));
#13958 = FILL_AREA_STYLE_COLOUR('',#12261);
#13959 = CURVE_STYLE('',#13960,POSITIVE_LENGTH_MEASURE(0.1),#12261);
#13960 = DRAUGHTING_PRE_DEFINED_CURVE_FONT('continuous');
#13961 = STYLED_ITEM('color',(#13962),#8941);
#13962 = PRESENTATION_STYLE_ASSIGNMENT((#13963,#13968));
#13963 = SURFACE_STYLE_USAGE(.BOTH.,#13964);
#13964 = SURFACE_SIDE_STYLE('',(#13965));
#13965 = SURFACE_STYLE_FILL_AREA(#13966);
#13966 = FILL_AREA_STYLE('',(#13967));
#13967 = FILL_AREA_STYLE_COLOUR('',#12261);
#13968 = CURVE_STYLE('',#13969,POSITIVE_LENGTH_MEASURE(0.1),#12261);
#13969 = DRAUGHTING_PRE_DEFINED_CURVE_FONT('continuous');
#13970 = STYLED_ITEM('color',(#13971),#8972);
#13971 = PRESENTATION_STYLE_ASSIGNMENT((#13972,#13977));
#13972 = SURFACE_STYLE_USAGE(.BOTH.,#13973);
#13973 = SURFACE_SIDE_STYLE('',(#13974));
#13974 = SURFACE_STYLE_FILL_AREA(#13975);
#13975 = FILL_AREA_STYLE('',(#13976));
#13976 = FILL_AREA_STYLE_COLOUR('',#12261);
#13977 = CURVE_STYLE('',#13978,POSITIVE_LENGTH_MEASURE(0.1),#12261);
#13978 = DRAUGHTING_PRE_DEFINED_CURVE_FONT('continuous');
#13979 = STYLED_ITEM('color',(#13980),#8996);
#13980 = PRESENTATION_STYLE_ASSIGNMENT((#13981,#13986));
#13981 = SURFACE_STYLE_USAGE(.BOTH.,#13982);
#13982 = SURFACE_SIDE_STYLE('',(#13983));
#13983 = SURFACE_STYLE_FILL_AREA(#13984);
#13984 = FILL_AREA_STYLE('',(#13985));
#13985 = FILL_AREA_STYLE_COLOUR('',#12261);
#13986 = CURVE_STYLE('',#13987,POSITIVE_LENGTH_MEASURE(0.1),#12261);
#13987 = DRAUGHTING_PRE_DEFINED_CURVE_FONT('continuous');
#13988 = STYLED_ITEM('color',(#13989),#9020);
#13989 = PRESENTATION_STYLE_ASSIGNMENT((#13990,#13995));
#13990 = SURFACE_STYLE_USAGE(.BOTH.,#13991);
#13991 = SURFACE_SIDE_STYLE('',(#13992));
#13992 = SURFACE_STYLE_FILL_AREA(#13993);
#13993 = FILL_AREA_STYLE('',(#13994));
#13994 = FILL_AREA_STYLE_COLOUR('',#12261);
#13995 = CURVE_STYLE('',#13996,POSITIVE_LENGTH_MEASURE(0.1),#12261);
#13996 = DRAUGHTING_PRE_DEFINED_CURVE_FONT('continuous');
#13997 = STYLED_ITEM('color',(#13998),#9037);
#13998 = PRESENTATION_STYLE_ASSIGNMENT((#13999,#14004));
#13999 = SURFACE_STYLE_USAGE(.BOTH.,#14000);
#14000 = SURFACE_SIDE_STYLE('',(#14001));
#14001 = SURFACE_STYLE_FILL_AREA(#14002);
#14002 = FILL_AREA_STYLE('',(#14003));
#14003 = FILL_AREA_STYLE_COLOUR('',#12261);
#14004 = CURVE_STYLE('',#14005,POSITIVE_LENGTH_MEASURE(0.1),#12261);
#14005 = DRAUGHTING_PRE_DEFINED_CURVE_FONT('continuous');
#14006 = STYLED_ITEM('color',(#14007),#9068);
#14007 = PRESENTATION_STYLE_ASSIGNMENT((#14008,#14013));
#14008 = SURFACE_STYLE_USAGE(.BOTH.,#14009);
#14009 = SURFACE_SIDE_STYLE('',(#14010));
#14010 = SURFACE_STYLE_FILL_AREA(#14011);
#14011 = FILL_AREA_STYLE('',(#14012));
#14012 = FILL_AREA_STYLE_COLOUR('',#12261);
#14013 = CURVE_STYLE('',#14014,POSITIVE_LENGTH_MEASURE(0.1),#12261);
#14014 = DRAUGHTING_PRE_DEFINED_CURVE_FONT('continuous');
#14015 = STYLED_ITEM('color',(#14016),#9092);
#14016 = PRESENTATION_STYLE_ASSIGNMENT((#14017,#14022));
#14017 = SURFACE_STYLE_USAGE(.BOTH.,#14018);
#14018 = SURFACE_SIDE_STYLE('',(#14019));
#14019 = SURFACE_STYLE_FILL_AREA(#14020);
#14020 = FILL_AREA_STYLE('',(#14021));
#14021 = FILL_AREA_STYLE_COLOUR('',#12261);
#14022 = CURVE_STYLE('',#14023,POSITIVE_LENGTH_MEASURE(0.1),#12261);
#14023 = DRAUGHTING_PRE_DEFINED_CURVE_FONT('continuous');
#14024 = STYLED_ITEM('color',(#14025),#9116);
#14025 = PRESENTATION_STYLE_ASSIGNMENT((#14026,#14031));
#14026 = SURFACE_STYLE_USAGE(.BOTH.,#14027);
#14027 = SURFACE_SIDE_STYLE('',(#14028));
#14028 = SURFACE_STYLE_FILL_AREA(#14029);
#14029 = FILL_AREA_STYLE('',(#14030));
#14030 = FILL_AREA_STYLE_COLOUR('',#12261);
#14031 = CURVE_STYLE('',#14032,POSITIVE_LENGTH_MEASURE(0.1),#12261);
#14032 = DRAUGHTING_PRE_DEFINED_CURVE_FONT('continuous');
#14033 = STYLED_ITEM('color',(#14034),#9133);
#14034 = PRESENTATION_STYLE_ASSIGNMENT((#14035,#14040));
#14035 = SURFACE_STYLE_USAGE(.BOTH.,#14036);
#14036 = SURFACE_SIDE_STYLE('',(#14037));
#14037 = SURFACE_STYLE_FILL_AREA(#14038);
#14038 = FILL_AREA_STYLE('',(#14039));
#14039 = FILL_AREA_STYLE_COLOUR('',#12261);
#14040 = CURVE_STYLE('',#14041,POSITIVE_LENGTH_MEASURE(0.1),#12261);
#14041 = DRAUGHTING_PRE_DEFINED_CURVE_FONT('continuous');
#14042 = STYLED_ITEM('color',(#14043),#9164);
#14043 = PRESENTATION_STYLE_ASSIGNMENT((#14044,#14049));
#14044 = SURFACE_STYLE_USAGE(.BOTH.,#14045);
#14045 = SURFACE_SIDE_STYLE('',(#14046));
#14046 = SURFACE_STYLE_FILL_AREA(#14047);
#14047 = FILL_AREA_STYLE('',(#14048));
#14048 = FILL_AREA_STYLE_COLOUR('',#12261);
#14049 = CURVE_STYLE('',#14050,POSITIVE_LENGTH_MEASURE(0.1),#12261);
#14050 = DRAUGHTING_PRE_DEFINED_CURVE_FONT('continuous');
#14051 = STYLED_ITEM('color',(#14052),#9188);
#14052 = PRESENTATION_STYLE_ASSIGNMENT((#14053,#14058));
#14053 = SURFACE_STYLE_USAGE(.BOTH.,#14054);
#14054 = SURFACE_SIDE_STYLE('',(#14055));
#14055 = SURFACE_STYLE_FILL_AREA(#14056);
#14056 = FILL_AREA_STYLE('',(#14057));
#14057 = FILL_AREA_STYLE_COLOUR('',#12261);
#14058 = CURVE_STYLE('',#14059,POSITIVE_LENGTH_MEASURE(0.1),#12261);
#14059 = DRAUGHTING_PRE_DEFINED_CURVE_FONT('continuous');
#14060 = STYLED_ITEM('color',(#14061),#9212);
#14061 = PRESENTATION_STYLE_ASSIGNMENT((#14062,#14067));
#14062 = SURFACE_STYLE_USAGE(.BOTH.,#14063);
#14063 = SURFACE_SIDE_STYLE('',(#14064));
#14064 = SURFACE_STYLE_FILL_AREA(#14065);
#14065 = FILL_AREA_STYLE('',(#14066));
#14066 = FILL_AREA_STYLE_COLOUR('',#12261);
#14067 = CURVE_STYLE('',#14068,POSITIVE_LENGTH_MEASURE(0.1),#12261);
#14068 = DRAUGHTING_PRE_DEFINED_CURVE_FONT('continuous');
#14069 = STYLED_ITEM('color',(#14070),#9229);
#14070 = PRESENTATION_STYLE_ASSIGNMENT((#14071,#14076));
#14071 = SURFACE_STYLE_USAGE(.BOTH.,#14072);
#14072 = SURFACE_SIDE_STYLE('',(#14073));
#14073 = SURFACE_STYLE_FILL_AREA(#14074);
#14074 = FILL_AREA_STYLE('',(#14075));
#14075 = FILL_AREA_STYLE_COLOUR('',#12261);
#14076 = CURVE_STYLE('',#14077,POSITIVE_LENGTH_MEASURE(0.1),#12261);
#14077 = DRAUGHTING_PRE_DEFINED_CURVE_FONT('continuous');
#14078 = STYLED_ITEM('color',(#14079),#9260);
#14079 = PRESENTATION_STYLE_ASSIGNMENT((#14080,#14085));
#14080 = SURFACE_STYLE_USAGE(.BOTH.,#14081);
#14081 = SURFACE_SIDE_STYLE('',(#14082));
#14082 = SURFACE_STYLE_FILL_AREA(#14083);
#14083 = FILL_AREA_STYLE('',(#14084));
#14084 = FILL_AREA_STYLE_COLOUR('',#12261);
#14085 = CURVE_STYLE('',#14086,POSITIVE_LENGTH_MEASURE(0.1),#12261);
#14086 = DRAUGHTING_PRE_DEFINED_CURVE_FONT('continuous');
#14087 = STYLED_ITEM('color',(#14088),#9284);
#14088 = PRESENTATION_STYLE_ASSIGNMENT((#14089,#14094));
#14089 = SURFACE_STYLE_USAGE(.BOTH.,#14090);
#14090 = SURFACE_SIDE_STYLE('',(#14091));
#14091 = SURFACE_STYLE_FILL_AREA(#14092);
#14092 = FILL_AREA_STYLE('',(#14093));
#14093 = FILL_AREA_STYLE_COLOUR('',#12261);
#14094 = CURVE_STYLE('',#14095,POSITIVE_LENGTH_MEASURE(0.1),#12261);
#14095 = DRAUGHTING_PRE_DEFINED_CURVE_FONT('continuous');
#14096 = STYLED_ITEM('color',(#14097),#9308);
#14097 = PRESENTATION_STYLE_ASSIGNMENT((#14098,#14103));
#14098 = SURFACE_STYLE_USAGE(.BOTH.,#14099);
#14099 = SURFACE_SIDE_STYLE('',(#14100));
#14100 = SURFACE_STYLE_FILL_AREA(#14101);
#14101 = FILL_AREA_STYLE('',(#14102));
#14102 = FILL_AREA_STYLE_COLOUR('',#12261);
#14103 = CURVE_STYLE('',#14104,POSITIVE_LENGTH_MEASURE(0.1),#12261);
#14104 = DRAUGHTING_PRE_DEFINED_CURVE_FONT('continuous');
#14105 = STYLED_ITEM('color',(#14106),#9325);
#14106 = PRESENTATION_STYLE_ASSIGNMENT((#14107,#14112));
#14107 = SURFACE_STYLE_USAGE(.BOTH.,#14108);
#14108 = SURFACE_SIDE_STYLE('',(#14109));
#14109 = SURFACE_STYLE_FILL_AREA(#14110);
#14110 = FILL_AREA_STYLE('',(#14111));
#14111 = FILL_AREA_STYLE_COLOUR('',#12261);
#14112 = CURVE_STYLE('',#14113,POSITIVE_LENGTH_MEASURE(0.1),#12261);
#14113 = DRAUGHTING_PRE_DEFINED_CURVE_FONT('continuous');
#14114 = STYLED_ITEM('color',(#14115),#9356);
#14115 = PRESENTATION_STYLE_ASSIGNMENT((#14116,#14121));
#14116 = SURFACE_STYLE_USAGE(.BOTH.,#14117);
#14117 = SURFACE_SIDE_STYLE('',(#14118));
#14118 = SURFACE_STYLE_FILL_AREA(#14119);
#14119 = FILL_AREA_STYLE('',(#14120));
#14120 = FILL_AREA_STYLE_COLOUR('',#12261);
#14121 = CURVE_STYLE('',#14122,POSITIVE_LENGTH_MEASURE(0.1),#12261);
#14122 = DRAUGHTING_PRE_DEFINED_CURVE_FONT('continuous');
#14123 = STYLED_ITEM('color',(#14124),#9380);
#14124 = PRESENTATION_STYLE_ASSIGNMENT((#14125,#14130));
#14125 = SURFACE_STYLE_USAGE(.BOTH.,#14126);
#14126 = SURFACE_SIDE_STYLE('',(#14127));
#14127 = SURFACE_STYLE_FILL_AREA(#14128);
#14128 = FILL_AREA_STYLE('',(#14129));
#14129 = FILL_AREA_STYLE_COLOUR('',#12261);
#14130 = CURVE_STYLE('',#14131,POSITIVE_LENGTH_MEASURE(0.1),#12261);
#14131 = DRAUGHTING_PRE_DEFINED_CURVE_FONT('continuous');
#14132 = STYLED_ITEM('color',(#14133),#9404);
#14133 = PRESENTATION_STYLE_ASSIGNMENT((#14134,#14139));
#14134 = SURFACE_STYLE_USAGE(.BOTH.,#14135);
#14135 = SURFACE_SIDE_STYLE('',(#14136));
#14136 = SURFACE_STYLE_FILL_AREA(#14137);
#14137 = FILL_AREA_STYLE('',(#14138));
#14138 = FILL_AREA_STYLE_COLOUR('',#12261);
#14139 = CURVE_STYLE('',#14140,POSITIVE_LENGTH_MEASURE(0.1),#12261);
#14140 = DRAUGHTING_PRE_DEFINED_CURVE_FONT('continuous');
#14141 = STYLED_ITEM('color',(#14142),#9421);
#14142 = PRESENTATION_STYLE_ASSIGNMENT((#14143,#14148));
#14143 = SURFACE_STYLE_USAGE(.BOTH.,#14144);
#14144 = SURFACE_SIDE_STYLE('',(#14145));
#14145 = SURFACE_STYLE_FILL_AREA(#14146);
#14146 = FILL_AREA_STYLE('',(#14147));
#14147 = FILL_AREA_STYLE_COLOUR('',#12261);
#14148 = CURVE_STYLE('',#14149,POSITIVE_LENGTH_MEASURE(0.1),#12261);
#14149 = DRAUGHTING_PRE_DEFINED_CURVE_FONT('continuous');
#14150 = STYLED_ITEM('color',(#14151),#9452);
#14151 = PRESENTATION_STYLE_ASSIGNMENT((#14152,#14157));
#14152 = SURFACE_STYLE_USAGE(.BOTH.,#14153);
#14153 = SURFACE_SIDE_STYLE('',(#14154));
#14154 = SURFACE_STYLE_FILL_AREA(#14155);
#14155 = FILL_AREA_STYLE('',(#14156));
#14156 = FILL_AREA_STYLE_COLOUR('',#12261);
#14157 = CURVE_STYLE('',#14158,POSITIVE_LENGTH_MEASURE(0.1),#12261);
#14158 = DRAUGHTING_PRE_DEFINED_CURVE_FONT('continuous');
#14159 = STYLED_ITEM('color',(#14160),#9476);
#14160 = PRESENTATION_STYLE_ASSIGNMENT((#14161,#14166));
#14161 = SURFACE_STYLE_USAGE(.BOTH.,#14162);
#14162 = SURFACE_SIDE_STYLE('',(#14163));
#14163 = SURFACE_STYLE_FILL_AREA(#14164);
#14164 = FILL_AREA_STYLE('',(#14165));
#14165 = FILL_AREA_STYLE_COLOUR('',#12261);
#14166 = CURVE_STYLE('',#14167,POSITIVE_LENGTH_MEASURE(0.1),#12261);
#14167 = DRAUGHTING_PRE_DEFINED_CURVE_FONT('continuous');
#14168 = STYLED_ITEM('color',(#14169),#9500);
#14169 = PRESENTATION_STYLE_ASSIGNMENT((#14170,#14175));
#14170 = SURFACE_STYLE_USAGE(.BOTH.,#14171);
#14171 = SURFACE_SIDE_STYLE('',(#14172));
#14172 = SURFACE_STYLE_FILL_AREA(#14173);
#14173 = FILL_AREA_STYLE('',(#14174));
#14174 = FILL_AREA_STYLE_COLOUR('',#12261);
#14175 = CURVE_STYLE('',#14176,POSITIVE_LENGTH_MEASURE(0.1),#12261);
#14176 = DRAUGHTING_PRE_DEFINED_CURVE_FONT('continuous');
#14177 = STYLED_ITEM('color',(#14178),#9517);
#14178 = PRESENTATION_STYLE_ASSIGNMENT((#14179,#14184));
#14179 = SURFACE_STYLE_USAGE(.BOTH.,#14180);
#14180 = SURFACE_SIDE_STYLE('',(#14181));
#14181 = SURFACE_STYLE_FILL_AREA(#14182);
#14182 = FILL_AREA_STYLE('',(#14183));
#14183 = FILL_AREA_STYLE_COLOUR('',#12261);
#14184 = CURVE_STYLE('',#14185,POSITIVE_LENGTH_MEASURE(0.1),#12261);
#14185 = DRAUGHTING_PRE_DEFINED_CURVE_FONT('continuous');
#14186 = STYLED_ITEM('color',(#14187),#9548);
#14187 = PRESENTATION_STYLE_ASSIGNMENT((#14188,#14193));
#14188 = SURFACE_STYLE_USAGE(.BOTH.,#14189);
#14189 = SURFACE_SIDE_STYLE('',(#14190));
#14190 = SURFACE_STYLE_FILL_AREA(#14191);
#14191 = FILL_AREA_STYLE('',(#14192));
#14192 = FILL_AREA_STYLE_COLOUR('',#12261);
#14193 = CURVE_STYLE('',#14194,POSITIVE_LENGTH_MEASURE(0.1),#12261);
#14194 = DRAUGHTING_PRE_DEFINED_CURVE_FONT('continuous');
#14195 = STYLED_ITEM('color',(#14196),#9572);
#14196 = PRESENTATION_STYLE_ASSIGNMENT((#14197,#14202));
#14197 = SURFACE_STYLE_USAGE(.BOTH.,#14198);
#14198 = SURFACE_SIDE_STYLE('',(#14199));
#14199 = SURFACE_STYLE_FILL_AREA(#14200);
#14200 = FILL_AREA_STYLE('',(#14201));
#14201 = FILL_AREA_STYLE_COLOUR('',#12261);
#14202 = CURVE_STYLE('',#14203,POSITIVE_LENGTH_MEASURE(0.1),#12261);
#14203 = DRAUGHTING_PRE_DEFINED_CURVE_FONT('continuous');
#14204 = STYLED_ITEM('color',(#14205),#9596);
#14205 = PRESENTATION_STYLE_ASSIGNMENT((#14206,#14211));
#14206 = SURFACE_STYLE_USAGE(.BOTH.,#14207);
#14207 = SURFACE_SIDE_STYLE('',(#14208));
#14208 = SURFACE_STYLE_FILL_AREA(#14209);
#14209 = FILL_AREA_STYLE('',(#14210));
#14210 = FILL_AREA_STYLE_COLOUR('',#12261);
#14211 = CURVE_STYLE('',#14212,POSITIVE_LENGTH_MEASURE(0.1),#12261);
#14212 = DRAUGHTING_PRE_DEFINED_CURVE_FONT('continuous');
#14213 = STYLED_ITEM('color',(#14214),#9613);
#14214 = PRESENTATION_STYLE_ASSIGNMENT((#14215,#14220));
#14215 = SURFACE_STYLE_USAGE(.BOTH.,#14216);
#14216 = SURFACE_SIDE_STYLE('',(#14217));
#14217 = SURFACE_STYLE_FILL_AREA(#14218);
#14218 = FILL_AREA_STYLE('',(#14219));
#14219 = FILL_AREA_STYLE_COLOUR('',#12261);
#14220 = CURVE_STYLE('',#14221,POSITIVE_LENGTH_MEASURE(0.1),#12261);
#14221 = DRAUGHTING_PRE_DEFINED_CURVE_FONT('continuous');
#14222 = STYLED_ITEM('color',(#14223),#9644);
#14223 = PRESENTATION_STYLE_ASSIGNMENT((#14224,#14229));
#14224 = SURFACE_STYLE_USAGE(.BOTH.,#14225);
#14225 = SURFACE_SIDE_STYLE('',(#14226));
#14226 = SURFACE_STYLE_FILL_AREA(#14227);
#14227 = FILL_AREA_STYLE('',(#14228));
#14228 = FILL_AREA_STYLE_COLOUR('',#12261);
#14229 = CURVE_STYLE('',#14230,POSITIVE_LENGTH_MEASURE(0.1),#12261);
#14230 = DRAUGHTING_PRE_DEFINED_CURVE_FONT('continuous');
#14231 = STYLED_ITEM('color',(#14232),#9668);
#14232 = PRESENTATION_STYLE_ASSIGNMENT((#14233,#14238));
#14233 = SURFACE_STYLE_USAGE(.BOTH.,#14234);
#14234 = SURFACE_SIDE_STYLE('',(#14235));
#14235 = SURFACE_STYLE_FILL_AREA(#14236);
#14236 = FILL_AREA_STYLE('',(#14237));
#14237 = FILL_AREA_STYLE_COLOUR('',#12261);
#14238 = CURVE_STYLE('',#14239,POSITIVE_LENGTH_MEASURE(0.1),#12261);
#14239 = DRAUGHTING_PRE_DEFINED_CURVE_FONT('continuous');
#14240 = STYLED_ITEM('color',(#14241),#9692);
#14241 = PRESENTATION_STYLE_ASSIGNMENT((#14242,#14247));
#14242 = SURFACE_STYLE_USAGE(.BOTH.,#14243);
#14243 = SURFACE_SIDE_STYLE('',(#14244));
#14244 = SURFACE_STYLE_FILL_AREA(#14245);
#14245 = FILL_AREA_STYLE('',(#14246));
#14246 = FILL_AREA_STYLE_COLOUR('',#12261);
#14247 = CURVE_STYLE('',#14248,POSITIVE_LENGTH_MEASURE(0.1),#12261);
#14248 = DRAUGHTING_PRE_DEFINED_CURVE_FONT('continuous');
#14249 = STYLED_ITEM('color',(#14250),#9709);
#14250 = PRESENTATION_STYLE_ASSIGNMENT((#14251,#14256));
#14251 = SURFACE_STYLE_USAGE(.BOTH.,#14252);
#14252 = SURFACE_SIDE_STYLE('',(#14253));
#14253 = SURFACE_STYLE_FILL_AREA(#14254);
#14254 = FILL_AREA_STYLE('',(#14255));
#14255 = FILL_AREA_STYLE_COLOUR('',#12261);
#14256 = CURVE_STYLE('',#14257,POSITIVE_LENGTH_MEASURE(0.1),#12261);
#14257 = DRAUGHTING_PRE_DEFINED_CURVE_FONT('continuous');
#14258 = STYLED_ITEM('color',(#14259),#9740);
#14259 = PRESENTATION_STYLE_ASSIGNMENT((#14260,#14265));
#14260 = SURFACE_STYLE_USAGE(.BOTH.,#14261);
#14261 = SURFACE_SIDE_STYLE('',(#14262));
#14262 = SURFACE_STYLE_FILL_AREA(#14263);
#14263 = FILL_AREA_STYLE('',(#14264));
#14264 = FILL_AREA_STYLE_COLOUR('',#12261);
#14265 = CURVE_STYLE('',#14266,POSITIVE_LENGTH_MEASURE(0.1),#12261);
#14266 = DRAUGHTING_PRE_DEFINED_CURVE_FONT('continuous');
#14267 = STYLED_ITEM('color',(#14268),#9764);
#14268 = PRESENTATION_STYLE_ASSIGNMENT((#14269,#14274));
#14269 = SURFACE_STYLE_USAGE(.BOTH.,#14270);
#14270 = SURFACE_SIDE_STYLE('',(#14271));
#14271 = SURFACE_STYLE_FILL_AREA(#14272);
#14272 = FILL_AREA_STYLE('',(#14273));
#14273 = FILL_AREA_STYLE_COLOUR('',#12261);
#14274 = CURVE_STYLE('',#14275,POSITIVE_LENGTH_MEASURE(0.1),#12261);
#14275 = DRAUGHTING_PRE_DEFINED_CURVE_FONT('continuous');
#14276 = STYLED_ITEM('color',(#14277),#9788);
#14277 = PRESENTATION_STYLE_ASSIGNMENT((#14278,#14283));
#14278 = SURFACE_STYLE_USAGE(.BOTH.,#14279);
#14279 = SURFACE_SIDE_STYLE('',(#14280));
#14280 = SURFACE_STYLE_FILL_AREA(#14281);
#14281 = FILL_AREA_STYLE('',(#14282));
#14282 = FILL_AREA_STYLE_COLOUR('',#12261);
#14283 = CURVE_STYLE('',#14284,POSITIVE_LENGTH_MEASURE(0.1),#12261);
#14284 = DRAUGHTING_PRE_DEFINED_CURVE_FONT('continuous');
#14285 = STYLED_ITEM('color',(#14286),#9805);
#14286 = PRESENTATION_STYLE_ASSIGNMENT((#14287,#14292));
#14287 = SURFACE_STYLE_USAGE(.BOTH.,#14288);
#14288 = SURFACE_SIDE_STYLE('',(#14289));
#14289 = SURFACE_STYLE_FILL_AREA(#14290);
#14290 = FILL_AREA_STYLE('',(#14291));
#14291 = FILL_AREA_STYLE_COLOUR('',#12261);
#14292 = CURVE_STYLE('',#14293,POSITIVE_LENGTH_MEASURE(0.1),#12261);
#14293 = DRAUGHTING_PRE_DEFINED_CURVE_FONT('continuous');
#14294 = STYLED_ITEM('color',(#14295),#9836);
#14295 = PRESENTATION_STYLE_ASSIGNMENT((#14296,#14301));
#14296 = SURFACE_STYLE_USAGE(.BOTH.,#14297);
#14297 = SURFACE_SIDE_STYLE('',(#14298));
#14298 = SURFACE_STYLE_FILL_AREA(#14299);
#14299 = FILL_AREA_STYLE('',(#14300));
#14300 = FILL_AREA_STYLE_COLOUR('',#12261);
#14301 = CURVE_STYLE('',#14302,POSITIVE_LENGTH_MEASURE(0.1),#12261);
#14302 = DRAUGHTING_PRE_DEFINED_CURVE_FONT('continuous');
#14303 = STYLED_ITEM('color',(#14304),#9860);
#14304 = PRESENTATION_STYLE_ASSIGNMENT((#14305,#14310));
#14305 = SURFACE_STYLE_USAGE(.BOTH.,#14306);
#14306 = SURFACE_SIDE_STYLE('',(#14307));
#14307 = SURFACE_STYLE_FILL_AREA(#14308);
#14308 = FILL_AREA_STYLE('',(#14309));
#14309 = FILL_AREA_STYLE_COLOUR('',#12261);
#14310 = CURVE_STYLE('',#14311,POSITIVE_LENGTH_MEASURE(0.1),#12261);
#14311 = DRAUGHTING_PRE_DEFINED_CURVE_FONT('continuous');
#14312 = STYLED_ITEM('color',(#14313),#9884);
#14313 = PRESENTATION_STYLE_ASSIGNMENT((#14314,#14319));
#14314 = SURFACE_STYLE_USAGE(.BOTH.,#14315);
#14315 = SURFACE_SIDE_STYLE('',(#14316));
#14316 = SURFACE_STYLE_FILL_AREA(#14317);
#14317 = FILL_AREA_STYLE('',(#14318));
#14318 = FILL_AREA_STYLE_COLOUR('',#12261);
#14319 = CURVE_STYLE('',#14320,POSITIVE_LENGTH_MEASURE(0.1),#12261);
#14320 = DRAUGHTING_PRE_DEFINED_CURVE_FONT('continuous');
#14321 = STYLED_ITEM('color',(#14322),#9901);
#14322 = PRESENTATION_STYLE_ASSIGNMENT((#14323,#14328));
#14323 = SURFACE_STYLE_USAGE(.BOTH.,#14324);
#14324 = SURFACE_SIDE_STYLE('',(#14325));
#14325 = SURFACE_STYLE_FILL_AREA(#14326);
#14326 = FILL_AREA_STYLE('',(#14327));
#14327 = FILL_AREA_STYLE_COLOUR('',#12261);
#14328 = CURVE_STYLE('',#14329,POSITIVE_LENGTH_MEASURE(0.1),#12261);
#14329 = DRAUGHTING_PRE_DEFINED_CURVE_FONT('continuous');
#14330 = STYLED_ITEM('color',(#14331),#9932);
#14331 = PRESENTATION_STYLE_ASSIGNMENT((#14332,#14337));
#14332 = SURFACE_STYLE_USAGE(.BOTH.,#14333);
#14333 = SURFACE_SIDE_STYLE('',(#14334));
#14334 = SURFACE_STYLE_FILL_AREA(#14335);
#14335 = FILL_AREA_STYLE('',(#14336));
#14336 = FILL_AREA_STYLE_COLOUR('',#12261);
#14337 = CURVE_STYLE('',#14338,POSITIVE_LENGTH_MEASURE(0.1),#12261);
#14338 = DRAUGHTING_PRE_DEFINED_CURVE_FONT('continuous');
#14339 = STYLED_ITEM('color',(#14340),#9956);
#14340 = PRESENTATION_STYLE_ASSIGNMENT((#14341,#14346));
#14341 = SURFACE_STYLE_USAGE(.BOTH.,#14342);
#14342 = SURFACE_SIDE_STYLE('',(#14343));
#14343 = SURFACE_STYLE_FILL_AREA(#14344);
#14344 = FILL_AREA_STYLE('',(#14345));
#14345 = FILL_AREA_STYLE_COLOUR('',#12261);
#14346 = CURVE_STYLE('',#14347,POSITIVE_LENGTH_MEASURE(0.1),#12261);
#14347 = DRAUGHTING_PRE_DEFINED_CURVE_FONT('continuous');
#14348 = STYLED_ITEM('color',(#14349),#9980);
#14349 = PRESENTATION_STYLE_ASSIGNMENT((#14350,#14355));
#14350 = SURFACE_STYLE_USAGE(.BOTH.,#14351);
#14351 = SURFACE_SIDE_STYLE('',(#14352));
#14352 = SURFACE_STYLE_FILL_AREA(#14353);
#14353 = FILL_AREA_STYLE('',(#14354));
#14354 = FILL_AREA_STYLE_COLOUR('',#12261);
#14355 = CURVE_STYLE('',#14356,POSITIVE_LENGTH_MEASURE(0.1),#12261);
#14356 = DRAUGHTING_PRE_DEFINED_CURVE_FONT('continuous');
#14357 = STYLED_ITEM('color',(#14358),#9997);
#14358 = PRESENTATION_STYLE_ASSIGNMENT((#14359,#14364));
#14359 = SURFACE_STYLE_USAGE(.BOTH.,#14360);
#14360 = SURFACE_SIDE_STYLE('',(#14361));
#14361 = SURFACE_STYLE_FILL_AREA(#14362);
#14362 = FILL_AREA_STYLE('',(#14363));
#14363 = FILL_AREA_STYLE_COLOUR('',#12261);
#14364 = CURVE_STYLE('',#14365,POSITIVE_LENGTH_MEASURE(0.1),#12261);
#14365 = DRAUGHTING_PRE_DEFINED_CURVE_FONT('continuous');
#14366 = STYLED_ITEM('color',(#14367),#10009);
#14367 = PRESENTATION_STYLE_ASSIGNMENT((#14368,#14373));
#14368 = SURFACE_STYLE_USAGE(.BOTH.,#14369);
#14369 = SURFACE_SIDE_STYLE('',(#14370));
#14370 = SURFACE_STYLE_FILL_AREA(#14371);
#14371 = FILL_AREA_STYLE('',(#14372));
#14372 = FILL_AREA_STYLE_COLOUR('',#12261);
#14373 = CURVE_STYLE('',#14374,POSITIVE_LENGTH_MEASURE(0.1),#12261);
#14374 = DRAUGHTING_PRE_DEFINED_CURVE_FONT('continuous');
#14375 = STYLED_ITEM('color',(#14376),#10021);
#14376 = PRESENTATION_STYLE_ASSIGNMENT((#14377,#14382));
#14377 = SURFACE_STYLE_USAGE(.BOTH.,#14378);
#14378 = SURFACE_SIDE_STYLE('',(#14379));
#14379 = SURFACE_STYLE_FILL_AREA(#14380);
#14380 = FILL_AREA_STYLE('',(#14381));
#14381 = FILL_AREA_STYLE_COLOUR('',#12261);
#14382 = CURVE_STYLE('',#14383,POSITIVE_LENGTH_MEASURE(0.1),#12261);
#14383 = DRAUGHTING_PRE_DEFINED_CURVE_FONT('continuous');
#14384 = STYLED_ITEM('color',(#14385),#10033);
#14385 = PRESENTATION_STYLE_ASSIGNMENT((#14386,#14391));
#14386 = SURFACE_STYLE_USAGE(.BOTH.,#14387);
#14387 = SURFACE_SIDE_STYLE('',(#14388));
#14388 = SURFACE_STYLE_FILL_AREA(#14389);
#14389 = FILL_AREA_STYLE('',(#14390));
#14390 = FILL_AREA_STYLE_COLOUR('',#12261);
#14391 = CURVE_STYLE('',#14392,POSITIVE_LENGTH_MEASURE(0.1),#12261);
#14392 = DRAUGHTING_PRE_DEFINED_CURVE_FONT('continuous');
#14393 = STYLED_ITEM('color',(#14394),#10045);
#14394 = PRESENTATION_STYLE_ASSIGNMENT((#14395,#14400));
#14395 = SURFACE_STYLE_USAGE(.BOTH.,#14396);
#14396 = SURFACE_SIDE_STYLE('',(#14397));
#14397 = SURFACE_STYLE_FILL_AREA(#14398);
#14398 = FILL_AREA_STYLE('',(#14399));
#14399 = FILL_AREA_STYLE_COLOUR('',#12261);
#14400 = CURVE_STYLE('',#14401,POSITIVE_LENGTH_MEASURE(0.1),#12261);
#14401 = DRAUGHTING_PRE_DEFINED_CURVE_FONT('continuous');
#14402 = STYLED_ITEM('color',(#14403),#10057);
#14403 = PRESENTATION_STYLE_ASSIGNMENT((#14404,#14409));
#14404 = SURFACE_STYLE_USAGE(.BOTH.,#14405);
#14405 = SURFACE_SIDE_STYLE('',(#14406));
#14406 = SURFACE_STYLE_FILL_AREA(#14407);
#14407 = FILL_AREA_STYLE('',(#14408));
#14408 = FILL_AREA_STYLE_COLOUR('',#12261);
#14409 = CURVE_STYLE('',#14410,POSITIVE_LENGTH_MEASURE(0.1),#12261);
#14410 = DRAUGHTING_PRE_DEFINED_CURVE_FONT('continuous');
#14411 = STYLED_ITEM('color',(#14412),#10069);
#14412 = PRESENTATION_STYLE_ASSIGNMENT((#14413,#14418));
#14413 = SURFACE_STYLE_USAGE(.BOTH.,#14414);
#14414 = SURFACE_SIDE_STYLE('',(#14415));
#14415 = SURFACE_STYLE_FILL_AREA(#14416);
#14416 = FILL_AREA_STYLE('',(#14417));
#14417 = FILL_AREA_STYLE_COLOUR('',#12261);
#14418 = CURVE_STYLE('',#14419,POSITIVE_LENGTH_MEASURE(0.1),#12261);
#14419 = DRAUGHTING_PRE_DEFINED_CURVE_FONT('continuous');
#14420 = STYLED_ITEM('color',(#14421),#10081);
#14421 = PRESENTATION_STYLE_ASSIGNMENT((#14422,#14427));
#14422 = SURFACE_STYLE_USAGE(.BOTH.,#14423);
#14423 = SURFACE_SIDE_STYLE('',(#14424));
#14424 = SURFACE_STYLE_FILL_AREA(#14425);
#14425 = FILL_AREA_STYLE('',(#14426));
#14426 = FILL_AREA_STYLE_COLOUR('',#12261);
#14427 = CURVE_STYLE('',#14428,POSITIVE_LENGTH_MEASURE(0.1),#12261);
#14428 = DRAUGHTING_PRE_DEFINED_CURVE_FONT('continuous');
#14429 = STYLED_ITEM('color',(#14430),#10093);
#14430 = PRESENTATION_STYLE_ASSIGNMENT((#14431,#14436));
#14431 = SURFACE_STYLE_USAGE(.BOTH.,#14432);
#14432 = SURFACE_SIDE_STYLE('',(#14433));
#14433 = SURFACE_STYLE_FILL_AREA(#14434);
#14434 = FILL_AREA_STYLE('',(#14435));
#14435 = FILL_AREA_STYLE_COLOUR('',#12261);
#14436 = CURVE_STYLE('',#14437,POSITIVE_LENGTH_MEASURE(0.1),#12261);
#14437 = DRAUGHTING_PRE_DEFINED_CURVE_FONT('continuous');
#14438 = STYLED_ITEM('color',(#14439),#10105);
#14439 = PRESENTATION_STYLE_ASSIGNMENT((#14440,#14445));
#14440 = SURFACE_STYLE_USAGE(.BOTH.,#14441);
#14441 = SURFACE_SIDE_STYLE('',(#14442));
#14442 = SURFACE_STYLE_FILL_AREA(#14443);
#14443 = FILL_AREA_STYLE('',(#14444));
#14444 = FILL_AREA_STYLE_COLOUR('',#12261);
#14445 = CURVE_STYLE('',#14446,POSITIVE_LENGTH_MEASURE(0.1),#12261);
#14446 = DRAUGHTING_PRE_DEFINED_CURVE_FONT('continuous');
#14447 = STYLED_ITEM('color',(#14448),#10117);
#14448 = PRESENTATION_STYLE_ASSIGNMENT((#14449,#14454));
#14449 = SURFACE_STYLE_USAGE(.BOTH.,#14450);
#14450 = SURFACE_SIDE_STYLE('',(#14451));
#14451 = SURFACE_STYLE_FILL_AREA(#14452);
#14452 = FILL_AREA_STYLE('',(#14453));
#14453 = FILL_AREA_STYLE_COLOUR('',#12261);
#14454 = CURVE_STYLE('',#14455,POSITIVE_LENGTH_MEASURE(0.1),#12261);
#14455 = DRAUGHTING_PRE_DEFINED_CURVE_FONT('continuous');
#14456 = STYLED_ITEM('color',(#14457),#10129);
#14457 = PRESENTATION_STYLE_ASSIGNMENT((#14458,#14463));
#14458 = SURFACE_STYLE_USAGE(.BOTH.,#14459);
#14459 = SURFACE_SIDE_STYLE('',(#14460));
#14460 = SURFACE_STYLE_FILL_AREA(#14461);
#14461 = FILL_AREA_STYLE('',(#14462));
#14462 = FILL_AREA_STYLE_COLOUR('',#12261);
#14463 = CURVE_STYLE('',#14464,POSITIVE_LENGTH_MEASURE(0.1),#12261);
#14464 = DRAUGHTING_PRE_DEFINED_CURVE_FONT('continuous');
#14465 = STYLED_ITEM('color',(#14466),#10141);
#14466 = PRESENTATION_STYLE_ASSIGNMENT((#14467,#14472));
#14467 = SURFACE_STYLE_USAGE(.BOTH.,#14468);
#14468 = SURFACE_SIDE_STYLE('',(#14469));
#14469 = SURFACE_STYLE_FILL_AREA(#14470);
#14470 = FILL_AREA_STYLE('',(#14471));
#14471 = FILL_AREA_STYLE_COLOUR('',#12261);
#14472 = CURVE_STYLE('',#14473,POSITIVE_LENGTH_MEASURE(0.1),#12261);
#14473 = DRAUGHTING_PRE_DEFINED_CURVE_FONT('continuous');
#14474 = STYLED_ITEM('color',(#14475),#10153);
#14475 = PRESENTATION_STYLE_ASSIGNMENT((#14476,#14481));
#14476 = SURFACE_STYLE_USAGE(.BOTH.,#14477);
#14477 = SURFACE_SIDE_STYLE('',(#14478));
#14478 = SURFACE_STYLE_FILL_AREA(#14479);
#14479 = FILL_AREA_STYLE('',(#14480));
#14480 = FILL_AREA_STYLE_COLOUR('',#12261);
#14481 = CURVE_STYLE('',#14482,POSITIVE_LENGTH_MEASURE(0.1),#12261);
#14482 = DRAUGHTING_PRE_DEFINED_CURVE_FONT('continuous');
#14483 = MECHANICAL_DESIGN_GEOMETRIC_PRESENTATION_REPRESENTATION('',(
    #14484),#12242);
#14484 = STYLED_ITEM('color',(#14485),#12092);
#14485 = PRESENTATION_STYLE_ASSIGNMENT((#14486));
#14486 = SURFACE_STYLE_USAGE(.BOTH.,#14487);
#14487 = SURFACE_SIDE_STYLE('',(#14488));
#14488 = SURFACE_STYLE_FILL_AREA(#14489);
#14489 = FILL_AREA_STYLE('',(#14490));
#14490 = FILL_AREA_STYLE_COLOUR('',#14491);
#14491 = COLOUR_RGB('',0.313304153717,0.484529207832,0.410020903123);
#14492 = MECHANICAL_DESIGN_GEOMETRIC_PRESENTATION_REPRESENTATION('',(
    #14493,#14502,#14511,#14520,#14529,#14538,#14547,#14556,#14565,
    #14574,#14583,#14592,#14601,#14610,#14619,#14628,#14637,#14646,
    #14655,#14664,#14673,#14682,#14691,#14700,#14709,#14718,#14727,
    #14736,#14745,#14754,#14763,#14772,#14781,#14790,#14799,#14808,
    #14817,#14826,#14835,#14844,#14853,#14862,#14871,#14880,#14889,
    #14898,#14907,#14916,#14925,#14934,#14943,#14952,#14961,#14970,
    #14979,#14988,#14997,#15006,#15015,#15024,#15033,#15042,#15051,
    #15060,#15069,#15078,#15087,#15096,#15105,#15114,#15123,#15132,
    #15141,#15150,#15159,#15168,#15177,#15186,#15195,#15204,#15213,
    #15222,#15231,#15240,#15249,#15258,#15267,#15276,#15285,#15294,
    #15303,#15312,#15321,#15330,#15339,#15348,#15357,#15366,#15375,
    #15384,#15393,#15402,#15411,#15420,#15429,#15438,#15447,#15456,
    #15465,#15474,#15483,#15492,#15501,#15510,#15519,#15528,#15537),
  #3808);
#14493 = STYLED_ITEM('color',(#14494),#230);
#14494 = PRESENTATION_STYLE_ASSIGNMENT((#14495,#14500));
#14495 = SURFACE_STYLE_USAGE(.BOTH.,#14496);
#14496 = SURFACE_SIDE_STYLE('',(#14497));
#14497 = SURFACE_STYLE_FILL_AREA(#14498);
#14498 = FILL_AREA_STYLE('',(#14499));
#14499 = FILL_AREA_STYLE_COLOUR('',#12509);
#14500 = CURVE_STYLE('',#14501,POSITIVE_LENGTH_MEASURE(0.1),#12509);
#14501 = DRAUGHTING_PRE_DEFINED_CURVE_FONT('continuous');
#14502 = STYLED_ITEM('color',(#14503),#334);
#14503 = PRESENTATION_STYLE_ASSIGNMENT((#14504,#14509));
#14504 = SURFACE_STYLE_USAGE(.BOTH.,#14505);
#14505 = SURFACE_SIDE_STYLE('',(#14506));
#14506 = SURFACE_STYLE_FILL_AREA(#14507);
#14507 = FILL_AREA_STYLE('',(#14508));
#14508 = FILL_AREA_STYLE_COLOUR('',#12509);
#14509 = CURVE_STYLE('',#14510,POSITIVE_LENGTH_MEASURE(0.1),#12509);
#14510 = DRAUGHTING_PRE_DEFINED_CURVE_FONT('continuous');
#14511 = STYLED_ITEM('color',(#14512),#589);
#14512 = PRESENTATION_STYLE_ASSIGNMENT((#14513,#14518));
#14513 = SURFACE_STYLE_USAGE(.BOTH.,#14514);
#14514 = SURFACE_SIDE_STYLE('',(#14515));
#14515 = SURFACE_STYLE_FILL_AREA(#14516);
#14516 = FILL_AREA_STYLE('',(#14517));
#14517 = FILL_AREA_STYLE_COLOUR('',#12509);
#14518 = CURVE_STYLE('',#14519,POSITIVE_LENGTH_MEASURE(0.1),#12509);
#14519 = DRAUGHTING_PRE_DEFINED_CURVE_FONT('continuous');
#14520 = STYLED_ITEM('color',(#14521),#613);
#14521 = PRESENTATION_STYLE_ASSIGNMENT((#14522,#14527));
#14522 = SURFACE_STYLE_USAGE(.BOTH.,#14523);
#14523 = SURFACE_SIDE_STYLE('',(#14524));
#14524 = SURFACE_STYLE_FILL_AREA(#14525);
#14525 = FILL_AREA_STYLE('',(#14526));
#14526 = FILL_AREA_STYLE_COLOUR('',#12509);
#14527 = CURVE_STYLE('',#14528,POSITIVE_LENGTH_MEASURE(0.1),#12509);
#14528 = DRAUGHTING_PRE_DEFINED_CURVE_FONT('continuous');
#14529 = STYLED_ITEM('color',(#14530),#637);
#14530 = PRESENTATION_STYLE_ASSIGNMENT((#14531,#14536));
#14531 = SURFACE_STYLE_USAGE(.BOTH.,#14532);
#14532 = SURFACE_SIDE_STYLE('',(#14533));
#14533 = SURFACE_STYLE_FILL_AREA(#14534);
#14534 = FILL_AREA_STYLE('',(#14535));
#14535 = FILL_AREA_STYLE_COLOUR('',#12509);
#14536 = CURVE_STYLE('',#14537,POSITIVE_LENGTH_MEASURE(0.1),#12509);
#14537 = DRAUGHTING_PRE_DEFINED_CURVE_FONT('continuous');
#14538 = STYLED_ITEM('color',(#14539),#661);
#14539 = PRESENTATION_STYLE_ASSIGNMENT((#14540,#14545));
#14540 = SURFACE_STYLE_USAGE(.BOTH.,#14541);
#14541 = SURFACE_SIDE_STYLE('',(#14542));
#14542 = SURFACE_STYLE_FILL_AREA(#14543);
#14543 = FILL_AREA_STYLE('',(#14544));
#14544 = FILL_AREA_STYLE_COLOUR('',#12509);
#14545 = CURVE_STYLE('',#14546,POSITIVE_LENGTH_MEASURE(0.1),#12509);
#14546 = DRAUGHTING_PRE_DEFINED_CURVE_FONT('continuous');
#14547 = STYLED_ITEM('color',(#14548),#685);
#14548 = PRESENTATION_STYLE_ASSIGNMENT((#14549,#14554));
#14549 = SURFACE_STYLE_USAGE(.BOTH.,#14550);
#14550 = SURFACE_SIDE_STYLE('',(#14551));
#14551 = SURFACE_STYLE_FILL_AREA(#14552);
#14552 = FILL_AREA_STYLE('',(#14553));
#14553 = FILL_AREA_STYLE_COLOUR('',#12509);
#14554 = CURVE_STYLE('',#14555,POSITIVE_LENGTH_MEASURE(0.1),#12509);
#14555 = DRAUGHTING_PRE_DEFINED_CURVE_FONT('continuous');
#14556 = STYLED_ITEM('color',(#14557),#830);
#14557 = PRESENTATION_STYLE_ASSIGNMENT((#14558,#14563));
#14558 = SURFACE_STYLE_USAGE(.BOTH.,#14559);
#14559 = SURFACE_SIDE_STYLE('',(#14560));
#14560 = SURFACE_STYLE_FILL_AREA(#14561);
#14561 = FILL_AREA_STYLE('',(#14562));
#14562 = FILL_AREA_STYLE_COLOUR('',#12509);
#14563 = CURVE_STYLE('',#14564,POSITIVE_LENGTH_MEASURE(0.1),#12509);
#14564 = DRAUGHTING_PRE_DEFINED_CURVE_FONT('continuous');
#14565 = STYLED_ITEM('color',(#14566),#902);
#14566 = PRESENTATION_STYLE_ASSIGNMENT((#14567,#14572));
#14567 = SURFACE_STYLE_USAGE(.BOTH.,#14568);
#14568 = SURFACE_SIDE_STYLE('',(#14569));
#14569 = SURFACE_STYLE_FILL_AREA(#14570);
#14570 = FILL_AREA_STYLE('',(#14571));
#14571 = FILL_AREA_STYLE_COLOUR('',#12509);
#14572 = CURVE_STYLE('',#14573,POSITIVE_LENGTH_MEASURE(0.1),#12509);
#14573 = DRAUGHTING_PRE_DEFINED_CURVE_FONT('continuous');
#14574 = STYLED_ITEM('color',(#14575),#934);
#14575 = PRESENTATION_STYLE_ASSIGNMENT((#14576,#14581));
#14576 = SURFACE_STYLE_USAGE(.BOTH.,#14577);
#14577 = SURFACE_SIDE_STYLE('',(#14578));
#14578 = SURFACE_STYLE_FILL_AREA(#14579);
#14579 = FILL_AREA_STYLE('',(#14580));
#14580 = FILL_AREA_STYLE_COLOUR('',#12509);
#14581 = CURVE_STYLE('',#14582,POSITIVE_LENGTH_MEASURE(0.1),#12509);
#14582 = DRAUGHTING_PRE_DEFINED_CURVE_FONT('continuous');
#14583 = STYLED_ITEM('color',(#14584),#958);
#14584 = PRESENTATION_STYLE_ASSIGNMENT((#14585,#14590));
#14585 = SURFACE_STYLE_USAGE(.BOTH.,#14586);
#14586 = SURFACE_SIDE_STYLE('',(#14587));
#14587 = SURFACE_STYLE_FILL_AREA(#14588);
#14588 = FILL_AREA_STYLE('',(#14589));
#14589 = FILL_AREA_STYLE_COLOUR('',#12509);
#14590 = CURVE_STYLE('',#14591,POSITIVE_LENGTH_MEASURE(0.1),#12509);
#14591 = DRAUGHTING_PRE_DEFINED_CURVE_FONT('continuous');
#14592 = STYLED_ITEM('color',(#14593),#982);
#14593 = PRESENTATION_STYLE_ASSIGNMENT((#14594,#14599));
#14594 = SURFACE_STYLE_USAGE(.BOTH.,#14595);
#14595 = SURFACE_SIDE_STYLE('',(#14596));
#14596 = SURFACE_STYLE_FILL_AREA(#14597);
#14597 = FILL_AREA_STYLE('',(#14598));
#14598 = FILL_AREA_STYLE_COLOUR('',#12509);
#14599 = CURVE_STYLE('',#14600,POSITIVE_LENGTH_MEASURE(0.1),#12509);
#14600 = DRAUGHTING_PRE_DEFINED_CURVE_FONT('continuous');
#14601 = STYLED_ITEM('color',(#14602),#1006);
#14602 = PRESENTATION_STYLE_ASSIGNMENT((#14603,#14608));
#14603 = SURFACE_STYLE_USAGE(.BOTH.,#14604);
#14604 = SURFACE_SIDE_STYLE('',(#14605));
#14605 = SURFACE_STYLE_FILL_AREA(#14606);
#14606 = FILL_AREA_STYLE('',(#14607));
#14607 = FILL_AREA_STYLE_COLOUR('',#12509);
#14608 = CURVE_STYLE('',#14609,POSITIVE_LENGTH_MEASURE(0.1),#12509);
#14609 = DRAUGHTING_PRE_DEFINED_CURVE_FONT('continuous');
#14610 = STYLED_ITEM('color',(#14611),#1200);
#14611 = PRESENTATION_STYLE_ASSIGNMENT((#14612,#14617));
#14612 = SURFACE_STYLE_USAGE(.BOTH.,#14613);
#14613 = SURFACE_SIDE_STYLE('',(#14614));
#14614 = SURFACE_STYLE_FILL_AREA(#14615);
#14615 = FILL_AREA_STYLE('',(#14616));
#14616 = FILL_AREA_STYLE_COLOUR('',#12509);
#14617 = CURVE_STYLE('',#14618,POSITIVE_LENGTH_MEASURE(0.1),#12509);
#14618 = DRAUGHTING_PRE_DEFINED_CURVE_FONT('continuous');
#14619 = STYLED_ITEM('color',(#14620),#1272);
#14620 = PRESENTATION_STYLE_ASSIGNMENT((#14621,#14626));
#14621 = SURFACE_STYLE_USAGE(.BOTH.,#14622);
#14622 = SURFACE_SIDE_STYLE('',(#14623));
#14623 = SURFACE_STYLE_FILL_AREA(#14624);
#14624 = FILL_AREA_STYLE('',(#14625));
#14625 = FILL_AREA_STYLE_COLOUR('',#12509);
#14626 = CURVE_STYLE('',#14627,POSITIVE_LENGTH_MEASURE(0.1),#12509);
#14627 = DRAUGHTING_PRE_DEFINED_CURVE_FONT('continuous');
#14628 = STYLED_ITEM('color',(#14629),#1296);
#14629 = PRESENTATION_STYLE_ASSIGNMENT((#14630,#14635));
#14630 = SURFACE_STYLE_USAGE(.BOTH.,#14631);
#14631 = SURFACE_SIDE_STYLE('',(#14632));
#14632 = SURFACE_STYLE_FILL_AREA(#14633);
#14633 = FILL_AREA_STYLE('',(#14634));
#14634 = FILL_AREA_STYLE_COLOUR('',#12509);
#14635 = CURVE_STYLE('',#14636,POSITIVE_LENGTH_MEASURE(0.1),#12509);
#14636 = DRAUGHTING_PRE_DEFINED_CURVE_FONT('continuous');
#14637 = STYLED_ITEM('color',(#14638),#1329);
#14638 = PRESENTATION_STYLE_ASSIGNMENT((#14639,#14644));
#14639 = SURFACE_STYLE_USAGE(.BOTH.,#14640);
#14640 = SURFACE_SIDE_STYLE('',(#14641));
#14641 = SURFACE_STYLE_FILL_AREA(#14642);
#14642 = FILL_AREA_STYLE('',(#14643));
#14643 = FILL_AREA_STYLE_COLOUR('',#12509);
#14644 = CURVE_STYLE('',#14645,POSITIVE_LENGTH_MEASURE(0.1),#12509);
#14645 = DRAUGHTING_PRE_DEFINED_CURVE_FONT('continuous');
#14646 = STYLED_ITEM('color',(#14647),#1343);
#14647 = PRESENTATION_STYLE_ASSIGNMENT((#14648,#14653));
#14648 = SURFACE_STYLE_USAGE(.BOTH.,#14649);
#14649 = SURFACE_SIDE_STYLE('',(#14650));
#14650 = SURFACE_STYLE_FILL_AREA(#14651);
#14651 = FILL_AREA_STYLE('',(#14652));
#14652 = FILL_AREA_STYLE_COLOUR('',#12261);
#14653 = CURVE_STYLE('',#14654,POSITIVE_LENGTH_MEASURE(0.1),#12261);
#14654 = DRAUGHTING_PRE_DEFINED_CURVE_FONT('continuous');
#14655 = STYLED_ITEM('color',(#14656),#1383);
#14656 = PRESENTATION_STYLE_ASSIGNMENT((#14657,#14662));
#14657 = SURFACE_STYLE_USAGE(.BOTH.,#14658);
#14658 = SURFACE_SIDE_STYLE('',(#14659));
#14659 = SURFACE_STYLE_FILL_AREA(#14660);
#14660 = FILL_AREA_STYLE('',(#14661));
#14661 = FILL_AREA_STYLE_COLOUR('',#12261);
#14662 = CURVE_STYLE('',#14663,POSITIVE_LENGTH_MEASURE(0.1),#12261);
#14663 = DRAUGHTING_PRE_DEFINED_CURVE_FONT('continuous');
#14664 = STYLED_ITEM('color',(#14665),#1407);
#14665 = PRESENTATION_STYLE_ASSIGNMENT((#14666,#14671));
#14666 = SURFACE_STYLE_USAGE(.BOTH.,#14667);
#14667 = SURFACE_SIDE_STYLE('',(#14668));
#14668 = SURFACE_STYLE_FILL_AREA(#14669);
#14669 = FILL_AREA_STYLE('',(#14670));
#14670 = FILL_AREA_STYLE_COLOUR('',#12261);
#14671 = CURVE_STYLE('',#14672,POSITIVE_LENGTH_MEASURE(0.1),#12261);
#14672 = DRAUGHTING_PRE_DEFINED_CURVE_FONT('continuous');
#14673 = STYLED_ITEM('color',(#14674),#1440);
#14674 = PRESENTATION_STYLE_ASSIGNMENT((#14675,#14680));
#14675 = SURFACE_STYLE_USAGE(.BOTH.,#14676);
#14676 = SURFACE_SIDE_STYLE('',(#14677));
#14677 = SURFACE_STYLE_FILL_AREA(#14678);
#14678 = FILL_AREA_STYLE('',(#14679));
#14679 = FILL_AREA_STYLE_COLOUR('',#12261);
#14680 = CURVE_STYLE('',#14681,POSITIVE_LENGTH_MEASURE(0.1),#12261);
#14681 = DRAUGHTING_PRE_DEFINED_CURVE_FONT('continuous');
#14682 = STYLED_ITEM('color',(#14683),#1480);
#14683 = PRESENTATION_STYLE_ASSIGNMENT((#14684,#14689));
#14684 = SURFACE_STYLE_USAGE(.BOTH.,#14685);
#14685 = SURFACE_SIDE_STYLE('',(#14686));
#14686 = SURFACE_STYLE_FILL_AREA(#14687);
#14687 = FILL_AREA_STYLE('',(#14688));
#14688 = FILL_AREA_STYLE_COLOUR('',#12261);
#14689 = CURVE_STYLE('',#14690,POSITIVE_LENGTH_MEASURE(0.1),#12261);
#14690 = DRAUGHTING_PRE_DEFINED_CURVE_FONT('continuous');
#14691 = STYLED_ITEM('color',(#14692),#1504);
#14692 = PRESENTATION_STYLE_ASSIGNMENT((#14693,#14698));
#14693 = SURFACE_STYLE_USAGE(.BOTH.,#14694);
#14694 = SURFACE_SIDE_STYLE('',(#14695));
#14695 = SURFACE_STYLE_FILL_AREA(#14696);
#14696 = FILL_AREA_STYLE('',(#14697));
#14697 = FILL_AREA_STYLE_COLOUR('',#12261);
#14698 = CURVE_STYLE('',#14699,POSITIVE_LENGTH_MEASURE(0.1),#12261);
#14699 = DRAUGHTING_PRE_DEFINED_CURVE_FONT('continuous');
#14700 = STYLED_ITEM('color',(#14701),#1537);
#14701 = PRESENTATION_STYLE_ASSIGNMENT((#14702,#14707));
#14702 = SURFACE_STYLE_USAGE(.BOTH.,#14703);
#14703 = SURFACE_SIDE_STYLE('',(#14704));
#14704 = SURFACE_STYLE_FILL_AREA(#14705);
#14705 = FILL_AREA_STYLE('',(#14706));
#14706 = FILL_AREA_STYLE_COLOUR('',#12261);
#14707 = CURVE_STYLE('',#14708,POSITIVE_LENGTH_MEASURE(0.1),#12261);
#14708 = DRAUGHTING_PRE_DEFINED_CURVE_FONT('continuous');
#14709 = STYLED_ITEM('color',(#14710),#1577);
#14710 = PRESENTATION_STYLE_ASSIGNMENT((#14711,#14716));
#14711 = SURFACE_STYLE_USAGE(.BOTH.,#14712);
#14712 = SURFACE_SIDE_STYLE('',(#14713));
#14713 = SURFACE_STYLE_FILL_AREA(#14714);
#14714 = FILL_AREA_STYLE('',(#14715));
#14715 = FILL_AREA_STYLE_COLOUR('',#12261);
#14716 = CURVE_STYLE('',#14717,POSITIVE_LENGTH_MEASURE(0.1),#12261);
#14717 = DRAUGHTING_PRE_DEFINED_CURVE_FONT('continuous');
#14718 = STYLED_ITEM('color',(#14719),#1601);
#14719 = PRESENTATION_STYLE_ASSIGNMENT((#14720,#14725));
#14720 = SURFACE_STYLE_USAGE(.BOTH.,#14721);
#14721 = SURFACE_SIDE_STYLE('',(#14722));
#14722 = SURFACE_STYLE_FILL_AREA(#14723);
#14723 = FILL_AREA_STYLE('',(#14724));
#14724 = FILL_AREA_STYLE_COLOUR('',#12261);
#14725 = CURVE_STYLE('',#14726,POSITIVE_LENGTH_MEASURE(0.1),#12261);
#14726 = DRAUGHTING_PRE_DEFINED_CURVE_FONT('continuous');
#14727 = STYLED_ITEM('color',(#14728),#1634);
#14728 = PRESENTATION_STYLE_ASSIGNMENT((#14729,#14734));
#14729 = SURFACE_STYLE_USAGE(.BOTH.,#14730);
#14730 = SURFACE_SIDE_STYLE('',(#14731));
#14731 = SURFACE_STYLE_FILL_AREA(#14732);
#14732 = FILL_AREA_STYLE('',(#14733));
#14733 = FILL_AREA_STYLE_COLOUR('',#12261);
#14734 = CURVE_STYLE('',#14735,POSITIVE_LENGTH_MEASURE(0.1),#12261);
#14735 = DRAUGHTING_PRE_DEFINED_CURVE_FONT('continuous');
#14736 = STYLED_ITEM('color',(#14737),#1674);
#14737 = PRESENTATION_STYLE_ASSIGNMENT((#14738,#14743));
#14738 = SURFACE_STYLE_USAGE(.BOTH.,#14739);
#14739 = SURFACE_SIDE_STYLE('',(#14740));
#14740 = SURFACE_STYLE_FILL_AREA(#14741);
#14741 = FILL_AREA_STYLE('',(#14742));
#14742 = FILL_AREA_STYLE_COLOUR('',#12261);
#14743 = CURVE_STYLE('',#14744,POSITIVE_LENGTH_MEASURE(0.1),#12261);
#14744 = DRAUGHTING_PRE_DEFINED_CURVE_FONT('continuous');
#14745 = STYLED_ITEM('color',(#14746),#1698);
#14746 = PRESENTATION_STYLE_ASSIGNMENT((#14747,#14752));
#14747 = SURFACE_STYLE_USAGE(.BOTH.,#14748);
#14748 = SURFACE_SIDE_STYLE('',(#14749));
#14749 = SURFACE_STYLE_FILL_AREA(#14750);
#14750 = FILL_AREA_STYLE('',(#14751));
#14751 = FILL_AREA_STYLE_COLOUR('',#12261);
#14752 = CURVE_STYLE('',#14753,POSITIVE_LENGTH_MEASURE(0.1),#12261);
#14753 = DRAUGHTING_PRE_DEFINED_CURVE_FONT('continuous');
#14754 = STYLED_ITEM('color',(#14755),#1731);
#14755 = PRESENTATION_STYLE_ASSIGNMENT((#14756,#14761));
#14756 = SURFACE_STYLE_USAGE(.BOTH.,#14757);
#14757 = SURFACE_SIDE_STYLE('',(#14758));
#14758 = SURFACE_STYLE_FILL_AREA(#14759);
#14759 = FILL_AREA_STYLE('',(#14760));
#14760 = FILL_AREA_STYLE_COLOUR('',#12261);
#14761 = CURVE_STYLE('',#14762,POSITIVE_LENGTH_MEASURE(0.1),#12261);
#14762 = DRAUGHTING_PRE_DEFINED_CURVE_FONT('continuous');
#14763 = STYLED_ITEM('color',(#14764),#1771);
#14764 = PRESENTATION_STYLE_ASSIGNMENT((#14765,#14770));
#14765 = SURFACE_STYLE_USAGE(.BOTH.,#14766);
#14766 = SURFACE_SIDE_STYLE('',(#14767));
#14767 = SURFACE_STYLE_FILL_AREA(#14768);
#14768 = FILL_AREA_STYLE('',(#14769));
#14769 = FILL_AREA_STYLE_COLOUR('',#12261);
#14770 = CURVE_STYLE('',#14771,POSITIVE_LENGTH_MEASURE(0.1),#12261);
#14771 = DRAUGHTING_PRE_DEFINED_CURVE_FONT('continuous');
#14772 = STYLED_ITEM('color',(#14773),#1795);
#14773 = PRESENTATION_STYLE_ASSIGNMENT((#14774,#14779));
#14774 = SURFACE_STYLE_USAGE(.BOTH.,#14775);
#14775 = SURFACE_SIDE_STYLE('',(#14776));
#14776 = SURFACE_STYLE_FILL_AREA(#14777);
#14777 = FILL_AREA_STYLE('',(#14778));
#14778 = FILL_AREA_STYLE_COLOUR('',#12261);
#14779 = CURVE_STYLE('',#14780,POSITIVE_LENGTH_MEASURE(0.1),#12261);
#14780 = DRAUGHTING_PRE_DEFINED_CURVE_FONT('continuous');
#14781 = STYLED_ITEM('color',(#14782),#1828);
#14782 = PRESENTATION_STYLE_ASSIGNMENT((#14783,#14788));
#14783 = SURFACE_STYLE_USAGE(.BOTH.,#14784);
#14784 = SURFACE_SIDE_STYLE('',(#14785));
#14785 = SURFACE_STYLE_FILL_AREA(#14786);
#14786 = FILL_AREA_STYLE('',(#14787));
#14787 = FILL_AREA_STYLE_COLOUR('',#12261);
#14788 = CURVE_STYLE('',#14789,POSITIVE_LENGTH_MEASURE(0.1),#12261);
#14789 = DRAUGHTING_PRE_DEFINED_CURVE_FONT('continuous');
#14790 = STYLED_ITEM('color',(#14791),#1868);
#14791 = PRESENTATION_STYLE_ASSIGNMENT((#14792,#14797));
#14792 = SURFACE_STYLE_USAGE(.BOTH.,#14793);
#14793 = SURFACE_SIDE_STYLE('',(#14794));
#14794 = SURFACE_STYLE_FILL_AREA(#14795);
#14795 = FILL_AREA_STYLE('',(#14796));
#14796 = FILL_AREA_STYLE_COLOUR('',#12261);
#14797 = CURVE_STYLE('',#14798,POSITIVE_LENGTH_MEASURE(0.1),#12261);
#14798 = DRAUGHTING_PRE_DEFINED_CURVE_FONT('continuous');
#14799 = STYLED_ITEM('color',(#14800),#1892);
#14800 = PRESENTATION_STYLE_ASSIGNMENT((#14801,#14806));
#14801 = SURFACE_STYLE_USAGE(.BOTH.,#14802);
#14802 = SURFACE_SIDE_STYLE('',(#14803));
#14803 = SURFACE_STYLE_FILL_AREA(#14804);
#14804 = FILL_AREA_STYLE('',(#14805));
#14805 = FILL_AREA_STYLE_COLOUR('',#12261);
#14806 = CURVE_STYLE('',#14807,POSITIVE_LENGTH_MEASURE(0.1),#12261);
#14807 = DRAUGHTING_PRE_DEFINED_CURVE_FONT('continuous');
#14808 = STYLED_ITEM('color',(#14809),#1925);
#14809 = PRESENTATION_STYLE_ASSIGNMENT((#14810,#14815));
#14810 = SURFACE_STYLE_USAGE(.BOTH.,#14811);
#14811 = SURFACE_SIDE_STYLE('',(#14812));
#14812 = SURFACE_STYLE_FILL_AREA(#14813);
#14813 = FILL_AREA_STYLE('',(#14814));
#14814 = FILL_AREA_STYLE_COLOUR('',#12509);
#14815 = CURVE_STYLE('',#14816,POSITIVE_LENGTH_MEASURE(0.1),#12509);
#14816 = DRAUGHTING_PRE_DEFINED_CURVE_FONT('continuous');
#14817 = STYLED_ITEM('color',(#14818),#1942);
#14818 = PRESENTATION_STYLE_ASSIGNMENT((#14819,#14824));
#14819 = SURFACE_STYLE_USAGE(.BOTH.,#14820);
#14820 = SURFACE_SIDE_STYLE('',(#14821));
#14821 = SURFACE_STYLE_FILL_AREA(#14822);
#14822 = FILL_AREA_STYLE('',(#14823));
#14823 = FILL_AREA_STYLE_COLOUR('',#12509);
#14824 = CURVE_STYLE('',#14825,POSITIVE_LENGTH_MEASURE(0.1),#12509);
#14825 = DRAUGHTING_PRE_DEFINED_CURVE_FONT('continuous');
#14826 = STYLED_ITEM('color',(#14827),#1996);
#14827 = PRESENTATION_STYLE_ASSIGNMENT((#14828,#14833));
#14828 = SURFACE_STYLE_USAGE(.BOTH.,#14829);
#14829 = SURFACE_SIDE_STYLE('',(#14830));
#14830 = SURFACE_STYLE_FILL_AREA(#14831);
#14831 = FILL_AREA_STYLE('',(#14832));
#14832 = FILL_AREA_STYLE_COLOUR('',#12509);
#14833 = CURVE_STYLE('',#14834,POSITIVE_LENGTH_MEASURE(0.1),#12509);
#14834 = DRAUGHTING_PRE_DEFINED_CURVE_FONT('continuous');
#14835 = STYLED_ITEM('color',(#14836),#2020);
#14836 = PRESENTATION_STYLE_ASSIGNMENT((#14837,#14842));
#14837 = SURFACE_STYLE_USAGE(.BOTH.,#14838);
#14838 = SURFACE_SIDE_STYLE('',(#14839));
#14839 = SURFACE_STYLE_FILL_AREA(#14840);
#14840 = FILL_AREA_STYLE('',(#14841));
#14841 = FILL_AREA_STYLE_COLOUR('',#12509);
#14842 = CURVE_STYLE('',#14843,POSITIVE_LENGTH_MEASURE(0.1),#12509);
#14843 = DRAUGHTING_PRE_DEFINED_CURVE_FONT('continuous');
#14844 = STYLED_ITEM('color',(#14845),#2044);
#14845 = PRESENTATION_STYLE_ASSIGNMENT((#14846,#14851));
#14846 = SURFACE_STYLE_USAGE(.BOTH.,#14847);
#14847 = SURFACE_SIDE_STYLE('',(#14848));
#14848 = SURFACE_STYLE_FILL_AREA(#14849);
#14849 = FILL_AREA_STYLE('',(#14850));
#14850 = FILL_AREA_STYLE_COLOUR('',#12509);
#14851 = CURVE_STYLE('',#14852,POSITIVE_LENGTH_MEASURE(0.1),#12509);
#14852 = DRAUGHTING_PRE_DEFINED_CURVE_FONT('continuous');
#14853 = STYLED_ITEM('color',(#14854),#2061);
#14854 = PRESENTATION_STYLE_ASSIGNMENT((#14855,#14860));
#14855 = SURFACE_STYLE_USAGE(.BOTH.,#14856);
#14856 = SURFACE_SIDE_STYLE('',(#14857));
#14857 = SURFACE_STYLE_FILL_AREA(#14858);
#14858 = FILL_AREA_STYLE('',(#14859));
#14859 = FILL_AREA_STYLE_COLOUR('',#12509);
#14860 = CURVE_STYLE('',#14861,POSITIVE_LENGTH_MEASURE(0.1),#12509);
#14861 = DRAUGHTING_PRE_DEFINED_CURVE_FONT('continuous');
#14862 = STYLED_ITEM('color',(#14863),#2085);
#14863 = PRESENTATION_STYLE_ASSIGNMENT((#14864,#14869));
#14864 = SURFACE_STYLE_USAGE(.BOTH.,#14865);
#14865 = SURFACE_SIDE_STYLE('',(#14866));
#14866 = SURFACE_STYLE_FILL_AREA(#14867);
#14867 = FILL_AREA_STYLE('',(#14868));
#14868 = FILL_AREA_STYLE_COLOUR('',#12509);
#14869 = CURVE_STYLE('',#14870,POSITIVE_LENGTH_MEASURE(0.1),#12509);
#14870 = DRAUGHTING_PRE_DEFINED_CURVE_FONT('continuous');
#14871 = STYLED_ITEM('color',(#14872),#2132);
#14872 = PRESENTATION_STYLE_ASSIGNMENT((#14873,#14878));
#14873 = SURFACE_STYLE_USAGE(.BOTH.,#14874);
#14874 = SURFACE_SIDE_STYLE('',(#14875));
#14875 = SURFACE_STYLE_FILL_AREA(#14876);
#14876 = FILL_AREA_STYLE('',(#14877));
#14877 = FILL_AREA_STYLE_COLOUR('',#12509);
#14878 = CURVE_STYLE('',#14879,POSITIVE_LENGTH_MEASURE(0.1),#12509);
#14879 = DRAUGHTING_PRE_DEFINED_CURVE_FONT('continuous');
#14880 = STYLED_ITEM('color',(#14881),#2156);
#14881 = PRESENTATION_STYLE_ASSIGNMENT((#14882,#14887));
#14882 = SURFACE_STYLE_USAGE(.BOTH.,#14883);
#14883 = SURFACE_SIDE_STYLE('',(#14884));
#14884 = SURFACE_STYLE_FILL_AREA(#14885);
#14885 = FILL_AREA_STYLE('',(#14886));
#14886 = FILL_AREA_STYLE_COLOUR('',#12509);
#14887 = CURVE_STYLE('',#14888,POSITIVE_LENGTH_MEASURE(0.1),#12509);
#14888 = DRAUGHTING_PRE_DEFINED_CURVE_FONT('continuous');
#14889 = STYLED_ITEM('color',(#14890),#2180);
#14890 = PRESENTATION_STYLE_ASSIGNMENT((#14891,#14896));
#14891 = SURFACE_STYLE_USAGE(.BOTH.,#14892);
#14892 = SURFACE_SIDE_STYLE('',(#14893));
#14893 = SURFACE_STYLE_FILL_AREA(#14894);
#14894 = FILL_AREA_STYLE('',(#14895));
#14895 = FILL_AREA_STYLE_COLOUR('',#12509);
#14896 = CURVE_STYLE('',#14897,POSITIVE_LENGTH_MEASURE(0.1),#12509);
#14897 = DRAUGHTING_PRE_DEFINED_CURVE_FONT('continuous');
#14898 = STYLED_ITEM('color',(#14899),#2197);
#14899 = PRESENTATION_STYLE_ASSIGNMENT((#14900,#14905));
#14900 = SURFACE_STYLE_USAGE(.BOTH.,#14901);
#14901 = SURFACE_SIDE_STYLE('',(#14902));
#14902 = SURFACE_STYLE_FILL_AREA(#14903);
#14903 = FILL_AREA_STYLE('',(#14904));
#14904 = FILL_AREA_STYLE_COLOUR('',#12509);
#14905 = CURVE_STYLE('',#14906,POSITIVE_LENGTH_MEASURE(0.1),#12509);
#14906 = DRAUGHTING_PRE_DEFINED_CURVE_FONT('continuous');
#14907 = STYLED_ITEM('color',(#14908),#2214);
#14908 = PRESENTATION_STYLE_ASSIGNMENT((#14909,#14914));
#14909 = SURFACE_STYLE_USAGE(.BOTH.,#14910);
#14910 = SURFACE_SIDE_STYLE('',(#14911));
#14911 = SURFACE_STYLE_FILL_AREA(#14912);
#14912 = FILL_AREA_STYLE('',(#14913));
#14913 = FILL_AREA_STYLE_COLOUR('',#12509);
#14914 = CURVE_STYLE('',#14915,POSITIVE_LENGTH_MEASURE(0.1),#12509);
#14915 = DRAUGHTING_PRE_DEFINED_CURVE_FONT('continuous');
#14916 = STYLED_ITEM('color',(#14917),#2237);
#14917 = PRESENTATION_STYLE_ASSIGNMENT((#14918,#14923));
#14918 = SURFACE_STYLE_USAGE(.BOTH.,#14919);
#14919 = SURFACE_SIDE_STYLE('',(#14920));
#14920 = SURFACE_STYLE_FILL_AREA(#14921);
#14921 = FILL_AREA_STYLE('',(#14922));
#14922 = FILL_AREA_STYLE_COLOUR('',#12261);
#14923 = CURVE_STYLE('',#14924,POSITIVE_LENGTH_MEASURE(0.1),#12261);
#14924 = DRAUGHTING_PRE_DEFINED_CURVE_FONT('continuous');
#14925 = STYLED_ITEM('color',(#14926),#2276);
#14926 = PRESENTATION_STYLE_ASSIGNMENT((#14927,#14932));
#14927 = SURFACE_STYLE_USAGE(.BOTH.,#14928);
#14928 = SURFACE_SIDE_STYLE('',(#14929));
#14929 = SURFACE_STYLE_FILL_AREA(#14930);
#14930 = FILL_AREA_STYLE('',(#14931));
#14931 = FILL_AREA_STYLE_COLOUR('',#12509);
#14932 = CURVE_STYLE('',#14933,POSITIVE_LENGTH_MEASURE(0.1),#12509);
#14933 = DRAUGHTING_PRE_DEFINED_CURVE_FONT('continuous');
#14934 = STYLED_ITEM('color',(#14935),#2301);
#14935 = PRESENTATION_STYLE_ASSIGNMENT((#14936,#14941));
#14936 = SURFACE_STYLE_USAGE(.BOTH.,#14937);
#14937 = SURFACE_SIDE_STYLE('',(#14938));
#14938 = SURFACE_STYLE_FILL_AREA(#14939);
#14939 = FILL_AREA_STYLE('',(#14940));
#14940 = FILL_AREA_STYLE_COLOUR('',#12509);
#14941 = CURVE_STYLE('',#14942,POSITIVE_LENGTH_MEASURE(0.1),#12509);
#14942 = DRAUGHTING_PRE_DEFINED_CURVE_FONT('continuous');
#14943 = STYLED_ITEM('color',(#14944),#2317);
#14944 = PRESENTATION_STYLE_ASSIGNMENT((#14945,#14950));
#14945 = SURFACE_STYLE_USAGE(.BOTH.,#14946);
#14946 = SURFACE_SIDE_STYLE('',(#14947));
#14947 = SURFACE_STYLE_FILL_AREA(#14948);
#14948 = FILL_AREA_STYLE('',(#14949));
#14949 = FILL_AREA_STYLE_COLOUR('',#12261);
#14950 = CURVE_STYLE('',#14951,POSITIVE_LENGTH_MEASURE(0.1),#12261);
#14951 = DRAUGHTING_PRE_DEFINED_CURVE_FONT('continuous');
#14952 = STYLED_ITEM('color',(#14953),#2356);
#14953 = PRESENTATION_STYLE_ASSIGNMENT((#14954,#14959));
#14954 = SURFACE_STYLE_USAGE(.BOTH.,#14955);
#14955 = SURFACE_SIDE_STYLE('',(#14956));
#14956 = SURFACE_STYLE_FILL_AREA(#14957);
#14957 = FILL_AREA_STYLE('',(#14958));
#14958 = FILL_AREA_STYLE_COLOUR('',#12261);
#14959 = CURVE_STYLE('',#14960,POSITIVE_LENGTH_MEASURE(0.1),#12261);
#14960 = DRAUGHTING_PRE_DEFINED_CURVE_FONT('continuous');
#14961 = STYLED_ITEM('color',(#14962),#2373);
#14962 = PRESENTATION_STYLE_ASSIGNMENT((#14963,#14968));
#14963 = SURFACE_STYLE_USAGE(.BOTH.,#14964);
#14964 = SURFACE_SIDE_STYLE('',(#14965));
#14965 = SURFACE_STYLE_FILL_AREA(#14966);
#14966 = FILL_AREA_STYLE('',(#14967));
#14967 = FILL_AREA_STYLE_COLOUR('',#12261);
#14968 = CURVE_STYLE('',#14969,POSITIVE_LENGTH_MEASURE(0.1),#12261);
#14969 = DRAUGHTING_PRE_DEFINED_CURVE_FONT('continuous');
#14970 = STYLED_ITEM('color',(#14971),#2400);
#14971 = PRESENTATION_STYLE_ASSIGNMENT((#14972,#14977));
#14972 = SURFACE_STYLE_USAGE(.BOTH.,#14973);
#14973 = SURFACE_SIDE_STYLE('',(#14974));
#14974 = SURFACE_STYLE_FILL_AREA(#14975);
#14975 = FILL_AREA_STYLE('',(#14976));
#14976 = FILL_AREA_STYLE_COLOUR('',#12261);
#14977 = CURVE_STYLE('',#14978,POSITIVE_LENGTH_MEASURE(0.1),#12261);
#14978 = DRAUGHTING_PRE_DEFINED_CURVE_FONT('continuous');
#14979 = STYLED_ITEM('color',(#14980),#2424);
#14980 = PRESENTATION_STYLE_ASSIGNMENT((#14981,#14986));
#14981 = SURFACE_STYLE_USAGE(.BOTH.,#14982);
#14982 = SURFACE_SIDE_STYLE('',(#14983));
#14983 = SURFACE_STYLE_FILL_AREA(#14984);
#14984 = FILL_AREA_STYLE('',(#14985));
#14985 = FILL_AREA_STYLE_COLOUR('',#12261);
#14986 = CURVE_STYLE('',#14987,POSITIVE_LENGTH_MEASURE(0.1),#12261);
#14987 = DRAUGHTING_PRE_DEFINED_CURVE_FONT('continuous');
#14988 = STYLED_ITEM('color',(#14989),#2441);
#14989 = PRESENTATION_STYLE_ASSIGNMENT((#14990,#14995));
#14990 = SURFACE_STYLE_USAGE(.BOTH.,#14991);
#14991 = SURFACE_SIDE_STYLE('',(#14992));
#14992 = SURFACE_STYLE_FILL_AREA(#14993);
#14993 = FILL_AREA_STYLE('',(#14994));
#14994 = FILL_AREA_STYLE_COLOUR('',#12261);
#14995 = CURVE_STYLE('',#14996,POSITIVE_LENGTH_MEASURE(0.1),#12261);
#14996 = DRAUGHTING_PRE_DEFINED_CURVE_FONT('continuous');
#14997 = STYLED_ITEM('color',(#14998),#2465);
#14998 = PRESENTATION_STYLE_ASSIGNMENT((#14999,#15004));
#14999 = SURFACE_STYLE_USAGE(.BOTH.,#15000);
#15000 = SURFACE_SIDE_STYLE('',(#15001));
#15001 = SURFACE_STYLE_FILL_AREA(#15002);
#15002 = FILL_AREA_STYLE('',(#15003));
#15003 = FILL_AREA_STYLE_COLOUR('',#12261);
#15004 = CURVE_STYLE('',#15005,POSITIVE_LENGTH_MEASURE(0.1),#12261);
#15005 = DRAUGHTING_PRE_DEFINED_CURVE_FONT('continuous');
#15006 = STYLED_ITEM('color',(#15007),#2489);
#15007 = PRESENTATION_STYLE_ASSIGNMENT((#15008,#15013));
#15008 = SURFACE_STYLE_USAGE(.BOTH.,#15009);
#15009 = SURFACE_SIDE_STYLE('',(#15010));
#15010 = SURFACE_STYLE_FILL_AREA(#15011);
#15011 = FILL_AREA_STYLE('',(#15012));
#15012 = FILL_AREA_STYLE_COLOUR('',#12509);
#15013 = CURVE_STYLE('',#15014,POSITIVE_LENGTH_MEASURE(0.1),#12509);
#15014 = DRAUGHTING_PRE_DEFINED_CURVE_FONT('continuous');
#15015 = STYLED_ITEM('color',(#15016),#2513);
#15016 = PRESENTATION_STYLE_ASSIGNMENT((#15017,#15022));
#15017 = SURFACE_STYLE_USAGE(.BOTH.,#15018);
#15018 = SURFACE_SIDE_STYLE('',(#15019));
#15019 = SURFACE_STYLE_FILL_AREA(#15020);
#15020 = FILL_AREA_STYLE('',(#15021));
#15021 = FILL_AREA_STYLE_COLOUR('',#12261);
#15022 = CURVE_STYLE('',#15023,POSITIVE_LENGTH_MEASURE(0.1),#12261);
#15023 = DRAUGHTING_PRE_DEFINED_CURVE_FONT('continuous');
#15024 = STYLED_ITEM('color',(#15025),#2530);
#15025 = PRESENTATION_STYLE_ASSIGNMENT((#15026,#15031));
#15026 = SURFACE_STYLE_USAGE(.BOTH.,#15027);
#15027 = SURFACE_SIDE_STYLE('',(#15028));
#15028 = SURFACE_STYLE_FILL_AREA(#15029);
#15029 = FILL_AREA_STYLE('',(#15030));
#15030 = FILL_AREA_STYLE_COLOUR('',#12261);
#15031 = CURVE_STYLE('',#15032,POSITIVE_LENGTH_MEASURE(0.1),#12261);
#15032 = DRAUGHTING_PRE_DEFINED_CURVE_FONT('continuous');
#15033 = STYLED_ITEM('color',(#15034),#2547);
#15034 = PRESENTATION_STYLE_ASSIGNMENT((#15035,#15040));
#15035 = SURFACE_STYLE_USAGE(.BOTH.,#15036);
#15036 = SURFACE_SIDE_STYLE('',(#15037));
#15037 = SURFACE_STYLE_FILL_AREA(#15038);
#15038 = FILL_AREA_STYLE('',(#15039));
#15039 = FILL_AREA_STYLE_COLOUR('',#12261);
#15040 = CURVE_STYLE('',#15041,POSITIVE_LENGTH_MEASURE(0.1),#12261);
#15041 = DRAUGHTING_PRE_DEFINED_CURVE_FONT('continuous');
#15042 = STYLED_ITEM('color',(#15043),#2564);
#15043 = PRESENTATION_STYLE_ASSIGNMENT((#15044,#15049));
#15044 = SURFACE_STYLE_USAGE(.BOTH.,#15045);
#15045 = SURFACE_SIDE_STYLE('',(#15046));
#15046 = SURFACE_STYLE_FILL_AREA(#15047);
#15047 = FILL_AREA_STYLE('',(#15048));
#15048 = FILL_AREA_STYLE_COLOUR('',#12261);
#15049 = CURVE_STYLE('',#15050,POSITIVE_LENGTH_MEASURE(0.1),#12261);
#15050 = DRAUGHTING_PRE_DEFINED_CURVE_FONT('continuous');
#15051 = STYLED_ITEM('color',(#15052),#2581);
#15052 = PRESENTATION_STYLE_ASSIGNMENT((#15053,#15058));
#15053 = SURFACE_STYLE_USAGE(.BOTH.,#15054);
#15054 = SURFACE_SIDE_STYLE('',(#15055));
#15055 = SURFACE_STYLE_FILL_AREA(#15056);
#15056 = FILL_AREA_STYLE('',(#15057));
#15057 = FILL_AREA_STYLE_COLOUR('',#12261);
#15058 = CURVE_STYLE('',#15059,POSITIVE_LENGTH_MEASURE(0.1),#12261);
#15059 = DRAUGHTING_PRE_DEFINED_CURVE_FONT('continuous');
#15060 = STYLED_ITEM('color',(#15061),#2598);
#15061 = PRESENTATION_STYLE_ASSIGNMENT((#15062,#15067));
#15062 = SURFACE_STYLE_USAGE(.BOTH.,#15063);
#15063 = SURFACE_SIDE_STYLE('',(#15064));
#15064 = SURFACE_STYLE_FILL_AREA(#15065);
#15065 = FILL_AREA_STYLE('',(#15066));
#15066 = FILL_AREA_STYLE_COLOUR('',#12261);
#15067 = CURVE_STYLE('',#15068,POSITIVE_LENGTH_MEASURE(0.1),#12261);
#15068 = DRAUGHTING_PRE_DEFINED_CURVE_FONT('continuous');
#15069 = STYLED_ITEM('color',(#15070),#2615);
#15070 = PRESENTATION_STYLE_ASSIGNMENT((#15071,#15076));
#15071 = SURFACE_STYLE_USAGE(.BOTH.,#15072);
#15072 = SURFACE_SIDE_STYLE('',(#15073));
#15073 = SURFACE_STYLE_FILL_AREA(#15074);
#15074 = FILL_AREA_STYLE('',(#15075));
#15075 = FILL_AREA_STYLE_COLOUR('',#12509);
#15076 = CURVE_STYLE('',#15077,POSITIVE_LENGTH_MEASURE(0.1),#12509);
#15077 = DRAUGHTING_PRE_DEFINED_CURVE_FONT('continuous');
#15078 = STYLED_ITEM('color',(#15079),#2632);
#15079 = PRESENTATION_STYLE_ASSIGNMENT((#15080,#15085));
#15080 = SURFACE_STYLE_USAGE(.BOTH.,#15081);
#15081 = SURFACE_SIDE_STYLE('',(#15082));
#15082 = SURFACE_STYLE_FILL_AREA(#15083);
#15083 = FILL_AREA_STYLE('',(#15084));
#15084 = FILL_AREA_STYLE_COLOUR('',#12509);
#15085 = CURVE_STYLE('',#15086,POSITIVE_LENGTH_MEASURE(0.1),#12509);
#15086 = DRAUGHTING_PRE_DEFINED_CURVE_FONT('continuous');
#15087 = STYLED_ITEM('color',(#15088),#2644);
#15088 = PRESENTATION_STYLE_ASSIGNMENT((#15089,#15094));
#15089 = SURFACE_STYLE_USAGE(.BOTH.,#15090);
#15090 = SURFACE_SIDE_STYLE('',(#15091));
#15091 = SURFACE_STYLE_FILL_AREA(#15092);
#15092 = FILL_AREA_STYLE('',(#15093));
#15093 = FILL_AREA_STYLE_COLOUR('',#12509);
#15094 = CURVE_STYLE('',#15095,POSITIVE_LENGTH_MEASURE(0.1),#12509);
#15095 = DRAUGHTING_PRE_DEFINED_CURVE_FONT('continuous');
#15096 = STYLED_ITEM('color',(#15097),#2668);
#15097 = PRESENTATION_STYLE_ASSIGNMENT((#15098,#15103));
#15098 = SURFACE_STYLE_USAGE(.BOTH.,#15099);
#15099 = SURFACE_SIDE_STYLE('',(#15100));
#15100 = SURFACE_STYLE_FILL_AREA(#15101);
#15101 = FILL_AREA_STYLE('',(#15102));
#15102 = FILL_AREA_STYLE_COLOUR('',#12509);
#15103 = CURVE_STYLE('',#15104,POSITIVE_LENGTH_MEASURE(0.1),#12509);
#15104 = DRAUGHTING_PRE_DEFINED_CURVE_FONT('continuous');
#15105 = STYLED_ITEM('color',(#15106),#2685);
#15106 = PRESENTATION_STYLE_ASSIGNMENT((#15107,#15112));
#15107 = SURFACE_STYLE_USAGE(.BOTH.,#15108);
#15108 = SURFACE_SIDE_STYLE('',(#15109));
#15109 = SURFACE_STYLE_FILL_AREA(#15110);
#15110 = FILL_AREA_STYLE('',(#15111));
#15111 = FILL_AREA_STYLE_COLOUR('',#12261);
#15112 = CURVE_STYLE('',#15113,POSITIVE_LENGTH_MEASURE(0.1),#12261);
#15113 = DRAUGHTING_PRE_DEFINED_CURVE_FONT('continuous');
#15114 = STYLED_ITEM('color',(#15115),#2702);
#15115 = PRESENTATION_STYLE_ASSIGNMENT((#15116,#15121));
#15116 = SURFACE_STYLE_USAGE(.BOTH.,#15117);
#15117 = SURFACE_SIDE_STYLE('',(#15118));
#15118 = SURFACE_STYLE_FILL_AREA(#15119);
#15119 = FILL_AREA_STYLE('',(#15120));
#15120 = FILL_AREA_STYLE_COLOUR('',#12261);
#15121 = CURVE_STYLE('',#15122,POSITIVE_LENGTH_MEASURE(0.1),#12261);
#15122 = DRAUGHTING_PRE_DEFINED_CURVE_FONT('continuous');
#15123 = STYLED_ITEM('color',(#15124),#2714);
#15124 = PRESENTATION_STYLE_ASSIGNMENT((#15125,#15130));
#15125 = SURFACE_STYLE_USAGE(.BOTH.,#15126);
#15126 = SURFACE_SIDE_STYLE('',(#15127));
#15127 = SURFACE_STYLE_FILL_AREA(#15128);
#15128 = FILL_AREA_STYLE('',(#15129));
#15129 = FILL_AREA_STYLE_COLOUR('',#12261);
#15130 = CURVE_STYLE('',#15131,POSITIVE_LENGTH_MEASURE(0.1),#12261);
#15131 = DRAUGHTING_PRE_DEFINED_CURVE_FONT('continuous');
#15132 = STYLED_ITEM('color',(#15133),#2731);
#15133 = PRESENTATION_STYLE_ASSIGNMENT((#15134,#15139));
#15134 = SURFACE_STYLE_USAGE(.BOTH.,#15135);
#15135 = SURFACE_SIDE_STYLE('',(#15136));
#15136 = SURFACE_STYLE_FILL_AREA(#15137);
#15137 = FILL_AREA_STYLE('',(#15138));
#15138 = FILL_AREA_STYLE_COLOUR('',#12261);
#15139 = CURVE_STYLE('',#15140,POSITIVE_LENGTH_MEASURE(0.1),#12261);
#15140 = DRAUGHTING_PRE_DEFINED_CURVE_FONT('continuous');
#15141 = STYLED_ITEM('color',(#15142),#2743);
#15142 = PRESENTATION_STYLE_ASSIGNMENT((#15143,#15148));
#15143 = SURFACE_STYLE_USAGE(.BOTH.,#15144);
#15144 = SURFACE_SIDE_STYLE('',(#15145));
#15145 = SURFACE_STYLE_FILL_AREA(#15146);
#15146 = FILL_AREA_STYLE('',(#15147));
#15147 = FILL_AREA_STYLE_COLOUR('',#12261);
#15148 = CURVE_STYLE('',#15149,POSITIVE_LENGTH_MEASURE(0.1),#12261);
#15149 = DRAUGHTING_PRE_DEFINED_CURVE_FONT('continuous');
#15150 = STYLED_ITEM('color',(#15151),#2760);
#15151 = PRESENTATION_STYLE_ASSIGNMENT((#15152,#15157));
#15152 = SURFACE_STYLE_USAGE(.BOTH.,#15153);
#15153 = SURFACE_SIDE_STYLE('',(#15154));
#15154 = SURFACE_STYLE_FILL_AREA(#15155);
#15155 = FILL_AREA_STYLE('',(#15156));
#15156 = FILL_AREA_STYLE_COLOUR('',#12261);
#15157 = CURVE_STYLE('',#15158,POSITIVE_LENGTH_MEASURE(0.1),#12261);
#15158 = DRAUGHTING_PRE_DEFINED_CURVE_FONT('continuous');
#15159 = STYLED_ITEM('color',(#15160),#2772);
#15160 = PRESENTATION_STYLE_ASSIGNMENT((#15161,#15166));
#15161 = SURFACE_STYLE_USAGE(.BOTH.,#15162);
#15162 = SURFACE_SIDE_STYLE('',(#15163));
#15163 = SURFACE_STYLE_FILL_AREA(#15164);
#15164 = FILL_AREA_STYLE('',(#15165));
#15165 = FILL_AREA_STYLE_COLOUR('',#12261);
#15166 = CURVE_STYLE('',#15167,POSITIVE_LENGTH_MEASURE(0.1),#12261);
#15167 = DRAUGHTING_PRE_DEFINED_CURVE_FONT('continuous');
#15168 = STYLED_ITEM('color',(#15169),#2789);
#15169 = PRESENTATION_STYLE_ASSIGNMENT((#15170,#15175));
#15170 = SURFACE_STYLE_USAGE(.BOTH.,#15171);
#15171 = SURFACE_SIDE_STYLE('',(#15172));
#15172 = SURFACE_STYLE_FILL_AREA(#15173);
#15173 = FILL_AREA_STYLE('',(#15174));
#15174 = FILL_AREA_STYLE_COLOUR('',#12261);
#15175 = CURVE_STYLE('',#15176,POSITIVE_LENGTH_MEASURE(0.1),#12261);
#15176 = DRAUGHTING_PRE_DEFINED_CURVE_FONT('continuous');
#15177 = STYLED_ITEM('color',(#15178),#2801);
#15178 = PRESENTATION_STYLE_ASSIGNMENT((#15179,#15184));
#15179 = SURFACE_STYLE_USAGE(.BOTH.,#15180);
#15180 = SURFACE_SIDE_STYLE('',(#15181));
#15181 = SURFACE_STYLE_FILL_AREA(#15182);
#15182 = FILL_AREA_STYLE('',(#15183));
#15183 = FILL_AREA_STYLE_COLOUR('',#12261);
#15184 = CURVE_STYLE('',#15185,POSITIVE_LENGTH_MEASURE(0.1),#12261);
#15185 = DRAUGHTING_PRE_DEFINED_CURVE_FONT('continuous');
#15186 = STYLED_ITEM('color',(#15187),#2818);
#15187 = PRESENTATION_STYLE_ASSIGNMENT((#15188,#15193));
#15188 = SURFACE_STYLE_USAGE(.BOTH.,#15189);
#15189 = SURFACE_SIDE_STYLE('',(#15190));
#15190 = SURFACE_STYLE_FILL_AREA(#15191);
#15191 = FILL_AREA_STYLE('',(#15192));
#15192 = FILL_AREA_STYLE_COLOUR('',#12261);
#15193 = CURVE_STYLE('',#15194,POSITIVE_LENGTH_MEASURE(0.1),#12261);
#15194 = DRAUGHTING_PRE_DEFINED_CURVE_FONT('continuous');
#15195 = STYLED_ITEM('color',(#15196),#2830);
#15196 = PRESENTATION_STYLE_ASSIGNMENT((#15197,#15202));
#15197 = SURFACE_STYLE_USAGE(.BOTH.,#15198);
#15198 = SURFACE_SIDE_STYLE('',(#15199));
#15199 = SURFACE_STYLE_FILL_AREA(#15200);
#15200 = FILL_AREA_STYLE('',(#15201));
#15201 = FILL_AREA_STYLE_COLOUR('',#12261);
#15202 = CURVE_STYLE('',#15203,POSITIVE_LENGTH_MEASURE(0.1),#12261);
#15203 = DRAUGHTING_PRE_DEFINED_CURVE_FONT('continuous');
#15204 = STYLED_ITEM('color',(#15205),#2847);
#15205 = PRESENTATION_STYLE_ASSIGNMENT((#15206,#15211));
#15206 = SURFACE_STYLE_USAGE(.BOTH.,#15207);
#15207 = SURFACE_SIDE_STYLE('',(#15208));
#15208 = SURFACE_STYLE_FILL_AREA(#15209);
#15209 = FILL_AREA_STYLE('',(#15210));
#15210 = FILL_AREA_STYLE_COLOUR('',#12261);
#15211 = CURVE_STYLE('',#15212,POSITIVE_LENGTH_MEASURE(0.1),#12261);
#15212 = DRAUGHTING_PRE_DEFINED_CURVE_FONT('continuous');
#15213 = STYLED_ITEM('color',(#15214),#2859);
#15214 = PRESENTATION_STYLE_ASSIGNMENT((#15215,#15220));
#15215 = SURFACE_STYLE_USAGE(.BOTH.,#15216);
#15216 = SURFACE_SIDE_STYLE('',(#15217));
#15217 = SURFACE_STYLE_FILL_AREA(#15218);
#15218 = FILL_AREA_STYLE('',(#15219));
#15219 = FILL_AREA_STYLE_COLOUR('',#12509);
#15220 = CURVE_STYLE('',#15221,POSITIVE_LENGTH_MEASURE(0.1),#12509);
#15221 = DRAUGHTING_PRE_DEFINED_CURVE_FONT('continuous');
#15222 = STYLED_ITEM('color',(#15223),#2871);
#15223 = PRESENTATION_STYLE_ASSIGNMENT((#15224,#15229));
#15224 = SURFACE_STYLE_USAGE(.BOTH.,#15225);
#15225 = SURFACE_SIDE_STYLE('',(#15226));
#15226 = SURFACE_STYLE_FILL_AREA(#15227);
#15227 = FILL_AREA_STYLE('',(#15228));
#15228 = FILL_AREA_STYLE_COLOUR('',#12509);
#15229 = CURVE_STYLE('',#15230,POSITIVE_LENGTH_MEASURE(0.1),#12509);
#15230 = DRAUGHTING_PRE_DEFINED_CURVE_FONT('continuous');
#15231 = STYLED_ITEM('color',(#15232),#3087);
#15232 = PRESENTATION_STYLE_ASSIGNMENT((#15233,#15238));
#15233 = SURFACE_STYLE_USAGE(.BOTH.,#15234);
#15234 = SURFACE_SIDE_STYLE('',(#15235));
#15235 = SURFACE_STYLE_FILL_AREA(#15236);
#15236 = FILL_AREA_STYLE('',(#15237));
#15237 = FILL_AREA_STYLE_COLOUR('',#12509);
#15238 = CURVE_STYLE('',#15239,POSITIVE_LENGTH_MEASURE(0.1),#12509);
#15239 = DRAUGHTING_PRE_DEFINED_CURVE_FONT('continuous');
#15240 = STYLED_ITEM('color',(#15241),#3099);
#15241 = PRESENTATION_STYLE_ASSIGNMENT((#15242,#15247));
#15242 = SURFACE_STYLE_USAGE(.BOTH.,#15243);
#15243 = SURFACE_SIDE_STYLE('',(#15244));
#15244 = SURFACE_STYLE_FILL_AREA(#15245);
#15245 = FILL_AREA_STYLE('',(#15246));
#15246 = FILL_AREA_STYLE_COLOUR('',#12261);
#15247 = CURVE_STYLE('',#15248,POSITIVE_LENGTH_MEASURE(0.1),#12261);
#15248 = DRAUGHTING_PRE_DEFINED_CURVE_FONT('continuous');
#15249 = STYLED_ITEM('color',(#15250),#3116);
#15250 = PRESENTATION_STYLE_ASSIGNMENT((#15251,#15256));
#15251 = SURFACE_STYLE_USAGE(.BOTH.,#15252);
#15252 = SURFACE_SIDE_STYLE('',(#15253));
#15253 = SURFACE_STYLE_FILL_AREA(#15254);
#15254 = FILL_AREA_STYLE('',(#15255));
#15255 = FILL_AREA_STYLE_COLOUR('',#12261);
#15256 = CURVE_STYLE('',#15257,POSITIVE_LENGTH_MEASURE(0.1),#12261);
#15257 = DRAUGHTING_PRE_DEFINED_CURVE_FONT('continuous');
#15258 = STYLED_ITEM('color',(#15259),#3133);
#15259 = PRESENTATION_STYLE_ASSIGNMENT((#15260,#15265));
#15260 = SURFACE_STYLE_USAGE(.BOTH.,#15261);
#15261 = SURFACE_SIDE_STYLE('',(#15262));
#15262 = SURFACE_STYLE_FILL_AREA(#15263);
#15263 = FILL_AREA_STYLE('',(#15264));
#15264 = FILL_AREA_STYLE_COLOUR('',#12261);
#15265 = CURVE_STYLE('',#15266,POSITIVE_LENGTH_MEASURE(0.1),#12261);
#15266 = DRAUGHTING_PRE_DEFINED_CURVE_FONT('continuous');
#15267 = STYLED_ITEM('color',(#15268),#3148);
#15268 = PRESENTATION_STYLE_ASSIGNMENT((#15269,#15274));
#15269 = SURFACE_STYLE_USAGE(.BOTH.,#15270);
#15270 = SURFACE_SIDE_STYLE('',(#15271));
#15271 = SURFACE_STYLE_FILL_AREA(#15272);
#15272 = FILL_AREA_STYLE('',(#15273));
#15273 = FILL_AREA_STYLE_COLOUR('',#12261);
#15274 = CURVE_STYLE('',#15275,POSITIVE_LENGTH_MEASURE(0.1),#12261);
#15275 = DRAUGHTING_PRE_DEFINED_CURVE_FONT('continuous');
#15276 = STYLED_ITEM('color',(#15277),#3160);
#15277 = PRESENTATION_STYLE_ASSIGNMENT((#15278,#15283));
#15278 = SURFACE_STYLE_USAGE(.BOTH.,#15279);
#15279 = SURFACE_SIDE_STYLE('',(#15280));
#15280 = SURFACE_STYLE_FILL_AREA(#15281);
#15281 = FILL_AREA_STYLE('',(#15282));
#15282 = FILL_AREA_STYLE_COLOUR('',#12261);
#15283 = CURVE_STYLE('',#15284,POSITIVE_LENGTH_MEASURE(0.1),#12261);
#15284 = DRAUGHTING_PRE_DEFINED_CURVE_FONT('continuous');
#15285 = STYLED_ITEM('color',(#15286),#3191);
#15286 = PRESENTATION_STYLE_ASSIGNMENT((#15287,#15292));
#15287 = SURFACE_STYLE_USAGE(.BOTH.,#15288);
#15288 = SURFACE_SIDE_STYLE('',(#15289));
#15289 = SURFACE_STYLE_FILL_AREA(#15290);
#15290 = FILL_AREA_STYLE('',(#15291));
#15291 = FILL_AREA_STYLE_COLOUR('',#12261);
#15292 = CURVE_STYLE('',#15293,POSITIVE_LENGTH_MEASURE(0.1),#12261);
#15293 = DRAUGHTING_PRE_DEFINED_CURVE_FONT('continuous');
#15294 = STYLED_ITEM('color',(#15295),#3215);
#15295 = PRESENTATION_STYLE_ASSIGNMENT((#15296,#15301));
#15296 = SURFACE_STYLE_USAGE(.BOTH.,#15297);
#15297 = SURFACE_SIDE_STYLE('',(#15298));
#15298 = SURFACE_STYLE_FILL_AREA(#15299);
#15299 = FILL_AREA_STYLE('',(#15300));
#15300 = FILL_AREA_STYLE_COLOUR('',#12261);
#15301 = CURVE_STYLE('',#15302,POSITIVE_LENGTH_MEASURE(0.1),#12261);
#15302 = DRAUGHTING_PRE_DEFINED_CURVE_FONT('continuous');
#15303 = STYLED_ITEM('color',(#15304),#3239);
#15304 = PRESENTATION_STYLE_ASSIGNMENT((#15305,#15310));
#15305 = SURFACE_STYLE_USAGE(.BOTH.,#15306);
#15306 = SURFACE_SIDE_STYLE('',(#15307));
#15307 = SURFACE_STYLE_FILL_AREA(#15308);
#15308 = FILL_AREA_STYLE('',(#15309));
#15309 = FILL_AREA_STYLE_COLOUR('',#12261);
#15310 = CURVE_STYLE('',#15311,POSITIVE_LENGTH_MEASURE(0.1),#12261);
#15311 = DRAUGHTING_PRE_DEFINED_CURVE_FONT('continuous');
#15312 = STYLED_ITEM('color',(#15313),#3256);
#15313 = PRESENTATION_STYLE_ASSIGNMENT((#15314,#15319));
#15314 = SURFACE_STYLE_USAGE(.BOTH.,#15315);
#15315 = SURFACE_SIDE_STYLE('',(#15316));
#15316 = SURFACE_STYLE_FILL_AREA(#15317);
#15317 = FILL_AREA_STYLE('',(#15318));
#15318 = FILL_AREA_STYLE_COLOUR('',#12261);
#15319 = CURVE_STYLE('',#15320,POSITIVE_LENGTH_MEASURE(0.1),#12261);
#15320 = DRAUGHTING_PRE_DEFINED_CURVE_FONT('continuous');
#15321 = STYLED_ITEM('color',(#15322),#3287);
#15322 = PRESENTATION_STYLE_ASSIGNMENT((#15323,#15328));
#15323 = SURFACE_STYLE_USAGE(.BOTH.,#15324);
#15324 = SURFACE_SIDE_STYLE('',(#15325));
#15325 = SURFACE_STYLE_FILL_AREA(#15326);
#15326 = FILL_AREA_STYLE('',(#15327));
#15327 = FILL_AREA_STYLE_COLOUR('',#12261);
#15328 = CURVE_STYLE('',#15329,POSITIVE_LENGTH_MEASURE(0.1),#12261);
#15329 = DRAUGHTING_PRE_DEFINED_CURVE_FONT('continuous');
#15330 = STYLED_ITEM('color',(#15331),#3311);
#15331 = PRESENTATION_STYLE_ASSIGNMENT((#15332,#15337));
#15332 = SURFACE_STYLE_USAGE(.BOTH.,#15333);
#15333 = SURFACE_SIDE_STYLE('',(#15334));
#15334 = SURFACE_STYLE_FILL_AREA(#15335);
#15335 = FILL_AREA_STYLE('',(#15336));
#15336 = FILL_AREA_STYLE_COLOUR('',#12261);
#15337 = CURVE_STYLE('',#15338,POSITIVE_LENGTH_MEASURE(0.1),#12261);
#15338 = DRAUGHTING_PRE_DEFINED_CURVE_FONT('continuous');
#15339 = STYLED_ITEM('color',(#15340),#3335);
#15340 = PRESENTATION_STYLE_ASSIGNMENT((#15341,#15346));
#15341 = SURFACE_STYLE_USAGE(.BOTH.,#15342);
#15342 = SURFACE_SIDE_STYLE('',(#15343));
#15343 = SURFACE_STYLE_FILL_AREA(#15344);
#15344 = FILL_AREA_STYLE('',(#15345));
#15345 = FILL_AREA_STYLE_COLOUR('',#12261);
#15346 = CURVE_STYLE('',#15347,POSITIVE_LENGTH_MEASURE(0.1),#12261);
#15347 = DRAUGHTING_PRE_DEFINED_CURVE_FONT('continuous');
#15348 = STYLED_ITEM('color',(#15349),#3352);
#15349 = PRESENTATION_STYLE_ASSIGNMENT((#15350,#15355));
#15350 = SURFACE_STYLE_USAGE(.BOTH.,#15351);
#15351 = SURFACE_SIDE_STYLE('',(#15352));
#15352 = SURFACE_STYLE_FILL_AREA(#15353);
#15353 = FILL_AREA_STYLE('',(#15354));
#15354 = FILL_AREA_STYLE_COLOUR('',#12261);
#15355 = CURVE_STYLE('',#15356,POSITIVE_LENGTH_MEASURE(0.1),#12261);
#15356 = DRAUGHTING_PRE_DEFINED_CURVE_FONT('continuous');
#15357 = STYLED_ITEM('color',(#15358),#3383);
#15358 = PRESENTATION_STYLE_ASSIGNMENT((#15359,#15364));
#15359 = SURFACE_STYLE_USAGE(.BOTH.,#15360);
#15360 = SURFACE_SIDE_STYLE('',(#15361));
#15361 = SURFACE_STYLE_FILL_AREA(#15362);
#15362 = FILL_AREA_STYLE('',(#15363));
#15363 = FILL_AREA_STYLE_COLOUR('',#12261);
#15364 = CURVE_STYLE('',#15365,POSITIVE_LENGTH_MEASURE(0.1),#12261);
#15365 = DRAUGHTING_PRE_DEFINED_CURVE_FONT('continuous');
#15366 = STYLED_ITEM('color',(#15367),#3407);
#15367 = PRESENTATION_STYLE_ASSIGNMENT((#15368,#15373));
#15368 = SURFACE_STYLE_USAGE(.BOTH.,#15369);
#15369 = SURFACE_SIDE_STYLE('',(#15370));
#15370 = SURFACE_STYLE_FILL_AREA(#15371);
#15371 = FILL_AREA_STYLE('',(#15372));
#15372 = FILL_AREA_STYLE_COLOUR('',#12261);
#15373 = CURVE_STYLE('',#15374,POSITIVE_LENGTH_MEASURE(0.1),#12261);
#15374 = DRAUGHTING_PRE_DEFINED_CURVE_FONT('continuous');
#15375 = STYLED_ITEM('color',(#15376),#3431);
#15376 = PRESENTATION_STYLE_ASSIGNMENT((#15377,#15382));
#15377 = SURFACE_STYLE_USAGE(.BOTH.,#15378);
#15378 = SURFACE_SIDE_STYLE('',(#15379));
#15379 = SURFACE_STYLE_FILL_AREA(#15380);
#15380 = FILL_AREA_STYLE('',(#15381));
#15381 = FILL_AREA_STYLE_COLOUR('',#12261);
#15382 = CURVE_STYLE('',#15383,POSITIVE_LENGTH_MEASURE(0.1),#12261);
#15383 = DRAUGHTING_PRE_DEFINED_CURVE_FONT('continuous');
#15384 = STYLED_ITEM('color',(#15385),#3448);
#15385 = PRESENTATION_STYLE_ASSIGNMENT((#15386,#15391));
#15386 = SURFACE_STYLE_USAGE(.BOTH.,#15387);
#15387 = SURFACE_SIDE_STYLE('',(#15388));
#15388 = SURFACE_STYLE_FILL_AREA(#15389);
#15389 = FILL_AREA_STYLE('',(#15390));
#15390 = FILL_AREA_STYLE_COLOUR('',#12261);
#15391 = CURVE_STYLE('',#15392,POSITIVE_LENGTH_MEASURE(0.1),#12261);
#15392 = DRAUGHTING_PRE_DEFINED_CURVE_FONT('continuous');
#15393 = STYLED_ITEM('color',(#15394),#3479);
#15394 = PRESENTATION_STYLE_ASSIGNMENT((#15395,#15400));
#15395 = SURFACE_STYLE_USAGE(.BOTH.,#15396);
#15396 = SURFACE_SIDE_STYLE('',(#15397));
#15397 = SURFACE_STYLE_FILL_AREA(#15398);
#15398 = FILL_AREA_STYLE('',(#15399));
#15399 = FILL_AREA_STYLE_COLOUR('',#12261);
#15400 = CURVE_STYLE('',#15401,POSITIVE_LENGTH_MEASURE(0.1),#12261);
#15401 = DRAUGHTING_PRE_DEFINED_CURVE_FONT('continuous');
#15402 = STYLED_ITEM('color',(#15403),#3503);
#15403 = PRESENTATION_STYLE_ASSIGNMENT((#15404,#15409));
#15404 = SURFACE_STYLE_USAGE(.BOTH.,#15405);
#15405 = SURFACE_SIDE_STYLE('',(#15406));
#15406 = SURFACE_STYLE_FILL_AREA(#15407);
#15407 = FILL_AREA_STYLE('',(#15408));
#15408 = FILL_AREA_STYLE_COLOUR('',#12261);
#15409 = CURVE_STYLE('',#15410,POSITIVE_LENGTH_MEASURE(0.1),#12261);
#15410 = DRAUGHTING_PRE_DEFINED_CURVE_FONT('continuous');
#15411 = STYLED_ITEM('color',(#15412),#3527);
#15412 = PRESENTATION_STYLE_ASSIGNMENT((#15413,#15418));
#15413 = SURFACE_STYLE_USAGE(.BOTH.,#15414);
#15414 = SURFACE_SIDE_STYLE('',(#15415));
#15415 = SURFACE_STYLE_FILL_AREA(#15416);
#15416 = FILL_AREA_STYLE('',(#15417));
#15417 = FILL_AREA_STYLE_COLOUR('',#12261);
#15418 = CURVE_STYLE('',#15419,POSITIVE_LENGTH_MEASURE(0.1),#12261);
#15419 = DRAUGHTING_PRE_DEFINED_CURVE_FONT('continuous');
#15420 = STYLED_ITEM('color',(#15421),#3544);
#15421 = PRESENTATION_STYLE_ASSIGNMENT((#15422,#15427));
#15422 = SURFACE_STYLE_USAGE(.BOTH.,#15423);
#15423 = SURFACE_SIDE_STYLE('',(#15424));
#15424 = SURFACE_STYLE_FILL_AREA(#15425);
#15425 = FILL_AREA_STYLE('',(#15426));
#15426 = FILL_AREA_STYLE_COLOUR('',#12261);
#15427 = CURVE_STYLE('',#15428,POSITIVE_LENGTH_MEASURE(0.1),#12261);
#15428 = DRAUGHTING_PRE_DEFINED_CURVE_FONT('continuous');
#15429 = STYLED_ITEM('color',(#15430),#3575);
#15430 = PRESENTATION_STYLE_ASSIGNMENT((#15431,#15436));
#15431 = SURFACE_STYLE_USAGE(.BOTH.,#15432);
#15432 = SURFACE_SIDE_STYLE('',(#15433));
#15433 = SURFACE_STYLE_FILL_AREA(#15434);
#15434 = FILL_AREA_STYLE('',(#15435));
#15435 = FILL_AREA_STYLE_COLOUR('',#12261);
#15436 = CURVE_STYLE('',#15437,POSITIVE_LENGTH_MEASURE(0.1),#12261);
#15437 = DRAUGHTING_PRE_DEFINED_CURVE_FONT('continuous');
#15438 = STYLED_ITEM('color',(#15439),#3599);
#15439 = PRESENTATION_STYLE_ASSIGNMENT((#15440,#15445));
#15440 = SURFACE_STYLE_USAGE(.BOTH.,#15441);
#15441 = SURFACE_SIDE_STYLE('',(#15442));
#15442 = SURFACE_STYLE_FILL_AREA(#15443);
#15443 = FILL_AREA_STYLE('',(#15444));
#15444 = FILL_AREA_STYLE_COLOUR('',#12261);
#15445 = CURVE_STYLE('',#15446,POSITIVE_LENGTH_MEASURE(0.1),#12261);
#15446 = DRAUGHTING_PRE_DEFINED_CURVE_FONT('continuous');
#15447 = STYLED_ITEM('color',(#15448),#3623);
#15448 = PRESENTATION_STYLE_ASSIGNMENT((#15449,#15454));
#15449 = SURFACE_STYLE_USAGE(.BOTH.,#15450);
#15450 = SURFACE_SIDE_STYLE('',(#15451));
#15451 = SURFACE_STYLE_FILL_AREA(#15452);
#15452 = FILL_AREA_STYLE('',(#15453));
#15453 = FILL_AREA_STYLE_COLOUR('',#12261);
#15454 = CURVE_STYLE('',#15455,POSITIVE_LENGTH_MEASURE(0.1),#12261);
#15455 = DRAUGHTING_PRE_DEFINED_CURVE_FONT('continuous');
#15456 = STYLED_ITEM('color',(#15457),#3640);
#15457 = PRESENTATION_STYLE_ASSIGNMENT((#15458,#15463));
#15458 = SURFACE_STYLE_USAGE(.BOTH.,#15459);
#15459 = SURFACE_SIDE_STYLE('',(#15460));
#15460 = SURFACE_STYLE_FILL_AREA(#15461);
#15461 = FILL_AREA_STYLE('',(#15462));
#15462 = FILL_AREA_STYLE_COLOUR('',#12261);
#15463 = CURVE_STYLE('',#15464,POSITIVE_LENGTH_MEASURE(0.1),#12261);
#15464 = DRAUGHTING_PRE_DEFINED_CURVE_FONT('continuous');
#15465 = STYLED_ITEM('color',(#15466),#3671);
#15466 = PRESENTATION_STYLE_ASSIGNMENT((#15467,#15472));
#15467 = SURFACE_STYLE_USAGE(.BOTH.,#15468);
#15468 = SURFACE_SIDE_STYLE('',(#15469));
#15469 = SURFACE_STYLE_FILL_AREA(#15470);
#15470 = FILL_AREA_STYLE('',(#15471));
#15471 = FILL_AREA_STYLE_COLOUR('',#12261);
#15472 = CURVE_STYLE('',#15473,POSITIVE_LENGTH_MEASURE(0.1),#12261);
#15473 = DRAUGHTING_PRE_DEFINED_CURVE_FONT('continuous');
#15474 = STYLED_ITEM('color',(#15475),#3695);
#15475 = PRESENTATION_STYLE_ASSIGNMENT((#15476,#15481));
#15476 = SURFACE_STYLE_USAGE(.BOTH.,#15477);
#15477 = SURFACE_SIDE_STYLE('',(#15478));
#15478 = SURFACE_STYLE_FILL_AREA(#15479);
#15479 = FILL_AREA_STYLE('',(#15480));
#15480 = FILL_AREA_STYLE_COLOUR('',#12261);
#15481 = CURVE_STYLE('',#15482,POSITIVE_LENGTH_MEASURE(0.1),#12261);
#15482 = DRAUGHTING_PRE_DEFINED_CURVE_FONT('continuous');
#15483 = STYLED_ITEM('color',(#15484),#3719);
#15484 = PRESENTATION_STYLE_ASSIGNMENT((#15485,#15490));
#15485 = SURFACE_STYLE_USAGE(.BOTH.,#15486);
#15486 = SURFACE_SIDE_STYLE('',(#15487));
#15487 = SURFACE_STYLE_FILL_AREA(#15488);
#15488 = FILL_AREA_STYLE('',(#15489));
#15489 = FILL_AREA_STYLE_COLOUR('',#12261);
#15490 = CURVE_STYLE('',#15491,POSITIVE_LENGTH_MEASURE(0.1),#12261);
#15491 = DRAUGHTING_PRE_DEFINED_CURVE_FONT('continuous');
#15492 = STYLED_ITEM('color',(#15493),#3736);
#15493 = PRESENTATION_STYLE_ASSIGNMENT((#15494,#15499));
#15494 = SURFACE_STYLE_USAGE(.BOTH.,#15495);
#15495 = SURFACE_SIDE_STYLE('',(#15496));
#15496 = SURFACE_STYLE_FILL_AREA(#15497);
#15497 = FILL_AREA_STYLE('',(#15498));
#15498 = FILL_AREA_STYLE_COLOUR('',#12261);
#15499 = CURVE_STYLE('',#15500,POSITIVE_LENGTH_MEASURE(0.1),#12261);
#15500 = DRAUGHTING_PRE_DEFINED_CURVE_FONT('continuous');
#15501 = STYLED_ITEM('color',(#15502),#3748);
#15502 = PRESENTATION_STYLE_ASSIGNMENT((#15503,#15508));
#15503 = SURFACE_STYLE_USAGE(.BOTH.,#15504);
#15504 = SURFACE_SIDE_STYLE('',(#15505));
#15505 = SURFACE_STYLE_FILL_AREA(#15506);
#15506 = FILL_AREA_STYLE('',(#15507));
#15507 = FILL_AREA_STYLE_COLOUR('',#12261);
#15508 = CURVE_STYLE('',#15509,POSITIVE_LENGTH_MEASURE(0.1),#12261);
#15509 = DRAUGHTING_PRE_DEFINED_CURVE_FONT('continuous');
#15510 = STYLED_ITEM('color',(#15511),#3760);
#15511 = PRESENTATION_STYLE_ASSIGNMENT((#15512,#15517));
#15512 = SURFACE_STYLE_USAGE(.BOTH.,#15513);
#15513 = SURFACE_SIDE_STYLE('',(#15514));
#15514 = SURFACE_STYLE_FILL_AREA(#15515);
#15515 = FILL_AREA_STYLE('',(#15516));
#15516 = FILL_AREA_STYLE_COLOUR('',#12261);
#15517 = CURVE_STYLE('',#15518,POSITIVE_LENGTH_MEASURE(0.1),#12261);
#15518 = DRAUGHTING_PRE_DEFINED_CURVE_FONT('continuous');
#15519 = STYLED_ITEM('color',(#15520),#3772);
#15520 = PRESENTATION_STYLE_ASSIGNMENT((#15521,#15526));
#15521 = SURFACE_STYLE_USAGE(.BOTH.,#15522);
#15522 = SURFACE_SIDE_STYLE('',(#15523));
#15523 = SURFACE_STYLE_FILL_AREA(#15524);
#15524 = FILL_AREA_STYLE('',(#15525));
#15525 = FILL_AREA_STYLE_COLOUR('',#12261);
#15526 = CURVE_STYLE('',#15527,POSITIVE_LENGTH_MEASURE(0.1),#12261);
#15527 = DRAUGHTING_PRE_DEFINED_CURVE_FONT('continuous');
#15528 = STYLED_ITEM('color',(#15529),#3784);
#15529 = PRESENTATION_STYLE_ASSIGNMENT((#15530,#15535));
#15530 = SURFACE_STYLE_USAGE(.BOTH.,#15531);
#15531 = SURFACE_SIDE_STYLE('',(#15532));
#15532 = SURFACE_STYLE_FILL_AREA(#15533);
#15533 = FILL_AREA_STYLE('',(#15534));
#15534 = FILL_AREA_STYLE_COLOUR('',#12261);
#15535 = CURVE_STYLE('',#15536,POSITIVE_LENGTH_MEASURE(0.1),#12261);
#15536 = DRAUGHTING_PRE_DEFINED_CURVE_FONT('continuous');
#15537 = STYLED_ITEM('color',(#15538),#3796);
#15538 = PRESENTATION_STYLE_ASSIGNMENT((#15539,#15544));
#15539 = SURFACE_STYLE_USAGE(.BOTH.,#15540);
#15540 = SURFACE_SIDE_STYLE('',(#15541));
#15541 = SURFACE_STYLE_FILL_AREA(#15542);
#15542 = FILL_AREA_STYLE('',(#15543));
#15543 = FILL_AREA_STYLE_COLOUR('',#12261);
#15544 = CURVE_STYLE('',#15545,POSITIVE_LENGTH_MEASURE(0.1),#12261);
#15545 = DRAUGHTING_PRE_DEFINED_CURVE_FONT('continuous');
ENDSEC;
END-ISO-10303-21;
