ISO-10303-21;
HEADER;
FILE_DESCRIPTION(('KiCad electronic assembly'),'2;1');
FILE_NAME('PoseDoll_RevO3_distal4_side.step','2026-09-24T02:16:41',(
    'Pcbnew'),('Kicad'),'Open CASCADE STEP processor 7.9',
  'KiCad to STEP converter','Unknown');
FILE_SCHEMA(('AUTOMOTIVE_DESIGN { 1 0 10303 214 1 1 1 1 }'));
ENDSEC;
DATA;
#1 = APPLICATION_PROTOCOL_DEFINITION('international standard',
  'automotive_design',2000,#2);
#2 = APPLICATION_CONTEXT(
  'core data for automotive mechanical design processes');
#3 = SHAPE_DEFINITION_REPRESENTATION(#4,#10);
#4 = PRODUCT_DEFINITION_SHAPE('','',#5);
#5 = PRODUCT_DEFINITION('design','',#6,#9);
#6 = PRODUCT_DEFINITION_FORMATION('','',#7);
#7 = PRODUCT('PoseDoll_RevO3_distal4_side 1',
  'PoseDoll_RevO3_distal4_side 1','',(#8));
#8 = PRODUCT_CONTEXT('',#2,'mechanical');
#9 = PRODUCT_DEFINITION_CONTEXT('part definition',#2,'design');
#10 = SHAPE_REPRESENTATION('',(#11,#15,#19,#23,#27,#31,#35,#39,#43,#47,
    #51,#55,#59,#63,#67,#71,#75,#79,#83,#87,#91,#95,#99,#103,#107,#111,
    #115,#119,#123,#127,#131,#135,#139,#143,#147,#151,#155,#159,#163,
    #167,#171,#175,#179,#183,#187),#191);
#11 = AXIS2_PLACEMENT_3D('',#12,#13,#14);
#12 = CARTESIAN_POINT('',(0.,0.,0.));
#13 = DIRECTION('',(0.,0.,1.));
#14 = DIRECTION('',(1.,0.,-0.));
#15 = AXIS2_PLACEMENT_3D('',#16,#17,#18);
#16 = CARTESIAN_POINT('',(18.575,-5.475,1.194998));
#17 = DIRECTION('',(0.,-0.,1.));
#18 = DIRECTION('',(1.110223024625E-16,1.,0.));
#19 = AXIS2_PLACEMENT_3D('',#20,#21,#22);
#20 = CARTESIAN_POINT('',(3.175,-15.475,1.194998));
#21 = DIRECTION('',(0.,-0.,1.));
#22 = DIRECTION('',(1.110223024625E-16,1.,0.));
#23 = AXIS2_PLACEMENT_3D('',#24,#25,#26);
#24 = CARTESIAN_POINT('',(13.,-26.145,1.194998));
#25 = DIRECTION('',(0.,0.,1.));
#26 = DIRECTION('',(1.,0.,0.));
#27 = AXIS2_PLACEMENT_3D('',#28,#29,#30);
#28 = CARTESIAN_POINT('',(10.875,-3.175,1.194998));
#29 = DIRECTION('',(0.,0.,1.));
#30 = DIRECTION('',(1.,0.,0.));
#31 = AXIS2_PLACEMENT_3D('',#32,#33,#34);
#32 = CARTESIAN_POINT('',(3.175,-5.475,1.194998));
#33 = DIRECTION('',(0.,-0.,1.));
#34 = DIRECTION('',(1.110223024625E-16,1.,0.));
#35 = AXIS2_PLACEMENT_3D('',#36,#37,#38);
#36 = CARTESIAN_POINT('',(11.535,-10.185,-8.5E-02));
#37 = DIRECTION('',(0.,-1.224646799147E-16,-1.));
#38 = DIRECTION('',(1.,0.,0.));
#39 = AXIS2_PLACEMENT_3D('',#40,#41,#42);
#40 = CARTESIAN_POINT('',(17.105,-5.955,-8.5E-02));
#41 = DIRECTION('',(1.224646799147E-16,-1.359631073447E-32,-1.));
#42 = DIRECTION('',(1.110223024625E-16,1.,0.));
#43 = AXIS2_PLACEMENT_3D('',#44,#45,#46);
#44 = CARTESIAN_POINT('',(11.535,-8.525,-8.5E-02));
#45 = DIRECTION('',(0.,-1.224646799147E-16,-1.));
#46 = DIRECTION('',(1.,0.,0.));
#47 = AXIS2_PLACEMENT_3D('',#48,#49,#50);
#48 = CARTESIAN_POINT('',(14.695,-5.205,-8.5E-02));
#49 = DIRECTION('',(0.,-1.224646799147E-16,-1.));
#50 = DIRECTION('',(1.,0.,0.));
#51 = AXIS2_PLACEMENT_3D('',#52,#53,#54);
#52 = CARTESIAN_POINT('',(5.215,-5.205,-8.5E-02));
#53 = DIRECTION('',(0.,-1.224646799147E-16,-1.));
#54 = DIRECTION('',(1.,0.,0.));
#55 = AXIS2_PLACEMENT_3D('',#56,#57,#58);
#56 = CARTESIAN_POINT('',(17.105,-9.115,-8.5E-02));
#57 = DIRECTION('',(1.224646799147E-16,-1.359631073447E-32,-1.));
#58 = DIRECTION('',(1.110223024625E-16,1.,0.));
#59 = AXIS2_PLACEMENT_3D('',#60,#61,#62);
#60 = CARTESIAN_POINT('',(19.515,-11.265,-8.5E-02));
#61 = DIRECTION('',(0.,-1.224646799147E-16,-1.));
#62 = DIRECTION('',(1.,0.,0.));
#63 = AXIS2_PLACEMENT_3D('',#64,#65,#66);
#64 = CARTESIAN_POINT('',(19.515,-12.925,-8.5E-02));
#65 = DIRECTION('',(0.,-1.224646799147E-16,-1.));
#66 = DIRECTION('',(1.,0.,0.));
#67 = AXIS2_PLACEMENT_3D('',#68,#69,#70);
#68 = CARTESIAN_POINT('',(22.815,-1.305,-8.5E-02));
#69 = DIRECTION('',(0.,-1.224646799147E-16,-1.));
#70 = DIRECTION('',(1.,0.,0.));
#71 = AXIS2_PLACEMENT_3D('',#72,#73,#74);
#72 = CARTESIAN_POINT('',(19.515,-9.605,-8.5E-02));
#73 = DIRECTION('',(0.,-1.224646799147E-16,-1.));
#74 = DIRECTION('',(1.,0.,0.));
#75 = AXIS2_PLACEMENT_3D('',#76,#77,#78);
#76 = CARTESIAN_POINT('',(19.655,-4.625,-8.5E-02));
#77 = DIRECTION('',(0.,-1.224646799147E-16,-1.));
#78 = DIRECTION('',(1.,0.,0.));
#79 = AXIS2_PLACEMENT_3D('',#80,#81,#82);
#80 = CARTESIAN_POINT('',(11.535,-6.865,-8.5E-02));
#81 = DIRECTION('',(0.,-1.224646799147E-16,-1.));
#82 = DIRECTION('',(1.,0.,0.));
#83 = AXIS2_PLACEMENT_3D('',#84,#85,#86);
#84 = CARTESIAN_POINT('',(8.375,-5.205,-8.5E-02));
#85 = DIRECTION('',(0.,-1.224646799147E-16,-1.));
#86 = DIRECTION('',(1.,0.,0.));
#87 = AXIS2_PLACEMENT_3D('',#88,#89,#90);
#88 = CARTESIAN_POINT('',(22.675,-11.265,-8.5E-02));
#89 = DIRECTION('',(0.,-1.224646799147E-16,-1.));
#90 = DIRECTION('',(1.,0.,0.));
#91 = AXIS2_PLACEMENT_3D('',#92,#93,#94);
#92 = CARTESIAN_POINT('',(17.105,-12.275,-8.5E-02));
#93 = DIRECTION('',(1.224646799147E-16,-1.359631073447E-32,-1.));
#94 = DIRECTION('',(1.110223024625E-16,1.,0.));
#95 = AXIS2_PLACEMENT_3D('',#96,#97,#98);
#96 = CARTESIAN_POINT('',(14.695,-10.185,-8.5E-02));
#97 = DIRECTION('',(0.,-1.224646799147E-16,-1.));
#98 = DIRECTION('',(1.,0.,0.));
#99 = AXIS2_PLACEMENT_3D('',#100,#101,#102);
#100 = CARTESIAN_POINT('',(19.655,-1.305,-8.5E-02));
#101 = DIRECTION('',(0.,-1.224646799147E-16,-1.));
#102 = DIRECTION('',(1.,0.,0.));
#103 = AXIS2_PLACEMENT_3D('',#104,#105,#106);
#104 = CARTESIAN_POINT('',(14.695,-6.865,-8.5E-02));
#105 = DIRECTION('',(0.,-1.224646799147E-16,-1.));
#106 = DIRECTION('',(1.,0.,0.));
#107 = AXIS2_PLACEMENT_3D('',#108,#109,#110);
#108 = CARTESIAN_POINT('',(22.675,-7.945,-8.5E-02));
#109 = DIRECTION('',(0.,-1.224646799147E-16,-1.));
#110 = DIRECTION('',(1.,0.,0.));
#111 = AXIS2_PLACEMENT_3D('',#112,#113,#114);
#112 = CARTESIAN_POINT('',(5.215,-8.525,-8.5E-02));
#113 = DIRECTION('',(0.,-1.224646799147E-16,-1.));
#114 = DIRECTION('',(1.,0.,0.));
#115 = AXIS2_PLACEMENT_3D('',#116,#117,#118);
#116 = CARTESIAN_POINT('',(19.515,-7.945,-8.5E-02));
#117 = DIRECTION('',(0.,-1.224646799147E-16,-1.));
#118 = DIRECTION('',(1.,0.,0.));
#119 = AXIS2_PLACEMENT_3D('',#120,#121,#122);
#120 = CARTESIAN_POINT('',(19.515,-6.285,-8.5E-02));
#121 = DIRECTION('',(0.,-1.224646799147E-16,-1.));
#122 = DIRECTION('',(1.,0.,0.));
#123 = AXIS2_PLACEMENT_3D('',#124,#125,#126);
#124 = CARTESIAN_POINT('',(14.695,-8.525,-8.5E-02));
#125 = DIRECTION('',(0.,-1.224646799147E-16,-1.));
#126 = DIRECTION('',(1.,0.,0.));
#127 = AXIS2_PLACEMENT_3D('',#128,#129,#130);
#128 = CARTESIAN_POINT('',(2.055,-6.865,-8.5E-02));
#129 = DIRECTION('',(0.,-1.224646799147E-16,-1.));
#130 = DIRECTION('',(1.,0.,0.));
#131 = AXIS2_PLACEMENT_3D('',#132,#133,#134);
#132 = CARTESIAN_POINT('',(8.375,-10.185,-8.5E-02));
#133 = DIRECTION('',(0.,-1.224646799147E-16,-1.));
#134 = DIRECTION('',(1.,0.,0.));
#135 = AXIS2_PLACEMENT_3D('',#136,#137,#138);
#136 = CARTESIAN_POINT('',(19.655,-2.965,-8.5E-02));
#137 = DIRECTION('',(0.,-1.224646799147E-16,-1.));
#138 = DIRECTION('',(1.,0.,0.));
#139 = AXIS2_PLACEMENT_3D('',#140,#141,#142);
#140 = CARTESIAN_POINT('',(5.215,-10.185,-8.5E-02));
#141 = DIRECTION('',(0.,-1.224646799147E-16,-1.));
#142 = DIRECTION('',(1.,0.,0.));
#143 = AXIS2_PLACEMENT_3D('',#144,#145,#146);
#144 = CARTESIAN_POINT('',(8.375,-6.865,-8.5E-02));
#145 = DIRECTION('',(0.,-1.224646799147E-16,-1.));
#146 = DIRECTION('',(1.,0.,0.));
#147 = AXIS2_PLACEMENT_3D('',#148,#149,#150);
#148 = CARTESIAN_POINT('',(22.815,-2.965,-8.5E-02));
#149 = DIRECTION('',(0.,-1.224646799147E-16,-1.));
#150 = DIRECTION('',(1.,0.,0.));
#151 = AXIS2_PLACEMENT_3D('',#152,#153,#154);
#152 = CARTESIAN_POINT('',(2.055,-10.185,-8.5E-02));
#153 = DIRECTION('',(0.,-1.224646799147E-16,-1.));
#154 = DIRECTION('',(1.,0.,0.));
#155 = AXIS2_PLACEMENT_3D('',#156,#157,#158);
#156 = CARTESIAN_POINT('',(5.215,-6.865,-8.5E-02));
#157 = DIRECTION('',(0.,-1.224646799147E-16,-1.));
#158 = DIRECTION('',(1.,0.,0.));
#159 = AXIS2_PLACEMENT_3D('',#160,#161,#162);
#160 = CARTESIAN_POINT('',(22.815,-4.625,-8.5E-02));
#161 = DIRECTION('',(0.,-1.224646799147E-16,-1.));
#162 = DIRECTION('',(1.,0.,0.));
#163 = AXIS2_PLACEMENT_3D('',#164,#165,#166);
#164 = CARTESIAN_POINT('',(11.535,-5.205,-8.5E-02));
#165 = DIRECTION('',(0.,-1.224646799147E-16,-1.));
#166 = DIRECTION('',(1.,0.,0.));
#167 = AXIS2_PLACEMENT_3D('',#168,#169,#170);
#168 = CARTESIAN_POINT('',(22.675,-9.605,-8.5E-02));
#169 = DIRECTION('',(0.,-1.224646799147E-16,-1.));
#170 = DIRECTION('',(1.,0.,0.));
#171 = AXIS2_PLACEMENT_3D('',#172,#173,#174);
#172 = CARTESIAN_POINT('',(22.675,-6.285,-8.5E-02));
#173 = DIRECTION('',(0.,-1.224646799147E-16,-1.));
#174 = DIRECTION('',(1.,0.,0.));
#175 = AXIS2_PLACEMENT_3D('',#176,#177,#178);
#176 = CARTESIAN_POINT('',(8.375,-8.525,-8.5E-02));
#177 = DIRECTION('',(0.,-1.224646799147E-16,-1.));
#178 = DIRECTION('',(1.,0.,0.));
#179 = AXIS2_PLACEMENT_3D('',#180,#181,#182);
#180 = CARTESIAN_POINT('',(2.055,-5.205,-8.5E-02));
#181 = DIRECTION('',(0.,-1.224646799147E-16,-1.));
#182 = DIRECTION('',(1.,0.,0.));
#183 = AXIS2_PLACEMENT_3D('',#184,#185,#186);
#184 = CARTESIAN_POINT('',(2.055,-8.525,-8.5E-02));
#185 = DIRECTION('',(0.,-1.224646799147E-16,-1.));
#186 = DIRECTION('',(1.,0.,0.));
#187 = AXIS2_PLACEMENT_3D('',#188,#189,#190);
#188 = CARTESIAN_POINT('',(0.,0.,0.));
#189 = DIRECTION('',(0.,0.,1.));
#190 = DIRECTION('',(1.,0.,-0.));
#191 = ( GEOMETRIC_REPRESENTATION_CONTEXT(3) 
GLOBAL_UNCERTAINTY_ASSIGNED_CONTEXT((#195)) GLOBAL_UNIT_ASSIGNED_CONTEXT
((#192,#193,#194)) REPRESENTATION_CONTEXT('Context #1',
  '3D Context with UNIT and UNCERTAINTY') );
#192 = ( LENGTH_UNIT() NAMED_UNIT(*) SI_UNIT(.MILLI.,.METRE.) );
#193 = ( NAMED_UNIT(*) PLANE_ANGLE_UNIT() SI_UNIT($,.RADIAN.) );
#194 = ( NAMED_UNIT(*) SI_UNIT($,.STERADIAN.) SOLID_ANGLE_UNIT() );
#195 = UNCERTAINTY_MEASURE_WITH_UNIT(LENGTH_MEASURE(1.E-07),#192,
  'distance_accuracy_value','confusion accuracy');
#196 = PRODUCT_RELATED_PRODUCT_CATEGORY('part',$,(#7));
#197 = SHAPE_DEFINITION_REPRESENTATION(#198,#204);
#198 = PRODUCT_DEFINITION_SHAPE('','',#199);
#199 = PRODUCT_DEFINITION('design','',#200,#203);
#200 = PRODUCT_DEFINITION_FORMATION('','',#201);
#201 = PRODUCT('JST_SH_BM06B-SRSS-TB_1x06-1MP_P1.00mm_Vertical',
  'JST_SH_BM06B-SRSS-TB_1x06-1MP_P1.00mm_Vertical','',(#202));
#202 = PRODUCT_CONTEXT('',#2,'mechanical');
#203 = PRODUCT_DEFINITION_CONTEXT('part definition',#2,'design');
#204 = SHAPE_REPRESENTATION('',(#11,#205),#209);
#205 = AXIS2_PLACEMENT_3D('',#206,#207,#208);
#206 = CARTESIAN_POINT('',(0.,0.,0.));
#207 = DIRECTION('',(0.,0.,1.));
#208 = DIRECTION('',(1.,0.,-0.));
#209 = ( GEOMETRIC_REPRESENTATION_CONTEXT(3) 
GLOBAL_UNCERTAINTY_ASSIGNED_CONTEXT((#213)) GLOBAL_UNIT_ASSIGNED_CONTEXT
((#210,#211,#212)) REPRESENTATION_CONTEXT('Context #1',
  '3D Context with UNIT and UNCERTAINTY') );
#210 = ( LENGTH_UNIT() NAMED_UNIT(*) SI_UNIT(.MILLI.,.METRE.) );
#211 = ( NAMED_UNIT(*) PLANE_ANGLE_UNIT() SI_UNIT($,.RADIAN.) );
#212 = ( NAMED_UNIT(*) SI_UNIT($,.STERADIAN.) SOLID_ANGLE_UNIT() );
#213 = UNCERTAINTY_MEASURE_WITH_UNIT(LENGTH_MEASURE(1.E-07),#210,
  'distance_accuracy_value','confusion accuracy');
#214 = CONTEXT_DEPENDENT_SHAPE_REPRESENTATION(#215,#217);
#215 = ( REPRESENTATION_RELATIONSHIP('','',#204,#10) 
REPRESENTATION_RELATIONSHIP_WITH_TRANSFORMATION(#216) 
SHAPE_REPRESENTATION_RELATIONSHIP() );
#216 = ITEM_DEFINED_TRANSFORMATION('','',#11,#15);
#217 = PRODUCT_DEFINITION_SHAPE('Placement','Placement of an item',#218
  );
#218 = NEXT_ASSEMBLY_USAGE_OCCURRENCE('2','J19','',#5,#199,$);
#219 = PRODUCT_RELATED_PRODUCT_CATEGORY('part',$,(#201));
#220 = SHAPE_DEFINITION_REPRESENTATION(#221,#227);
#221 = PRODUCT_DEFINITION_SHAPE('','',#222);
#222 = PRODUCT_DEFINITION('design','',#223,#226);
#223 = PRODUCT_DEFINITION_FORMATION('','',#224);
#224 = PRODUCT('JST_SH_BM06B-SRSS-TB_1x06-1MP_P1.00mm_Vertical',
  'JST_SH_BM06B-SRSS-TB_1x06-1MP_P1.00mm_Vertical','',(#225));
#225 = PRODUCT_CONTEXT('',#2,'mechanical');
#226 = PRODUCT_DEFINITION_CONTEXT('part definition',#2,'design');
#227 = ADVANCED_BREP_SHAPE_REPRESENTATION('',(#11,#228),#3808);
#228 = MANIFOLD_SOLID_BREP('',#229);
#229 = CLOSED_SHELL('',(#230,#334,#589,#613,#637,#661,#685,#830,#902,
    #934,#958,#982,#1006,#1200,#1272,#1296,#1329,#1343,#1383,#1407,#1440
    ,#1480,#1504,#1537,#1577,#1601,#1634,#1674,#1698,#1731,#1771,#1795,
    #1828,#1868,#1892,#1925,#1942,#1996,#2020,#2044,#2061,#2085,#2132,
    #2156,#2180,#2197,#2214,#2237,#2276,#2301,#2317,#2356,#2373,#2400,
    #2424,#2441,#2465,#2489,#2513,#2530,#2547,#2564,#2581,#2598,#2615,
    #2632,#2644,#2668,#2685,#2702,#2714,#2731,#2743,#2760,#2772,#2789,
    #2801,#2818,#2830,#2847,#2859,#2871,#3087,#3099,#3116,#3133,#3148,
    #3160,#3191,#3215,#3239,#3256,#3287,#3311,#3335,#3352,#3383,#3407,
    #3431,#3448,#3479,#3503,#3527,#3544,#3575,#3599,#3623,#3640,#3671,
    #3695,#3719,#3736,#3748,#3760,#3772,#3784,#3796));
#230 = ADVANCED_FACE('',(#231),#329,.F.);
#231 = FACE_BOUND('',#232,.F.);
#232 = EDGE_LOOP('',(#233,#243,#251,#259,#267,#275,#283,#291,#299,#307,
    #315,#323));
#233 = ORIENTED_EDGE('',*,*,#234,.F.);
#234 = EDGE_CURVE('',#235,#237,#239,.T.);
#235 = VERTEX_POINT('',#236);
#236 = CARTESIAN_POINT('',(-4.,-1.1,7.E-02));
#237 = VERTEX_POINT('',#238);
#238 = CARTESIAN_POINT('',(-4.,-1.1,2.82));
#239 = LINE('',#240,#241);
#240 = CARTESIAN_POINT('',(-4.,-1.1,7.E-02));
#241 = VECTOR('',#242,1.);
#242 = DIRECTION('',(0.,0.,1.));
#243 = ORIENTED_EDGE('',*,*,#244,.T.);
#244 = EDGE_CURVE('',#235,#245,#247,.T.);
#245 = VERTEX_POINT('',#246);
#246 = CARTESIAN_POINT('',(-4.,0.3,7.E-02));
#247 = LINE('',#248,#249);
#248 = CARTESIAN_POINT('',(-4.,-1.1,7.E-02));
#249 = VECTOR('',#250,1.);
#250 = DIRECTION('',(0.,1.,0.));
#251 = ORIENTED_EDGE('',*,*,#252,.T.);
#252 = EDGE_CURVE('',#245,#253,#255,.T.);
#253 = VERTEX_POINT('',#254);
#254 = CARTESIAN_POINT('',(-4.,0.3,0.62));
#255 = LINE('',#256,#257);
#256 = CARTESIAN_POINT('',(-4.,0.3,7.E-02));
#257 = VECTOR('',#258,1.);
#258 = DIRECTION('',(0.,0.,1.));
#259 = ORIENTED_EDGE('',*,*,#260,.T.);
#260 = EDGE_CURVE('',#253,#261,#263,.T.);
#261 = VERTEX_POINT('',#262);
#262 = CARTESIAN_POINT('',(-4.,1.3,0.62));
#263 = LINE('',#264,#265);
#264 = CARTESIAN_POINT('',(-4.,0.3,0.62));
#265 = VECTOR('',#266,1.);
#266 = DIRECTION('',(0.,1.,0.));
#267 = ORIENTED_EDGE('',*,*,#268,.T.);
#268 = EDGE_CURVE('',#261,#269,#271,.T.);
#269 = VERTEX_POINT('',#270);
#270 = CARTESIAN_POINT('',(-4.,1.3,1.27));
#271 = LINE('',#272,#273);
#272 = CARTESIAN_POINT('',(-4.,1.3,0.62));
#273 = VECTOR('',#274,1.);
#274 = DIRECTION('',(0.,0.,1.));
#275 = ORIENTED_EDGE('',*,*,#276,.T.);
#276 = EDGE_CURVE('',#269,#277,#279,.T.);
#277 = VERTEX_POINT('',#278);
#278 = CARTESIAN_POINT('',(-4.,1.8,1.559));
#279 = LINE('',#280,#281);
#280 = CARTESIAN_POINT('',(-4.,1.3,1.27));
#281 = VECTOR('',#282,1.);
#282 = DIRECTION('',(0.,0.865781720524,0.500421834463));
#283 = ORIENTED_EDGE('',*,*,#284,.T.);
#284 = EDGE_CURVE('',#277,#285,#287,.T.);
#285 = VERTEX_POINT('',#286);
#286 = CARTESIAN_POINT('',(-4.,1.8,4.32));
#287 = LINE('',#288,#289);
#288 = CARTESIAN_POINT('',(-4.,1.8,7.E-02));
#289 = VECTOR('',#290,1.);
#290 = DIRECTION('',(0.,0.,1.));
#291 = ORIENTED_EDGE('',*,*,#292,.F.);
#292 = EDGE_CURVE('',#293,#285,#295,.T.);
#293 = VERTEX_POINT('',#294);
#294 = CARTESIAN_POINT('',(-4.,0.1,4.32));
#295 = LINE('',#296,#297);
#296 = CARTESIAN_POINT('',(-4.,-1.1,4.32));
#297 = VECTOR('',#298,1.);
#298 = DIRECTION('',(0.,1.,0.));
#299 = ORIENTED_EDGE('',*,*,#300,.T.);
#300 = EDGE_CURVE('',#293,#301,#303,.T.);
#301 = VERTEX_POINT('',#302);
#302 = CARTESIAN_POINT('',(-4.,0.1,3.82));
#303 = LINE('',#304,#305);
#304 = CARTESIAN_POINT('',(-4.,0.1,4.32));
#305 = VECTOR('',#306,1.);
#306 = DIRECTION('',(0.,0.,-1.));
#307 = ORIENTED_EDGE('',*,*,#308,.T.);
#308 = EDGE_CURVE('',#301,#309,#311,.T.);
#309 = VERTEX_POINT('',#310);
#310 = CARTESIAN_POINT('',(-4.,-0.55,3.82));
#311 = LINE('',#312,#313);
#312 = CARTESIAN_POINT('',(-4.,0.1,3.82));
#313 = VECTOR('',#314,1.);
#314 = DIRECTION('',(0.,-1.,0.));
#315 = ORIENTED_EDGE('',*,*,#316,.T.);
#316 = EDGE_CURVE('',#309,#317,#319,.T.);
#317 = VERTEX_POINT('',#318);
#318 = CARTESIAN_POINT('',(-4.,-0.55,2.82));
#319 = LINE('',#320,#321);
#320 = CARTESIAN_POINT('',(-4.,-0.55,3.82));
#321 = VECTOR('',#322,1.);
#322 = DIRECTION('',(0.,0.,-1.));
#323 = ORIENTED_EDGE('',*,*,#324,.T.);
#324 = EDGE_CURVE('',#317,#237,#325,.T.);
#325 = LINE('',#326,#327);
#326 = CARTESIAN_POINT('',(-4.,-0.55,2.82));
#327 = VECTOR('',#328,1.);
#328 = DIRECTION('',(0.,-1.,0.));
#329 = PLANE('',#330);
#330 = AXIS2_PLACEMENT_3D('',#331,#332,#333);
#331 = CARTESIAN_POINT('',(-4.,-1.1,7.E-02));
#332 = DIRECTION('',(1.,0.,0.));
#333 = DIRECTION('',(0.,0.,1.));
#334 = ADVANCED_FACE('',(#335),#584,.F.);
#335 = FACE_BOUND('',#336,.F.);
#336 = EDGE_LOOP('',(#337,#347,#355,#363,#371,#379,#387,#395,#403,#411,
    #419,#427,#435,#443,#451,#459,#467,#475,#483,#491,#499,#507,#515,
    #523,#531,#539,#545,#546,#554,#562,#570,#578));
#337 = ORIENTED_EDGE('',*,*,#338,.F.);
#338 = EDGE_CURVE('',#339,#341,#343,.T.);
#339 = VERTEX_POINT('',#340);
#340 = CARTESIAN_POINT('',(4.,-1.1,7.E-02));
#341 = VERTEX_POINT('',#342);
#342 = CARTESIAN_POINT('',(4.,-1.1,2.82));
#343 = LINE('',#344,#345);
#344 = CARTESIAN_POINT('',(4.,-1.1,7.E-02));
#345 = VECTOR('',#346,1.);
#346 = DIRECTION('',(0.,0.,1.));
#347 = ORIENTED_EDGE('',*,*,#348,.F.);
#348 = EDGE_CURVE('',#349,#339,#351,.T.);
#349 = VERTEX_POINT('',#350);
#350 = CARTESIAN_POINT('',(2.6,-1.1,7.E-02));
#351 = LINE('',#352,#353);
#352 = CARTESIAN_POINT('',(-4.,-1.1,7.E-02));
#353 = VECTOR('',#354,1.);
#354 = DIRECTION('',(1.,0.,0.));
#355 = ORIENTED_EDGE('',*,*,#356,.F.);
#356 = EDGE_CURVE('',#357,#349,#359,.T.);
#357 = VERTEX_POINT('',#358);
#358 = CARTESIAN_POINT('',(2.6,-1.1,0.2));
#359 = LINE('',#360,#361);
#360 = CARTESIAN_POINT('',(2.6,-1.1,0.2));
#361 = VECTOR('',#362,1.);
#362 = DIRECTION('',(0.,0.,-1.));
#363 = ORIENTED_EDGE('',*,*,#364,.F.);
#364 = EDGE_CURVE('',#365,#357,#367,.T.);
#365 = VERTEX_POINT('',#366);
#366 = CARTESIAN_POINT('',(2.4,-1.1,0.2));
#367 = LINE('',#368,#369);
#368 = CARTESIAN_POINT('',(2.4,-1.1,0.2));
#369 = VECTOR('',#370,1.);
#370 = DIRECTION('',(1.,0.,0.));
#371 = ORIENTED_EDGE('',*,*,#372,.T.);
#372 = EDGE_CURVE('',#365,#373,#375,.T.);
#373 = VERTEX_POINT('',#374);
#374 = CARTESIAN_POINT('',(2.4,-1.1,7.E-02));
#375 = LINE('',#376,#377);
#376 = CARTESIAN_POINT('',(2.4,-1.1,0.2));
#377 = VECTOR('',#378,1.);
#378 = DIRECTION('',(0.,0.,-1.));
#379 = ORIENTED_EDGE('',*,*,#380,.F.);
#380 = EDGE_CURVE('',#381,#373,#383,.T.);
#381 = VERTEX_POINT('',#382);
#382 = CARTESIAN_POINT('',(1.6,-1.1,7.E-02));
#383 = LINE('',#384,#385);
#384 = CARTESIAN_POINT('',(-4.,-1.1,7.E-02));
#385 = VECTOR('',#386,1.);
#386 = DIRECTION('',(1.,0.,0.));
#387 = ORIENTED_EDGE('',*,*,#388,.F.);
#388 = EDGE_CURVE('',#389,#381,#391,.T.);
#389 = VERTEX_POINT('',#390);
#390 = CARTESIAN_POINT('',(1.6,-1.1,0.2));
#391 = LINE('',#392,#393);
#392 = CARTESIAN_POINT('',(1.6,-1.1,0.2));
#393 = VECTOR('',#394,1.);
#394 = DIRECTION('',(0.,0.,-1.));
#395 = ORIENTED_EDGE('',*,*,#396,.F.);
#396 = EDGE_CURVE('',#397,#389,#399,.T.);
#397 = VERTEX_POINT('',#398);
#398 = CARTESIAN_POINT('',(1.4,-1.1,0.2));
#399 = LINE('',#400,#401);
#400 = CARTESIAN_POINT('',(1.4,-1.1,0.2));
#401 = VECTOR('',#402,1.);
#402 = DIRECTION('',(1.,0.,0.));
#403 = ORIENTED_EDGE('',*,*,#404,.T.);
#404 = EDGE_CURVE('',#397,#405,#407,.T.);
#405 = VERTEX_POINT('',#406);
#406 = CARTESIAN_POINT('',(1.4,-1.1,7.E-02));
#407 = LINE('',#408,#409);
#408 = CARTESIAN_POINT('',(1.4,-1.1,0.2));
#409 = VECTOR('',#410,1.);
#410 = DIRECTION('',(0.,0.,-1.));
#411 = ORIENTED_EDGE('',*,*,#412,.F.);
#412 = EDGE_CURVE('',#413,#405,#415,.T.);
#413 = VERTEX_POINT('',#414);
#414 = CARTESIAN_POINT('',(0.6,-1.1,7.E-02));
#415 = LINE('',#416,#417);
#416 = CARTESIAN_POINT('',(-4.,-1.1,7.E-02));
#417 = VECTOR('',#418,1.);
#418 = DIRECTION('',(1.,0.,0.));
#419 = ORIENTED_EDGE('',*,*,#420,.F.);
#420 = EDGE_CURVE('',#421,#413,#423,.T.);
#421 = VERTEX_POINT('',#422);
#422 = CARTESIAN_POINT('',(0.6,-1.1,0.2));
#423 = LINE('',#424,#425);
#424 = CARTESIAN_POINT('',(0.6,-1.1,0.2));
#425 = VECTOR('',#426,1.);
#426 = DIRECTION('',(0.,0.,-1.));
#427 = ORIENTED_EDGE('',*,*,#428,.F.);
#428 = EDGE_CURVE('',#429,#421,#431,.T.);
#429 = VERTEX_POINT('',#430);
#430 = CARTESIAN_POINT('',(0.4,-1.1,0.2));
#431 = LINE('',#432,#433);
#432 = CARTESIAN_POINT('',(0.4,-1.1,0.2));
#433 = VECTOR('',#434,1.);
#434 = DIRECTION('',(1.,0.,0.));
#435 = ORIENTED_EDGE('',*,*,#436,.T.);
#436 = EDGE_CURVE('',#429,#437,#439,.T.);
#437 = VERTEX_POINT('',#438);
#438 = CARTESIAN_POINT('',(0.4,-1.1,7.E-02));
#439 = LINE('',#440,#441);
#440 = CARTESIAN_POINT('',(0.4,-1.1,0.2));
#441 = VECTOR('',#442,1.);
#442 = DIRECTION('',(0.,0.,-1.));
#443 = ORIENTED_EDGE('',*,*,#444,.F.);
#444 = EDGE_CURVE('',#445,#437,#447,.T.);
#445 = VERTEX_POINT('',#446);
#446 = CARTESIAN_POINT('',(-0.4,-1.1,7.E-02));
#447 = LINE('',#448,#449);
#448 = CARTESIAN_POINT('',(-4.,-1.1,7.E-02));
#449 = VECTOR('',#450,1.);
#450 = DIRECTION('',(1.,0.,0.));
#451 = ORIENTED_EDGE('',*,*,#452,.F.);
#452 = EDGE_CURVE('',#453,#445,#455,.T.);
#453 = VERTEX_POINT('',#454);
#454 = CARTESIAN_POINT('',(-0.4,-1.1,0.2));
#455 = LINE('',#456,#457);
#456 = CARTESIAN_POINT('',(-0.4,-1.1,0.2));
#457 = VECTOR('',#458,1.);
#458 = DIRECTION('',(0.,0.,-1.));
#459 = ORIENTED_EDGE('',*,*,#460,.F.);
#460 = EDGE_CURVE('',#461,#453,#463,.T.);
#461 = VERTEX_POINT('',#462);
#462 = CARTESIAN_POINT('',(-0.6,-1.1,0.2));
#463 = LINE('',#464,#465);
#464 = CARTESIAN_POINT('',(-0.6,-1.1,0.2));
#465 = VECTOR('',#466,1.);
#466 = DIRECTION('',(1.,0.,0.));
#467 = ORIENTED_EDGE('',*,*,#468,.T.);
#468 = EDGE_CURVE('',#461,#469,#471,.T.);
#469 = VERTEX_POINT('',#470);
#470 = CARTESIAN_POINT('',(-0.6,-1.1,7.E-02));
#471 = LINE('',#472,#473);
#472 = CARTESIAN_POINT('',(-0.6,-1.1,0.2));
#473 = VECTOR('',#474,1.);
#474 = DIRECTION('',(0.,0.,-1.));
#475 = ORIENTED_EDGE('',*,*,#476,.F.);
#476 = EDGE_CURVE('',#477,#469,#479,.T.);
#477 = VERTEX_POINT('',#478);
#478 = CARTESIAN_POINT('',(-1.4,-1.1,7.E-02));
#479 = LINE('',#480,#481);
#480 = CARTESIAN_POINT('',(-4.,-1.1,7.E-02));
#481 = VECTOR('',#482,1.);
#482 = DIRECTION('',(1.,0.,0.));
#483 = ORIENTED_EDGE('',*,*,#484,.F.);
#484 = EDGE_CURVE('',#485,#477,#487,.T.);
#485 = VERTEX_POINT('',#486);
#486 = CARTESIAN_POINT('',(-1.4,-1.1,0.2));
#487 = LINE('',#488,#489);
#488 = CARTESIAN_POINT('',(-1.4,-1.1,0.2));
#489 = VECTOR('',#490,1.);
#490 = DIRECTION('',(0.,0.,-1.));
#491 = ORIENTED_EDGE('',*,*,#492,.F.);
#492 = EDGE_CURVE('',#493,#485,#495,.T.);
#493 = VERTEX_POINT('',#494);
#494 = CARTESIAN_POINT('',(-1.6,-1.1,0.2));
#495 = LINE('',#496,#497);
#496 = CARTESIAN_POINT('',(-1.6,-1.1,0.2));
#497 = VECTOR('',#498,1.);
#498 = DIRECTION('',(1.,0.,0.));
#499 = ORIENTED_EDGE('',*,*,#500,.T.);
#500 = EDGE_CURVE('',#493,#501,#503,.T.);
#501 = VERTEX_POINT('',#502);
#502 = CARTESIAN_POINT('',(-1.6,-1.1,7.E-02));
#503 = LINE('',#504,#505);
#504 = CARTESIAN_POINT('',(-1.6,-1.1,0.2));
#505 = VECTOR('',#506,1.);
#506 = DIRECTION('',(0.,0.,-1.));
#507 = ORIENTED_EDGE('',*,*,#508,.F.);
#508 = EDGE_CURVE('',#509,#501,#511,.T.);
#509 = VERTEX_POINT('',#510);
#510 = CARTESIAN_POINT('',(-2.4,-1.1,7.E-02));
#511 = LINE('',#512,#513);
#512 = CARTESIAN_POINT('',(-4.,-1.1,7.E-02));
#513 = VECTOR('',#514,1.);
#514 = DIRECTION('',(1.,0.,0.));
#515 = ORIENTED_EDGE('',*,*,#516,.F.);
#516 = EDGE_CURVE('',#517,#509,#519,.T.);
#517 = VERTEX_POINT('',#518);
#518 = CARTESIAN_POINT('',(-2.4,-1.1,0.2));
#519 = LINE('',#520,#521);
#520 = CARTESIAN_POINT('',(-2.4,-1.1,0.2));
#521 = VECTOR('',#522,1.);
#522 = DIRECTION('',(0.,0.,-1.));
#523 = ORIENTED_EDGE('',*,*,#524,.F.);
#524 = EDGE_CURVE('',#525,#517,#527,.T.);
#525 = VERTEX_POINT('',#526);
#526 = CARTESIAN_POINT('',(-2.6,-1.1,0.2));
#527 = LINE('',#528,#529);
#528 = CARTESIAN_POINT('',(-2.6,-1.1,0.2));
#529 = VECTOR('',#530,1.);
#530 = DIRECTION('',(1.,0.,0.));
#531 = ORIENTED_EDGE('',*,*,#532,.T.);
#532 = EDGE_CURVE('',#525,#533,#535,.T.);
#533 = VERTEX_POINT('',#534);
#534 = CARTESIAN_POINT('',(-2.6,-1.1,7.E-02));
#535 = LINE('',#536,#537);
#536 = CARTESIAN_POINT('',(-2.6,-1.1,0.2));
#537 = VECTOR('',#538,1.);
#538 = DIRECTION('',(0.,0.,-1.));
#539 = ORIENTED_EDGE('',*,*,#540,.F.);
#540 = EDGE_CURVE('',#235,#533,#541,.T.);
#541 = LINE('',#542,#543);
#542 = CARTESIAN_POINT('',(-4.,-1.1,7.E-02));
#543 = VECTOR('',#544,1.);
#544 = DIRECTION('',(1.,0.,0.));
#545 = ORIENTED_EDGE('',*,*,#234,.T.);
#546 = ORIENTED_EDGE('',*,*,#547,.T.);
#547 = EDGE_CURVE('',#237,#548,#550,.T.);
#548 = VERTEX_POINT('',#549);
#549 = CARTESIAN_POINT('',(-3.5,-1.1,2.82));
#550 = LINE('',#551,#552);
#551 = CARTESIAN_POINT('',(-4.,-1.1,2.82));
#552 = VECTOR('',#553,1.);
#553 = DIRECTION('',(1.,0.,0.));
#554 = ORIENTED_EDGE('',*,*,#555,.T.);
#555 = EDGE_CURVE('',#548,#556,#558,.T.);
#556 = VERTEX_POINT('',#557);
#557 = CARTESIAN_POINT('',(-3.5,-1.1,4.32));
#558 = LINE('',#559,#560);
#559 = CARTESIAN_POINT('',(-3.5,-1.1,2.82));
#560 = VECTOR('',#561,1.);
#561 = DIRECTION('',(0.,1.480297366167E-16,1.));
#562 = ORIENTED_EDGE('',*,*,#563,.T.);
#563 = EDGE_CURVE('',#556,#564,#566,.T.);
#564 = VERTEX_POINT('',#565);
#565 = CARTESIAN_POINT('',(3.5,-1.1,4.32));
#566 = LINE('',#567,#568);
#567 = CARTESIAN_POINT('',(-4.,-1.1,4.32));
#568 = VECTOR('',#569,1.);
#569 = DIRECTION('',(1.,0.,0.));
#570 = ORIENTED_EDGE('',*,*,#571,.F.);
#571 = EDGE_CURVE('',#572,#564,#574,.T.);
#572 = VERTEX_POINT('',#573);
#573 = CARTESIAN_POINT('',(3.5,-1.1,2.82));
#574 = LINE('',#575,#576);
#575 = CARTESIAN_POINT('',(3.5,-1.1,2.82));
#576 = VECTOR('',#577,1.);
#577 = DIRECTION('',(0.,1.480297366167E-16,1.));
#578 = ORIENTED_EDGE('',*,*,#579,.T.);
#579 = EDGE_CURVE('',#572,#341,#580,.T.);
#580 = LINE('',#581,#582);
#581 = CARTESIAN_POINT('',(3.5,-1.1,2.82));
#582 = VECTOR('',#583,1.);
#583 = DIRECTION('',(1.,0.,0.));
#584 = PLANE('',#585);
#585 = AXIS2_PLACEMENT_3D('',#586,#587,#588);
#586 = CARTESIAN_POINT('',(-4.,-1.1,7.E-02));
#587 = DIRECTION('',(0.,1.,0.));
#588 = DIRECTION('',(0.,-0.,1.));
#589 = ADVANCED_FACE('',(#590),#608,.F.);
#590 = FACE_BOUND('',#591,.F.);
#591 = EDGE_LOOP('',(#592,#600,#606,#607));
#592 = ORIENTED_EDGE('',*,*,#593,.T.);
#593 = EDGE_CURVE('',#317,#594,#596,.T.);
#594 = VERTEX_POINT('',#595);
#595 = CARTESIAN_POINT('',(-3.5,-0.55,2.82));
#596 = LINE('',#597,#598);
#597 = CARTESIAN_POINT('',(-4.,-0.55,2.82));
#598 = VECTOR('',#599,1.);
#599 = DIRECTION('',(1.,0.,0.));
#600 = ORIENTED_EDGE('',*,*,#601,.T.);
#601 = EDGE_CURVE('',#594,#548,#602,.T.);
#602 = LINE('',#603,#604);
#603 = CARTESIAN_POINT('',(-3.5,-0.55,2.82));
#604 = VECTOR('',#605,1.);
#605 = DIRECTION('',(0.,-1.,0.));
#606 = ORIENTED_EDGE('',*,*,#547,.F.);
#607 = ORIENTED_EDGE('',*,*,#324,.F.);
#608 = PLANE('',#609);
#609 = AXIS2_PLACEMENT_3D('',#610,#611,#612);
#610 = CARTESIAN_POINT('',(-4.,-0.55,2.82));
#611 = DIRECTION('',(0.,0.,-1.));
#612 = DIRECTION('',(0.,-1.,0.));
#613 = ADVANCED_FACE('',(#614),#632,.F.);
#614 = FACE_BOUND('',#615,.F.);
#615 = EDGE_LOOP('',(#616,#624,#630,#631));
#616 = ORIENTED_EDGE('',*,*,#617,.T.);
#617 = EDGE_CURVE('',#309,#618,#620,.T.);
#618 = VERTEX_POINT('',#619);
#619 = CARTESIAN_POINT('',(-3.5,-0.55,3.82));
#620 = LINE('',#621,#622);
#621 = CARTESIAN_POINT('',(-4.,-0.55,3.82));
#622 = VECTOR('',#623,1.);
#623 = DIRECTION('',(1.,0.,0.));
#624 = ORIENTED_EDGE('',*,*,#625,.T.);
#625 = EDGE_CURVE('',#618,#594,#626,.T.);
#626 = LINE('',#627,#628);
#627 = CARTESIAN_POINT('',(-3.5,-0.55,3.82));
#628 = VECTOR('',#629,1.);
#629 = DIRECTION('',(0.,0.,-1.));
#630 = ORIENTED_EDGE('',*,*,#593,.F.);
#631 = ORIENTED_EDGE('',*,*,#316,.F.);
#632 = PLANE('',#633);
#633 = AXIS2_PLACEMENT_3D('',#634,#635,#636);
#634 = CARTESIAN_POINT('',(-4.,-0.55,3.82));
#635 = DIRECTION('',(0.,1.,0.));
#636 = DIRECTION('',(0.,0.,-1.));
#637 = ADVANCED_FACE('',(#638),#656,.F.);
#638 = FACE_BOUND('',#639,.F.);
#639 = EDGE_LOOP('',(#640,#648,#654,#655));
#640 = ORIENTED_EDGE('',*,*,#641,.T.);
#641 = EDGE_CURVE('',#301,#642,#644,.T.);
#642 = VERTEX_POINT('',#643);
#643 = CARTESIAN_POINT('',(-3.5,0.1,3.82));
#644 = LINE('',#645,#646);
#645 = CARTESIAN_POINT('',(-4.,0.1,3.82));
#646 = VECTOR('',#647,1.);
#647 = DIRECTION('',(1.,0.,0.));
#648 = ORIENTED_EDGE('',*,*,#649,.T.);
#649 = EDGE_CURVE('',#642,#618,#650,.T.);
#650 = LINE('',#651,#652);
#651 = CARTESIAN_POINT('',(-3.5,0.1,3.82));
#652 = VECTOR('',#653,1.);
#653 = DIRECTION('',(0.,-1.,0.));
#654 = ORIENTED_EDGE('',*,*,#617,.F.);
#655 = ORIENTED_EDGE('',*,*,#308,.F.);
#656 = PLANE('',#657);
#657 = AXIS2_PLACEMENT_3D('',#658,#659,#660);
#658 = CARTESIAN_POINT('',(-4.,0.1,3.82));
#659 = DIRECTION('',(0.,0.,-1.));
#660 = DIRECTION('',(0.,-1.,0.));
#661 = ADVANCED_FACE('',(#662),#680,.F.);
#662 = FACE_BOUND('',#663,.F.);
#663 = EDGE_LOOP('',(#664,#672,#678,#679));
#664 = ORIENTED_EDGE('',*,*,#665,.T.);
#665 = EDGE_CURVE('',#293,#666,#668,.T.);
#666 = VERTEX_POINT('',#667);
#667 = CARTESIAN_POINT('',(-3.5,0.1,4.32));
#668 = LINE('',#669,#670);
#669 = CARTESIAN_POINT('',(-4.,0.1,4.32));
#670 = VECTOR('',#671,1.);
#671 = DIRECTION('',(1.,0.,0.));
#672 = ORIENTED_EDGE('',*,*,#673,.T.);
#673 = EDGE_CURVE('',#666,#642,#674,.T.);
#674 = LINE('',#675,#676);
#675 = CARTESIAN_POINT('',(-3.5,0.1,4.32));
#676 = VECTOR('',#677,1.);
#677 = DIRECTION('',(0.,0.,-1.));
#678 = ORIENTED_EDGE('',*,*,#641,.F.);
#679 = ORIENTED_EDGE('',*,*,#300,.F.);
#680 = PLANE('',#681);
#681 = AXIS2_PLACEMENT_3D('',#682,#683,#684);
#682 = CARTESIAN_POINT('',(-4.,0.1,4.32));
#683 = DIRECTION('',(0.,1.,0.));
#684 = DIRECTION('',(0.,0.,-1.));
#685 = ADVANCED_FACE('',(#686,#727),#825,.T.);
#686 = FACE_BOUND('',#687,.T.);
#687 = EDGE_LOOP('',(#688,#689,#690,#696,#697,#705,#713,#721));
#688 = ORIENTED_EDGE('',*,*,#292,.F.);
#689 = ORIENTED_EDGE('',*,*,#665,.T.);
#690 = ORIENTED_EDGE('',*,*,#691,.F.);
#691 = EDGE_CURVE('',#556,#666,#692,.T.);
#692 = LINE('',#693,#694);
#693 = CARTESIAN_POINT('',(-3.5,-1.1,4.32));
#694 = VECTOR('',#695,1.);
#695 = DIRECTION('',(0.,1.,0.));
#696 = ORIENTED_EDGE('',*,*,#563,.T.);
#697 = ORIENTED_EDGE('',*,*,#698,.T.);
#698 = EDGE_CURVE('',#564,#699,#701,.T.);
#699 = VERTEX_POINT('',#700);
#700 = CARTESIAN_POINT('',(3.5,0.1,4.32));
#701 = LINE('',#702,#703);
#702 = CARTESIAN_POINT('',(3.5,-1.1,4.32));
#703 = VECTOR('',#704,1.);
#704 = DIRECTION('',(0.,1.,0.));
#705 = ORIENTED_EDGE('',*,*,#706,.T.);
#706 = EDGE_CURVE('',#699,#707,#709,.T.);
#707 = VERTEX_POINT('',#708);
#708 = CARTESIAN_POINT('',(4.,0.1,4.32));
#709 = LINE('',#710,#711);
#710 = CARTESIAN_POINT('',(3.5,0.1,4.32));
#711 = VECTOR('',#712,1.);
#712 = DIRECTION('',(1.,0.,0.));
#713 = ORIENTED_EDGE('',*,*,#714,.T.);
#714 = EDGE_CURVE('',#707,#715,#717,.T.);
#715 = VERTEX_POINT('',#716);
#716 = CARTESIAN_POINT('',(4.,1.8,4.32));
#717 = LINE('',#718,#719);
#718 = CARTESIAN_POINT('',(4.,-1.1,4.32));
#719 = VECTOR('',#720,1.);
#720 = DIRECTION('',(0.,1.,0.));
#721 = ORIENTED_EDGE('',*,*,#722,.F.);
#722 = EDGE_CURVE('',#285,#715,#723,.T.);
#723 = LINE('',#724,#725);
#724 = CARTESIAN_POINT('',(-4.,1.8,4.32));
#725 = VECTOR('',#726,1.);
#726 = DIRECTION('',(1.,0.,0.));
#727 = FACE_BOUND('',#728,.T.);
#728 = EDGE_LOOP('',(#729,#739,#747,#755,#763,#771,#779,#787,#795,#803,
    #811,#819));
#729 = ORIENTED_EDGE('',*,*,#730,.F.);
#730 = EDGE_CURVE('',#731,#733,#735,.T.);
#731 = VERTEX_POINT('',#732);
#732 = CARTESIAN_POINT('',(3.2,-0.7,4.32));
#733 = VERTEX_POINT('',#734);
#734 = CARTESIAN_POINT('',(3.2,0.3,4.32));
#735 = LINE('',#736,#737);
#736 = CARTESIAN_POINT('',(3.2,-0.7,4.32));
#737 = VECTOR('',#738,1.);
#738 = DIRECTION('',(0.,1.,0.));
#739 = ORIENTED_EDGE('',*,*,#740,.F.);
#740 = EDGE_CURVE('',#741,#731,#743,.T.);
#741 = VERTEX_POINT('',#742);
#742 = CARTESIAN_POINT('',(-3.2,-0.7,4.32));
#743 = LINE('',#744,#745);
#744 = CARTESIAN_POINT('',(-3.2,-0.7,4.32));
#745 = VECTOR('',#746,1.);
#746 = DIRECTION('',(1.,0.,0.));
#747 = ORIENTED_EDGE('',*,*,#748,.F.);
#748 = EDGE_CURVE('',#749,#741,#751,.T.);
#749 = VERTEX_POINT('',#750);
#750 = CARTESIAN_POINT('',(-3.2,0.3,4.32));
#751 = LINE('',#752,#753);
#752 = CARTESIAN_POINT('',(-3.2,1.4,4.32));
#753 = VECTOR('',#754,1.);
#754 = DIRECTION('',(0.,-1.,0.));
#755 = ORIENTED_EDGE('',*,*,#756,.F.);
#756 = EDGE_CURVE('',#757,#749,#759,.T.);
#757 = VERTEX_POINT('',#758);
#758 = CARTESIAN_POINT('',(-3.55,0.3,4.32));
#759 = LINE('',#760,#761);
#760 = CARTESIAN_POINT('',(-3.55,0.3,4.32));
#761 = VECTOR('',#762,1.);
#762 = DIRECTION('',(1.,0.,0.));
#763 = ORIENTED_EDGE('',*,*,#764,.F.);
#764 = EDGE_CURVE('',#765,#757,#767,.T.);
#765 = VERTEX_POINT('',#766);
#766 = CARTESIAN_POINT('',(-3.55,0.9,4.32));
#767 = LINE('',#768,#769);
#768 = CARTESIAN_POINT('',(-3.55,0.9,4.32));
#769 = VECTOR('',#770,1.);
#770 = DIRECTION('',(0.,-1.,0.));
#771 = ORIENTED_EDGE('',*,*,#772,.F.);
#772 = EDGE_CURVE('',#773,#765,#775,.T.);
#773 = VERTEX_POINT('',#774);
#774 = CARTESIAN_POINT('',(-3.2,0.9,4.32));
#775 = LINE('',#776,#777);
#776 = CARTESIAN_POINT('',(3.55,0.9,4.32));
#777 = VECTOR('',#778,1.);
#778 = DIRECTION('',(-1.,0.,0.));
#779 = ORIENTED_EDGE('',*,*,#780,.F.);
#780 = EDGE_CURVE('',#781,#773,#783,.T.);
#781 = VERTEX_POINT('',#782);
#782 = CARTESIAN_POINT('',(-3.2,1.4,4.32));
#783 = LINE('',#784,#785);
#784 = CARTESIAN_POINT('',(-3.2,1.4,4.32));
#785 = VECTOR('',#786,1.);
#786 = DIRECTION('',(0.,-1.,0.));
#787 = ORIENTED_EDGE('',*,*,#788,.F.);
#788 = EDGE_CURVE('',#789,#781,#791,.T.);
#789 = VERTEX_POINT('',#790);
#790 = CARTESIAN_POINT('',(3.2,1.4,4.32));
#791 = LINE('',#792,#793);
#792 = CARTESIAN_POINT('',(3.2,1.4,4.32));
#793 = VECTOR('',#794,1.);
#794 = DIRECTION('',(-1.,0.,0.));
#795 = ORIENTED_EDGE('',*,*,#796,.F.);
#796 = EDGE_CURVE('',#797,#789,#799,.T.);
#797 = VERTEX_POINT('',#798);
#798 = CARTESIAN_POINT('',(3.2,0.9,4.32));
#799 = LINE('',#800,#801);
#800 = CARTESIAN_POINT('',(3.2,-0.7,4.32));
#801 = VECTOR('',#802,1.);
#802 = DIRECTION('',(0.,1.,0.));
#803 = ORIENTED_EDGE('',*,*,#804,.F.);
#804 = EDGE_CURVE('',#805,#797,#807,.T.);
#805 = VERTEX_POINT('',#806);
#806 = CARTESIAN_POINT('',(3.55,0.9,4.32));
#807 = LINE('',#808,#809);
#808 = CARTESIAN_POINT('',(3.55,0.9,4.32));
#809 = VECTOR('',#810,1.);
#810 = DIRECTION('',(-1.,0.,0.));
#811 = ORIENTED_EDGE('',*,*,#812,.F.);
#812 = EDGE_CURVE('',#813,#805,#815,.T.);
#813 = VERTEX_POINT('',#814);
#814 = CARTESIAN_POINT('',(3.55,0.3,4.32));
#815 = LINE('',#816,#817);
#816 = CARTESIAN_POINT('',(3.55,0.3,4.32));
#817 = VECTOR('',#818,1.);
#818 = DIRECTION('',(0.,1.,0.));
#819 = ORIENTED_EDGE('',*,*,#820,.F.);
#820 = EDGE_CURVE('',#733,#813,#821,.T.);
#821 = LINE('',#822,#823);
#822 = CARTESIAN_POINT('',(-3.55,0.3,4.32));
#823 = VECTOR('',#824,1.);
#824 = DIRECTION('',(1.,0.,0.));
#825 = PLANE('',#826);
#826 = AXIS2_PLACEMENT_3D('',#827,#828,#829);
#827 = CARTESIAN_POINT('',(-4.,-1.1,4.32));
#828 = DIRECTION('',(0.,0.,1.));
#829 = DIRECTION('',(1.,0.,-0.));
#830 = ADVANCED_FACE('',(#831),#897,.T.);
#831 = FACE_BOUND('',#832,.T.);
#832 = EDGE_LOOP('',(#833,#843,#851,#859,#865,#866,#867,#875,#883,#891)
  );
#833 = ORIENTED_EDGE('',*,*,#834,.F.);
#834 = EDGE_CURVE('',#835,#837,#839,.T.);
#835 = VERTEX_POINT('',#836);
#836 = CARTESIAN_POINT('',(-3.5,1.8,7.E-02));
#837 = VERTEX_POINT('',#838);
#838 = CARTESIAN_POINT('',(3.5,1.8,7.E-02));
#839 = LINE('',#840,#841);
#840 = CARTESIAN_POINT('',(-4.,1.8,7.E-02));
#841 = VECTOR('',#842,1.);
#842 = DIRECTION('',(1.,0.,0.));
#843 = ORIENTED_EDGE('',*,*,#844,.F.);
#844 = EDGE_CURVE('',#845,#835,#847,.T.);
#845 = VERTEX_POINT('',#846);
#846 = CARTESIAN_POINT('',(-3.5,1.8,1.27));
#847 = LINE('',#848,#849);
#848 = CARTESIAN_POINT('',(-3.5,1.8,1.559));
#849 = VECTOR('',#850,1.);
#850 = DIRECTION('',(0.,0.,-1.));
#851 = ORIENTED_EDGE('',*,*,#852,.F.);
#852 = EDGE_CURVE('',#853,#845,#855,.T.);
#853 = VERTEX_POINT('',#854);
#854 = CARTESIAN_POINT('',(-3.5,1.8,1.559));
#855 = LINE('',#856,#857);
#856 = CARTESIAN_POINT('',(-3.5,1.8,1.559));
#857 = VECTOR('',#858,1.);
#858 = DIRECTION('',(0.,0.,-1.));
#859 = ORIENTED_EDGE('',*,*,#860,.F.);
#860 = EDGE_CURVE('',#277,#853,#861,.T.);
#861 = LINE('',#862,#863);
#862 = CARTESIAN_POINT('',(-4.,1.8,1.559));
#863 = VECTOR('',#864,1.);
#864 = DIRECTION('',(1.,0.,0.));
#865 = ORIENTED_EDGE('',*,*,#284,.T.);
#866 = ORIENTED_EDGE('',*,*,#722,.T.);
#867 = ORIENTED_EDGE('',*,*,#868,.F.);
#868 = EDGE_CURVE('',#869,#715,#871,.T.);
#869 = VERTEX_POINT('',#870);
#870 = CARTESIAN_POINT('',(4.,1.8,1.559));
#871 = LINE('',#872,#873);
#872 = CARTESIAN_POINT('',(4.,1.8,7.E-02));
#873 = VECTOR('',#874,1.);
#874 = DIRECTION('',(0.,0.,1.));
#875 = ORIENTED_EDGE('',*,*,#876,.F.);
#876 = EDGE_CURVE('',#877,#869,#879,.T.);
#877 = VERTEX_POINT('',#878);
#878 = CARTESIAN_POINT('',(3.5,1.8,1.559));
#879 = LINE('',#880,#881);
#880 = CARTESIAN_POINT('',(3.5,1.8,1.559));
#881 = VECTOR('',#882,1.);
#882 = DIRECTION('',(1.,0.,0.));
#883 = ORIENTED_EDGE('',*,*,#884,.T.);
#884 = EDGE_CURVE('',#877,#885,#887,.T.);
#885 = VERTEX_POINT('',#886);
#886 = CARTESIAN_POINT('',(3.5,1.8,1.27));
#887 = LINE('',#888,#889);
#888 = CARTESIAN_POINT('',(3.5,1.8,1.559));
#889 = VECTOR('',#890,1.);
#890 = DIRECTION('',(0.,0.,-1.));
#891 = ORIENTED_EDGE('',*,*,#892,.T.);
#892 = EDGE_CURVE('',#885,#837,#893,.T.);
#893 = LINE('',#894,#895);
#894 = CARTESIAN_POINT('',(3.5,1.8,1.559));
#895 = VECTOR('',#896,1.);
#896 = DIRECTION('',(0.,0.,-1.));
#897 = PLANE('',#898);
#898 = AXIS2_PLACEMENT_3D('',#899,#900,#901);
#899 = CARTESIAN_POINT('',(-4.,1.8,7.E-02));
#900 = DIRECTION('',(0.,1.,0.));
#901 = DIRECTION('',(0.,-0.,1.));
#902 = ADVANCED_FACE('',(#903),#929,.F.);
#903 = FACE_BOUND('',#904,.F.);
#904 = EDGE_LOOP('',(#905,#913,#921,#927,#928));
#905 = ORIENTED_EDGE('',*,*,#906,.T.);
#906 = EDGE_CURVE('',#269,#907,#909,.T.);
#907 = VERTEX_POINT('',#908);
#908 = CARTESIAN_POINT('',(-3.7,1.3,1.27));
#909 = LINE('',#910,#911);
#910 = CARTESIAN_POINT('',(-4.,1.3,1.27));
#911 = VECTOR('',#912,1.);
#912 = DIRECTION('',(1.,0.,0.));
#913 = ORIENTED_EDGE('',*,*,#914,.T.);
#914 = EDGE_CURVE('',#907,#915,#917,.T.);
#915 = VERTEX_POINT('',#916);
#916 = CARTESIAN_POINT('',(-3.5,1.3,1.27));
#917 = LINE('',#918,#919);
#918 = CARTESIAN_POINT('',(-4.,1.3,1.27));
#919 = VECTOR('',#920,1.);
#920 = DIRECTION('',(1.,0.,0.));
#921 = ORIENTED_EDGE('',*,*,#922,.T.);
#922 = EDGE_CURVE('',#915,#853,#923,.T.);
#923 = LINE('',#924,#925);
#924 = CARTESIAN_POINT('',(-3.5,1.3,1.27));
#925 = VECTOR('',#926,1.);
#926 = DIRECTION('',(0.,0.865781720524,0.500421834463));
#927 = ORIENTED_EDGE('',*,*,#860,.F.);
#928 = ORIENTED_EDGE('',*,*,#276,.F.);
#929 = PLANE('',#930);
#930 = AXIS2_PLACEMENT_3D('',#931,#932,#933);
#931 = CARTESIAN_POINT('',(-4.,1.3,1.27));
#932 = DIRECTION('',(0.,-0.500421834463,0.865781720524));
#933 = DIRECTION('',(0.,0.865781720524,0.500421834463));
#934 = ADVANCED_FACE('',(#935),#953,.F.);
#935 = FACE_BOUND('',#936,.F.);
#936 = EDGE_LOOP('',(#937,#938,#946,#952));
#937 = ORIENTED_EDGE('',*,*,#268,.F.);
#938 = ORIENTED_EDGE('',*,*,#939,.T.);
#939 = EDGE_CURVE('',#261,#940,#942,.T.);
#940 = VERTEX_POINT('',#941);
#941 = CARTESIAN_POINT('',(-3.7,1.3,0.62));
#942 = LINE('',#943,#944);
#943 = CARTESIAN_POINT('',(-4.,1.3,0.62));
#944 = VECTOR('',#945,1.);
#945 = DIRECTION('',(1.,0.,0.));
#946 = ORIENTED_EDGE('',*,*,#947,.T.);
#947 = EDGE_CURVE('',#940,#907,#948,.T.);
#948 = LINE('',#949,#950);
#949 = CARTESIAN_POINT('',(-3.7,1.3,0.62));
#950 = VECTOR('',#951,1.);
#951 = DIRECTION('',(0.,0.,1.));
#952 = ORIENTED_EDGE('',*,*,#906,.F.);
#953 = PLANE('',#954);
#954 = AXIS2_PLACEMENT_3D('',#955,#956,#957);
#955 = CARTESIAN_POINT('',(-4.,1.3,0.62));
#956 = DIRECTION('',(0.,-1.,0.));
#957 = DIRECTION('',(0.,0.,1.));
#958 = ADVANCED_FACE('',(#959),#977,.F.);
#959 = FACE_BOUND('',#960,.F.);
#960 = EDGE_LOOP('',(#961,#962,#970,#976));
#961 = ORIENTED_EDGE('',*,*,#260,.F.);
#962 = ORIENTED_EDGE('',*,*,#963,.T.);
#963 = EDGE_CURVE('',#253,#964,#966,.T.);
#964 = VERTEX_POINT('',#965);
#965 = CARTESIAN_POINT('',(-3.7,0.3,0.62));
#966 = LINE('',#967,#968);
#967 = CARTESIAN_POINT('',(-4.,0.3,0.62));
#968 = VECTOR('',#969,1.);
#969 = DIRECTION('',(1.,0.,0.));
#970 = ORIENTED_EDGE('',*,*,#971,.T.);
#971 = EDGE_CURVE('',#964,#940,#972,.T.);
#972 = LINE('',#973,#974);
#973 = CARTESIAN_POINT('',(-3.7,0.3,0.62));
#974 = VECTOR('',#975,1.);
#975 = DIRECTION('',(0.,1.,0.));
#976 = ORIENTED_EDGE('',*,*,#939,.F.);
#977 = PLANE('',#978);
#978 = AXIS2_PLACEMENT_3D('',#979,#980,#981);
#979 = CARTESIAN_POINT('',(-4.,0.3,0.62));
#980 = DIRECTION('',(0.,0.,1.));
#981 = DIRECTION('',(0.,1.,0.));
#982 = ADVANCED_FACE('',(#983),#1001,.F.);
#983 = FACE_BOUND('',#984,.F.);
#984 = EDGE_LOOP('',(#985,#986,#994,#1000));
#985 = ORIENTED_EDGE('',*,*,#252,.F.);
#986 = ORIENTED_EDGE('',*,*,#987,.T.);
#987 = EDGE_CURVE('',#245,#988,#990,.T.);
#988 = VERTEX_POINT('',#989);
#989 = CARTESIAN_POINT('',(-3.7,0.3,7.E-02));
#990 = LINE('',#991,#992);
#991 = CARTESIAN_POINT('',(-4.,0.3,7.E-02));
#992 = VECTOR('',#993,1.);
#993 = DIRECTION('',(1.,0.,0.));
#994 = ORIENTED_EDGE('',*,*,#995,.T.);
#995 = EDGE_CURVE('',#988,#964,#996,.T.);
#996 = LINE('',#997,#998);
#997 = CARTESIAN_POINT('',(-3.7,0.3,2.E-02));
#998 = VECTOR('',#999,1.);
#999 = DIRECTION('',(0.,0.,1.));
#1000 = ORIENTED_EDGE('',*,*,#963,.F.);
#1001 = PLANE('',#1002);
#1002 = AXIS2_PLACEMENT_3D('',#1003,#1004,#1005);
#1003 = CARTESIAN_POINT('',(-4.,0.3,7.E-02));
#1004 = DIRECTION('',(0.,-1.,0.));
#1005 = DIRECTION('',(0.,0.,1.));
#1006 = ADVANCED_FACE('',(#1007),#1195,.F.);
#1007 = FACE_BOUND('',#1008,.F.);
#1008 = EDGE_LOOP('',(#1009,#1010,#1011,#1019,#1027,#1033,#1034,#1042,
    #1050,#1056,#1057,#1065,#1073,#1079,#1080,#1088,#1096,#1102,#1103,
    #1111,#1119,#1125,#1126,#1134,#1142,#1148,#1149,#1157,#1165,#1173,
    #1179,#1180,#1188,#1194));
#1009 = ORIENTED_EDGE('',*,*,#244,.F.);
#1010 = ORIENTED_EDGE('',*,*,#540,.T.);
#1011 = ORIENTED_EDGE('',*,*,#1012,.T.);
#1012 = EDGE_CURVE('',#533,#1013,#1015,.T.);
#1013 = VERTEX_POINT('',#1014);
#1014 = CARTESIAN_POINT('',(-2.6,-1.,7.E-02));
#1015 = LINE('',#1016,#1017);
#1016 = CARTESIAN_POINT('',(-2.6,-1.1,7.E-02));
#1017 = VECTOR('',#1018,1.);
#1018 = DIRECTION('',(0.,1.,0.));
#1019 = ORIENTED_EDGE('',*,*,#1020,.T.);
#1020 = EDGE_CURVE('',#1013,#1021,#1023,.T.);
#1021 = VERTEX_POINT('',#1022);
#1022 = CARTESIAN_POINT('',(-2.4,-1.,7.E-02));
#1023 = LINE('',#1024,#1025);
#1024 = CARTESIAN_POINT('',(-2.6,-1.,7.E-02));
#1025 = VECTOR('',#1026,1.);
#1026 = DIRECTION('',(1.,0.,0.));
#1027 = ORIENTED_EDGE('',*,*,#1028,.F.);
#1028 = EDGE_CURVE('',#509,#1021,#1029,.T.);
#1029 = LINE('',#1030,#1031);
#1030 = CARTESIAN_POINT('',(-2.4,-1.1,7.E-02));
#1031 = VECTOR('',#1032,1.);
#1032 = DIRECTION('',(0.,1.,0.));
#1033 = ORIENTED_EDGE('',*,*,#508,.T.);
#1034 = ORIENTED_EDGE('',*,*,#1035,.T.);
#1035 = EDGE_CURVE('',#501,#1036,#1038,.T.);
#1036 = VERTEX_POINT('',#1037);
#1037 = CARTESIAN_POINT('',(-1.6,-1.,7.E-02));
#1038 = LINE('',#1039,#1040);
#1039 = CARTESIAN_POINT('',(-1.6,-1.1,7.E-02));
#1040 = VECTOR('',#1041,1.);
#1041 = DIRECTION('',(0.,1.,0.));
#1042 = ORIENTED_EDGE('',*,*,#1043,.T.);
#1043 = EDGE_CURVE('',#1036,#1044,#1046,.T.);
#1044 = VERTEX_POINT('',#1045);
#1045 = CARTESIAN_POINT('',(-1.4,-1.,7.E-02));
#1046 = LINE('',#1047,#1048);
#1047 = CARTESIAN_POINT('',(-1.6,-1.,7.E-02));
#1048 = VECTOR('',#1049,1.);
#1049 = DIRECTION('',(1.,0.,0.));
#1050 = ORIENTED_EDGE('',*,*,#1051,.F.);
#1051 = EDGE_CURVE('',#477,#1044,#1052,.T.);
#1052 = LINE('',#1053,#1054);
#1053 = CARTESIAN_POINT('',(-1.4,-1.1,7.E-02));
#1054 = VECTOR('',#1055,1.);
#1055 = DIRECTION('',(0.,1.,0.));
#1056 = ORIENTED_EDGE('',*,*,#476,.T.);
#1057 = ORIENTED_EDGE('',*,*,#1058,.T.);
#1058 = EDGE_CURVE('',#469,#1059,#1061,.T.);
#1059 = VERTEX_POINT('',#1060);
#1060 = CARTESIAN_POINT('',(-0.6,-1.,7.E-02));
#1061 = LINE('',#1062,#1063);
#1062 = CARTESIAN_POINT('',(-0.6,-1.1,7.E-02));
#1063 = VECTOR('',#1064,1.);
#1064 = DIRECTION('',(0.,1.,0.));
#1065 = ORIENTED_EDGE('',*,*,#1066,.T.);
#1066 = EDGE_CURVE('',#1059,#1067,#1069,.T.);
#1067 = VERTEX_POINT('',#1068);
#1068 = CARTESIAN_POINT('',(-0.4,-1.,7.E-02));
#1069 = LINE('',#1070,#1071);
#1070 = CARTESIAN_POINT('',(-0.6,-1.,7.E-02));
#1071 = VECTOR('',#1072,1.);
#1072 = DIRECTION('',(1.,0.,0.));
#1073 = ORIENTED_EDGE('',*,*,#1074,.F.);
#1074 = EDGE_CURVE('',#445,#1067,#1075,.T.);
#1075 = LINE('',#1076,#1077);
#1076 = CARTESIAN_POINT('',(-0.4,-1.1,7.E-02));
#1077 = VECTOR('',#1078,1.);
#1078 = DIRECTION('',(0.,1.,0.));
#1079 = ORIENTED_EDGE('',*,*,#444,.T.);
#1080 = ORIENTED_EDGE('',*,*,#1081,.T.);
#1081 = EDGE_CURVE('',#437,#1082,#1084,.T.);
#1082 = VERTEX_POINT('',#1083);
#1083 = CARTESIAN_POINT('',(0.4,-1.,7.E-02));
#1084 = LINE('',#1085,#1086);
#1085 = CARTESIAN_POINT('',(0.4,-1.1,7.E-02));
#1086 = VECTOR('',#1087,1.);
#1087 = DIRECTION('',(0.,1.,0.));
#1088 = ORIENTED_EDGE('',*,*,#1089,.T.);
#1089 = EDGE_CURVE('',#1082,#1090,#1092,.T.);
#1090 = VERTEX_POINT('',#1091);
#1091 = CARTESIAN_POINT('',(0.6,-1.,7.E-02));
#1092 = LINE('',#1093,#1094);
#1093 = CARTESIAN_POINT('',(0.4,-1.,7.E-02));
#1094 = VECTOR('',#1095,1.);
#1095 = DIRECTION('',(1.,0.,0.));
#1096 = ORIENTED_EDGE('',*,*,#1097,.F.);
#1097 = EDGE_CURVE('',#413,#1090,#1098,.T.);
#1098 = LINE('',#1099,#1100);
#1099 = CARTESIAN_POINT('',(0.6,-1.1,7.E-02));
#1100 = VECTOR('',#1101,1.);
#1101 = DIRECTION('',(0.,1.,0.));
#1102 = ORIENTED_EDGE('',*,*,#412,.T.);
#1103 = ORIENTED_EDGE('',*,*,#1104,.T.);
#1104 = EDGE_CURVE('',#405,#1105,#1107,.T.);
#1105 = VERTEX_POINT('',#1106);
#1106 = CARTESIAN_POINT('',(1.4,-1.,7.E-02));
#1107 = LINE('',#1108,#1109);
#1108 = CARTESIAN_POINT('',(1.4,-1.1,7.E-02));
#1109 = VECTOR('',#1110,1.);
#1110 = DIRECTION('',(0.,1.,0.));
#1111 = ORIENTED_EDGE('',*,*,#1112,.T.);
#1112 = EDGE_CURVE('',#1105,#1113,#1115,.T.);
#1113 = VERTEX_POINT('',#1114);
#1114 = CARTESIAN_POINT('',(1.6,-1.,7.E-02));
#1115 = LINE('',#1116,#1117);
#1116 = CARTESIAN_POINT('',(1.4,-1.,7.E-02));
#1117 = VECTOR('',#1118,1.);
#1118 = DIRECTION('',(1.,0.,0.));
#1119 = ORIENTED_EDGE('',*,*,#1120,.F.);
#1120 = EDGE_CURVE('',#381,#1113,#1121,.T.);
#1121 = LINE('',#1122,#1123);
#1122 = CARTESIAN_POINT('',(1.6,-1.1,7.E-02));
#1123 = VECTOR('',#1124,1.);
#1124 = DIRECTION('',(0.,1.,0.));
#1125 = ORIENTED_EDGE('',*,*,#380,.T.);
#1126 = ORIENTED_EDGE('',*,*,#1127,.T.);
#1127 = EDGE_CURVE('',#373,#1128,#1130,.T.);
#1128 = VERTEX_POINT('',#1129);
#1129 = CARTESIAN_POINT('',(2.4,-1.,7.E-02));
#1130 = LINE('',#1131,#1132);
#1131 = CARTESIAN_POINT('',(2.4,-1.1,7.E-02));
#1132 = VECTOR('',#1133,1.);
#1133 = DIRECTION('',(0.,1.,0.));
#1134 = ORIENTED_EDGE('',*,*,#1135,.T.);
#1135 = EDGE_CURVE('',#1128,#1136,#1138,.T.);
#1136 = VERTEX_POINT('',#1137);
#1137 = CARTESIAN_POINT('',(2.6,-1.,7.E-02));
#1138 = LINE('',#1139,#1140);
#1139 = CARTESIAN_POINT('',(2.4,-1.,7.E-02));
#1140 = VECTOR('',#1141,1.);
#1141 = DIRECTION('',(1.,0.,0.));
#1142 = ORIENTED_EDGE('',*,*,#1143,.F.);
#1143 = EDGE_CURVE('',#349,#1136,#1144,.T.);
#1144 = LINE('',#1145,#1146);
#1145 = CARTESIAN_POINT('',(2.6,-1.1,7.E-02));
#1146 = VECTOR('',#1147,1.);
#1147 = DIRECTION('',(0.,1.,0.));
#1148 = ORIENTED_EDGE('',*,*,#348,.T.);
#1149 = ORIENTED_EDGE('',*,*,#1150,.T.);
#1150 = EDGE_CURVE('',#339,#1151,#1153,.T.);
#1151 = VERTEX_POINT('',#1152);
#1152 = CARTESIAN_POINT('',(4.,0.3,7.E-02));
#1153 = LINE('',#1154,#1155);
#1154 = CARTESIAN_POINT('',(4.,-1.1,7.E-02));
#1155 = VECTOR('',#1156,1.);
#1156 = DIRECTION('',(0.,1.,0.));
#1157 = ORIENTED_EDGE('',*,*,#1158,.F.);
#1158 = EDGE_CURVE('',#1159,#1151,#1161,.T.);
#1159 = VERTEX_POINT('',#1160);
#1160 = CARTESIAN_POINT('',(3.7,0.3,7.E-02));
#1161 = LINE('',#1162,#1163);
#1162 = CARTESIAN_POINT('',(3.5,0.3,7.E-02));
#1163 = VECTOR('',#1164,1.);
#1164 = DIRECTION('',(1.,0.,0.));
#1165 = ORIENTED_EDGE('',*,*,#1166,.F.);
#1166 = EDGE_CURVE('',#1167,#1159,#1169,.T.);
#1167 = VERTEX_POINT('',#1168);
#1168 = CARTESIAN_POINT('',(3.5,0.3,7.E-02));
#1169 = LINE('',#1170,#1171);
#1170 = CARTESIAN_POINT('',(3.5,0.3,7.E-02));
#1171 = VECTOR('',#1172,1.);
#1172 = DIRECTION('',(1.,0.,0.));
#1173 = ORIENTED_EDGE('',*,*,#1174,.F.);
#1174 = EDGE_CURVE('',#837,#1167,#1175,.T.);
#1175 = LINE('',#1176,#1177);
#1176 = CARTESIAN_POINT('',(3.5,1.8,7.E-02));
#1177 = VECTOR('',#1178,1.);
#1178 = DIRECTION('',(0.,-1.,0.));
#1179 = ORIENTED_EDGE('',*,*,#834,.F.);
#1180 = ORIENTED_EDGE('',*,*,#1181,.T.);
#1181 = EDGE_CURVE('',#835,#1182,#1184,.T.);
#1182 = VERTEX_POINT('',#1183);
#1183 = CARTESIAN_POINT('',(-3.5,0.3,7.E-02));
#1184 = LINE('',#1185,#1186);
#1185 = CARTESIAN_POINT('',(-3.5,1.8,7.E-02));
#1186 = VECTOR('',#1187,1.);
#1187 = DIRECTION('',(0.,-1.,0.));
#1188 = ORIENTED_EDGE('',*,*,#1189,.F.);
#1189 = EDGE_CURVE('',#988,#1182,#1190,.T.);
#1190 = LINE('',#1191,#1192);
#1191 = CARTESIAN_POINT('',(-4.,0.3,7.E-02));
#1192 = VECTOR('',#1193,1.);
#1193 = DIRECTION('',(1.,0.,0.));
#1194 = ORIENTED_EDGE('',*,*,#987,.F.);
#1195 = PLANE('',#1196);
#1196 = AXIS2_PLACEMENT_3D('',#1197,#1198,#1199);
#1197 = CARTESIAN_POINT('',(-4.,-1.1,7.E-02));
#1198 = DIRECTION('',(0.,0.,1.));
#1199 = DIRECTION('',(1.,0.,-0.));
#1200 = ADVANCED_FACE('',(#1201),#1267,.T.);
#1201 = FACE_BOUND('',#1202,.T.);
#1202 = EDGE_LOOP('',(#1203,#1204,#1205,#1213,#1221,#1229,#1235,#1236,
    #1237,#1245,#1253,#1261));
#1203 = ORIENTED_EDGE('',*,*,#338,.F.);
#1204 = ORIENTED_EDGE('',*,*,#1150,.T.);
#1205 = ORIENTED_EDGE('',*,*,#1206,.T.);
#1206 = EDGE_CURVE('',#1151,#1207,#1209,.T.);
#1207 = VERTEX_POINT('',#1208);
#1208 = CARTESIAN_POINT('',(4.,0.3,0.62));
#1209 = LINE('',#1210,#1211);
#1210 = CARTESIAN_POINT('',(4.,0.3,7.E-02));
#1211 = VECTOR('',#1212,1.);
#1212 = DIRECTION('',(0.,0.,1.));
#1213 = ORIENTED_EDGE('',*,*,#1214,.T.);
#1214 = EDGE_CURVE('',#1207,#1215,#1217,.T.);
#1215 = VERTEX_POINT('',#1216);
#1216 = CARTESIAN_POINT('',(4.,1.3,0.62));
#1217 = LINE('',#1218,#1219);
#1218 = CARTESIAN_POINT('',(4.,0.3,0.62));
#1219 = VECTOR('',#1220,1.);
#1220 = DIRECTION('',(0.,1.,0.));
#1221 = ORIENTED_EDGE('',*,*,#1222,.T.);
#1222 = EDGE_CURVE('',#1215,#1223,#1225,.T.);
#1223 = VERTEX_POINT('',#1224);
#1224 = CARTESIAN_POINT('',(4.,1.3,1.27));
#1225 = LINE('',#1226,#1227);
#1226 = CARTESIAN_POINT('',(4.,1.3,0.62));
#1227 = VECTOR('',#1228,1.);
#1228 = DIRECTION('',(0.,0.,1.));
#1229 = ORIENTED_EDGE('',*,*,#1230,.T.);
#1230 = EDGE_CURVE('',#1223,#869,#1231,.T.);
#1231 = LINE('',#1232,#1233);
#1232 = CARTESIAN_POINT('',(4.,1.3,1.27));
#1233 = VECTOR('',#1234,1.);
#1234 = DIRECTION('',(0.,0.865781720524,0.500421834463));
#1235 = ORIENTED_EDGE('',*,*,#868,.T.);
#1236 = ORIENTED_EDGE('',*,*,#714,.F.);
#1237 = ORIENTED_EDGE('',*,*,#1238,.T.);
#1238 = EDGE_CURVE('',#707,#1239,#1241,.T.);
#1239 = VERTEX_POINT('',#1240);
#1240 = CARTESIAN_POINT('',(4.,0.1,3.82));
#1241 = LINE('',#1242,#1243);
#1242 = CARTESIAN_POINT('',(4.,0.1,4.32));
#1243 = VECTOR('',#1244,1.);
#1244 = DIRECTION('',(0.,0.,-1.));
#1245 = ORIENTED_EDGE('',*,*,#1246,.T.);
#1246 = EDGE_CURVE('',#1239,#1247,#1249,.T.);
#1247 = VERTEX_POINT('',#1248);
#1248 = CARTESIAN_POINT('',(4.,-0.55,3.82));
#1249 = LINE('',#1250,#1251);
#1250 = CARTESIAN_POINT('',(4.,0.1,3.82));
#1251 = VECTOR('',#1252,1.);
#1252 = DIRECTION('',(0.,-1.,0.));
#1253 = ORIENTED_EDGE('',*,*,#1254,.T.);
#1254 = EDGE_CURVE('',#1247,#1255,#1257,.T.);
#1255 = VERTEX_POINT('',#1256);
#1256 = CARTESIAN_POINT('',(4.,-0.55,2.82));
#1257 = LINE('',#1258,#1259);
#1258 = CARTESIAN_POINT('',(4.,-0.55,3.82));
#1259 = VECTOR('',#1260,1.);
#1260 = DIRECTION('',(0.,0.,-1.));
#1261 = ORIENTED_EDGE('',*,*,#1262,.T.);
#1262 = EDGE_CURVE('',#1255,#341,#1263,.T.);
#1263 = LINE('',#1264,#1265);
#1264 = CARTESIAN_POINT('',(4.,-0.55,2.82));
#1265 = VECTOR('',#1266,1.);
#1266 = DIRECTION('',(0.,-1.,0.));
#1267 = PLANE('',#1268);
#1268 = AXIS2_PLACEMENT_3D('',#1269,#1270,#1271);
#1269 = CARTESIAN_POINT('',(4.,-1.1,7.E-02));
#1270 = DIRECTION('',(1.,0.,0.));
#1271 = DIRECTION('',(0.,0.,1.));
#1272 = ADVANCED_FACE('',(#1273),#1291,.F.);
#1273 = FACE_BOUND('',#1274,.F.);
#1274 = EDGE_LOOP('',(#1275,#1283,#1284,#1285));
#1275 = ORIENTED_EDGE('',*,*,#1276,.T.);
#1276 = EDGE_CURVE('',#1277,#1255,#1279,.T.);
#1277 = VERTEX_POINT('',#1278);
#1278 = CARTESIAN_POINT('',(3.5,-0.55,2.82));
#1279 = LINE('',#1280,#1281);
#1280 = CARTESIAN_POINT('',(3.5,-0.55,2.82));
#1281 = VECTOR('',#1282,1.);
#1282 = DIRECTION('',(1.,0.,0.));
#1283 = ORIENTED_EDGE('',*,*,#1262,.T.);
#1284 = ORIENTED_EDGE('',*,*,#579,.F.);
#1285 = ORIENTED_EDGE('',*,*,#1286,.F.);
#1286 = EDGE_CURVE('',#1277,#572,#1287,.T.);
#1287 = LINE('',#1288,#1289);
#1288 = CARTESIAN_POINT('',(3.5,-0.55,2.82));
#1289 = VECTOR('',#1290,1.);
#1290 = DIRECTION('',(0.,-1.,0.));
#1291 = PLANE('',#1292);
#1292 = AXIS2_PLACEMENT_3D('',#1293,#1294,#1295);
#1293 = CARTESIAN_POINT('',(3.5,-0.55,2.82));
#1294 = DIRECTION('',(0.,0.,-1.));
#1295 = DIRECTION('',(0.,-1.,0.));
#1296 = ADVANCED_FACE('',(#1297),#1324,.F.);
#1297 = FACE_BOUND('',#1298,.F.);
#1298 = EDGE_LOOP('',(#1299,#1300,#1308,#1316,#1322,#1323));
#1299 = ORIENTED_EDGE('',*,*,#698,.T.);
#1300 = ORIENTED_EDGE('',*,*,#1301,.T.);
#1301 = EDGE_CURVE('',#699,#1302,#1304,.T.);
#1302 = VERTEX_POINT('',#1303);
#1303 = CARTESIAN_POINT('',(3.5,0.1,3.82));
#1304 = LINE('',#1305,#1306);
#1305 = CARTESIAN_POINT('',(3.5,0.1,4.32));
#1306 = VECTOR('',#1307,1.);
#1307 = DIRECTION('',(0.,0.,-1.));
#1308 = ORIENTED_EDGE('',*,*,#1309,.T.);
#1309 = EDGE_CURVE('',#1302,#1310,#1312,.T.);
#1310 = VERTEX_POINT('',#1311);
#1311 = CARTESIAN_POINT('',(3.5,-0.55,3.82));
#1312 = LINE('',#1313,#1314);
#1313 = CARTESIAN_POINT('',(3.5,0.1,3.82));
#1314 = VECTOR('',#1315,1.);
#1315 = DIRECTION('',(0.,-1.,0.));
#1316 = ORIENTED_EDGE('',*,*,#1317,.T.);
#1317 = EDGE_CURVE('',#1310,#1277,#1318,.T.);
#1318 = LINE('',#1319,#1320);
#1319 = CARTESIAN_POINT('',(3.5,-0.55,3.82));
#1320 = VECTOR('',#1321,1.);
#1321 = DIRECTION('',(0.,0.,-1.));
#1322 = ORIENTED_EDGE('',*,*,#1286,.T.);
#1323 = ORIENTED_EDGE('',*,*,#571,.T.);
#1324 = PLANE('',#1325);
#1325 = AXIS2_PLACEMENT_3D('',#1326,#1327,#1328);
#1326 = CARTESIAN_POINT('',(3.5,-0.62037037037,3.69037037037));
#1327 = DIRECTION('',(-1.,-0.,-0.));
#1328 = DIRECTION('',(0.,0.,-1.));
#1329 = ADVANCED_FACE('',(#1330),#1338,.T.);
#1330 = FACE_BOUND('',#1331,.T.);
#1331 = EDGE_LOOP('',(#1332,#1333,#1334,#1335,#1336,#1337));
#1332 = ORIENTED_EDGE('',*,*,#691,.T.);
#1333 = ORIENTED_EDGE('',*,*,#673,.T.);
#1334 = ORIENTED_EDGE('',*,*,#649,.T.);
#1335 = ORIENTED_EDGE('',*,*,#625,.T.);
#1336 = ORIENTED_EDGE('',*,*,#601,.T.);
#1337 = ORIENTED_EDGE('',*,*,#555,.T.);
#1338 = PLANE('',#1339);
#1339 = AXIS2_PLACEMENT_3D('',#1340,#1341,#1342);
#1340 = CARTESIAN_POINT('',(-3.5,-0.62037037037,3.69037037037));
#1341 = DIRECTION('',(-1.,-0.,-0.));
#1342 = DIRECTION('',(0.,0.,-1.));
#1343 = ADVANCED_FACE('',(#1344),#1378,.T.);
#1344 = FACE_BOUND('',#1345,.T.);
#1345 = EDGE_LOOP('',(#1346,#1356,#1362,#1363,#1364,#1372));
#1346 = ORIENTED_EDGE('',*,*,#1347,.T.);
#1347 = EDGE_CURVE('',#1348,#1350,#1352,.T.);
#1348 = VERTEX_POINT('',#1349);
#1349 = CARTESIAN_POINT('',(-2.6,-1.8,0.));
#1350 = VERTEX_POINT('',#1351);
#1351 = CARTESIAN_POINT('',(-2.6,-1.8,0.2));
#1352 = LINE('',#1353,#1354);
#1353 = CARTESIAN_POINT('',(-2.6,-1.8,0.));
#1354 = VECTOR('',#1355,1.);
#1355 = DIRECTION('',(0.,0.,1.));
#1356 = ORIENTED_EDGE('',*,*,#1357,.T.);
#1357 = EDGE_CURVE('',#1350,#525,#1358,.T.);
#1358 = LINE('',#1359,#1360);
#1359 = CARTESIAN_POINT('',(-2.6,-1.8,0.2));
#1360 = VECTOR('',#1361,1.);
#1361 = DIRECTION('',(0.,1.,0.));
#1362 = ORIENTED_EDGE('',*,*,#532,.T.);
#1363 = ORIENTED_EDGE('',*,*,#1012,.T.);
#1364 = ORIENTED_EDGE('',*,*,#1365,.T.);
#1365 = EDGE_CURVE('',#1013,#1366,#1368,.T.);
#1366 = VERTEX_POINT('',#1367);
#1367 = CARTESIAN_POINT('',(-2.6,-1.,0.));
#1368 = LINE('',#1369,#1370);
#1369 = CARTESIAN_POINT('',(-2.6,-1.,7.E-02));
#1370 = VECTOR('',#1371,1.);
#1371 = DIRECTION('',(0.,0.,-1.));
#1372 = ORIENTED_EDGE('',*,*,#1373,.T.);
#1373 = EDGE_CURVE('',#1366,#1348,#1374,.T.);
#1374 = LINE('',#1375,#1376);
#1375 = CARTESIAN_POINT('',(-2.6,-1.,0.));
#1376 = VECTOR('',#1377,1.);
#1377 = DIRECTION('',(0.,-1.,0.));
#1378 = PLANE('',#1379);
#1379 = AXIS2_PLACEMENT_3D('',#1380,#1381,#1382);
#1380 = CARTESIAN_POINT('',(-2.6,-1.4065,9.35E-02));
#1381 = DIRECTION('',(-1.,-0.,-0.));
#1382 = DIRECTION('',(0.,0.,-1.));
#1383 = ADVANCED_FACE('',(#1384),#1402,.T.);
#1384 = FACE_BOUND('',#1385,.T.);
#1385 = EDGE_LOOP('',(#1386,#1394,#1400,#1401));
#1386 = ORIENTED_EDGE('',*,*,#1387,.T.);
#1387 = EDGE_CURVE('',#1350,#1388,#1390,.T.);
#1388 = VERTEX_POINT('',#1389);
#1389 = CARTESIAN_POINT('',(-2.4,-1.8,0.2));
#1390 = LINE('',#1391,#1392);
#1391 = CARTESIAN_POINT('',(-2.6,-1.8,0.2));
#1392 = VECTOR('',#1393,1.);
#1393 = DIRECTION('',(1.,0.,0.));
#1394 = ORIENTED_EDGE('',*,*,#1395,.T.);
#1395 = EDGE_CURVE('',#1388,#517,#1396,.T.);
#1396 = LINE('',#1397,#1398);
#1397 = CARTESIAN_POINT('',(-2.4,-1.8,0.2));
#1398 = VECTOR('',#1399,1.);
#1399 = DIRECTION('',(0.,1.,0.));
#1400 = ORIENTED_EDGE('',*,*,#524,.F.);
#1401 = ORIENTED_EDGE('',*,*,#1357,.F.);
#1402 = PLANE('',#1403);
#1403 = AXIS2_PLACEMENT_3D('',#1404,#1405,#1406);
#1404 = CARTESIAN_POINT('',(-2.6,-1.8,0.2));
#1405 = DIRECTION('',(0.,0.,1.));
#1406 = DIRECTION('',(0.,1.,0.));
#1407 = ADVANCED_FACE('',(#1408),#1435,.F.);
#1408 = FACE_BOUND('',#1409,.F.);
#1409 = EDGE_LOOP('',(#1410,#1418,#1419,#1420,#1421,#1429));
#1410 = ORIENTED_EDGE('',*,*,#1411,.T.);
#1411 = EDGE_CURVE('',#1412,#1388,#1414,.T.);
#1412 = VERTEX_POINT('',#1413);
#1413 = CARTESIAN_POINT('',(-2.4,-1.8,0.));
#1414 = LINE('',#1415,#1416);
#1415 = CARTESIAN_POINT('',(-2.4,-1.8,0.));
#1416 = VECTOR('',#1417,1.);
#1417 = DIRECTION('',(0.,0.,1.));
#1418 = ORIENTED_EDGE('',*,*,#1395,.T.);
#1419 = ORIENTED_EDGE('',*,*,#516,.T.);
#1420 = ORIENTED_EDGE('',*,*,#1028,.T.);
#1421 = ORIENTED_EDGE('',*,*,#1422,.T.);
#1422 = EDGE_CURVE('',#1021,#1423,#1425,.T.);
#1423 = VERTEX_POINT('',#1424);
#1424 = CARTESIAN_POINT('',(-2.4,-1.,0.));
#1425 = LINE('',#1426,#1427);
#1426 = CARTESIAN_POINT('',(-2.4,-1.,7.E-02));
#1427 = VECTOR('',#1428,1.);
#1428 = DIRECTION('',(0.,0.,-1.));
#1429 = ORIENTED_EDGE('',*,*,#1430,.T.);
#1430 = EDGE_CURVE('',#1423,#1412,#1431,.T.);
#1431 = LINE('',#1432,#1433);
#1432 = CARTESIAN_POINT('',(-2.4,-1.,0.));
#1433 = VECTOR('',#1434,1.);
#1434 = DIRECTION('',(0.,-1.,0.));
#1435 = PLANE('',#1436);
#1436 = AXIS2_PLACEMENT_3D('',#1437,#1438,#1439);
#1437 = CARTESIAN_POINT('',(-2.4,-1.4065,9.35E-02));
#1438 = DIRECTION('',(-1.,-0.,-0.));
#1439 = DIRECTION('',(0.,0.,-1.));
#1440 = ADVANCED_FACE('',(#1441),#1475,.T.);
#1441 = FACE_BOUND('',#1442,.T.);
#1442 = EDGE_LOOP('',(#1443,#1453,#1459,#1460,#1461,#1469));
#1443 = ORIENTED_EDGE('',*,*,#1444,.T.);
#1444 = EDGE_CURVE('',#1445,#1447,#1449,.T.);
#1445 = VERTEX_POINT('',#1446);
#1446 = CARTESIAN_POINT('',(-1.6,-1.8,0.));
#1447 = VERTEX_POINT('',#1448);
#1448 = CARTESIAN_POINT('',(-1.6,-1.8,0.2));
#1449 = LINE('',#1450,#1451);
#1450 = CARTESIAN_POINT('',(-1.6,-1.8,0.));
#1451 = VECTOR('',#1452,1.);
#1452 = DIRECTION('',(0.,0.,1.));
#1453 = ORIENTED_EDGE('',*,*,#1454,.T.);
#1454 = EDGE_CURVE('',#1447,#493,#1455,.T.);
#1455 = LINE('',#1456,#1457);
#1456 = CARTESIAN_POINT('',(-1.6,-1.8,0.2));
#1457 = VECTOR('',#1458,1.);
#1458 = DIRECTION('',(0.,1.,0.));
#1459 = ORIENTED_EDGE('',*,*,#500,.T.);
#1460 = ORIENTED_EDGE('',*,*,#1035,.T.);
#1461 = ORIENTED_EDGE('',*,*,#1462,.T.);
#1462 = EDGE_CURVE('',#1036,#1463,#1465,.T.);
#1463 = VERTEX_POINT('',#1464);
#1464 = CARTESIAN_POINT('',(-1.6,-1.,0.));
#1465 = LINE('',#1466,#1467);
#1466 = CARTESIAN_POINT('',(-1.6,-1.,7.E-02));
#1467 = VECTOR('',#1468,1.);
#1468 = DIRECTION('',(0.,0.,-1.));
#1469 = ORIENTED_EDGE('',*,*,#1470,.T.);
#1470 = EDGE_CURVE('',#1463,#1445,#1471,.T.);
#1471 = LINE('',#1472,#1473);
#1472 = CARTESIAN_POINT('',(-1.6,-1.,0.));
#1473 = VECTOR('',#1474,1.);
#1474 = DIRECTION('',(0.,-1.,0.));
#1475 = PLANE('',#1476);
#1476 = AXIS2_PLACEMENT_3D('',#1477,#1478,#1479);
#1477 = CARTESIAN_POINT('',(-1.6,-1.4065,9.35E-02));
#1478 = DIRECTION('',(-1.,-0.,-0.));
#1479 = DIRECTION('',(0.,0.,-1.));
#1480 = ADVANCED_FACE('',(#1481),#1499,.T.);
#1481 = FACE_BOUND('',#1482,.T.);
#1482 = EDGE_LOOP('',(#1483,#1491,#1497,#1498));
#1483 = ORIENTED_EDGE('',*,*,#1484,.T.);
#1484 = EDGE_CURVE('',#1447,#1485,#1487,.T.);
#1485 = VERTEX_POINT('',#1486);
#1486 = CARTESIAN_POINT('',(-1.4,-1.8,0.2));
#1487 = LINE('',#1488,#1489);
#1488 = CARTESIAN_POINT('',(-1.6,-1.8,0.2));
#1489 = VECTOR('',#1490,1.);
#1490 = DIRECTION('',(1.,0.,0.));
#1491 = ORIENTED_EDGE('',*,*,#1492,.T.);
#1492 = EDGE_CURVE('',#1485,#485,#1493,.T.);
#1493 = LINE('',#1494,#1495);
#1494 = CARTESIAN_POINT('',(-1.4,-1.8,0.2));
#1495 = VECTOR('',#1496,1.);
#1496 = DIRECTION('',(0.,1.,0.));
#1497 = ORIENTED_EDGE('',*,*,#492,.F.);
#1498 = ORIENTED_EDGE('',*,*,#1454,.F.);
#1499 = PLANE('',#1500);
#1500 = AXIS2_PLACEMENT_3D('',#1501,#1502,#1503);
#1501 = CARTESIAN_POINT('',(-1.6,-1.8,0.2));
#1502 = DIRECTION('',(0.,0.,1.));
#1503 = DIRECTION('',(0.,1.,0.));
#1504 = ADVANCED_FACE('',(#1505),#1532,.F.);
#1505 = FACE_BOUND('',#1506,.F.);
#1506 = EDGE_LOOP('',(#1507,#1515,#1516,#1517,#1518,#1526));
#1507 = ORIENTED_EDGE('',*,*,#1508,.T.);
#1508 = EDGE_CURVE('',#1509,#1485,#1511,.T.);
#1509 = VERTEX_POINT('',#1510);
#1510 = CARTESIAN_POINT('',(-1.4,-1.8,0.));
#1511 = LINE('',#1512,#1513);
#1512 = CARTESIAN_POINT('',(-1.4,-1.8,0.));
#1513 = VECTOR('',#1514,1.);
#1514 = DIRECTION('',(0.,0.,1.));
#1515 = ORIENTED_EDGE('',*,*,#1492,.T.);
#1516 = ORIENTED_EDGE('',*,*,#484,.T.);
#1517 = ORIENTED_EDGE('',*,*,#1051,.T.);
#1518 = ORIENTED_EDGE('',*,*,#1519,.T.);
#1519 = EDGE_CURVE('',#1044,#1520,#1522,.T.);
#1520 = VERTEX_POINT('',#1521);
#1521 = CARTESIAN_POINT('',(-1.4,-1.,0.));
#1522 = LINE('',#1523,#1524);
#1523 = CARTESIAN_POINT('',(-1.4,-1.,7.E-02));
#1524 = VECTOR('',#1525,1.);
#1525 = DIRECTION('',(0.,0.,-1.));
#1526 = ORIENTED_EDGE('',*,*,#1527,.T.);
#1527 = EDGE_CURVE('',#1520,#1509,#1528,.T.);
#1528 = LINE('',#1529,#1530);
#1529 = CARTESIAN_POINT('',(-1.4,-1.,0.));
#1530 = VECTOR('',#1531,1.);
#1531 = DIRECTION('',(0.,-1.,0.));
#1532 = PLANE('',#1533);
#1533 = AXIS2_PLACEMENT_3D('',#1534,#1535,#1536);
#1534 = CARTESIAN_POINT('',(-1.4,-1.4065,9.35E-02));
#1535 = DIRECTION('',(-1.,-0.,-0.));
#1536 = DIRECTION('',(0.,0.,-1.));
#1537 = ADVANCED_FACE('',(#1538),#1572,.T.);
#1538 = FACE_BOUND('',#1539,.T.);
#1539 = EDGE_LOOP('',(#1540,#1550,#1556,#1557,#1558,#1566));
#1540 = ORIENTED_EDGE('',*,*,#1541,.T.);
#1541 = EDGE_CURVE('',#1542,#1544,#1546,.T.);
#1542 = VERTEX_POINT('',#1543);
#1543 = CARTESIAN_POINT('',(-0.6,-1.8,0.));
#1544 = VERTEX_POINT('',#1545);
#1545 = CARTESIAN_POINT('',(-0.6,-1.8,0.2));
#1546 = LINE('',#1547,#1548);
#1547 = CARTESIAN_POINT('',(-0.6,-1.8,0.));
#1548 = VECTOR('',#1549,1.);
#1549 = DIRECTION('',(0.,0.,1.));
#1550 = ORIENTED_EDGE('',*,*,#1551,.T.);
#1551 = EDGE_CURVE('',#1544,#461,#1552,.T.);
#1552 = LINE('',#1553,#1554);
#1553 = CARTESIAN_POINT('',(-0.6,-1.8,0.2));
#1554 = VECTOR('',#1555,1.);
#1555 = DIRECTION('',(0.,1.,0.));
#1556 = ORIENTED_EDGE('',*,*,#468,.T.);
#1557 = ORIENTED_EDGE('',*,*,#1058,.T.);
#1558 = ORIENTED_EDGE('',*,*,#1559,.T.);
#1559 = EDGE_CURVE('',#1059,#1560,#1562,.T.);
#1560 = VERTEX_POINT('',#1561);
#1561 = CARTESIAN_POINT('',(-0.6,-1.,0.));
#1562 = LINE('',#1563,#1564);
#1563 = CARTESIAN_POINT('',(-0.6,-1.,7.E-02));
#1564 = VECTOR('',#1565,1.);
#1565 = DIRECTION('',(0.,0.,-1.));
#1566 = ORIENTED_EDGE('',*,*,#1567,.T.);
#1567 = EDGE_CURVE('',#1560,#1542,#1568,.T.);
#1568 = LINE('',#1569,#1570);
#1569 = CARTESIAN_POINT('',(-0.6,-1.,0.));
#1570 = VECTOR('',#1571,1.);
#1571 = DIRECTION('',(0.,-1.,0.));
#1572 = PLANE('',#1573);
#1573 = AXIS2_PLACEMENT_3D('',#1574,#1575,#1576);
#1574 = CARTESIAN_POINT('',(-0.6,-1.4065,9.35E-02));
#1575 = DIRECTION('',(-1.,-0.,-0.));
#1576 = DIRECTION('',(0.,0.,-1.));
#1577 = ADVANCED_FACE('',(#1578),#1596,.T.);
#1578 = FACE_BOUND('',#1579,.T.);
#1579 = EDGE_LOOP('',(#1580,#1588,#1594,#1595));
#1580 = ORIENTED_EDGE('',*,*,#1581,.T.);
#1581 = EDGE_CURVE('',#1544,#1582,#1584,.T.);
#1582 = VERTEX_POINT('',#1583);
#1583 = CARTESIAN_POINT('',(-0.4,-1.8,0.2));
#1584 = LINE('',#1585,#1586);
#1585 = CARTESIAN_POINT('',(-0.6,-1.8,0.2));
#1586 = VECTOR('',#1587,1.);
#1587 = DIRECTION('',(1.,0.,0.));
#1588 = ORIENTED_EDGE('',*,*,#1589,.T.);
#1589 = EDGE_CURVE('',#1582,#453,#1590,.T.);
#1590 = LINE('',#1591,#1592);
#1591 = CARTESIAN_POINT('',(-0.4,-1.8,0.2));
#1592 = VECTOR('',#1593,1.);
#1593 = DIRECTION('',(0.,1.,0.));
#1594 = ORIENTED_EDGE('',*,*,#460,.F.);
#1595 = ORIENTED_EDGE('',*,*,#1551,.F.);
#1596 = PLANE('',#1597);
#1597 = AXIS2_PLACEMENT_3D('',#1598,#1599,#1600);
#1598 = CARTESIAN_POINT('',(-0.6,-1.8,0.2));
#1599 = DIRECTION('',(0.,0.,1.));
#1600 = DIRECTION('',(0.,1.,0.));
#1601 = ADVANCED_FACE('',(#1602),#1629,.F.);
#1602 = FACE_BOUND('',#1603,.F.);
#1603 = EDGE_LOOP('',(#1604,#1612,#1613,#1614,#1615,#1623));
#1604 = ORIENTED_EDGE('',*,*,#1605,.T.);
#1605 = EDGE_CURVE('',#1606,#1582,#1608,.T.);
#1606 = VERTEX_POINT('',#1607);
#1607 = CARTESIAN_POINT('',(-0.4,-1.8,0.));
#1608 = LINE('',#1609,#1610);
#1609 = CARTESIAN_POINT('',(-0.4,-1.8,0.));
#1610 = VECTOR('',#1611,1.);
#1611 = DIRECTION('',(0.,0.,1.));
#1612 = ORIENTED_EDGE('',*,*,#1589,.T.);
#1613 = ORIENTED_EDGE('',*,*,#452,.T.);
#1614 = ORIENTED_EDGE('',*,*,#1074,.T.);
#1615 = ORIENTED_EDGE('',*,*,#1616,.T.);
#1616 = EDGE_CURVE('',#1067,#1617,#1619,.T.);
#1617 = VERTEX_POINT('',#1618);
#1618 = CARTESIAN_POINT('',(-0.4,-1.,0.));
#1619 = LINE('',#1620,#1621);
#1620 = CARTESIAN_POINT('',(-0.4,-1.,7.E-02));
#1621 = VECTOR('',#1622,1.);
#1622 = DIRECTION('',(0.,0.,-1.));
#1623 = ORIENTED_EDGE('',*,*,#1624,.T.);
#1624 = EDGE_CURVE('',#1617,#1606,#1625,.T.);
#1625 = LINE('',#1626,#1627);
#1626 = CARTESIAN_POINT('',(-0.4,-1.,0.));
#1627 = VECTOR('',#1628,1.);
#1628 = DIRECTION('',(0.,-1.,0.));
#1629 = PLANE('',#1630);
#1630 = AXIS2_PLACEMENT_3D('',#1631,#1632,#1633);
#1631 = CARTESIAN_POINT('',(-0.4,-1.4065,9.35E-02));
#1632 = DIRECTION('',(-1.,-0.,-0.));
#1633 = DIRECTION('',(0.,0.,-1.));
#1634 = ADVANCED_FACE('',(#1635),#1669,.T.);
#1635 = FACE_BOUND('',#1636,.T.);
#1636 = EDGE_LOOP('',(#1637,#1647,#1653,#1654,#1655,#1663));
#1637 = ORIENTED_EDGE('',*,*,#1638,.T.);
#1638 = EDGE_CURVE('',#1639,#1641,#1643,.T.);
#1639 = VERTEX_POINT('',#1640);
#1640 = CARTESIAN_POINT('',(0.4,-1.8,0.));
#1641 = VERTEX_POINT('',#1642);
#1642 = CARTESIAN_POINT('',(0.4,-1.8,0.2));
#1643 = LINE('',#1644,#1645);
#1644 = CARTESIAN_POINT('',(0.4,-1.8,0.));
#1645 = VECTOR('',#1646,1.);
#1646 = DIRECTION('',(0.,0.,1.));
#1647 = ORIENTED_EDGE('',*,*,#1648,.T.);
#1648 = EDGE_CURVE('',#1641,#429,#1649,.T.);
#1649 = LINE('',#1650,#1651);
#1650 = CARTESIAN_POINT('',(0.4,-1.8,0.2));
#1651 = VECTOR('',#1652,1.);
#1652 = DIRECTION('',(0.,1.,0.));
#1653 = ORIENTED_EDGE('',*,*,#436,.T.);
#1654 = ORIENTED_EDGE('',*,*,#1081,.T.);
#1655 = ORIENTED_EDGE('',*,*,#1656,.T.);
#1656 = EDGE_CURVE('',#1082,#1657,#1659,.T.);
#1657 = VERTEX_POINT('',#1658);
#1658 = CARTESIAN_POINT('',(0.4,-1.,0.));
#1659 = LINE('',#1660,#1661);
#1660 = CARTESIAN_POINT('',(0.4,-1.,7.E-02));
#1661 = VECTOR('',#1662,1.);
#1662 = DIRECTION('',(0.,0.,-1.));
#1663 = ORIENTED_EDGE('',*,*,#1664,.T.);
#1664 = EDGE_CURVE('',#1657,#1639,#1665,.T.);
#1665 = LINE('',#1666,#1667);
#1666 = CARTESIAN_POINT('',(0.4,-1.,0.));
#1667 = VECTOR('',#1668,1.);
#1668 = DIRECTION('',(0.,-1.,0.));
#1669 = PLANE('',#1670);
#1670 = AXIS2_PLACEMENT_3D('',#1671,#1672,#1673);
#1671 = CARTESIAN_POINT('',(0.4,-1.4065,9.35E-02));
#1672 = DIRECTION('',(-1.,-0.,-0.));
#1673 = DIRECTION('',(0.,0.,-1.));
#1674 = ADVANCED_FACE('',(#1675),#1693,.T.);
#1675 = FACE_BOUND('',#1676,.T.);
#1676 = EDGE_LOOP('',(#1677,#1685,#1691,#1692));
#1677 = ORIENTED_EDGE('',*,*,#1678,.T.);
#1678 = EDGE_CURVE('',#1641,#1679,#1681,.T.);
#1679 = VERTEX_POINT('',#1680);
#1680 = CARTESIAN_POINT('',(0.6,-1.8,0.2));
#1681 = LINE('',#1682,#1683);
#1682 = CARTESIAN_POINT('',(0.4,-1.8,0.2));
#1683 = VECTOR('',#1684,1.);
#1684 = DIRECTION('',(1.,0.,0.));
#1685 = ORIENTED_EDGE('',*,*,#1686,.T.);
#1686 = EDGE_CURVE('',#1679,#421,#1687,.T.);
#1687 = LINE('',#1688,#1689);
#1688 = CARTESIAN_POINT('',(0.6,-1.8,0.2));
#1689 = VECTOR('',#1690,1.);
#1690 = DIRECTION('',(0.,1.,0.));
#1691 = ORIENTED_EDGE('',*,*,#428,.F.);
#1692 = ORIENTED_EDGE('',*,*,#1648,.F.);
#1693 = PLANE('',#1694);
#1694 = AXIS2_PLACEMENT_3D('',#1695,#1696,#1697);
#1695 = CARTESIAN_POINT('',(0.4,-1.8,0.2));
#1696 = DIRECTION('',(0.,0.,1.));
#1697 = DIRECTION('',(0.,1.,0.));
#1698 = ADVANCED_FACE('',(#1699),#1726,.F.);
#1699 = FACE_BOUND('',#1700,.F.);
#1700 = EDGE_LOOP('',(#1701,#1709,#1710,#1711,#1712,#1720));
#1701 = ORIENTED_EDGE('',*,*,#1702,.T.);
#1702 = EDGE_CURVE('',#1703,#1679,#1705,.T.);
#1703 = VERTEX_POINT('',#1704);
#1704 = CARTESIAN_POINT('',(0.6,-1.8,0.));
#1705 = LINE('',#1706,#1707);
#1706 = CARTESIAN_POINT('',(0.6,-1.8,0.));
#1707 = VECTOR('',#1708,1.);
#1708 = DIRECTION('',(0.,0.,1.));
#1709 = ORIENTED_EDGE('',*,*,#1686,.T.);
#1710 = ORIENTED_EDGE('',*,*,#420,.T.);
#1711 = ORIENTED_EDGE('',*,*,#1097,.T.);
#1712 = ORIENTED_EDGE('',*,*,#1713,.T.);
#1713 = EDGE_CURVE('',#1090,#1714,#1716,.T.);
#1714 = VERTEX_POINT('',#1715);
#1715 = CARTESIAN_POINT('',(0.6,-1.,0.));
#1716 = LINE('',#1717,#1718);
#1717 = CARTESIAN_POINT('',(0.6,-1.,7.E-02));
#1718 = VECTOR('',#1719,1.);
#1719 = DIRECTION('',(0.,0.,-1.));
#1720 = ORIENTED_EDGE('',*,*,#1721,.T.);
#1721 = EDGE_CURVE('',#1714,#1703,#1722,.T.);
#1722 = LINE('',#1723,#1724);
#1723 = CARTESIAN_POINT('',(0.6,-1.,0.));
#1724 = VECTOR('',#1725,1.);
#1725 = DIRECTION('',(0.,-1.,0.));
#1726 = PLANE('',#1727);
#1727 = AXIS2_PLACEMENT_3D('',#1728,#1729,#1730);
#1728 = CARTESIAN_POINT('',(0.6,-1.4065,9.35E-02));
#1729 = DIRECTION('',(-1.,-0.,-0.));
#1730 = DIRECTION('',(0.,0.,-1.));
#1731 = ADVANCED_FACE('',(#1732),#1766,.T.);
#1732 = FACE_BOUND('',#1733,.T.);
#1733 = EDGE_LOOP('',(#1734,#1744,#1750,#1751,#1752,#1760));
#1734 = ORIENTED_EDGE('',*,*,#1735,.T.);
#1735 = EDGE_CURVE('',#1736,#1738,#1740,.T.);
#1736 = VERTEX_POINT('',#1737);
#1737 = CARTESIAN_POINT('',(1.4,-1.8,0.));
#1738 = VERTEX_POINT('',#1739);
#1739 = CARTESIAN_POINT('',(1.4,-1.8,0.2));
#1740 = LINE('',#1741,#1742);
#1741 = CARTESIAN_POINT('',(1.4,-1.8,0.));
#1742 = VECTOR('',#1743,1.);
#1743 = DIRECTION('',(0.,0.,1.));
#1744 = ORIENTED_EDGE('',*,*,#1745,.T.);
#1745 = EDGE_CURVE('',#1738,#397,#1746,.T.);
#1746 = LINE('',#1747,#1748);
#1747 = CARTESIAN_POINT('',(1.4,-1.8,0.2));
#1748 = VECTOR('',#1749,1.);
#1749 = DIRECTION('',(0.,1.,0.));
#1750 = ORIENTED_EDGE('',*,*,#404,.T.);
#1751 = ORIENTED_EDGE('',*,*,#1104,.T.);
#1752 = ORIENTED_EDGE('',*,*,#1753,.T.);
#1753 = EDGE_CURVE('',#1105,#1754,#1756,.T.);
#1754 = VERTEX_POINT('',#1755);
#1755 = CARTESIAN_POINT('',(1.4,-1.,0.));
#1756 = LINE('',#1757,#1758);
#1757 = CARTESIAN_POINT('',(1.4,-1.,7.E-02));
#1758 = VECTOR('',#1759,1.);
#1759 = DIRECTION('',(0.,0.,-1.));
#1760 = ORIENTED_EDGE('',*,*,#1761,.T.);
#1761 = EDGE_CURVE('',#1754,#1736,#1762,.T.);
#1762 = LINE('',#1763,#1764);
#1763 = CARTESIAN_POINT('',(1.4,-1.,0.));
#1764 = VECTOR('',#1765,1.);
#1765 = DIRECTION('',(0.,-1.,0.));
#1766 = PLANE('',#1767);
#1767 = AXIS2_PLACEMENT_3D('',#1768,#1769,#1770);
#1768 = CARTESIAN_POINT('',(1.4,-1.4065,9.35E-02));
#1769 = DIRECTION('',(-1.,-0.,-0.));
#1770 = DIRECTION('',(0.,0.,-1.));
#1771 = ADVANCED_FACE('',(#1772),#1790,.T.);
#1772 = FACE_BOUND('',#1773,.T.);
#1773 = EDGE_LOOP('',(#1774,#1782,#1788,#1789));
#1774 = ORIENTED_EDGE('',*,*,#1775,.T.);
#1775 = EDGE_CURVE('',#1738,#1776,#1778,.T.);
#1776 = VERTEX_POINT('',#1777);
#1777 = CARTESIAN_POINT('',(1.6,-1.8,0.2));
#1778 = LINE('',#1779,#1780);
#1779 = CARTESIAN_POINT('',(1.4,-1.8,0.2));
#1780 = VECTOR('',#1781,1.);
#1781 = DIRECTION('',(1.,0.,0.));
#1782 = ORIENTED_EDGE('',*,*,#1783,.T.);
#1783 = EDGE_CURVE('',#1776,#389,#1784,.T.);
#1784 = LINE('',#1785,#1786);
#1785 = CARTESIAN_POINT('',(1.6,-1.8,0.2));
#1786 = VECTOR('',#1787,1.);
#1787 = DIRECTION('',(0.,1.,0.));
#1788 = ORIENTED_EDGE('',*,*,#396,.F.);
#1789 = ORIENTED_EDGE('',*,*,#1745,.F.);
#1790 = PLANE('',#1791);
#1791 = AXIS2_PLACEMENT_3D('',#1792,#1793,#1794);
#1792 = CARTESIAN_POINT('',(1.4,-1.8,0.2));
#1793 = DIRECTION('',(0.,0.,1.));
#1794 = DIRECTION('',(0.,1.,0.));
#1795 = ADVANCED_FACE('',(#1796),#1823,.F.);
#1796 = FACE_BOUND('',#1797,.F.);
#1797 = EDGE_LOOP('',(#1798,#1806,#1807,#1808,#1809,#1817));
#1798 = ORIENTED_EDGE('',*,*,#1799,.T.);
#1799 = EDGE_CURVE('',#1800,#1776,#1802,.T.);
#1800 = VERTEX_POINT('',#1801);
#1801 = CARTESIAN_POINT('',(1.6,-1.8,0.));
#1802 = LINE('',#1803,#1804);
#1803 = CARTESIAN_POINT('',(1.6,-1.8,0.));
#1804 = VECTOR('',#1805,1.);
#1805 = DIRECTION('',(0.,0.,1.));
#1806 = ORIENTED_EDGE('',*,*,#1783,.T.);
#1807 = ORIENTED_EDGE('',*,*,#388,.T.);
#1808 = ORIENTED_EDGE('',*,*,#1120,.T.);
#1809 = ORIENTED_EDGE('',*,*,#1810,.T.);
#1810 = EDGE_CURVE('',#1113,#1811,#1813,.T.);
#1811 = VERTEX_POINT('',#1812);
#1812 = CARTESIAN_POINT('',(1.6,-1.,0.));
#1813 = LINE('',#1814,#1815);
#1814 = CARTESIAN_POINT('',(1.6,-1.,7.E-02));
#1815 = VECTOR('',#1816,1.);
#1816 = DIRECTION('',(0.,0.,-1.));
#1817 = ORIENTED_EDGE('',*,*,#1818,.T.);
#1818 = EDGE_CURVE('',#1811,#1800,#1819,.T.);
#1819 = LINE('',#1820,#1821);
#1820 = CARTESIAN_POINT('',(1.6,-1.,0.));
#1821 = VECTOR('',#1822,1.);
#1822 = DIRECTION('',(0.,-1.,0.));
#1823 = PLANE('',#1824);
#1824 = AXIS2_PLACEMENT_3D('',#1825,#1826,#1827);
#1825 = CARTESIAN_POINT('',(1.6,-1.4065,9.35E-02));
#1826 = DIRECTION('',(-1.,-0.,-0.));
#1827 = DIRECTION('',(0.,0.,-1.));
#1828 = ADVANCED_FACE('',(#1829),#1863,.T.);
#1829 = FACE_BOUND('',#1830,.T.);
#1830 = EDGE_LOOP('',(#1831,#1841,#1847,#1848,#1849,#1857));
#1831 = ORIENTED_EDGE('',*,*,#1832,.T.);
#1832 = EDGE_CURVE('',#1833,#1835,#1837,.T.);
#1833 = VERTEX_POINT('',#1834);
#1834 = CARTESIAN_POINT('',(2.4,-1.8,0.));
#1835 = VERTEX_POINT('',#1836);
#1836 = CARTESIAN_POINT('',(2.4,-1.8,0.2));
#1837 = LINE('',#1838,#1839);
#1838 = CARTESIAN_POINT('',(2.4,-1.8,0.));
#1839 = VECTOR('',#1840,1.);
#1840 = DIRECTION('',(0.,0.,1.));
#1841 = ORIENTED_EDGE('',*,*,#1842,.T.);
#1842 = EDGE_CURVE('',#1835,#365,#1843,.T.);
#1843 = LINE('',#1844,#1845);
#1844 = CARTESIAN_POINT('',(2.4,-1.8,0.2));
#1845 = VECTOR('',#1846,1.);
#1846 = DIRECTION('',(0.,1.,0.));
#1847 = ORIENTED_EDGE('',*,*,#372,.T.);
#1848 = ORIENTED_EDGE('',*,*,#1127,.T.);
#1849 = ORIENTED_EDGE('',*,*,#1850,.T.);
#1850 = EDGE_CURVE('',#1128,#1851,#1853,.T.);
#1851 = VERTEX_POINT('',#1852);
#1852 = CARTESIAN_POINT('',(2.4,-1.,0.));
#1853 = LINE('',#1854,#1855);
#1854 = CARTESIAN_POINT('',(2.4,-1.,7.E-02));
#1855 = VECTOR('',#1856,1.);
#1856 = DIRECTION('',(0.,0.,-1.));
#1857 = ORIENTED_EDGE('',*,*,#1858,.T.);
#1858 = EDGE_CURVE('',#1851,#1833,#1859,.T.);
#1859 = LINE('',#1860,#1861);
#1860 = CARTESIAN_POINT('',(2.4,-1.,0.));
#1861 = VECTOR('',#1862,1.);
#1862 = DIRECTION('',(0.,-1.,0.));
#1863 = PLANE('',#1864);
#1864 = AXIS2_PLACEMENT_3D('',#1865,#1866,#1867);
#1865 = CARTESIAN_POINT('',(2.4,-1.4065,9.35E-02));
#1866 = DIRECTION('',(-1.,-0.,-0.));
#1867 = DIRECTION('',(0.,0.,-1.));
#1868 = ADVANCED_FACE('',(#1869),#1887,.T.);
#1869 = FACE_BOUND('',#1870,.T.);
#1870 = EDGE_LOOP('',(#1871,#1879,#1885,#1886));
#1871 = ORIENTED_EDGE('',*,*,#1872,.T.);
#1872 = EDGE_CURVE('',#1835,#1873,#1875,.T.);
#1873 = VERTEX_POINT('',#1874);
#1874 = CARTESIAN_POINT('',(2.6,-1.8,0.2));
#1875 = LINE('',#1876,#1877);
#1876 = CARTESIAN_POINT('',(2.4,-1.8,0.2));
#1877 = VECTOR('',#1878,1.);
#1878 = DIRECTION('',(1.,0.,0.));
#1879 = ORIENTED_EDGE('',*,*,#1880,.T.);
#1880 = EDGE_CURVE('',#1873,#357,#1881,.T.);
#1881 = LINE('',#1882,#1883);
#1882 = CARTESIAN_POINT('',(2.6,-1.8,0.2));
#1883 = VECTOR('',#1884,1.);
#1884 = DIRECTION('',(0.,1.,0.));
#1885 = ORIENTED_EDGE('',*,*,#364,.F.);
#1886 = ORIENTED_EDGE('',*,*,#1842,.F.);
#1887 = PLANE('',#1888);
#1888 = AXIS2_PLACEMENT_3D('',#1889,#1890,#1891);
#1889 = CARTESIAN_POINT('',(2.4,-1.8,0.2));
#1890 = DIRECTION('',(0.,0.,1.));
#1891 = DIRECTION('',(0.,1.,0.));
#1892 = ADVANCED_FACE('',(#1893),#1920,.F.);
#1893 = FACE_BOUND('',#1894,.F.);
#1894 = EDGE_LOOP('',(#1895,#1903,#1904,#1905,#1906,#1914));
#1895 = ORIENTED_EDGE('',*,*,#1896,.T.);
#1896 = EDGE_CURVE('',#1897,#1873,#1899,.T.);
#1897 = VERTEX_POINT('',#1898);
#1898 = CARTESIAN_POINT('',(2.6,-1.8,0.));
#1899 = LINE('',#1900,#1901);
#1900 = CARTESIAN_POINT('',(2.6,-1.8,0.));
#1901 = VECTOR('',#1902,1.);
#1902 = DIRECTION('',(0.,0.,1.));
#1903 = ORIENTED_EDGE('',*,*,#1880,.T.);
#1904 = ORIENTED_EDGE('',*,*,#356,.T.);
#1905 = ORIENTED_EDGE('',*,*,#1143,.T.);
#1906 = ORIENTED_EDGE('',*,*,#1907,.T.);
#1907 = EDGE_CURVE('',#1136,#1908,#1910,.T.);
#1908 = VERTEX_POINT('',#1909);
#1909 = CARTESIAN_POINT('',(2.6,-1.,0.));
#1910 = LINE('',#1911,#1912);
#1911 = CARTESIAN_POINT('',(2.6,-1.,7.E-02));
#1912 = VECTOR('',#1913,1.);
#1913 = DIRECTION('',(0.,0.,-1.));
#1914 = ORIENTED_EDGE('',*,*,#1915,.T.);
#1915 = EDGE_CURVE('',#1908,#1897,#1916,.T.);
#1916 = LINE('',#1917,#1918);
#1917 = CARTESIAN_POINT('',(2.6,-1.,0.));
#1918 = VECTOR('',#1919,1.);
#1919 = DIRECTION('',(0.,-1.,0.));
#1920 = PLANE('',#1921);
#1921 = AXIS2_PLACEMENT_3D('',#1922,#1923,#1924);
#1922 = CARTESIAN_POINT('',(2.6,-1.4065,9.35E-02));
#1923 = DIRECTION('',(-1.,-0.,-0.));
#1924 = DIRECTION('',(0.,0.,-1.));
#1925 = ADVANCED_FACE('',(#1926),#1937,.F.);
#1926 = FACE_BOUND('',#1927,.F.);
#1927 = EDGE_LOOP('',(#1928,#1929,#1930,#1936));
#1928 = ORIENTED_EDGE('',*,*,#706,.T.);
#1929 = ORIENTED_EDGE('',*,*,#1238,.T.);
#1930 = ORIENTED_EDGE('',*,*,#1931,.F.);
#1931 = EDGE_CURVE('',#1302,#1239,#1932,.T.);
#1932 = LINE('',#1933,#1934);
#1933 = CARTESIAN_POINT('',(3.5,0.1,3.82));
#1934 = VECTOR('',#1935,1.);
#1935 = DIRECTION('',(1.,0.,0.));
#1936 = ORIENTED_EDGE('',*,*,#1301,.F.);
#1937 = PLANE('',#1938);
#1938 = AXIS2_PLACEMENT_3D('',#1939,#1940,#1941);
#1939 = CARTESIAN_POINT('',(3.5,0.1,4.32));
#1940 = DIRECTION('',(0.,1.,0.));
#1941 = DIRECTION('',(0.,0.,-1.));
#1942 = ADVANCED_FACE('',(#1943),#1991,.F.);
#1943 = FACE_BOUND('',#1944,.F.);
#1944 = EDGE_LOOP('',(#1945,#1946,#1954,#1962,#1968,#1969,#1977,#1985));
#1945 = ORIENTED_EDGE('',*,*,#730,.F.);
#1946 = ORIENTED_EDGE('',*,*,#1947,.T.);
#1947 = EDGE_CURVE('',#731,#1948,#1950,.T.);
#1948 = VERTEX_POINT('',#1949);
#1949 = CARTESIAN_POINT('',(3.2,-0.7,1.32));
#1950 = LINE('',#1951,#1952);
#1951 = CARTESIAN_POINT('',(3.2,-0.7,4.32));
#1952 = VECTOR('',#1953,1.);
#1953 = DIRECTION('',(-0.,-0.,-1.));
#1954 = ORIENTED_EDGE('',*,*,#1955,.T.);
#1955 = EDGE_CURVE('',#1948,#1956,#1958,.T.);
#1956 = VERTEX_POINT('',#1957);
#1957 = CARTESIAN_POINT('',(3.2,1.4,1.32));
#1958 = LINE('',#1959,#1960);
#1959 = CARTESIAN_POINT('',(3.2,-0.7,1.32));
#1960 = VECTOR('',#1961,1.);
#1961 = DIRECTION('',(0.,1.,0.));
#1962 = ORIENTED_EDGE('',*,*,#1963,.F.);
#1963 = EDGE_CURVE('',#789,#1956,#1964,.T.);
#1964 = LINE('',#1965,#1966);
#1965 = CARTESIAN_POINT('',(3.2,1.4,4.32));
#1966 = VECTOR('',#1967,1.);
#1967 = DIRECTION('',(-0.,-0.,-1.));
#1968 = ORIENTED_EDGE('',*,*,#796,.F.);
#1969 = ORIENTED_EDGE('',*,*,#1970,.F.);
#1970 = EDGE_CURVE('',#1971,#797,#1973,.T.);
#1971 = VERTEX_POINT('',#1972);
#1972 = CARTESIAN_POINT('',(3.2,0.9,1.92));
#1973 = LINE('',#1974,#1975);
#1974 = CARTESIAN_POINT('',(3.2,0.9,4.32));
#1975 = VECTOR('',#1976,1.);
#1976 = DIRECTION('',(0.,0.,1.));
#1977 = ORIENTED_EDGE('',*,*,#1978,.T.);
#1978 = EDGE_CURVE('',#1971,#1979,#1981,.T.);
#1979 = VERTEX_POINT('',#1980);
#1980 = CARTESIAN_POINT('',(3.2,0.3,1.92));
#1981 = LINE('',#1982,#1983);
#1982 = CARTESIAN_POINT('',(3.2,-5.E-02,1.92));
#1983 = VECTOR('',#1984,1.);
#1984 = DIRECTION('',(0.,-1.,0.));
#1985 = ORIENTED_EDGE('',*,*,#1986,.F.);
#1986 = EDGE_CURVE('',#733,#1979,#1987,.T.);
#1987 = LINE('',#1988,#1989);
#1988 = CARTESIAN_POINT('',(3.2,0.3,4.32));
#1989 = VECTOR('',#1990,1.);
#1990 = DIRECTION('',(0.,0.,-1.));
#1991 = PLANE('',#1992);
#1992 = AXIS2_PLACEMENT_3D('',#1993,#1994,#1995);
#1993 = CARTESIAN_POINT('',(3.2,-0.7,4.32));
#1994 = DIRECTION('',(1.,0.,0.));
#1995 = DIRECTION('',(-0.,1.,0.));
#1996 = ADVANCED_FACE('',(#1997),#2015,.F.);
#1997 = FACE_BOUND('',#1998,.F.);
#1998 = EDGE_LOOP('',(#1999,#2000,#2001,#2009));
#1999 = ORIENTED_EDGE('',*,*,#820,.F.);
#2000 = ORIENTED_EDGE('',*,*,#1986,.T.);
#2001 = ORIENTED_EDGE('',*,*,#2002,.T.);
#2002 = EDGE_CURVE('',#1979,#2003,#2005,.T.);
#2003 = VERTEX_POINT('',#2004);
#2004 = CARTESIAN_POINT('',(3.55,0.3,1.92));
#2005 = LINE('',#2006,#2007);
#2006 = CARTESIAN_POINT('',(-3.55,0.3,1.92));
#2007 = VECTOR('',#2008,1.);
#2008 = DIRECTION('',(1.,0.,0.));
#2009 = ORIENTED_EDGE('',*,*,#2010,.F.);
#2010 = EDGE_CURVE('',#813,#2003,#2011,.T.);
#2011 = LINE('',#2012,#2013);
#2012 = CARTESIAN_POINT('',(3.55,0.3,4.32));
#2013 = VECTOR('',#2014,1.);
#2014 = DIRECTION('',(-0.,-0.,-1.));
#2015 = PLANE('',#2016);
#2016 = AXIS2_PLACEMENT_3D('',#2017,#2018,#2019);
#2017 = CARTESIAN_POINT('',(-3.55,0.3,4.32));
#2018 = DIRECTION('',(0.,-1.,0.));
#2019 = DIRECTION('',(1.,0.,0.));
#2020 = ADVANCED_FACE('',(#2021),#2039,.F.);
#2021 = FACE_BOUND('',#2022,.F.);
#2022 = EDGE_LOOP('',(#2023,#2024,#2032,#2038));
#2023 = ORIENTED_EDGE('',*,*,#2010,.T.);
#2024 = ORIENTED_EDGE('',*,*,#2025,.T.);
#2025 = EDGE_CURVE('',#2003,#2026,#2028,.T.);
#2026 = VERTEX_POINT('',#2027);
#2027 = CARTESIAN_POINT('',(3.55,0.9,1.92));
#2028 = LINE('',#2029,#2030);
#2029 = CARTESIAN_POINT('',(3.55,0.3,1.92));
#2030 = VECTOR('',#2031,1.);
#2031 = DIRECTION('',(0.,1.,0.));
#2032 = ORIENTED_EDGE('',*,*,#2033,.F.);
#2033 = EDGE_CURVE('',#805,#2026,#2034,.T.);
#2034 = LINE('',#2035,#2036);
#2035 = CARTESIAN_POINT('',(3.55,0.9,4.32));
#2036 = VECTOR('',#2037,1.);
#2037 = DIRECTION('',(-0.,-0.,-1.));
#2038 = ORIENTED_EDGE('',*,*,#812,.F.);
#2039 = PLANE('',#2040);
#2040 = AXIS2_PLACEMENT_3D('',#2041,#2042,#2043);
#2041 = CARTESIAN_POINT('',(3.55,0.3,4.32));
#2042 = DIRECTION('',(1.,0.,0.));
#2043 = DIRECTION('',(-0.,1.,0.));
#2044 = ADVANCED_FACE('',(#2045),#2056,.F.);
#2045 = FACE_BOUND('',#2046,.F.);
#2046 = EDGE_LOOP('',(#2047,#2048,#2049,#2055));
#2047 = ORIENTED_EDGE('',*,*,#804,.F.);
#2048 = ORIENTED_EDGE('',*,*,#2033,.T.);
#2049 = ORIENTED_EDGE('',*,*,#2050,.T.);
#2050 = EDGE_CURVE('',#2026,#1971,#2051,.T.);
#2051 = LINE('',#2052,#2053);
#2052 = CARTESIAN_POINT('',(3.55,0.9,1.92));
#2053 = VECTOR('',#2054,1.);
#2054 = DIRECTION('',(-1.,0.,0.));
#2055 = ORIENTED_EDGE('',*,*,#1970,.T.);
#2056 = PLANE('',#2057);
#2057 = AXIS2_PLACEMENT_3D('',#2058,#2059,#2060);
#2058 = CARTESIAN_POINT('',(3.55,0.9,4.32));
#2059 = DIRECTION('',(0.,1.,0.));
#2060 = DIRECTION('',(-1.,0.,0.));
#2061 = ADVANCED_FACE('',(#2062),#2080,.F.);
#2062 = FACE_BOUND('',#2063,.F.);
#2063 = EDGE_LOOP('',(#2064,#2065,#2073,#2079));
#2064 = ORIENTED_EDGE('',*,*,#1963,.T.);
#2065 = ORIENTED_EDGE('',*,*,#2066,.T.);
#2066 = EDGE_CURVE('',#1956,#2067,#2069,.T.);
#2067 = VERTEX_POINT('',#2068);
#2068 = CARTESIAN_POINT('',(-3.2,1.4,1.32));
#2069 = LINE('',#2070,#2071);
#2070 = CARTESIAN_POINT('',(3.2,1.4,1.32));
#2071 = VECTOR('',#2072,1.);
#2072 = DIRECTION('',(-1.,0.,0.));
#2073 = ORIENTED_EDGE('',*,*,#2074,.F.);
#2074 = EDGE_CURVE('',#781,#2067,#2075,.T.);
#2075 = LINE('',#2076,#2077);
#2076 = CARTESIAN_POINT('',(-3.2,1.4,4.32));
#2077 = VECTOR('',#2078,1.);
#2078 = DIRECTION('',(-0.,-0.,-1.));
#2079 = ORIENTED_EDGE('',*,*,#788,.F.);
#2080 = PLANE('',#2081);
#2081 = AXIS2_PLACEMENT_3D('',#2082,#2083,#2084);
#2082 = CARTESIAN_POINT('',(3.2,1.4,4.32));
#2083 = DIRECTION('',(0.,1.,0.));
#2084 = DIRECTION('',(-1.,0.,0.));
#2085 = ADVANCED_FACE('',(#2086),#2127,.F.);
#2086 = FACE_BOUND('',#2087,.F.);
#2087 = EDGE_LOOP('',(#2088,#2089,#2090,#2098,#2104,#2105,#2113,#2121));
#2088 = ORIENTED_EDGE('',*,*,#780,.F.);
#2089 = ORIENTED_EDGE('',*,*,#2074,.T.);
#2090 = ORIENTED_EDGE('',*,*,#2091,.T.);
#2091 = EDGE_CURVE('',#2067,#2092,#2094,.T.);
#2092 = VERTEX_POINT('',#2093);
#2093 = CARTESIAN_POINT('',(-3.2,-0.7,1.32));
#2094 = LINE('',#2095,#2096);
#2095 = CARTESIAN_POINT('',(-3.2,1.4,1.32));
#2096 = VECTOR('',#2097,1.);
#2097 = DIRECTION('',(0.,-1.,0.));
#2098 = ORIENTED_EDGE('',*,*,#2099,.F.);
#2099 = EDGE_CURVE('',#741,#2092,#2100,.T.);
#2100 = LINE('',#2101,#2102);
#2101 = CARTESIAN_POINT('',(-3.2,-0.7,4.32));
#2102 = VECTOR('',#2103,1.);
#2103 = DIRECTION('',(-0.,-0.,-1.));
#2104 = ORIENTED_EDGE('',*,*,#748,.F.);
#2105 = ORIENTED_EDGE('',*,*,#2106,.F.);
#2106 = EDGE_CURVE('',#2107,#749,#2109,.T.);
#2107 = VERTEX_POINT('',#2108);
#2108 = CARTESIAN_POINT('',(-3.2,0.3,1.92));
#2109 = LINE('',#2110,#2111);
#2110 = CARTESIAN_POINT('',(-3.2,0.3,4.32));
#2111 = VECTOR('',#2112,1.);
#2112 = DIRECTION('',(0.,0.,1.));
#2113 = ORIENTED_EDGE('',*,*,#2114,.T.);
#2114 = EDGE_CURVE('',#2107,#2115,#2117,.T.);
#2115 = VERTEX_POINT('',#2116);
#2116 = CARTESIAN_POINT('',(-3.2,0.9,1.92));
#2117 = LINE('',#2118,#2119);
#2118 = CARTESIAN_POINT('',(-3.2,1.,1.92));
#2119 = VECTOR('',#2120,1.);
#2120 = DIRECTION('',(0.,1.,0.));
#2121 = ORIENTED_EDGE('',*,*,#2122,.F.);
#2122 = EDGE_CURVE('',#773,#2115,#2123,.T.);
#2123 = LINE('',#2124,#2125);
#2124 = CARTESIAN_POINT('',(-3.2,0.9,4.32));
#2125 = VECTOR('',#2126,1.);
#2126 = DIRECTION('',(0.,0.,-1.));
#2127 = PLANE('',#2128);
#2128 = AXIS2_PLACEMENT_3D('',#2129,#2130,#2131);
#2129 = CARTESIAN_POINT('',(-3.2,1.4,4.32));
#2130 = DIRECTION('',(-1.,0.,0.));
#2131 = DIRECTION('',(0.,-1.,0.));
#2132 = ADVANCED_FACE('',(#2133),#2151,.F.);
#2133 = FACE_BOUND('',#2134,.F.);
#2134 = EDGE_LOOP('',(#2135,#2136,#2137,#2145));
#2135 = ORIENTED_EDGE('',*,*,#772,.F.);
#2136 = ORIENTED_EDGE('',*,*,#2122,.T.);
#2137 = ORIENTED_EDGE('',*,*,#2138,.T.);
#2138 = EDGE_CURVE('',#2115,#2139,#2141,.T.);
#2139 = VERTEX_POINT('',#2140);
#2140 = CARTESIAN_POINT('',(-3.55,0.9,1.92));
#2141 = LINE('',#2142,#2143);
#2142 = CARTESIAN_POINT('',(3.55,0.9,1.92));
#2143 = VECTOR('',#2144,1.);
#2144 = DIRECTION('',(-1.,0.,0.));
#2145 = ORIENTED_EDGE('',*,*,#2146,.F.);
#2146 = EDGE_CURVE('',#765,#2139,#2147,.T.);
#2147 = LINE('',#2148,#2149);
#2148 = CARTESIAN_POINT('',(-3.55,0.9,4.32));
#2149 = VECTOR('',#2150,1.);
#2150 = DIRECTION('',(-0.,-0.,-1.));
#2151 = PLANE('',#2152);
#2152 = AXIS2_PLACEMENT_3D('',#2153,#2154,#2155);
#2153 = CARTESIAN_POINT('',(3.55,0.9,4.32));
#2154 = DIRECTION('',(0.,1.,0.));
#2155 = DIRECTION('',(-1.,0.,0.));
#2156 = ADVANCED_FACE('',(#2157),#2175,.F.);
#2157 = FACE_BOUND('',#2158,.F.);
#2158 = EDGE_LOOP('',(#2159,#2160,#2168,#2174));
#2159 = ORIENTED_EDGE('',*,*,#2146,.T.);
#2160 = ORIENTED_EDGE('',*,*,#2161,.T.);
#2161 = EDGE_CURVE('',#2139,#2162,#2164,.T.);
#2162 = VERTEX_POINT('',#2163);
#2163 = CARTESIAN_POINT('',(-3.55,0.3,1.92));
#2164 = LINE('',#2165,#2166);
#2165 = CARTESIAN_POINT('',(-3.55,0.9,1.92));
#2166 = VECTOR('',#2167,1.);
#2167 = DIRECTION('',(0.,-1.,0.));
#2168 = ORIENTED_EDGE('',*,*,#2169,.F.);
#2169 = EDGE_CURVE('',#757,#2162,#2170,.T.);
#2170 = LINE('',#2171,#2172);
#2171 = CARTESIAN_POINT('',(-3.55,0.3,4.32));
#2172 = VECTOR('',#2173,1.);
#2173 = DIRECTION('',(-0.,-0.,-1.));
#2174 = ORIENTED_EDGE('',*,*,#764,.F.);
#2175 = PLANE('',#2176);
#2176 = AXIS2_PLACEMENT_3D('',#2177,#2178,#2179);
#2177 = CARTESIAN_POINT('',(-3.55,0.9,4.32));
#2178 = DIRECTION('',(-1.,0.,0.));
#2179 = DIRECTION('',(0.,-1.,0.));
#2180 = ADVANCED_FACE('',(#2181),#2192,.F.);
#2181 = FACE_BOUND('',#2182,.F.);
#2182 = EDGE_LOOP('',(#2183,#2184,#2185,#2191));
#2183 = ORIENTED_EDGE('',*,*,#756,.F.);
#2184 = ORIENTED_EDGE('',*,*,#2169,.T.);
#2185 = ORIENTED_EDGE('',*,*,#2186,.T.);
#2186 = EDGE_CURVE('',#2162,#2107,#2187,.T.);
#2187 = LINE('',#2188,#2189);
#2188 = CARTESIAN_POINT('',(-3.55,0.3,1.92));
#2189 = VECTOR('',#2190,1.);
#2190 = DIRECTION('',(1.,0.,0.));
#2191 = ORIENTED_EDGE('',*,*,#2106,.T.);
#2192 = PLANE('',#2193);
#2193 = AXIS2_PLACEMENT_3D('',#2194,#2195,#2196);
#2194 = CARTESIAN_POINT('',(-3.55,0.3,4.32));
#2195 = DIRECTION('',(0.,-1.,0.));
#2196 = DIRECTION('',(1.,0.,0.));
#2197 = ADVANCED_FACE('',(#2198),#2209,.F.);
#2198 = FACE_BOUND('',#2199,.F.);
#2199 = EDGE_LOOP('',(#2200,#2201,#2207,#2208));
#2200 = ORIENTED_EDGE('',*,*,#2099,.T.);
#2201 = ORIENTED_EDGE('',*,*,#2202,.T.);
#2202 = EDGE_CURVE('',#2092,#1948,#2203,.T.);
#2203 = LINE('',#2204,#2205);
#2204 = CARTESIAN_POINT('',(-3.2,-0.7,1.32));
#2205 = VECTOR('',#2206,1.);
#2206 = DIRECTION('',(1.,0.,0.));
#2207 = ORIENTED_EDGE('',*,*,#1947,.F.);
#2208 = ORIENTED_EDGE('',*,*,#740,.F.);
#2209 = PLANE('',#2210);
#2210 = AXIS2_PLACEMENT_3D('',#2211,#2212,#2213);
#2211 = CARTESIAN_POINT('',(-3.2,-0.7,4.32));
#2212 = DIRECTION('',(0.,-1.,0.));
#2213 = DIRECTION('',(1.,0.,0.));
#2214 = ADVANCED_FACE('',(#2215),#2232,.F.);
#2215 = FACE_BOUND('',#2216,.F.);
#2216 = EDGE_LOOP('',(#2217,#2218,#2226));
#2217 = ORIENTED_EDGE('',*,*,#884,.T.);
#2218 = ORIENTED_EDGE('',*,*,#2219,.F.);
#2219 = EDGE_CURVE('',#2220,#885,#2222,.T.);
#2220 = VERTEX_POINT('',#2221);
#2221 = CARTESIAN_POINT('',(3.5,1.3,1.27));
#2222 = LINE('',#2223,#2224);
#2223 = CARTESIAN_POINT('',(3.5,1.3,1.27));
#2224 = VECTOR('',#2225,1.);
#2225 = DIRECTION('',(0.,1.,0.));
#2226 = ORIENTED_EDGE('',*,*,#2227,.T.);
#2227 = EDGE_CURVE('',#2220,#877,#2228,.T.);
#2228 = LINE('',#2229,#2230);
#2229 = CARTESIAN_POINT('',(3.5,1.3,1.27));
#2230 = VECTOR('',#2231,1.);
#2231 = DIRECTION('',(0.,0.865781720524,0.500421834463));
#2232 = PLANE('',#2233);
#2233 = AXIS2_PLACEMENT_3D('',#2234,#2235,#2236);
#2234 = CARTESIAN_POINT('',(3.5,1.2070284193,0.61712900941));
#2235 = DIRECTION('',(-1.,-0.,-0.));
#2236 = DIRECTION('',(0.,0.,-1.));
#2237 = ADVANCED_FACE('',(#2238),#2271,.T.);
#2238 = FACE_BOUND('',#2239,.T.);
#2239 = EDGE_LOOP('',(#2240,#2248,#2256,#2264,#2270));
#2240 = ORIENTED_EDGE('',*,*,#2241,.T.);
#2241 = EDGE_CURVE('',#885,#2242,#2244,.T.);
#2242 = VERTEX_POINT('',#2243);
#2243 = CARTESIAN_POINT('',(3.7,1.8,1.27));
#2244 = LINE('',#2245,#2246);
#2245 = CARTESIAN_POINT('',(3.5,1.8,1.27));
#2246 = VECTOR('',#2247,1.);
#2247 = DIRECTION('',(1.,0.,0.));
#2248 = ORIENTED_EDGE('',*,*,#2249,.T.);
#2249 = EDGE_CURVE('',#2242,#2250,#2252,.T.);
#2250 = VERTEX_POINT('',#2251);
#2251 = CARTESIAN_POINT('',(3.7,1.8,2.E-02));
#2252 = LINE('',#2253,#2254);
#2253 = CARTESIAN_POINT('',(3.7,1.8,1.27));
#2254 = VECTOR('',#2255,1.);
#2255 = DIRECTION('',(0.,0.,-1.));
#2256 = ORIENTED_EDGE('',*,*,#2257,.F.);
#2257 = EDGE_CURVE('',#2258,#2250,#2260,.T.);
#2258 = VERTEX_POINT('',#2259);
#2259 = CARTESIAN_POINT('',(3.5,1.8,2.E-02));
#2260 = LINE('',#2261,#2262);
#2261 = CARTESIAN_POINT('',(3.5,1.8,2.E-02));
#2262 = VECTOR('',#2263,1.);
#2263 = DIRECTION('',(1.,0.,0.));
#2264 = ORIENTED_EDGE('',*,*,#2265,.F.);
#2265 = EDGE_CURVE('',#837,#2258,#2266,.T.);
#2266 = LINE('',#2267,#2268);
#2267 = CARTESIAN_POINT('',(3.5,1.8,1.27));
#2268 = VECTOR('',#2269,1.);
#2269 = DIRECTION('',(0.,0.,-1.));
#2270 = ORIENTED_EDGE('',*,*,#892,.F.);
#2271 = PLANE('',#2272);
#2272 = AXIS2_PLACEMENT_3D('',#2273,#2274,#2275);
#2273 = CARTESIAN_POINT('',(3.5,1.8,1.27));
#2274 = DIRECTION('',(0.,1.,0.));
#2275 = DIRECTION('',(0.,0.,-1.));
#2276 = ADVANCED_FACE('',(#2277),#2296,.F.);
#2277 = FACE_BOUND('',#2278,.F.);
#2278 = EDGE_LOOP('',(#2279,#2287,#2293,#2294,#2295));
#2279 = ORIENTED_EDGE('',*,*,#2280,.T.);
#2280 = EDGE_CURVE('',#2220,#2281,#2283,.T.);
#2281 = VERTEX_POINT('',#2282);
#2282 = CARTESIAN_POINT('',(3.7,1.3,1.27));
#2283 = LINE('',#2284,#2285);
#2284 = CARTESIAN_POINT('',(3.5,1.3,1.27));
#2285 = VECTOR('',#2286,1.);
#2286 = DIRECTION('',(1.,0.,0.));
#2287 = ORIENTED_EDGE('',*,*,#2288,.T.);
#2288 = EDGE_CURVE('',#2281,#1223,#2289,.T.);
#2289 = LINE('',#2290,#2291);
#2290 = CARTESIAN_POINT('',(3.5,1.3,1.27));
#2291 = VECTOR('',#2292,1.);
#2292 = DIRECTION('',(1.,0.,0.));
#2293 = ORIENTED_EDGE('',*,*,#1230,.T.);
#2294 = ORIENTED_EDGE('',*,*,#876,.F.);
#2295 = ORIENTED_EDGE('',*,*,#2227,.F.);
#2296 = PLANE('',#2297);
#2297 = AXIS2_PLACEMENT_3D('',#2298,#2299,#2300);
#2298 = CARTESIAN_POINT('',(3.5,1.3,1.27));
#2299 = DIRECTION('',(0.,-0.500421834463,0.865781720524));
#2300 = DIRECTION('',(0.,0.865781720524,0.500421834463));
#2301 = ADVANCED_FACE('',(#2302),#2312,.T.);
#2302 = FACE_BOUND('',#2303,.T.);
#2303 = EDGE_LOOP('',(#2304,#2305,#2311));
#2304 = ORIENTED_EDGE('',*,*,#852,.T.);
#2305 = ORIENTED_EDGE('',*,*,#2306,.F.);
#2306 = EDGE_CURVE('',#915,#845,#2307,.T.);
#2307 = LINE('',#2308,#2309);
#2308 = CARTESIAN_POINT('',(-3.5,1.3,1.27));
#2309 = VECTOR('',#2310,1.);
#2310 = DIRECTION('',(0.,1.,0.));
#2311 = ORIENTED_EDGE('',*,*,#922,.T.);
#2312 = PLANE('',#2313);
#2313 = AXIS2_PLACEMENT_3D('',#2314,#2315,#2316);
#2314 = CARTESIAN_POINT('',(-3.5,1.2070284193,0.61712900941));
#2315 = DIRECTION('',(-1.,-0.,-0.));
#2316 = DIRECTION('',(0.,0.,-1.));
#2317 = ADVANCED_FACE('',(#2318),#2351,.T.);
#2318 = FACE_BOUND('',#2319,.T.);
#2319 = EDGE_LOOP('',(#2320,#2328,#2329,#2337,#2345));
#2320 = ORIENTED_EDGE('',*,*,#2321,.T.);
#2321 = EDGE_CURVE('',#2322,#845,#2324,.T.);
#2322 = VERTEX_POINT('',#2323);
#2323 = CARTESIAN_POINT('',(-3.7,1.8,1.27));
#2324 = LINE('',#2325,#2326);
#2325 = CARTESIAN_POINT('',(-3.7,1.8,1.27));
#2326 = VECTOR('',#2327,1.);
#2327 = DIRECTION('',(1.,0.,0.));
#2328 = ORIENTED_EDGE('',*,*,#844,.T.);
#2329 = ORIENTED_EDGE('',*,*,#2330,.T.);
#2330 = EDGE_CURVE('',#835,#2331,#2333,.T.);
#2331 = VERTEX_POINT('',#2332);
#2332 = CARTESIAN_POINT('',(-3.5,1.8,2.E-02));
#2333 = LINE('',#2334,#2335);
#2334 = CARTESIAN_POINT('',(-3.5,1.8,1.27));
#2335 = VECTOR('',#2336,1.);
#2336 = DIRECTION('',(0.,0.,-1.));
#2337 = ORIENTED_EDGE('',*,*,#2338,.F.);
#2338 = EDGE_CURVE('',#2339,#2331,#2341,.T.);
#2339 = VERTEX_POINT('',#2340);
#2340 = CARTESIAN_POINT('',(-3.7,1.8,2.E-02));
#2341 = LINE('',#2342,#2343);
#2342 = CARTESIAN_POINT('',(-3.7,1.8,2.E-02));
#2343 = VECTOR('',#2344,1.);
#2344 = DIRECTION('',(1.,0.,0.));
#2345 = ORIENTED_EDGE('',*,*,#2346,.F.);
#2346 = EDGE_CURVE('',#2322,#2339,#2347,.T.);
#2347 = LINE('',#2348,#2349);
#2348 = CARTESIAN_POINT('',(-3.7,1.8,1.27));
#2349 = VECTOR('',#2350,1.);
#2350 = DIRECTION('',(0.,0.,-1.));
#2351 = PLANE('',#2352);
#2352 = AXIS2_PLACEMENT_3D('',#2353,#2354,#2355);
#2353 = CARTESIAN_POINT('',(-3.7,1.8,1.27));
#2354 = DIRECTION('',(0.,1.,0.));
#2355 = DIRECTION('',(0.,0.,-1.));
#2356 = ADVANCED_FACE('',(#2357),#2368,.T.);
#2357 = FACE_BOUND('',#2358,.T.);
#2358 = EDGE_LOOP('',(#2359,#2360,#2361,#2362));
#2359 = ORIENTED_EDGE('',*,*,#914,.T.);
#2360 = ORIENTED_EDGE('',*,*,#2306,.T.);
#2361 = ORIENTED_EDGE('',*,*,#2321,.F.);
#2362 = ORIENTED_EDGE('',*,*,#2363,.F.);
#2363 = EDGE_CURVE('',#907,#2322,#2364,.T.);
#2364 = LINE('',#2365,#2366);
#2365 = CARTESIAN_POINT('',(-3.7,1.3,1.27));
#2366 = VECTOR('',#2367,1.);
#2367 = DIRECTION('',(0.,1.,0.));
#2368 = PLANE('',#2369);
#2369 = AXIS2_PLACEMENT_3D('',#2370,#2371,#2372);
#2370 = CARTESIAN_POINT('',(-3.7,1.3,1.27));
#2371 = DIRECTION('',(0.,0.,1.));
#2372 = DIRECTION('',(0.,1.,0.));
#2373 = ADVANCED_FACE('',(#2374),#2395,.T.);
#2374 = FACE_BOUND('',#2375,.T.);
#2375 = EDGE_LOOP('',(#2376,#2384,#2385,#2386,#2387,#2388,#2389));
#2376 = ORIENTED_EDGE('',*,*,#2377,.T.);
#2377 = EDGE_CURVE('',#2378,#988,#2380,.T.);
#2378 = VERTEX_POINT('',#2379);
#2379 = CARTESIAN_POINT('',(-3.7,0.3,2.E-02));
#2380 = LINE('',#2381,#2382);
#2381 = CARTESIAN_POINT('',(-3.7,0.3,2.E-02));
#2382 = VECTOR('',#2383,1.);
#2383 = DIRECTION('',(0.,0.,1.));
#2384 = ORIENTED_EDGE('',*,*,#995,.T.);
#2385 = ORIENTED_EDGE('',*,*,#971,.T.);
#2386 = ORIENTED_EDGE('',*,*,#947,.T.);
#2387 = ORIENTED_EDGE('',*,*,#2363,.T.);
#2388 = ORIENTED_EDGE('',*,*,#2346,.T.);
#2389 = ORIENTED_EDGE('',*,*,#2390,.T.);
#2390 = EDGE_CURVE('',#2339,#2378,#2391,.T.);
#2391 = LINE('',#2392,#2393);
#2392 = CARTESIAN_POINT('',(-3.7,1.8,2.E-02));
#2393 = VECTOR('',#2394,1.);
#2394 = DIRECTION('',(0.,-1.,-1.156482317318E-17));
#2395 = PLANE('',#2396);
#2396 = AXIS2_PLACEMENT_3D('',#2397,#2398,#2399);
#2397 = CARTESIAN_POINT('',(-3.7,1.168181818182,0.526818181818));
#2398 = DIRECTION('',(-1.,-0.,-0.));
#2399 = DIRECTION('',(0.,0.,-1.));
#2400 = ADVANCED_FACE('',(#2401),#2419,.T.);
#2401 = FACE_BOUND('',#2402,.T.);
#2402 = EDGE_LOOP('',(#2403,#2404,#2412,#2418));
#2403 = ORIENTED_EDGE('',*,*,#2377,.F.);
#2404 = ORIENTED_EDGE('',*,*,#2405,.T.);
#2405 = EDGE_CURVE('',#2378,#2406,#2408,.T.);
#2406 = VERTEX_POINT('',#2407);
#2407 = CARTESIAN_POINT('',(-3.5,0.3,2.E-02));
#2408 = LINE('',#2409,#2410);
#2409 = CARTESIAN_POINT('',(-3.7,0.3,2.E-02));
#2410 = VECTOR('',#2411,1.);
#2411 = DIRECTION('',(1.,0.,0.));
#2412 = ORIENTED_EDGE('',*,*,#2413,.T.);
#2413 = EDGE_CURVE('',#2406,#1182,#2414,.T.);
#2414 = LINE('',#2415,#2416);
#2415 = CARTESIAN_POINT('',(-3.5,0.3,2.E-02));
#2416 = VECTOR('',#2417,1.);
#2417 = DIRECTION('',(0.,0.,1.));
#2418 = ORIENTED_EDGE('',*,*,#1189,.F.);
#2419 = PLANE('',#2420);
#2420 = AXIS2_PLACEMENT_3D('',#2421,#2422,#2423);
#2421 = CARTESIAN_POINT('',(-3.7,0.3,2.E-02));
#2422 = DIRECTION('',(0.,-1.,0.));
#2423 = DIRECTION('',(0.,0.,1.));
#2424 = ADVANCED_FACE('',(#2425),#2436,.F.);
#2425 = FACE_BOUND('',#2426,.F.);
#2426 = EDGE_LOOP('',(#2427,#2433,#2434,#2435));
#2427 = ORIENTED_EDGE('',*,*,#2428,.T.);
#2428 = EDGE_CURVE('',#2331,#2406,#2429,.T.);
#2429 = LINE('',#2430,#2431);
#2430 = CARTESIAN_POINT('',(-3.5,1.8,2.E-02));
#2431 = VECTOR('',#2432,1.);
#2432 = DIRECTION('',(0.,-1.,-1.156482317318E-17));
#2433 = ORIENTED_EDGE('',*,*,#2413,.T.);
#2434 = ORIENTED_EDGE('',*,*,#1181,.F.);
#2435 = ORIENTED_EDGE('',*,*,#2330,.T.);
#2436 = PLANE('',#2437);
#2437 = AXIS2_PLACEMENT_3D('',#2438,#2439,#2440);
#2438 = CARTESIAN_POINT('',(-3.5,1.168181818182,0.526818181818));
#2439 = DIRECTION('',(-1.,-0.,-0.));
#2440 = DIRECTION('',(0.,0.,-1.));
#2441 = ADVANCED_FACE('',(#2442),#2460,.T.);
#2442 = FACE_BOUND('',#2443,.T.);
#2443 = EDGE_LOOP('',(#2444,#2452,#2458,#2459));
#2444 = ORIENTED_EDGE('',*,*,#2445,.T.);
#2445 = EDGE_CURVE('',#2258,#2446,#2448,.T.);
#2446 = VERTEX_POINT('',#2447);
#2447 = CARTESIAN_POINT('',(3.5,0.3,2.E-02));
#2448 = LINE('',#2449,#2450);
#2449 = CARTESIAN_POINT('',(3.5,1.8,2.E-02));
#2450 = VECTOR('',#2451,1.);
#2451 = DIRECTION('',(0.,-1.,-1.156482317318E-17));
#2452 = ORIENTED_EDGE('',*,*,#2453,.T.);
#2453 = EDGE_CURVE('',#2446,#1167,#2454,.T.);
#2454 = LINE('',#2455,#2456);
#2455 = CARTESIAN_POINT('',(3.5,0.3,2.E-02));
#2456 = VECTOR('',#2457,1.);
#2457 = DIRECTION('',(0.,0.,1.));
#2458 = ORIENTED_EDGE('',*,*,#1174,.F.);
#2459 = ORIENTED_EDGE('',*,*,#2265,.T.);
#2460 = PLANE('',#2461);
#2461 = AXIS2_PLACEMENT_3D('',#2462,#2463,#2464);
#2462 = CARTESIAN_POINT('',(3.5,1.168181818182,0.526818181818));
#2463 = DIRECTION('',(-1.,-0.,-0.));
#2464 = DIRECTION('',(0.,0.,-1.));
#2465 = ADVANCED_FACE('',(#2466),#2484,.T.);
#2466 = FACE_BOUND('',#2467,.T.);
#2467 = EDGE_LOOP('',(#2468,#2469,#2477,#2483));
#2468 = ORIENTED_EDGE('',*,*,#2453,.F.);
#2469 = ORIENTED_EDGE('',*,*,#2470,.T.);
#2470 = EDGE_CURVE('',#2446,#2471,#2473,.T.);
#2471 = VERTEX_POINT('',#2472);
#2472 = CARTESIAN_POINT('',(3.7,0.3,2.E-02));
#2473 = LINE('',#2474,#2475);
#2474 = CARTESIAN_POINT('',(3.5,0.3,2.E-02));
#2475 = VECTOR('',#2476,1.);
#2476 = DIRECTION('',(1.,0.,0.));
#2477 = ORIENTED_EDGE('',*,*,#2478,.T.);
#2478 = EDGE_CURVE('',#2471,#1159,#2479,.T.);
#2479 = LINE('',#2480,#2481);
#2480 = CARTESIAN_POINT('',(3.7,0.3,2.E-02));
#2481 = VECTOR('',#2482,1.);
#2482 = DIRECTION('',(0.,0.,1.));
#2483 = ORIENTED_EDGE('',*,*,#1166,.F.);
#2484 = PLANE('',#2485);
#2485 = AXIS2_PLACEMENT_3D('',#2486,#2487,#2488);
#2486 = CARTESIAN_POINT('',(3.5,0.3,2.E-02));
#2487 = DIRECTION('',(0.,-1.,0.));
#2488 = DIRECTION('',(0.,0.,1.));
#2489 = ADVANCED_FACE('',(#2490),#2508,.F.);
#2490 = FACE_BOUND('',#2491,.F.);
#2491 = EDGE_LOOP('',(#2492,#2500,#2501,#2502));
#2492 = ORIENTED_EDGE('',*,*,#2493,.F.);
#2493 = EDGE_CURVE('',#1159,#2494,#2496,.T.);
#2494 = VERTEX_POINT('',#2495);
#2495 = CARTESIAN_POINT('',(3.7,0.3,0.62));
#2496 = LINE('',#2497,#2498);
#2497 = CARTESIAN_POINT('',(3.7,0.3,2.E-02));
#2498 = VECTOR('',#2499,1.);
#2499 = DIRECTION('',(0.,0.,1.));
#2500 = ORIENTED_EDGE('',*,*,#1158,.T.);
#2501 = ORIENTED_EDGE('',*,*,#1206,.T.);
#2502 = ORIENTED_EDGE('',*,*,#2503,.F.);
#2503 = EDGE_CURVE('',#2494,#1207,#2504,.T.);
#2504 = LINE('',#2505,#2506);
#2505 = CARTESIAN_POINT('',(3.5,0.3,0.62));
#2506 = VECTOR('',#2507,1.);
#2507 = DIRECTION('',(1.,0.,0.));
#2508 = PLANE('',#2509);
#2509 = AXIS2_PLACEMENT_3D('',#2510,#2511,#2512);
#2510 = CARTESIAN_POINT('',(3.5,0.3,7.E-02));
#2511 = DIRECTION('',(0.,-1.,0.));
#2512 = DIRECTION('',(0.,0.,1.));
#2513 = ADVANCED_FACE('',(#2514),#2525,.T.);
#2514 = FACE_BOUND('',#2515,.T.);
#2515 = EDGE_LOOP('',(#2516,#2517,#2518,#2524));
#2516 = ORIENTED_EDGE('',*,*,#1135,.T.);
#2517 = ORIENTED_EDGE('',*,*,#1907,.T.);
#2518 = ORIENTED_EDGE('',*,*,#2519,.F.);
#2519 = EDGE_CURVE('',#1851,#1908,#2520,.T.);
#2520 = LINE('',#2521,#2522);
#2521 = CARTESIAN_POINT('',(2.4,-1.,0.));
#2522 = VECTOR('',#2523,1.);
#2523 = DIRECTION('',(1.,0.,0.));
#2524 = ORIENTED_EDGE('',*,*,#1850,.F.);
#2525 = PLANE('',#2526);
#2526 = AXIS2_PLACEMENT_3D('',#2527,#2528,#2529);
#2527 = CARTESIAN_POINT('',(2.4,-1.,7.E-02));
#2528 = DIRECTION('',(0.,1.,0.));
#2529 = DIRECTION('',(0.,0.,-1.));
#2530 = ADVANCED_FACE('',(#2531),#2542,.T.);
#2531 = FACE_BOUND('',#2532,.T.);
#2532 = EDGE_LOOP('',(#2533,#2534,#2535,#2541));
#2533 = ORIENTED_EDGE('',*,*,#1112,.T.);
#2534 = ORIENTED_EDGE('',*,*,#1810,.T.);
#2535 = ORIENTED_EDGE('',*,*,#2536,.F.);
#2536 = EDGE_CURVE('',#1754,#1811,#2537,.T.);
#2537 = LINE('',#2538,#2539);
#2538 = CARTESIAN_POINT('',(1.4,-1.,0.));
#2539 = VECTOR('',#2540,1.);
#2540 = DIRECTION('',(1.,0.,0.));
#2541 = ORIENTED_EDGE('',*,*,#1753,.F.);
#2542 = PLANE('',#2543);
#2543 = AXIS2_PLACEMENT_3D('',#2544,#2545,#2546);
#2544 = CARTESIAN_POINT('',(1.4,-1.,7.E-02));
#2545 = DIRECTION('',(0.,1.,0.));
#2546 = DIRECTION('',(0.,0.,-1.));
#2547 = ADVANCED_FACE('',(#2548),#2559,.T.);
#2548 = FACE_BOUND('',#2549,.T.);
#2549 = EDGE_LOOP('',(#2550,#2551,#2552,#2558));
#2550 = ORIENTED_EDGE('',*,*,#1089,.T.);
#2551 = ORIENTED_EDGE('',*,*,#1713,.T.);
#2552 = ORIENTED_EDGE('',*,*,#2553,.F.);
#2553 = EDGE_CURVE('',#1657,#1714,#2554,.T.);
#2554 = LINE('',#2555,#2556);
#2555 = CARTESIAN_POINT('',(0.4,-1.,0.));
#2556 = VECTOR('',#2557,1.);
#2557 = DIRECTION('',(1.,0.,0.));
#2558 = ORIENTED_EDGE('',*,*,#1656,.F.);
#2559 = PLANE('',#2560);
#2560 = AXIS2_PLACEMENT_3D('',#2561,#2562,#2563);
#2561 = CARTESIAN_POINT('',(0.4,-1.,7.E-02));
#2562 = DIRECTION('',(0.,1.,0.));
#2563 = DIRECTION('',(0.,0.,-1.));
#2564 = ADVANCED_FACE('',(#2565),#2576,.T.);
#2565 = FACE_BOUND('',#2566,.T.);
#2566 = EDGE_LOOP('',(#2567,#2568,#2569,#2575));
#2567 = ORIENTED_EDGE('',*,*,#1066,.T.);
#2568 = ORIENTED_EDGE('',*,*,#1616,.T.);
#2569 = ORIENTED_EDGE('',*,*,#2570,.F.);
#2570 = EDGE_CURVE('',#1560,#1617,#2571,.T.);
#2571 = LINE('',#2572,#2573);
#2572 = CARTESIAN_POINT('',(-0.6,-1.,0.));
#2573 = VECTOR('',#2574,1.);
#2574 = DIRECTION('',(1.,0.,0.));
#2575 = ORIENTED_EDGE('',*,*,#1559,.F.);
#2576 = PLANE('',#2577);
#2577 = AXIS2_PLACEMENT_3D('',#2578,#2579,#2580);
#2578 = CARTESIAN_POINT('',(-0.6,-1.,7.E-02));
#2579 = DIRECTION('',(0.,1.,0.));
#2580 = DIRECTION('',(0.,0.,-1.));
#2581 = ADVANCED_FACE('',(#2582),#2593,.T.);
#2582 = FACE_BOUND('',#2583,.T.);
#2583 = EDGE_LOOP('',(#2584,#2585,#2586,#2592));
#2584 = ORIENTED_EDGE('',*,*,#1043,.T.);
#2585 = ORIENTED_EDGE('',*,*,#1519,.T.);
#2586 = ORIENTED_EDGE('',*,*,#2587,.F.);
#2587 = EDGE_CURVE('',#1463,#1520,#2588,.T.);
#2588 = LINE('',#2589,#2590);
#2589 = CARTESIAN_POINT('',(-1.6,-1.,0.));
#2590 = VECTOR('',#2591,1.);
#2591 = DIRECTION('',(1.,0.,0.));
#2592 = ORIENTED_EDGE('',*,*,#1462,.F.);
#2593 = PLANE('',#2594);
#2594 = AXIS2_PLACEMENT_3D('',#2595,#2596,#2597);
#2595 = CARTESIAN_POINT('',(-1.6,-1.,7.E-02));
#2596 = DIRECTION('',(0.,1.,0.));
#2597 = DIRECTION('',(0.,0.,-1.));
#2598 = ADVANCED_FACE('',(#2599),#2610,.T.);
#2599 = FACE_BOUND('',#2600,.T.);
#2600 = EDGE_LOOP('',(#2601,#2602,#2603,#2609));
#2601 = ORIENTED_EDGE('',*,*,#1020,.T.);
#2602 = ORIENTED_EDGE('',*,*,#1422,.T.);
#2603 = ORIENTED_EDGE('',*,*,#2604,.F.);
#2604 = EDGE_CURVE('',#1366,#1423,#2605,.T.);
#2605 = LINE('',#2606,#2607);
#2606 = CARTESIAN_POINT('',(-2.6,-1.,0.));
#2607 = VECTOR('',#2608,1.);
#2608 = DIRECTION('',(1.,0.,0.));
#2609 = ORIENTED_EDGE('',*,*,#1365,.F.);
#2610 = PLANE('',#2611);
#2611 = AXIS2_PLACEMENT_3D('',#2612,#2613,#2614);
#2612 = CARTESIAN_POINT('',(-2.6,-1.,7.E-02));
#2613 = DIRECTION('',(0.,1.,0.));
#2614 = DIRECTION('',(0.,0.,-1.));
#2615 = ADVANCED_FACE('',(#2616),#2627,.F.);
#2616 = FACE_BOUND('',#2617,.F.);
#2617 = EDGE_LOOP('',(#2618,#2624,#2625,#2626));
#2618 = ORIENTED_EDGE('',*,*,#2619,.T.);
#2619 = EDGE_CURVE('',#1310,#1247,#2620,.T.);
#2620 = LINE('',#2621,#2622);
#2621 = CARTESIAN_POINT('',(3.5,-0.55,3.82));
#2622 = VECTOR('',#2623,1.);
#2623 = DIRECTION('',(1.,0.,0.));
#2624 = ORIENTED_EDGE('',*,*,#1254,.T.);
#2625 = ORIENTED_EDGE('',*,*,#1276,.F.);
#2626 = ORIENTED_EDGE('',*,*,#1317,.F.);
#2627 = PLANE('',#2628);
#2628 = AXIS2_PLACEMENT_3D('',#2629,#2630,#2631);
#2629 = CARTESIAN_POINT('',(3.5,-0.55,3.82));
#2630 = DIRECTION('',(0.,1.,0.));
#2631 = DIRECTION('',(0.,0.,-1.));
#2632 = ADVANCED_FACE('',(#2633),#2639,.F.);
#2633 = FACE_BOUND('',#2634,.F.);
#2634 = EDGE_LOOP('',(#2635,#2636,#2637,#2638));
#2635 = ORIENTED_EDGE('',*,*,#1931,.T.);
#2636 = ORIENTED_EDGE('',*,*,#1246,.T.);
#2637 = ORIENTED_EDGE('',*,*,#2619,.F.);
#2638 = ORIENTED_EDGE('',*,*,#1309,.F.);
#2639 = PLANE('',#2640);
#2640 = AXIS2_PLACEMENT_3D('',#2641,#2642,#2643);
#2641 = CARTESIAN_POINT('',(3.5,0.1,3.82));
#2642 = DIRECTION('',(0.,0.,-1.));
#2643 = DIRECTION('',(0.,-1.,0.));
#2644 = ADVANCED_FACE('',(#2645),#2663,.F.);
#2645 = FACE_BOUND('',#2646,.F.);
#2646 = EDGE_LOOP('',(#2647,#2655,#2661,#2662));
#2647 = ORIENTED_EDGE('',*,*,#2648,.F.);
#2648 = EDGE_CURVE('',#2649,#2281,#2651,.T.);
#2649 = VERTEX_POINT('',#2650);
#2650 = CARTESIAN_POINT('',(3.7,1.3,0.62));
#2651 = LINE('',#2652,#2653);
#2652 = CARTESIAN_POINT('',(3.7,1.3,0.62));
#2653 = VECTOR('',#2654,1.);
#2654 = DIRECTION('',(0.,0.,1.));
#2655 = ORIENTED_EDGE('',*,*,#2656,.T.);
#2656 = EDGE_CURVE('',#2649,#1215,#2657,.T.);
#2657 = LINE('',#2658,#2659);
#2658 = CARTESIAN_POINT('',(3.5,1.3,0.62));
#2659 = VECTOR('',#2660,1.);
#2660 = DIRECTION('',(1.,0.,0.));
#2661 = ORIENTED_EDGE('',*,*,#1222,.T.);
#2662 = ORIENTED_EDGE('',*,*,#2288,.F.);
#2663 = PLANE('',#2664);
#2664 = AXIS2_PLACEMENT_3D('',#2665,#2666,#2667);
#2665 = CARTESIAN_POINT('',(3.5,1.3,0.62));
#2666 = DIRECTION('',(0.,-1.,0.));
#2667 = DIRECTION('',(0.,0.,1.));
#2668 = ADVANCED_FACE('',(#2669),#2680,.F.);
#2669 = FACE_BOUND('',#2670,.F.);
#2670 = EDGE_LOOP('',(#2671,#2677,#2678,#2679));
#2671 = ORIENTED_EDGE('',*,*,#2672,.F.);
#2672 = EDGE_CURVE('',#2494,#2649,#2673,.T.);
#2673 = LINE('',#2674,#2675);
#2674 = CARTESIAN_POINT('',(3.7,0.3,0.62));
#2675 = VECTOR('',#2676,1.);
#2676 = DIRECTION('',(0.,1.,0.));
#2677 = ORIENTED_EDGE('',*,*,#2503,.T.);
#2678 = ORIENTED_EDGE('',*,*,#1214,.T.);
#2679 = ORIENTED_EDGE('',*,*,#2656,.F.);
#2680 = PLANE('',#2681);
#2681 = AXIS2_PLACEMENT_3D('',#2682,#2683,#2684);
#2682 = CARTESIAN_POINT('',(3.5,0.3,0.62));
#2683 = DIRECTION('',(0.,0.,1.));
#2684 = DIRECTION('',(0.,1.,0.));
#2685 = ADVANCED_FACE('',(#2686),#2697,.T.);
#2686 = FACE_BOUND('',#2687,.T.);
#2687 = EDGE_LOOP('',(#2688,#2694,#2695,#2696));
#2688 = ORIENTED_EDGE('',*,*,#2689,.T.);
#2689 = EDGE_CURVE('',#1348,#1412,#2690,.T.);
#2690 = LINE('',#2691,#2692);
#2691 = CARTESIAN_POINT('',(-2.6,-1.8,0.));
#2692 = VECTOR('',#2693,1.);
#2693 = DIRECTION('',(1.,0.,0.));
#2694 = ORIENTED_EDGE('',*,*,#1411,.T.);
#2695 = ORIENTED_EDGE('',*,*,#1387,.F.);
#2696 = ORIENTED_EDGE('',*,*,#1347,.F.);
#2697 = PLANE('',#2698);
#2698 = AXIS2_PLACEMENT_3D('',#2699,#2700,#2701);
#2699 = CARTESIAN_POINT('',(-2.6,-1.8,0.));
#2700 = DIRECTION('',(0.,-1.,0.));
#2701 = DIRECTION('',(0.,0.,1.));
#2702 = ADVANCED_FACE('',(#2703),#2709,.T.);
#2703 = FACE_BOUND('',#2704,.T.);
#2704 = EDGE_LOOP('',(#2705,#2706,#2707,#2708));
#2705 = ORIENTED_EDGE('',*,*,#2604,.T.);
#2706 = ORIENTED_EDGE('',*,*,#1430,.T.);
#2707 = ORIENTED_EDGE('',*,*,#2689,.F.);
#2708 = ORIENTED_EDGE('',*,*,#1373,.F.);
#2709 = PLANE('',#2710);
#2710 = AXIS2_PLACEMENT_3D('',#2711,#2712,#2713);
#2711 = CARTESIAN_POINT('',(-2.6,-1.,0.));
#2712 = DIRECTION('',(0.,0.,-1.));
#2713 = DIRECTION('',(0.,-1.,0.));
#2714 = ADVANCED_FACE('',(#2715),#2726,.T.);
#2715 = FACE_BOUND('',#2716,.T.);
#2716 = EDGE_LOOP('',(#2717,#2723,#2724,#2725));
#2717 = ORIENTED_EDGE('',*,*,#2718,.T.);
#2718 = EDGE_CURVE('',#1445,#1509,#2719,.T.);
#2719 = LINE('',#2720,#2721);
#2720 = CARTESIAN_POINT('',(-1.6,-1.8,0.));
#2721 = VECTOR('',#2722,1.);
#2722 = DIRECTION('',(1.,0.,0.));
#2723 = ORIENTED_EDGE('',*,*,#1508,.T.);
#2724 = ORIENTED_EDGE('',*,*,#1484,.F.);
#2725 = ORIENTED_EDGE('',*,*,#1444,.F.);
#2726 = PLANE('',#2727);
#2727 = AXIS2_PLACEMENT_3D('',#2728,#2729,#2730);
#2728 = CARTESIAN_POINT('',(-1.6,-1.8,0.));
#2729 = DIRECTION('',(0.,-1.,0.));
#2730 = DIRECTION('',(0.,0.,1.));
#2731 = ADVANCED_FACE('',(#2732),#2738,.T.);
#2732 = FACE_BOUND('',#2733,.T.);
#2733 = EDGE_LOOP('',(#2734,#2735,#2736,#2737));
#2734 = ORIENTED_EDGE('',*,*,#2587,.T.);
#2735 = ORIENTED_EDGE('',*,*,#1527,.T.);
#2736 = ORIENTED_EDGE('',*,*,#2718,.F.);
#2737 = ORIENTED_EDGE('',*,*,#1470,.F.);
#2738 = PLANE('',#2739);
#2739 = AXIS2_PLACEMENT_3D('',#2740,#2741,#2742);
#2740 = CARTESIAN_POINT('',(-1.6,-1.,0.));
#2741 = DIRECTION('',(0.,0.,-1.));
#2742 = DIRECTION('',(0.,-1.,0.));
#2743 = ADVANCED_FACE('',(#2744),#2755,.T.);
#2744 = FACE_BOUND('',#2745,.T.);
#2745 = EDGE_LOOP('',(#2746,#2752,#2753,#2754));
#2746 = ORIENTED_EDGE('',*,*,#2747,.T.);
#2747 = EDGE_CURVE('',#1542,#1606,#2748,.T.);
#2748 = LINE('',#2749,#2750);
#2749 = CARTESIAN_POINT('',(-0.6,-1.8,0.));
#2750 = VECTOR('',#2751,1.);
#2751 = DIRECTION('',(1.,0.,0.));
#2752 = ORIENTED_EDGE('',*,*,#1605,.T.);
#2753 = ORIENTED_EDGE('',*,*,#1581,.F.);
#2754 = ORIENTED_EDGE('',*,*,#1541,.F.);
#2755 = PLANE('',#2756);
#2756 = AXIS2_PLACEMENT_3D('',#2757,#2758,#2759);
#2757 = CARTESIAN_POINT('',(-0.6,-1.8,0.));
#2758 = DIRECTION('',(0.,-1.,0.));
#2759 = DIRECTION('',(0.,0.,1.));
#2760 = ADVANCED_FACE('',(#2761),#2767,.T.);
#2761 = FACE_BOUND('',#2762,.T.);
#2762 = EDGE_LOOP('',(#2763,#2764,#2765,#2766));
#2763 = ORIENTED_EDGE('',*,*,#2570,.T.);
#2764 = ORIENTED_EDGE('',*,*,#1624,.T.);
#2765 = ORIENTED_EDGE('',*,*,#2747,.F.);
#2766 = ORIENTED_EDGE('',*,*,#1567,.F.);
#2767 = PLANE('',#2768);
#2768 = AXIS2_PLACEMENT_3D('',#2769,#2770,#2771);
#2769 = CARTESIAN_POINT('',(-0.6,-1.,0.));
#2770 = DIRECTION('',(0.,0.,-1.));
#2771 = DIRECTION('',(0.,-1.,0.));
#2772 = ADVANCED_FACE('',(#2773),#2784,.T.);
#2773 = FACE_BOUND('',#2774,.T.);
#2774 = EDGE_LOOP('',(#2775,#2781,#2782,#2783));
#2775 = ORIENTED_EDGE('',*,*,#2776,.T.);
#2776 = EDGE_CURVE('',#1639,#1703,#2777,.T.);
#2777 = LINE('',#2778,#2779);
#2778 = CARTESIAN_POINT('',(0.4,-1.8,0.));
#2779 = VECTOR('',#2780,1.);
#2780 = DIRECTION('',(1.,0.,0.));
#2781 = ORIENTED_EDGE('',*,*,#1702,.T.);
#2782 = ORIENTED_EDGE('',*,*,#1678,.F.);
#2783 = ORIENTED_EDGE('',*,*,#1638,.F.);
#2784 = PLANE('',#2785);
#2785 = AXIS2_PLACEMENT_3D('',#2786,#2787,#2788);
#2786 = CARTESIAN_POINT('',(0.4,-1.8,0.));
#2787 = DIRECTION('',(0.,-1.,0.));
#2788 = DIRECTION('',(0.,0.,1.));
#2789 = ADVANCED_FACE('',(#2790),#2796,.T.);
#2790 = FACE_BOUND('',#2791,.T.);
#2791 = EDGE_LOOP('',(#2792,#2793,#2794,#2795));
#2792 = ORIENTED_EDGE('',*,*,#2553,.T.);
#2793 = ORIENTED_EDGE('',*,*,#1721,.T.);
#2794 = ORIENTED_EDGE('',*,*,#2776,.F.);
#2795 = ORIENTED_EDGE('',*,*,#1664,.F.);
#2796 = PLANE('',#2797);
#2797 = AXIS2_PLACEMENT_3D('',#2798,#2799,#2800);
#2798 = CARTESIAN_POINT('',(0.4,-1.,0.));
#2799 = DIRECTION('',(0.,0.,-1.));
#2800 = DIRECTION('',(0.,-1.,0.));
#2801 = ADVANCED_FACE('',(#2802),#2813,.T.);
#2802 = FACE_BOUND('',#2803,.T.);
#2803 = EDGE_LOOP('',(#2804,#2810,#2811,#2812));
#2804 = ORIENTED_EDGE('',*,*,#2805,.T.);
#2805 = EDGE_CURVE('',#1736,#1800,#2806,.T.);
#2806 = LINE('',#2807,#2808);
#2807 = CARTESIAN_POINT('',(1.4,-1.8,0.));
#2808 = VECTOR('',#2809,1.);
#2809 = DIRECTION('',(1.,0.,0.));
#2810 = ORIENTED_EDGE('',*,*,#1799,.T.);
#2811 = ORIENTED_EDGE('',*,*,#1775,.F.);
#2812 = ORIENTED_EDGE('',*,*,#1735,.F.);
#2813 = PLANE('',#2814);
#2814 = AXIS2_PLACEMENT_3D('',#2815,#2816,#2817);
#2815 = CARTESIAN_POINT('',(1.4,-1.8,0.));
#2816 = DIRECTION('',(0.,-1.,0.));
#2817 = DIRECTION('',(0.,0.,1.));
#2818 = ADVANCED_FACE('',(#2819),#2825,.T.);
#2819 = FACE_BOUND('',#2820,.T.);
#2820 = EDGE_LOOP('',(#2821,#2822,#2823,#2824));
#2821 = ORIENTED_EDGE('',*,*,#2536,.T.);
#2822 = ORIENTED_EDGE('',*,*,#1818,.T.);
#2823 = ORIENTED_EDGE('',*,*,#2805,.F.);
#2824 = ORIENTED_EDGE('',*,*,#1761,.F.);
#2825 = PLANE('',#2826);
#2826 = AXIS2_PLACEMENT_3D('',#2827,#2828,#2829);
#2827 = CARTESIAN_POINT('',(1.4,-1.,0.));
#2828 = DIRECTION('',(0.,0.,-1.));
#2829 = DIRECTION('',(0.,-1.,0.));
#2830 = ADVANCED_FACE('',(#2831),#2842,.T.);
#2831 = FACE_BOUND('',#2832,.T.);
#2832 = EDGE_LOOP('',(#2833,#2839,#2840,#2841));
#2833 = ORIENTED_EDGE('',*,*,#2834,.T.);
#2834 = EDGE_CURVE('',#1833,#1897,#2835,.T.);
#2835 = LINE('',#2836,#2837);
#2836 = CARTESIAN_POINT('',(2.4,-1.8,0.));
#2837 = VECTOR('',#2838,1.);
#2838 = DIRECTION('',(1.,0.,0.));
#2839 = ORIENTED_EDGE('',*,*,#1896,.T.);
#2840 = ORIENTED_EDGE('',*,*,#1872,.F.);
#2841 = ORIENTED_EDGE('',*,*,#1832,.F.);
#2842 = PLANE('',#2843);
#2843 = AXIS2_PLACEMENT_3D('',#2844,#2845,#2846);
#2844 = CARTESIAN_POINT('',(2.4,-1.8,0.));
#2845 = DIRECTION('',(0.,-1.,0.));
#2846 = DIRECTION('',(0.,0.,1.));
#2847 = ADVANCED_FACE('',(#2848),#2854,.T.);
#2848 = FACE_BOUND('',#2849,.T.);
#2849 = EDGE_LOOP('',(#2850,#2851,#2852,#2853));
#2850 = ORIENTED_EDGE('',*,*,#2519,.T.);
#2851 = ORIENTED_EDGE('',*,*,#1915,.T.);
#2852 = ORIENTED_EDGE('',*,*,#2834,.F.);
#2853 = ORIENTED_EDGE('',*,*,#1858,.F.);
#2854 = PLANE('',#2855);
#2855 = AXIS2_PLACEMENT_3D('',#2856,#2857,#2858);
#2856 = CARTESIAN_POINT('',(2.4,-1.,0.));
#2857 = DIRECTION('',(0.,0.,-1.));
#2858 = DIRECTION('',(0.,-1.,0.));
#2859 = ADVANCED_FACE('',(#2860),#2866,.T.);
#2860 = FACE_BOUND('',#2861,.T.);
#2861 = EDGE_LOOP('',(#2862,#2863,#2864,#2865));
#2862 = ORIENTED_EDGE('',*,*,#2002,.T.);
#2863 = ORIENTED_EDGE('',*,*,#2025,.T.);
#2864 = ORIENTED_EDGE('',*,*,#2050,.T.);
#2865 = ORIENTED_EDGE('',*,*,#1978,.T.);
#2866 = PLANE('',#2867);
#2867 = AXIS2_PLACEMENT_3D('',#2868,#2869,#2870);
#2868 = CARTESIAN_POINT('',(5.767392335715E-16,0.6,1.92));
#2869 = DIRECTION('',(0.,0.,1.));
#2870 = DIRECTION('',(1.,0.,-0.));
#2871 = ADVANCED_FACE('',(#2872,#2878,#2912,#2946,#2980,#3014,#3048),
  #3082,.T.);
#2872 = FACE_BOUND('',#2873,.T.);
#2873 = EDGE_LOOP('',(#2874,#2875,#2876,#2877));
#2874 = ORIENTED_EDGE('',*,*,#1955,.T.);
#2875 = ORIENTED_EDGE('',*,*,#2066,.T.);
#2876 = ORIENTED_EDGE('',*,*,#2091,.T.);
#2877 = ORIENTED_EDGE('',*,*,#2202,.T.);
#2878 = FACE_BOUND('',#2879,.T.);
#2879 = EDGE_LOOP('',(#2880,#2890,#2898,#2906));
#2880 = ORIENTED_EDGE('',*,*,#2881,.F.);
#2881 = EDGE_CURVE('',#2882,#2884,#2886,.T.);
#2882 = VERTEX_POINT('',#2883);
#2883 = CARTESIAN_POINT('',(-2.6,0.5,1.32));
#2884 = VERTEX_POINT('',#2885);
#2885 = CARTESIAN_POINT('',(-2.4,0.5,1.32));
#2886 = LINE('',#2887,#2888);
#2887 = CARTESIAN_POINT('',(-2.6,0.5,1.32));
#2888 = VECTOR('',#2889,1.);
#2889 = DIRECTION('',(1.,0.,0.));
#2890 = ORIENTED_EDGE('',*,*,#2891,.F.);
#2891 = EDGE_CURVE('',#2892,#2882,#2894,.T.);
#2892 = VERTEX_POINT('',#2893);
#2893 = CARTESIAN_POINT('',(-2.6,0.98,1.32));
#2894 = LINE('',#2895,#2896);
#2895 = CARTESIAN_POINT('',(-2.6,0.98,1.32));
#2896 = VECTOR('',#2897,1.);
#2897 = DIRECTION('',(0.,-1.,-4.625929269271E-16));
#2898 = ORIENTED_EDGE('',*,*,#2899,.T.);
#2899 = EDGE_CURVE('',#2892,#2900,#2902,.T.);
#2900 = VERTEX_POINT('',#2901);
#2901 = CARTESIAN_POINT('',(-2.4,0.98,1.32));
#2902 = LINE('',#2903,#2904);
#2903 = CARTESIAN_POINT('',(-2.6,0.98,1.32));
#2904 = VECTOR('',#2905,1.);
#2905 = DIRECTION('',(1.,0.,0.));
#2906 = ORIENTED_EDGE('',*,*,#2907,.T.);
#2907 = EDGE_CURVE('',#2900,#2884,#2908,.T.);
#2908 = LINE('',#2909,#2910);
#2909 = CARTESIAN_POINT('',(-2.4,0.98,1.32));
#2910 = VECTOR('',#2911,1.);
#2911 = DIRECTION('',(0.,-1.,-4.625929269271E-16));
#2912 = FACE_BOUND('',#2913,.T.);
#2913 = EDGE_LOOP('',(#2914,#2924,#2932,#2940));
#2914 = ORIENTED_EDGE('',*,*,#2915,.F.);
#2915 = EDGE_CURVE('',#2916,#2918,#2920,.T.);
#2916 = VERTEX_POINT('',#2917);
#2917 = CARTESIAN_POINT('',(-1.6,0.5,1.32));
#2918 = VERTEX_POINT('',#2919);
#2919 = CARTESIAN_POINT('',(-1.4,0.5,1.32));
#2920 = LINE('',#2921,#2922);
#2921 = CARTESIAN_POINT('',(-1.6,0.5,1.32));
#2922 = VECTOR('',#2923,1.);
#2923 = DIRECTION('',(1.,0.,0.));
#2924 = ORIENTED_EDGE('',*,*,#2925,.F.);
#2925 = EDGE_CURVE('',#2926,#2916,#2928,.T.);
#2926 = VERTEX_POINT('',#2927);
#2927 = CARTESIAN_POINT('',(-1.6,0.98,1.32));
#2928 = LINE('',#2929,#2930);
#2929 = CARTESIAN_POINT('',(-1.6,0.98,1.32));
#2930 = VECTOR('',#2931,1.);
#2931 = DIRECTION('',(0.,-1.,-4.625929269271E-16));
#2932 = ORIENTED_EDGE('',*,*,#2933,.T.);
#2933 = EDGE_CURVE('',#2926,#2934,#2936,.T.);
#2934 = VERTEX_POINT('',#2935);
#2935 = CARTESIAN_POINT('',(-1.4,0.98,1.32));
#2936 = LINE('',#2937,#2938);
#2937 = CARTESIAN_POINT('',(-1.6,0.98,1.32));
#2938 = VECTOR('',#2939,1.);
#2939 = DIRECTION('',(1.,0.,0.));
#2940 = ORIENTED_EDGE('',*,*,#2941,.T.);
#2941 = EDGE_CURVE('',#2934,#2918,#2942,.T.);
#2942 = LINE('',#2943,#2944);
#2943 = CARTESIAN_POINT('',(-1.4,0.98,1.32));
#2944 = VECTOR('',#2945,1.);
#2945 = DIRECTION('',(0.,-1.,-4.625929269271E-16));
#2946 = FACE_BOUND('',#2947,.T.);
#2947 = EDGE_LOOP('',(#2948,#2958,#2966,#2974));
#2948 = ORIENTED_EDGE('',*,*,#2949,.F.);
#2949 = EDGE_CURVE('',#2950,#2952,#2954,.T.);
#2950 = VERTEX_POINT('',#2951);
#2951 = CARTESIAN_POINT('',(-0.6,0.5,1.32));
#2952 = VERTEX_POINT('',#2953);
#2953 = CARTESIAN_POINT('',(-0.4,0.5,1.32));
#2954 = LINE('',#2955,#2956);
#2955 = CARTESIAN_POINT('',(-0.6,0.5,1.32));
#2956 = VECTOR('',#2957,1.);
#2957 = DIRECTION('',(1.,0.,0.));
#2958 = ORIENTED_EDGE('',*,*,#2959,.F.);
#2959 = EDGE_CURVE('',#2960,#2950,#2962,.T.);
#2960 = VERTEX_POINT('',#2961);
#2961 = CARTESIAN_POINT('',(-0.6,0.98,1.32));
#2962 = LINE('',#2963,#2964);
#2963 = CARTESIAN_POINT('',(-0.6,0.98,1.32));
#2964 = VECTOR('',#2965,1.);
#2965 = DIRECTION('',(0.,-1.,-4.625929269271E-16));
#2966 = ORIENTED_EDGE('',*,*,#2967,.T.);
#2967 = EDGE_CURVE('',#2960,#2968,#2970,.T.);
#2968 = VERTEX_POINT('',#2969);
#2969 = CARTESIAN_POINT('',(-0.4,0.98,1.32));
#2970 = LINE('',#2971,#2972);
#2971 = CARTESIAN_POINT('',(-0.6,0.98,1.32));
#2972 = VECTOR('',#2973,1.);
#2973 = DIRECTION('',(1.,0.,0.));
#2974 = ORIENTED_EDGE('',*,*,#2975,.T.);
#2975 = EDGE_CURVE('',#2968,#2952,#2976,.T.);
#2976 = LINE('',#2977,#2978);
#2977 = CARTESIAN_POINT('',(-0.4,0.98,1.32));
#2978 = VECTOR('',#2979,1.);
#2979 = DIRECTION('',(0.,-1.,-4.625929269271E-16));
#2980 = FACE_BOUND('',#2981,.T.);
#2981 = EDGE_LOOP('',(#2982,#2992,#3000,#3008));
#2982 = ORIENTED_EDGE('',*,*,#2983,.F.);
#2983 = EDGE_CURVE('',#2984,#2986,#2988,.T.);
#2984 = VERTEX_POINT('',#2985);
#2985 = CARTESIAN_POINT('',(0.4,0.5,1.32));
#2986 = VERTEX_POINT('',#2987);
#2987 = CARTESIAN_POINT('',(0.6,0.5,1.32));
#2988 = LINE('',#2989,#2990);
#2989 = CARTESIAN_POINT('',(0.4,0.5,1.32));
#2990 = VECTOR('',#2991,1.);
#2991 = DIRECTION('',(1.,0.,0.));
#2992 = ORIENTED_EDGE('',*,*,#2993,.F.);
#2993 = EDGE_CURVE('',#2994,#2984,#2996,.T.);
#2994 = VERTEX_POINT('',#2995);
#2995 = CARTESIAN_POINT('',(0.4,0.98,1.32));
#2996 = LINE('',#2997,#2998);
#2997 = CARTESIAN_POINT('',(0.4,0.98,1.32));
#2998 = VECTOR('',#2999,1.);
#2999 = DIRECTION('',(0.,-1.,-4.625929269271E-16));
#3000 = ORIENTED_EDGE('',*,*,#3001,.T.);
#3001 = EDGE_CURVE('',#2994,#3002,#3004,.T.);
#3002 = VERTEX_POINT('',#3003);
#3003 = CARTESIAN_POINT('',(0.6,0.98,1.32));
#3004 = LINE('',#3005,#3006);
#3005 = CARTESIAN_POINT('',(0.4,0.98,1.32));
#3006 = VECTOR('',#3007,1.);
#3007 = DIRECTION('',(1.,0.,0.));
#3008 = ORIENTED_EDGE('',*,*,#3009,.T.);
#3009 = EDGE_CURVE('',#3002,#2986,#3010,.T.);
#3010 = LINE('',#3011,#3012);
#3011 = CARTESIAN_POINT('',(0.6,0.98,1.32));
#3012 = VECTOR('',#3013,1.);
#3013 = DIRECTION('',(0.,-1.,-4.625929269271E-16));
#3014 = FACE_BOUND('',#3015,.T.);
#3015 = EDGE_LOOP('',(#3016,#3026,#3034,#3042));
#3016 = ORIENTED_EDGE('',*,*,#3017,.F.);
#3017 = EDGE_CURVE('',#3018,#3020,#3022,.T.);
#3018 = VERTEX_POINT('',#3019);
#3019 = CARTESIAN_POINT('',(1.4,0.5,1.32));
#3020 = VERTEX_POINT('',#3021);
#3021 = CARTESIAN_POINT('',(1.6,0.5,1.32));
#3022 = LINE('',#3023,#3024);
#3023 = CARTESIAN_POINT('',(1.4,0.5,1.32));
#3024 = VECTOR('',#3025,1.);
#3025 = DIRECTION('',(1.,0.,0.));
#3026 = ORIENTED_EDGE('',*,*,#3027,.F.);
#3027 = EDGE_CURVE('',#3028,#3018,#3030,.T.);
#3028 = VERTEX_POINT('',#3029);
#3029 = CARTESIAN_POINT('',(1.4,0.98,1.32));
#3030 = LINE('',#3031,#3032);
#3031 = CARTESIAN_POINT('',(1.4,0.98,1.32));
#3032 = VECTOR('',#3033,1.);
#3033 = DIRECTION('',(0.,-1.,-4.625929269271E-16));
#3034 = ORIENTED_EDGE('',*,*,#3035,.T.);
#3035 = EDGE_CURVE('',#3028,#3036,#3038,.T.);
#3036 = VERTEX_POINT('',#3037);
#3037 = CARTESIAN_POINT('',(1.6,0.98,1.32));
#3038 = LINE('',#3039,#3040);
#3039 = CARTESIAN_POINT('',(1.4,0.98,1.32));
#3040 = VECTOR('',#3041,1.);
#3041 = DIRECTION('',(1.,0.,0.));
#3042 = ORIENTED_EDGE('',*,*,#3043,.T.);
#3043 = EDGE_CURVE('',#3036,#3020,#3044,.T.);
#3044 = LINE('',#3045,#3046);
#3045 = CARTESIAN_POINT('',(1.6,0.98,1.32));
#3046 = VECTOR('',#3047,1.);
#3047 = DIRECTION('',(0.,-1.,-4.625929269271E-16));
#3048 = FACE_BOUND('',#3049,.T.);
#3049 = EDGE_LOOP('',(#3050,#3060,#3068,#3076));
#3050 = ORIENTED_EDGE('',*,*,#3051,.F.);
#3051 = EDGE_CURVE('',#3052,#3054,#3056,.T.);
#3052 = VERTEX_POINT('',#3053);
#3053 = CARTESIAN_POINT('',(2.4,0.5,1.32));
#3054 = VERTEX_POINT('',#3055);
#3055 = CARTESIAN_POINT('',(2.6,0.5,1.32));
#3056 = LINE('',#3057,#3058);
#3057 = CARTESIAN_POINT('',(2.4,0.5,1.32));
#3058 = VECTOR('',#3059,1.);
#3059 = DIRECTION('',(1.,0.,0.));
#3060 = ORIENTED_EDGE('',*,*,#3061,.F.);
#3061 = EDGE_CURVE('',#3062,#3052,#3064,.T.);
#3062 = VERTEX_POINT('',#3063);
#3063 = CARTESIAN_POINT('',(2.4,0.98,1.32));
#3064 = LINE('',#3065,#3066);
#3065 = CARTESIAN_POINT('',(2.4,0.98,1.32));
#3066 = VECTOR('',#3067,1.);
#3067 = DIRECTION('',(0.,-1.,-4.625929269271E-16));
#3068 = ORIENTED_EDGE('',*,*,#3069,.T.);
#3069 = EDGE_CURVE('',#3062,#3070,#3072,.T.);
#3070 = VERTEX_POINT('',#3071);
#3071 = CARTESIAN_POINT('',(2.6,0.98,1.32));
#3072 = LINE('',#3073,#3074);
#3073 = CARTESIAN_POINT('',(2.4,0.98,1.32));
#3074 = VECTOR('',#3075,1.);
#3075 = DIRECTION('',(1.,0.,0.));
#3076 = ORIENTED_EDGE('',*,*,#3077,.T.);
#3077 = EDGE_CURVE('',#3070,#3054,#3078,.T.);
#3078 = LINE('',#3079,#3080);
#3079 = CARTESIAN_POINT('',(2.6,0.98,1.32));
#3080 = VECTOR('',#3081,1.);
#3081 = DIRECTION('',(0.,-1.,-4.625929269271E-16));
#3082 = PLANE('',#3083);
#3083 = AXIS2_PLACEMENT_3D('',#3084,#3085,#3086);
#3084 = CARTESIAN_POINT('',(-1.044915787883E-16,0.35,1.32));
#3085 = DIRECTION('',(0.,0.,1.));
#3086 = DIRECTION('',(1.,0.,-0.));
#3087 = ADVANCED_FACE('',(#3088),#3094,.T.);
#3088 = FACE_BOUND('',#3089,.T.);
#3089 = EDGE_LOOP('',(#3090,#3091,#3092,#3093));
#3090 = ORIENTED_EDGE('',*,*,#2186,.T.);
#3091 = ORIENTED_EDGE('',*,*,#2114,.T.);
#3092 = ORIENTED_EDGE('',*,*,#2138,.T.);
#3093 = ORIENTED_EDGE('',*,*,#2161,.T.);
#3094 = PLANE('',#3095);
#3095 = AXIS2_PLACEMENT_3D('',#3096,#3097,#3098);
#3096 = CARTESIAN_POINT('',(5.767392335715E-16,0.6,1.92));
#3097 = DIRECTION('',(0.,0.,1.));
#3098 = DIRECTION('',(1.,0.,-0.));
#3099 = ADVANCED_FACE('',(#3100),#3111,.T.);
#3100 = FACE_BOUND('',#3101,.T.);
#3101 = EDGE_LOOP('',(#3102,#3103,#3109,#3110));
#3102 = ORIENTED_EDGE('',*,*,#2280,.T.);
#3103 = ORIENTED_EDGE('',*,*,#3104,.T.);
#3104 = EDGE_CURVE('',#2281,#2242,#3105,.T.);
#3105 = LINE('',#3106,#3107);
#3106 = CARTESIAN_POINT('',(3.7,1.3,1.27));
#3107 = VECTOR('',#3108,1.);
#3108 = DIRECTION('',(0.,1.,0.));
#3109 = ORIENTED_EDGE('',*,*,#2241,.F.);
#3110 = ORIENTED_EDGE('',*,*,#2219,.F.);
#3111 = PLANE('',#3112);
#3112 = AXIS2_PLACEMENT_3D('',#3113,#3114,#3115);
#3113 = CARTESIAN_POINT('',(3.5,1.3,1.27));
#3114 = DIRECTION('',(0.,0.,1.));
#3115 = DIRECTION('',(0.,1.,0.));
#3116 = ADVANCED_FACE('',(#3117),#3128,.T.);
#3117 = FACE_BOUND('',#3118,.T.);
#3118 = EDGE_LOOP('',(#3119,#3120,#3126,#3127));
#3119 = ORIENTED_EDGE('',*,*,#2257,.T.);
#3120 = ORIENTED_EDGE('',*,*,#3121,.T.);
#3121 = EDGE_CURVE('',#2250,#2471,#3122,.T.);
#3122 = LINE('',#3123,#3124);
#3123 = CARTESIAN_POINT('',(3.7,1.8,2.E-02));
#3124 = VECTOR('',#3125,1.);
#3125 = DIRECTION('',(0.,-1.,-1.156482317318E-17));
#3126 = ORIENTED_EDGE('',*,*,#2470,.F.);
#3127 = ORIENTED_EDGE('',*,*,#2445,.F.);
#3128 = PLANE('',#3129);
#3129 = AXIS2_PLACEMENT_3D('',#3130,#3131,#3132);
#3130 = CARTESIAN_POINT('',(3.5,1.8,2.E-02));
#3131 = DIRECTION('',(0.,1.156482317318E-17,-1.));
#3132 = DIRECTION('',(0.,-1.,-1.156482317318E-17));
#3133 = ADVANCED_FACE('',(#3134),#3143,.F.);
#3134 = FACE_BOUND('',#3135,.F.);
#3135 = EDGE_LOOP('',(#3136,#3137,#3138,#3139,#3140,#3141,#3142));
#3136 = ORIENTED_EDGE('',*,*,#2478,.T.);
#3137 = ORIENTED_EDGE('',*,*,#2493,.T.);
#3138 = ORIENTED_EDGE('',*,*,#2672,.T.);
#3139 = ORIENTED_EDGE('',*,*,#2648,.T.);
#3140 = ORIENTED_EDGE('',*,*,#3104,.T.);
#3141 = ORIENTED_EDGE('',*,*,#2249,.T.);
#3142 = ORIENTED_EDGE('',*,*,#3121,.T.);
#3143 = PLANE('',#3144);
#3144 = AXIS2_PLACEMENT_3D('',#3145,#3146,#3147);
#3145 = CARTESIAN_POINT('',(3.7,1.168181818182,0.526818181818));
#3146 = DIRECTION('',(-1.,-0.,-0.));
#3147 = DIRECTION('',(0.,0.,-1.));
#3148 = ADVANCED_FACE('',(#3149),#3155,.T.);
#3149 = FACE_BOUND('',#3150,.T.);
#3150 = EDGE_LOOP('',(#3151,#3152,#3153,#3154));
#3151 = ORIENTED_EDGE('',*,*,#2338,.T.);
#3152 = ORIENTED_EDGE('',*,*,#2428,.T.);
#3153 = ORIENTED_EDGE('',*,*,#2405,.F.);
#3154 = ORIENTED_EDGE('',*,*,#2390,.F.);
#3155 = PLANE('',#3156);
#3156 = AXIS2_PLACEMENT_3D('',#3157,#3158,#3159);
#3157 = CARTESIAN_POINT('',(-3.7,1.8,2.E-02));
#3158 = DIRECTION('',(0.,1.156482317318E-17,-1.));
#3159 = DIRECTION('',(0.,-1.,-1.156482317318E-17));
#3160 = ADVANCED_FACE('',(#3161),#3186,.T.);
#3161 = FACE_BOUND('',#3162,.T.);
#3162 = EDGE_LOOP('',(#3163,#3164,#3172,#3180));
#3163 = ORIENTED_EDGE('',*,*,#2881,.T.);
#3164 = ORIENTED_EDGE('',*,*,#3165,.T.);
#3165 = EDGE_CURVE('',#2884,#3166,#3168,.T.);
#3166 = VERTEX_POINT('',#3167);
#3167 = CARTESIAN_POINT('',(-2.4,0.63,3.07));
#3168 = LINE('',#3169,#3170);
#3169 = CARTESIAN_POINT('',(-2.4,0.5,1.32));
#3170 = VECTOR('',#3171,1.);
#3171 = DIRECTION('',(0.,7.408159078957E-02,0.997252183706));
#3172 = ORIENTED_EDGE('',*,*,#3173,.F.);
#3173 = EDGE_CURVE('',#3174,#3166,#3176,.T.);
#3174 = VERTEX_POINT('',#3175);
#3175 = CARTESIAN_POINT('',(-2.6,0.63,3.07));
#3176 = LINE('',#3177,#3178);
#3177 = CARTESIAN_POINT('',(-2.6,0.63,3.07));
#3178 = VECTOR('',#3179,1.);
#3179 = DIRECTION('',(1.,0.,0.));
#3180 = ORIENTED_EDGE('',*,*,#3181,.F.);
#3181 = EDGE_CURVE('',#2882,#3174,#3182,.T.);
#3182 = LINE('',#3183,#3184);
#3183 = CARTESIAN_POINT('',(-2.6,0.5,1.32));
#3184 = VECTOR('',#3185,1.);
#3185 = DIRECTION('',(0.,7.408159078957E-02,0.997252183706));
#3186 = PLANE('',#3187);
#3187 = AXIS2_PLACEMENT_3D('',#3188,#3189,#3190);
#3188 = CARTESIAN_POINT('',(-2.6,0.5,1.32));
#3189 = DIRECTION('',(0.,-0.997252183706,7.408159078957E-02));
#3190 = DIRECTION('',(0.,7.408159078957E-02,0.997252183706));
#3191 = ADVANCED_FACE('',(#3192),#3210,.F.);
#3192 = FACE_BOUND('',#3193,.F.);
#3193 = EDGE_LOOP('',(#3194,#3195,#3203,#3209));
#3194 = ORIENTED_EDGE('',*,*,#3165,.T.);
#3195 = ORIENTED_EDGE('',*,*,#3196,.T.);
#3196 = EDGE_CURVE('',#3166,#3197,#3199,.T.);
#3197 = VERTEX_POINT('',#3198);
#3198 = CARTESIAN_POINT('',(-2.4,0.98,3.07));
#3199 = LINE('',#3200,#3201);
#3200 = CARTESIAN_POINT('',(-2.4,0.63,3.07));
#3201 = VECTOR('',#3202,1.);
#3202 = DIRECTION('',(0.,1.,0.));
#3203 = ORIENTED_EDGE('',*,*,#3204,.T.);
#3204 = EDGE_CURVE('',#3197,#2900,#3205,.T.);
#3205 = LINE('',#3206,#3207);
#3206 = CARTESIAN_POINT('',(-2.4,0.98,3.07));
#3207 = VECTOR('',#3208,1.);
#3208 = DIRECTION('',(0.,0.,-1.));
#3209 = ORIENTED_EDGE('',*,*,#2907,.T.);
#3210 = PLANE('',#3211);
#3211 = AXIS2_PLACEMENT_3D('',#3212,#3213,#3214);
#3212 = CARTESIAN_POINT('',(-2.4,0.771294517928,2.168759014354));
#3213 = DIRECTION('',(-1.,-0.,-0.));
#3214 = DIRECTION('',(0.,0.,-1.));
#3215 = ADVANCED_FACE('',(#3216),#3234,.T.);
#3216 = FACE_BOUND('',#3217,.T.);
#3217 = EDGE_LOOP('',(#3218,#3226,#3227,#3228));
#3218 = ORIENTED_EDGE('',*,*,#3219,.T.);
#3219 = EDGE_CURVE('',#3220,#3197,#3222,.T.);
#3220 = VERTEX_POINT('',#3221);
#3221 = CARTESIAN_POINT('',(-2.6,0.98,3.07));
#3222 = LINE('',#3223,#3224);
#3223 = CARTESIAN_POINT('',(-2.6,0.98,3.07));
#3224 = VECTOR('',#3225,1.);
#3225 = DIRECTION('',(1.,0.,0.));
#3226 = ORIENTED_EDGE('',*,*,#3204,.T.);
#3227 = ORIENTED_EDGE('',*,*,#2899,.F.);
#3228 = ORIENTED_EDGE('',*,*,#3229,.F.);
#3229 = EDGE_CURVE('',#3220,#2892,#3230,.T.);
#3230 = LINE('',#3231,#3232);
#3231 = CARTESIAN_POINT('',(-2.6,0.98,3.07));
#3232 = VECTOR('',#3233,1.);
#3233 = DIRECTION('',(0.,0.,-1.));
#3234 = PLANE('',#3235);
#3235 = AXIS2_PLACEMENT_3D('',#3236,#3237,#3238);
#3236 = CARTESIAN_POINT('',(-2.6,0.98,3.07));
#3237 = DIRECTION('',(0.,1.,0.));
#3238 = DIRECTION('',(0.,0.,-1.));
#3239 = ADVANCED_FACE('',(#3240),#3251,.T.);
#3240 = FACE_BOUND('',#3241,.T.);
#3241 = EDGE_LOOP('',(#3242,#3243,#3249,#3250));
#3242 = ORIENTED_EDGE('',*,*,#3181,.T.);
#3243 = ORIENTED_EDGE('',*,*,#3244,.T.);
#3244 = EDGE_CURVE('',#3174,#3220,#3245,.T.);
#3245 = LINE('',#3246,#3247);
#3246 = CARTESIAN_POINT('',(-2.6,0.63,3.07));
#3247 = VECTOR('',#3248,1.);
#3248 = DIRECTION('',(0.,1.,0.));
#3249 = ORIENTED_EDGE('',*,*,#3229,.T.);
#3250 = ORIENTED_EDGE('',*,*,#2891,.T.);
#3251 = PLANE('',#3252);
#3252 = AXIS2_PLACEMENT_3D('',#3253,#3254,#3255);
#3253 = CARTESIAN_POINT('',(-2.6,0.771294517928,2.168759014354));
#3254 = DIRECTION('',(-1.,-0.,-0.));
#3255 = DIRECTION('',(0.,0.,-1.));
#3256 = ADVANCED_FACE('',(#3257),#3282,.T.);
#3257 = FACE_BOUND('',#3258,.T.);
#3258 = EDGE_LOOP('',(#3259,#3260,#3268,#3276));
#3259 = ORIENTED_EDGE('',*,*,#2915,.T.);
#3260 = ORIENTED_EDGE('',*,*,#3261,.T.);
#3261 = EDGE_CURVE('',#2918,#3262,#3264,.T.);
#3262 = VERTEX_POINT('',#3263);
#3263 = CARTESIAN_POINT('',(-1.4,0.63,3.07));
#3264 = LINE('',#3265,#3266);
#3265 = CARTESIAN_POINT('',(-1.4,0.5,1.32));
#3266 = VECTOR('',#3267,1.);
#3267 = DIRECTION('',(0.,7.408159078957E-02,0.997252183706));
#3268 = ORIENTED_EDGE('',*,*,#3269,.F.);
#3269 = EDGE_CURVE('',#3270,#3262,#3272,.T.);
#3270 = VERTEX_POINT('',#3271);
#3271 = CARTESIAN_POINT('',(-1.6,0.63,3.07));
#3272 = LINE('',#3273,#3274);
#3273 = CARTESIAN_POINT('',(-1.6,0.63,3.07));
#3274 = VECTOR('',#3275,1.);
#3275 = DIRECTION('',(1.,0.,0.));
#3276 = ORIENTED_EDGE('',*,*,#3277,.F.);
#3277 = EDGE_CURVE('',#2916,#3270,#3278,.T.);
#3278 = LINE('',#3279,#3280);
#3279 = CARTESIAN_POINT('',(-1.6,0.5,1.32));
#3280 = VECTOR('',#3281,1.);
#3281 = DIRECTION('',(0.,7.408159078957E-02,0.997252183706));
#3282 = PLANE('',#3283);
#3283 = AXIS2_PLACEMENT_3D('',#3284,#3285,#3286);
#3284 = CARTESIAN_POINT('',(-1.6,0.5,1.32));
#3285 = DIRECTION('',(0.,-0.997252183706,7.408159078957E-02));
#3286 = DIRECTION('',(0.,7.408159078957E-02,0.997252183706));
#3287 = ADVANCED_FACE('',(#3288),#3306,.F.);
#3288 = FACE_BOUND('',#3289,.F.);
#3289 = EDGE_LOOP('',(#3290,#3291,#3299,#3305));
#3290 = ORIENTED_EDGE('',*,*,#3261,.T.);
#3291 = ORIENTED_EDGE('',*,*,#3292,.T.);
#3292 = EDGE_CURVE('',#3262,#3293,#3295,.T.);
#3293 = VERTEX_POINT('',#3294);
#3294 = CARTESIAN_POINT('',(-1.4,0.98,3.07));
#3295 = LINE('',#3296,#3297);
#3296 = CARTESIAN_POINT('',(-1.4,0.63,3.07));
#3297 = VECTOR('',#3298,1.);
#3298 = DIRECTION('',(0.,1.,0.));
#3299 = ORIENTED_EDGE('',*,*,#3300,.T.);
#3300 = EDGE_CURVE('',#3293,#2934,#3301,.T.);
#3301 = LINE('',#3302,#3303);
#3302 = CARTESIAN_POINT('',(-1.4,0.98,3.07));
#3303 = VECTOR('',#3304,1.);
#3304 = DIRECTION('',(0.,0.,-1.));
#3305 = ORIENTED_EDGE('',*,*,#2941,.T.);
#3306 = PLANE('',#3307);
#3307 = AXIS2_PLACEMENT_3D('',#3308,#3309,#3310);
#3308 = CARTESIAN_POINT('',(-1.4,0.771294517928,2.168759014354));
#3309 = DIRECTION('',(-1.,-0.,-0.));
#3310 = DIRECTION('',(0.,0.,-1.));
#3311 = ADVANCED_FACE('',(#3312),#3330,.T.);
#3312 = FACE_BOUND('',#3313,.T.);
#3313 = EDGE_LOOP('',(#3314,#3322,#3323,#3324));
#3314 = ORIENTED_EDGE('',*,*,#3315,.T.);
#3315 = EDGE_CURVE('',#3316,#3293,#3318,.T.);
#3316 = VERTEX_POINT('',#3317);
#3317 = CARTESIAN_POINT('',(-1.6,0.98,3.07));
#3318 = LINE('',#3319,#3320);
#3319 = CARTESIAN_POINT('',(-1.6,0.98,3.07));
#3320 = VECTOR('',#3321,1.);
#3321 = DIRECTION('',(1.,0.,0.));
#3322 = ORIENTED_EDGE('',*,*,#3300,.T.);
#3323 = ORIENTED_EDGE('',*,*,#2933,.F.);
#3324 = ORIENTED_EDGE('',*,*,#3325,.F.);
#3325 = EDGE_CURVE('',#3316,#2926,#3326,.T.);
#3326 = LINE('',#3327,#3328);
#3327 = CARTESIAN_POINT('',(-1.6,0.98,3.07));
#3328 = VECTOR('',#3329,1.);
#3329 = DIRECTION('',(0.,0.,-1.));
#3330 = PLANE('',#3331);
#3331 = AXIS2_PLACEMENT_3D('',#3332,#3333,#3334);
#3332 = CARTESIAN_POINT('',(-1.6,0.98,3.07));
#3333 = DIRECTION('',(0.,1.,0.));
#3334 = DIRECTION('',(0.,0.,-1.));
#3335 = ADVANCED_FACE('',(#3336),#3347,.T.);
#3336 = FACE_BOUND('',#3337,.T.);
#3337 = EDGE_LOOP('',(#3338,#3339,#3345,#3346));
#3338 = ORIENTED_EDGE('',*,*,#3277,.T.);
#3339 = ORIENTED_EDGE('',*,*,#3340,.T.);
#3340 = EDGE_CURVE('',#3270,#3316,#3341,.T.);
#3341 = LINE('',#3342,#3343);
#3342 = CARTESIAN_POINT('',(-1.6,0.63,3.07));
#3343 = VECTOR('',#3344,1.);
#3344 = DIRECTION('',(0.,1.,0.));
#3345 = ORIENTED_EDGE('',*,*,#3325,.T.);
#3346 = ORIENTED_EDGE('',*,*,#2925,.T.);
#3347 = PLANE('',#3348);
#3348 = AXIS2_PLACEMENT_3D('',#3349,#3350,#3351);
#3349 = CARTESIAN_POINT('',(-1.6,0.771294517928,2.168759014354));
#3350 = DIRECTION('',(-1.,-0.,-0.));
#3351 = DIRECTION('',(0.,0.,-1.));
#3352 = ADVANCED_FACE('',(#3353),#3378,.T.);
#3353 = FACE_BOUND('',#3354,.T.);
#3354 = EDGE_LOOP('',(#3355,#3356,#3364,#3372));
#3355 = ORIENTED_EDGE('',*,*,#2949,.T.);
#3356 = ORIENTED_EDGE('',*,*,#3357,.T.);
#3357 = EDGE_CURVE('',#2952,#3358,#3360,.T.);
#3358 = VERTEX_POINT('',#3359);
#3359 = CARTESIAN_POINT('',(-0.4,0.63,3.07));
#3360 = LINE('',#3361,#3362);
#3361 = CARTESIAN_POINT('',(-0.4,0.5,1.32));
#3362 = VECTOR('',#3363,1.);
#3363 = DIRECTION('',(0.,7.408159078957E-02,0.997252183706));
#3364 = ORIENTED_EDGE('',*,*,#3365,.F.);
#3365 = EDGE_CURVE('',#3366,#3358,#3368,.T.);
#3366 = VERTEX_POINT('',#3367);
#3367 = CARTESIAN_POINT('',(-0.6,0.63,3.07));
#3368 = LINE('',#3369,#3370);
#3369 = CARTESIAN_POINT('',(-0.6,0.63,3.07));
#3370 = VECTOR('',#3371,1.);
#3371 = DIRECTION('',(1.,0.,0.));
#3372 = ORIENTED_EDGE('',*,*,#3373,.F.);
#3373 = EDGE_CURVE('',#2950,#3366,#3374,.T.);
#3374 = LINE('',#3375,#3376);
#3375 = CARTESIAN_POINT('',(-0.6,0.5,1.32));
#3376 = VECTOR('',#3377,1.);
#3377 = DIRECTION('',(0.,7.408159078957E-02,0.997252183706));
#3378 = PLANE('',#3379);
#3379 = AXIS2_PLACEMENT_3D('',#3380,#3381,#3382);
#3380 = CARTESIAN_POINT('',(-0.6,0.5,1.32));
#3381 = DIRECTION('',(0.,-0.997252183706,7.408159078957E-02));
#3382 = DIRECTION('',(0.,7.408159078957E-02,0.997252183706));
#3383 = ADVANCED_FACE('',(#3384),#3402,.F.);
#3384 = FACE_BOUND('',#3385,.F.);
#3385 = EDGE_LOOP('',(#3386,#3387,#3395,#3401));
#3386 = ORIENTED_EDGE('',*,*,#3357,.T.);
#3387 = ORIENTED_EDGE('',*,*,#3388,.T.);
#3388 = EDGE_CURVE('',#3358,#3389,#3391,.T.);
#3389 = VERTEX_POINT('',#3390);
#3390 = CARTESIAN_POINT('',(-0.4,0.98,3.07));
#3391 = LINE('',#3392,#3393);
#3392 = CARTESIAN_POINT('',(-0.4,0.63,3.07));
#3393 = VECTOR('',#3394,1.);
#3394 = DIRECTION('',(0.,1.,0.));
#3395 = ORIENTED_EDGE('',*,*,#3396,.T.);
#3396 = EDGE_CURVE('',#3389,#2968,#3397,.T.);
#3397 = LINE('',#3398,#3399);
#3398 = CARTESIAN_POINT('',(-0.4,0.98,3.07));
#3399 = VECTOR('',#3400,1.);
#3400 = DIRECTION('',(0.,0.,-1.));
#3401 = ORIENTED_EDGE('',*,*,#2975,.T.);
#3402 = PLANE('',#3403);
#3403 = AXIS2_PLACEMENT_3D('',#3404,#3405,#3406);
#3404 = CARTESIAN_POINT('',(-0.4,0.771294517928,2.168759014354));
#3405 = DIRECTION('',(-1.,-0.,-0.));
#3406 = DIRECTION('',(0.,0.,-1.));
#3407 = ADVANCED_FACE('',(#3408),#3426,.T.);
#3408 = FACE_BOUND('',#3409,.T.);
#3409 = EDGE_LOOP('',(#3410,#3418,#3419,#3420));
#3410 = ORIENTED_EDGE('',*,*,#3411,.T.);
#3411 = EDGE_CURVE('',#3412,#3389,#3414,.T.);
#3412 = VERTEX_POINT('',#3413);
#3413 = CARTESIAN_POINT('',(-0.6,0.98,3.07));
#3414 = LINE('',#3415,#3416);
#3415 = CARTESIAN_POINT('',(-0.6,0.98,3.07));
#3416 = VECTOR('',#3417,1.);
#3417 = DIRECTION('',(1.,0.,0.));
#3418 = ORIENTED_EDGE('',*,*,#3396,.T.);
#3419 = ORIENTED_EDGE('',*,*,#2967,.F.);
#3420 = ORIENTED_EDGE('',*,*,#3421,.F.);
#3421 = EDGE_CURVE('',#3412,#2960,#3422,.T.);
#3422 = LINE('',#3423,#3424);
#3423 = CARTESIAN_POINT('',(-0.6,0.98,3.07));
#3424 = VECTOR('',#3425,1.);
#3425 = DIRECTION('',(0.,0.,-1.));
#3426 = PLANE('',#3427);
#3427 = AXIS2_PLACEMENT_3D('',#3428,#3429,#3430);
#3428 = CARTESIAN_POINT('',(-0.6,0.98,3.07));
#3429 = DIRECTION('',(0.,1.,0.));
#3430 = DIRECTION('',(0.,0.,-1.));
#3431 = ADVANCED_FACE('',(#3432),#3443,.T.);
#3432 = FACE_BOUND('',#3433,.T.);
#3433 = EDGE_LOOP('',(#3434,#3435,#3441,#3442));
#3434 = ORIENTED_EDGE('',*,*,#3373,.T.);
#3435 = ORIENTED_EDGE('',*,*,#3436,.T.);
#3436 = EDGE_CURVE('',#3366,#3412,#3437,.T.);
#3437 = LINE('',#3438,#3439);
#3438 = CARTESIAN_POINT('',(-0.6,0.63,3.07));
#3439 = VECTOR('',#3440,1.);
#3440 = DIRECTION('',(0.,1.,0.));
#3441 = ORIENTED_EDGE('',*,*,#3421,.T.);
#3442 = ORIENTED_EDGE('',*,*,#2959,.T.);
#3443 = PLANE('',#3444);
#3444 = AXIS2_PLACEMENT_3D('',#3445,#3446,#3447);
#3445 = CARTESIAN_POINT('',(-0.6,0.771294517928,2.168759014354));
#3446 = DIRECTION('',(-1.,-0.,-0.));
#3447 = DIRECTION('',(0.,0.,-1.));
#3448 = ADVANCED_FACE('',(#3449),#3474,.T.);
#3449 = FACE_BOUND('',#3450,.T.);
#3450 = EDGE_LOOP('',(#3451,#3452,#3460,#3468));
#3451 = ORIENTED_EDGE('',*,*,#2983,.T.);
#3452 = ORIENTED_EDGE('',*,*,#3453,.T.);
#3453 = EDGE_CURVE('',#2986,#3454,#3456,.T.);
#3454 = VERTEX_POINT('',#3455);
#3455 = CARTESIAN_POINT('',(0.6,0.63,3.07));
#3456 = LINE('',#3457,#3458);
#3457 = CARTESIAN_POINT('',(0.6,0.5,1.32));
#3458 = VECTOR('',#3459,1.);
#3459 = DIRECTION('',(0.,7.408159078957E-02,0.997252183706));
#3460 = ORIENTED_EDGE('',*,*,#3461,.F.);
#3461 = EDGE_CURVE('',#3462,#3454,#3464,.T.);
#3462 = VERTEX_POINT('',#3463);
#3463 = CARTESIAN_POINT('',(0.4,0.63,3.07));
#3464 = LINE('',#3465,#3466);
#3465 = CARTESIAN_POINT('',(0.4,0.63,3.07));
#3466 = VECTOR('',#3467,1.);
#3467 = DIRECTION('',(1.,0.,0.));
#3468 = ORIENTED_EDGE('',*,*,#3469,.F.);
#3469 = EDGE_CURVE('',#2984,#3462,#3470,.T.);
#3470 = LINE('',#3471,#3472);
#3471 = CARTESIAN_POINT('',(0.4,0.5,1.32));
#3472 = VECTOR('',#3473,1.);
#3473 = DIRECTION('',(0.,7.408159078957E-02,0.997252183706));
#3474 = PLANE('',#3475);
#3475 = AXIS2_PLACEMENT_3D('',#3476,#3477,#3478);
#3476 = CARTESIAN_POINT('',(0.4,0.5,1.32));
#3477 = DIRECTION('',(0.,-0.997252183706,7.408159078957E-02));
#3478 = DIRECTION('',(0.,7.408159078957E-02,0.997252183706));
#3479 = ADVANCED_FACE('',(#3480),#3498,.F.);
#3480 = FACE_BOUND('',#3481,.F.);
#3481 = EDGE_LOOP('',(#3482,#3483,#3491,#3497));
#3482 = ORIENTED_EDGE('',*,*,#3453,.T.);
#3483 = ORIENTED_EDGE('',*,*,#3484,.T.);
#3484 = EDGE_CURVE('',#3454,#3485,#3487,.T.);
#3485 = VERTEX_POINT('',#3486);
#3486 = CARTESIAN_POINT('',(0.6,0.98,3.07));
#3487 = LINE('',#3488,#3489);
#3488 = CARTESIAN_POINT('',(0.6,0.63,3.07));
#3489 = VECTOR('',#3490,1.);
#3490 = DIRECTION('',(0.,1.,0.));
#3491 = ORIENTED_EDGE('',*,*,#3492,.T.);
#3492 = EDGE_CURVE('',#3485,#3002,#3493,.T.);
#3493 = LINE('',#3494,#3495);
#3494 = CARTESIAN_POINT('',(0.6,0.98,3.07));
#3495 = VECTOR('',#3496,1.);
#3496 = DIRECTION('',(0.,0.,-1.));
#3497 = ORIENTED_EDGE('',*,*,#3009,.T.);
#3498 = PLANE('',#3499);
#3499 = AXIS2_PLACEMENT_3D('',#3500,#3501,#3502);
#3500 = CARTESIAN_POINT('',(0.6,0.771294517928,2.168759014354));
#3501 = DIRECTION('',(-1.,-0.,-0.));
#3502 = DIRECTION('',(0.,0.,-1.));
#3503 = ADVANCED_FACE('',(#3504),#3522,.T.);
#3504 = FACE_BOUND('',#3505,.T.);
#3505 = EDGE_LOOP('',(#3506,#3514,#3515,#3516));
#3506 = ORIENTED_EDGE('',*,*,#3507,.T.);
#3507 = EDGE_CURVE('',#3508,#3485,#3510,.T.);
#3508 = VERTEX_POINT('',#3509);
#3509 = CARTESIAN_POINT('',(0.4,0.98,3.07));
#3510 = LINE('',#3511,#3512);
#3511 = CARTESIAN_POINT('',(0.4,0.98,3.07));
#3512 = VECTOR('',#3513,1.);
#3513 = DIRECTION('',(1.,0.,0.));
#3514 = ORIENTED_EDGE('',*,*,#3492,.T.);
#3515 = ORIENTED_EDGE('',*,*,#3001,.F.);
#3516 = ORIENTED_EDGE('',*,*,#3517,.F.);
#3517 = EDGE_CURVE('',#3508,#2994,#3518,.T.);
#3518 = LINE('',#3519,#3520);
#3519 = CARTESIAN_POINT('',(0.4,0.98,3.07));
#3520 = VECTOR('',#3521,1.);
#3521 = DIRECTION('',(0.,0.,-1.));
#3522 = PLANE('',#3523);
#3523 = AXIS2_PLACEMENT_3D('',#3524,#3525,#3526);
#3524 = CARTESIAN_POINT('',(0.4,0.98,3.07));
#3525 = DIRECTION('',(0.,1.,0.));
#3526 = DIRECTION('',(0.,0.,-1.));
#3527 = ADVANCED_FACE('',(#3528),#3539,.T.);
#3528 = FACE_BOUND('',#3529,.T.);
#3529 = EDGE_LOOP('',(#3530,#3531,#3537,#3538));
#3530 = ORIENTED_EDGE('',*,*,#3469,.T.);
#3531 = ORIENTED_EDGE('',*,*,#3532,.T.);
#3532 = EDGE_CURVE('',#3462,#3508,#3533,.T.);
#3533 = LINE('',#3534,#3535);
#3534 = CARTESIAN_POINT('',(0.4,0.63,3.07));
#3535 = VECTOR('',#3536,1.);
#3536 = DIRECTION('',(0.,1.,0.));
#3537 = ORIENTED_EDGE('',*,*,#3517,.T.);
#3538 = ORIENTED_EDGE('',*,*,#2993,.T.);
#3539 = PLANE('',#3540);
#3540 = AXIS2_PLACEMENT_3D('',#3541,#3542,#3543);
#3541 = CARTESIAN_POINT('',(0.4,0.771294517928,2.168759014354));
#3542 = DIRECTION('',(-1.,-0.,-0.));
#3543 = DIRECTION('',(0.,0.,-1.));
#3544 = ADVANCED_FACE('',(#3545),#3570,.T.);
#3545 = FACE_BOUND('',#3546,.T.);
#3546 = EDGE_LOOP('',(#3547,#3548,#3556,#3564));
#3547 = ORIENTED_EDGE('',*,*,#3017,.T.);
#3548 = ORIENTED_EDGE('',*,*,#3549,.T.);
#3549 = EDGE_CURVE('',#3020,#3550,#3552,.T.);
#3550 = VERTEX_POINT('',#3551);
#3551 = CARTESIAN_POINT('',(1.6,0.63,3.07));
#3552 = LINE('',#3553,#3554);
#3553 = CARTESIAN_POINT('',(1.6,0.5,1.32));
#3554 = VECTOR('',#3555,1.);
#3555 = DIRECTION('',(0.,7.408159078957E-02,0.997252183706));
#3556 = ORIENTED_EDGE('',*,*,#3557,.F.);
#3557 = EDGE_CURVE('',#3558,#3550,#3560,.T.);
#3558 = VERTEX_POINT('',#3559);
#3559 = CARTESIAN_POINT('',(1.4,0.63,3.07));
#3560 = LINE('',#3561,#3562);
#3561 = CARTESIAN_POINT('',(1.4,0.63,3.07));
#3562 = VECTOR('',#3563,1.);
#3563 = DIRECTION('',(1.,0.,0.));
#3564 = ORIENTED_EDGE('',*,*,#3565,.F.);
#3565 = EDGE_CURVE('',#3018,#3558,#3566,.T.);
#3566 = LINE('',#3567,#3568);
#3567 = CARTESIAN_POINT('',(1.4,0.5,1.32));
#3568 = VECTOR('',#3569,1.);
#3569 = DIRECTION('',(0.,7.408159078957E-02,0.997252183706));
#3570 = PLANE('',#3571);
#3571 = AXIS2_PLACEMENT_3D('',#3572,#3573,#3574);
#3572 = CARTESIAN_POINT('',(1.4,0.5,1.32));
#3573 = DIRECTION('',(0.,-0.997252183706,7.408159078957E-02));
#3574 = DIRECTION('',(0.,7.408159078957E-02,0.997252183706));
#3575 = ADVANCED_FACE('',(#3576),#3594,.F.);
#3576 = FACE_BOUND('',#3577,.F.);
#3577 = EDGE_LOOP('',(#3578,#3579,#3587,#3593));
#3578 = ORIENTED_EDGE('',*,*,#3549,.T.);
#3579 = ORIENTED_EDGE('',*,*,#3580,.T.);
#3580 = EDGE_CURVE('',#3550,#3581,#3583,.T.);
#3581 = VERTEX_POINT('',#3582);
#3582 = CARTESIAN_POINT('',(1.6,0.98,3.07));
#3583 = LINE('',#3584,#3585);
#3584 = CARTESIAN_POINT('',(1.6,0.63,3.07));
#3585 = VECTOR('',#3586,1.);
#3586 = DIRECTION('',(0.,1.,0.));
#3587 = ORIENTED_EDGE('',*,*,#3588,.T.);
#3588 = EDGE_CURVE('',#3581,#3036,#3589,.T.);
#3589 = LINE('',#3590,#3591);
#3590 = CARTESIAN_POINT('',(1.6,0.98,3.07));
#3591 = VECTOR('',#3592,1.);
#3592 = DIRECTION('',(0.,0.,-1.));
#3593 = ORIENTED_EDGE('',*,*,#3043,.T.);
#3594 = PLANE('',#3595);
#3595 = AXIS2_PLACEMENT_3D('',#3596,#3597,#3598);
#3596 = CARTESIAN_POINT('',(1.6,0.771294517928,2.168759014354));
#3597 = DIRECTION('',(-1.,-0.,-0.));
#3598 = DIRECTION('',(0.,0.,-1.));
#3599 = ADVANCED_FACE('',(#3600),#3618,.T.);
#3600 = FACE_BOUND('',#3601,.T.);
#3601 = EDGE_LOOP('',(#3602,#3610,#3611,#3612));
#3602 = ORIENTED_EDGE('',*,*,#3603,.T.);
#3603 = EDGE_CURVE('',#3604,#3581,#3606,.T.);
#3604 = VERTEX_POINT('',#3605);
#3605 = CARTESIAN_POINT('',(1.4,0.98,3.07));
#3606 = LINE('',#3607,#3608);
#3607 = CARTESIAN_POINT('',(1.4,0.98,3.07));
#3608 = VECTOR('',#3609,1.);
#3609 = DIRECTION('',(1.,0.,0.));
#3610 = ORIENTED_EDGE('',*,*,#3588,.T.);
#3611 = ORIENTED_EDGE('',*,*,#3035,.F.);
#3612 = ORIENTED_EDGE('',*,*,#3613,.F.);
#3613 = EDGE_CURVE('',#3604,#3028,#3614,.T.);
#3614 = LINE('',#3615,#3616);
#3615 = CARTESIAN_POINT('',(1.4,0.98,3.07));
#3616 = VECTOR('',#3617,1.);
#3617 = DIRECTION('',(0.,0.,-1.));
#3618 = PLANE('',#3619);
#3619 = AXIS2_PLACEMENT_3D('',#3620,#3621,#3622);
#3620 = CARTESIAN_POINT('',(1.4,0.98,3.07));
#3621 = DIRECTION('',(0.,1.,0.));
#3622 = DIRECTION('',(0.,0.,-1.));
#3623 = ADVANCED_FACE('',(#3624),#3635,.T.);
#3624 = FACE_BOUND('',#3625,.T.);
#3625 = EDGE_LOOP('',(#3626,#3627,#3633,#3634));
#3626 = ORIENTED_EDGE('',*,*,#3565,.T.);
#3627 = ORIENTED_EDGE('',*,*,#3628,.T.);
#3628 = EDGE_CURVE('',#3558,#3604,#3629,.T.);
#3629 = LINE('',#3630,#3631);
#3630 = CARTESIAN_POINT('',(1.4,0.63,3.07));
#3631 = VECTOR('',#3632,1.);
#3632 = DIRECTION('',(0.,1.,0.));
#3633 = ORIENTED_EDGE('',*,*,#3613,.T.);
#3634 = ORIENTED_EDGE('',*,*,#3027,.T.);
#3635 = PLANE('',#3636);
#3636 = AXIS2_PLACEMENT_3D('',#3637,#3638,#3639);
#3637 = CARTESIAN_POINT('',(1.4,0.771294517928,2.168759014354));
#3638 = DIRECTION('',(-1.,-0.,-0.));
#3639 = DIRECTION('',(0.,0.,-1.));
#3640 = ADVANCED_FACE('',(#3641),#3666,.T.);
#3641 = FACE_BOUND('',#3642,.T.);
#3642 = EDGE_LOOP('',(#3643,#3644,#3652,#3660));
#3643 = ORIENTED_EDGE('',*,*,#3051,.T.);
#3644 = ORIENTED_EDGE('',*,*,#3645,.T.);
#3645 = EDGE_CURVE('',#3054,#3646,#3648,.T.);
#3646 = VERTEX_POINT('',#3647);
#3647 = CARTESIAN_POINT('',(2.6,0.63,3.07));
#3648 = LINE('',#3649,#3650);
#3649 = CARTESIAN_POINT('',(2.6,0.5,1.32));
#3650 = VECTOR('',#3651,1.);
#3651 = DIRECTION('',(0.,7.408159078957E-02,0.997252183706));
#3652 = ORIENTED_EDGE('',*,*,#3653,.F.);
#3653 = EDGE_CURVE('',#3654,#3646,#3656,.T.);
#3654 = VERTEX_POINT('',#3655);
#3655 = CARTESIAN_POINT('',(2.4,0.63,3.07));
#3656 = LINE('',#3657,#3658);
#3657 = CARTESIAN_POINT('',(2.4,0.63,3.07));
#3658 = VECTOR('',#3659,1.);
#3659 = DIRECTION('',(1.,0.,0.));
#3660 = ORIENTED_EDGE('',*,*,#3661,.F.);
#3661 = EDGE_CURVE('',#3052,#3654,#3662,.T.);
#3662 = LINE('',#3663,#3664);
#3663 = CARTESIAN_POINT('',(2.4,0.5,1.32));
#3664 = VECTOR('',#3665,1.);
#3665 = DIRECTION('',(0.,7.408159078957E-02,0.997252183706));
#3666 = PLANE('',#3667);
#3667 = AXIS2_PLACEMENT_3D('',#3668,#3669,#3670);
#3668 = CARTESIAN_POINT('',(2.4,0.5,1.32));
#3669 = DIRECTION('',(0.,-0.997252183706,7.408159078957E-02));
#3670 = DIRECTION('',(0.,7.408159078957E-02,0.997252183706));
#3671 = ADVANCED_FACE('',(#3672),#3690,.F.);
#3672 = FACE_BOUND('',#3673,.F.);
#3673 = EDGE_LOOP('',(#3674,#3675,#3683,#3689));
#3674 = ORIENTED_EDGE('',*,*,#3645,.T.);
#3675 = ORIENTED_EDGE('',*,*,#3676,.T.);
#3676 = EDGE_CURVE('',#3646,#3677,#3679,.T.);
#3677 = VERTEX_POINT('',#3678);
#3678 = CARTESIAN_POINT('',(2.6,0.98,3.07));
#3679 = LINE('',#3680,#3681);
#3680 = CARTESIAN_POINT('',(2.6,0.63,3.07));
#3681 = VECTOR('',#3682,1.);
#3682 = DIRECTION('',(0.,1.,0.));
#3683 = ORIENTED_EDGE('',*,*,#3684,.T.);
#3684 = EDGE_CURVE('',#3677,#3070,#3685,.T.);
#3685 = LINE('',#3686,#3687);
#3686 = CARTESIAN_POINT('',(2.6,0.98,3.07));
#3687 = VECTOR('',#3688,1.);
#3688 = DIRECTION('',(0.,0.,-1.));
#3689 = ORIENTED_EDGE('',*,*,#3077,.T.);
#3690 = PLANE('',#3691);
#3691 = AXIS2_PLACEMENT_3D('',#3692,#3693,#3694);
#3692 = CARTESIAN_POINT('',(2.6,0.771294517928,2.168759014354));
#3693 = DIRECTION('',(-1.,-0.,-0.));
#3694 = DIRECTION('',(0.,0.,-1.));
#3695 = ADVANCED_FACE('',(#3696),#3714,.T.);
#3696 = FACE_BOUND('',#3697,.T.);
#3697 = EDGE_LOOP('',(#3698,#3706,#3707,#3708));
#3698 = ORIENTED_EDGE('',*,*,#3699,.T.);
#3699 = EDGE_CURVE('',#3700,#3677,#3702,.T.);
#3700 = VERTEX_POINT('',#3701);
#3701 = CARTESIAN_POINT('',(2.4,0.98,3.07));
#3702 = LINE('',#3703,#3704);
#3703 = CARTESIAN_POINT('',(2.4,0.98,3.07));
#3704 = VECTOR('',#3705,1.);
#3705 = DIRECTION('',(1.,0.,0.));
#3706 = ORIENTED_EDGE('',*,*,#3684,.T.);
#3707 = ORIENTED_EDGE('',*,*,#3069,.F.);
#3708 = ORIENTED_EDGE('',*,*,#3709,.F.);
#3709 = EDGE_CURVE('',#3700,#3062,#3710,.T.);
#3710 = LINE('',#3711,#3712);
#3711 = CARTESIAN_POINT('',(2.4,0.98,3.07));
#3712 = VECTOR('',#3713,1.);
#3713 = DIRECTION('',(0.,0.,-1.));
#3714 = PLANE('',#3715);
#3715 = AXIS2_PLACEMENT_3D('',#3716,#3717,#3718);
#3716 = CARTESIAN_POINT('',(2.4,0.98,3.07));
#3717 = DIRECTION('',(0.,1.,0.));
#3718 = DIRECTION('',(0.,0.,-1.));
#3719 = ADVANCED_FACE('',(#3720),#3731,.T.);
#3720 = FACE_BOUND('',#3721,.T.);
#3721 = EDGE_LOOP('',(#3722,#3723,#3729,#3730));
#3722 = ORIENTED_EDGE('',*,*,#3661,.T.);
#3723 = ORIENTED_EDGE('',*,*,#3724,.T.);
#3724 = EDGE_CURVE('',#3654,#3700,#3725,.T.);
#3725 = LINE('',#3726,#3727);
#3726 = CARTESIAN_POINT('',(2.4,0.63,3.07));
#3727 = VECTOR('',#3728,1.);
#3728 = DIRECTION('',(0.,1.,0.));
#3729 = ORIENTED_EDGE('',*,*,#3709,.T.);
#3730 = ORIENTED_EDGE('',*,*,#3061,.T.);
#3731 = PLANE('',#3732);
#3732 = AXIS2_PLACEMENT_3D('',#3733,#3734,#3735);
#3733 = CARTESIAN_POINT('',(2.4,0.771294517928,2.168759014354));
#3734 = DIRECTION('',(-1.,-0.,-0.));
#3735 = DIRECTION('',(0.,0.,-1.));
#3736 = ADVANCED_FACE('',(#3737),#3743,.T.);
#3737 = FACE_BOUND('',#3738,.T.);
#3738 = EDGE_LOOP('',(#3739,#3740,#3741,#3742));
#3739 = ORIENTED_EDGE('',*,*,#3173,.T.);
#3740 = ORIENTED_EDGE('',*,*,#3196,.T.);
#3741 = ORIENTED_EDGE('',*,*,#3219,.F.);
#3742 = ORIENTED_EDGE('',*,*,#3244,.F.);
#3743 = PLANE('',#3744);
#3744 = AXIS2_PLACEMENT_3D('',#3745,#3746,#3747);
#3745 = CARTESIAN_POINT('',(-2.6,0.63,3.07));
#3746 = DIRECTION('',(0.,0.,1.));
#3747 = DIRECTION('',(0.,1.,0.));
#3748 = ADVANCED_FACE('',(#3749),#3755,.T.);
#3749 = FACE_BOUND('',#3750,.T.);
#3750 = EDGE_LOOP('',(#3751,#3752,#3753,#3754));
#3751 = ORIENTED_EDGE('',*,*,#3269,.T.);
#3752 = ORIENTED_EDGE('',*,*,#3292,.T.);
#3753 = ORIENTED_EDGE('',*,*,#3315,.F.);
#3754 = ORIENTED_EDGE('',*,*,#3340,.F.);
#3755 = PLANE('',#3756);
#3756 = AXIS2_PLACEMENT_3D('',#3757,#3758,#3759);
#3757 = CARTESIAN_POINT('',(-1.6,0.63,3.07));
#3758 = DIRECTION('',(0.,0.,1.));
#3759 = DIRECTION('',(0.,1.,0.));
#3760 = ADVANCED_FACE('',(#3761),#3767,.T.);
#3761 = FACE_BOUND('',#3762,.T.);
#3762 = EDGE_LOOP('',(#3763,#3764,#3765,#3766));
#3763 = ORIENTED_EDGE('',*,*,#3365,.T.);
#3764 = ORIENTED_EDGE('',*,*,#3388,.T.);
#3765 = ORIENTED_EDGE('',*,*,#3411,.F.);
#3766 = ORIENTED_EDGE('',*,*,#3436,.F.);
#3767 = PLANE('',#3768);
#3768 = AXIS2_PLACEMENT_3D('',#3769,#3770,#3771);
#3769 = CARTESIAN_POINT('',(-0.6,0.63,3.07));
#3770 = DIRECTION('',(0.,0.,1.));
#3771 = DIRECTION('',(0.,1.,0.));
#3772 = ADVANCED_FACE('',(#3773),#3779,.T.);
#3773 = FACE_BOUND('',#3774,.T.);
#3774 = EDGE_LOOP('',(#3775,#3776,#3777,#3778));
#3775 = ORIENTED_EDGE('',*,*,#3461,.T.);
#3776 = ORIENTED_EDGE('',*,*,#3484,.T.);
#3777 = ORIENTED_EDGE('',*,*,#3507,.F.);
#3778 = ORIENTED_EDGE('',*,*,#3532,.F.);
#3779 = PLANE('',#3780);
#3780 = AXIS2_PLACEMENT_3D('',#3781,#3782,#3783);
#3781 = CARTESIAN_POINT('',(0.4,0.63,3.07));
#3782 = DIRECTION('',(0.,0.,1.));
#3783 = DIRECTION('',(0.,1.,0.));
#3784 = ADVANCED_FACE('',(#3785),#3791,.T.);
#3785 = FACE_BOUND('',#3786,.T.);
#3786 = EDGE_LOOP('',(#3787,#3788,#3789,#3790));
#3787 = ORIENTED_EDGE('',*,*,#3557,.T.);
#3788 = ORIENTED_EDGE('',*,*,#3580,.T.);
#3789 = ORIENTED_EDGE('',*,*,#3603,.F.);
#3790 = ORIENTED_EDGE('',*,*,#3628,.F.);
#3791 = PLANE('',#3792);
#3792 = AXIS2_PLACEMENT_3D('',#3793,#3794,#3795);
#3793 = CARTESIAN_POINT('',(1.4,0.63,3.07));
#3794 = DIRECTION('',(0.,0.,1.));
#3795 = DIRECTION('',(0.,1.,0.));
#3796 = ADVANCED_FACE('',(#3797),#3803,.T.);
#3797 = FACE_BOUND('',#3798,.T.);
#3798 = EDGE_LOOP('',(#3799,#3800,#3801,#3802));
#3799 = ORIENTED_EDGE('',*,*,#3653,.T.);
#3800 = ORIENTED_EDGE('',*,*,#3676,.T.);
#3801 = ORIENTED_EDGE('',*,*,#3699,.F.);
#3802 = ORIENTED_EDGE('',*,*,#3724,.F.);
#3803 = PLANE('',#3804);
#3804 = AXIS2_PLACEMENT_3D('',#3805,#3806,#3807);
#3805 = CARTESIAN_POINT('',(2.4,0.63,3.07));
#3806 = DIRECTION('',(0.,0.,1.));
#3807 = DIRECTION('',(0.,1.,0.));
#3808 = ( GEOMETRIC_REPRESENTATION_CONTEXT(3) 
GLOBAL_UNCERTAINTY_ASSIGNED_CONTEXT((#3812)) 
GLOBAL_UNIT_ASSIGNED_CONTEXT((#3809,#3810,#3811)) REPRESENTATION_CONTEXT
('Context #1','3D Context with UNIT and UNCERTAINTY') );
#3809 = ( LENGTH_UNIT() NAMED_UNIT(*) SI_UNIT(.MILLI.,.METRE.) );
#3810 = ( NAMED_UNIT(*) PLANE_ANGLE_UNIT() SI_UNIT($,.RADIAN.) );
#3811 = ( NAMED_UNIT(*) SI_UNIT($,.STERADIAN.) SOLID_ANGLE_UNIT() );
#3812 = UNCERTAINTY_MEASURE_WITH_UNIT(LENGTH_MEASURE(1.E-07),#3809,
  'distance_accuracy_value','confusion accuracy');
#3813 = CONTEXT_DEPENDENT_SHAPE_REPRESENTATION(#3814,#3816);
#3814 = ( REPRESENTATION_RELATIONSHIP('','',#227,#204) 
REPRESENTATION_RELATIONSHIP_WITH_TRANSFORMATION(#3815) 
SHAPE_REPRESENTATION_RELATIONSHIP() );
#3815 = ITEM_DEFINED_TRANSFORMATION('','',#11,#205);
#3816 = PRODUCT_DEFINITION_SHAPE('Placement','Placement of an item',
  #3817);
#3817 = NEXT_ASSEMBLY_USAGE_OCCURRENCE('1','=>[0:1:1:3]','',#199,#222,$
  );
#3818 = PRODUCT_RELATED_PRODUCT_CATEGORY('part',$,(#224));
#3819 = CONTEXT_DEPENDENT_SHAPE_REPRESENTATION(#3820,#3822);
#3820 = ( REPRESENTATION_RELATIONSHIP('','',#204,#10) 
REPRESENTATION_RELATIONSHIP_WITH_TRANSFORMATION(#3821) 
SHAPE_REPRESENTATION_RELATIONSHIP() );
#3821 = ITEM_DEFINED_TRANSFORMATION('','',#11,#19);
#3822 = PRODUCT_DEFINITION_SHAPE('Placement','Placement of an item',
  #3823);
#3823 = NEXT_ASSEMBLY_USAGE_OCCURRENCE('3','J17','',#5,#199,$);
#3824 = SHAPE_DEFINITION_REPRESENTATION(#3825,#3831);
#3825 = PRODUCT_DEFINITION_SHAPE('','',#3826);
#3826 = PRODUCT_DEFINITION('design','',#3827,#3830);
#3827 = PRODUCT_DEFINITION_FORMATION('','',#3828);
#3828 = PRODUCT('JST_SH_SM14B-SRSS-TB_1x14-1MP_P1.00mm_Horizontal',
  'JST_SH_SM14B-SRSS-TB_1x14-1MP_P1.00mm_Horizontal','',(#3829));
#3829 = PRODUCT_CONTEXT('',#2,'mechanical');
#3830 = PRODUCT_DEFINITION_CONTEXT('part definition',#2,'design');
#3831 = SHAPE_REPRESENTATION('',(#11,#3832),#3836);
#3832 = AXIS2_PLACEMENT_3D('',#3833,#3834,#3835);
#3833 = CARTESIAN_POINT('',(0.,0.,0.));
#3834 = DIRECTION('',(0.,0.,1.));
#3835 = DIRECTION('',(1.,0.,-0.));
#3836 = ( GEOMETRIC_REPRESENTATION_CONTEXT(3) 
GLOBAL_UNCERTAINTY_ASSIGNED_CONTEXT((#3840)) 
GLOBAL_UNIT_ASSIGNED_CONTEXT((#3837,#3838,#3839)) REPRESENTATION_CONTEXT
('Context #1','3D Context with UNIT and UNCERTAINTY') );
#3837 = ( LENGTH_UNIT() NAMED_UNIT(*) SI_UNIT(.MILLI.,.METRE.) );
#3838 = ( NAMED_UNIT(*) PLANE_ANGLE_UNIT() SI_UNIT($,.RADIAN.) );
#3839 = ( NAMED_UNIT(*) SI_UNIT($,.STERADIAN.) SOLID_ANGLE_UNIT() );
#3840 = UNCERTAINTY_MEASURE_WITH_UNIT(LENGTH_MEASURE(1.E-07),#3837,
  'distance_accuracy_value','confusion accuracy');
#3841 = CONTEXT_DEPENDENT_SHAPE_REPRESENTATION(#3842,#3844);
#3842 = ( REPRESENTATION_RELATIONSHIP('','',#3831,#10) 
REPRESENTATION_RELATIONSHIP_WITH_TRANSFORMATION(#3843) 
SHAPE_REPRESENTATION_RELATIONSHIP() );
#3843 = ITEM_DEFINED_TRANSFORMATION('','',#11,#23);
#3844 = PRODUCT_DEFINITION_SHAPE('Placement','Placement of an item',
  #3845);
#3845 = NEXT_ASSEMBLY_USAGE_OCCURRENCE('5','J50','',#5,#3826,$);
#3846 = PRODUCT_RELATED_PRODUCT_CATEGORY('part',$,(#3828));
#3847 = SHAPE_DEFINITION_REPRESENTATION(#3848,#3854);
#3848 = PRODUCT_DEFINITION_SHAPE('','',#3849);
#3849 = PRODUCT_DEFINITION('design','',#3850,#3853);
#3850 = PRODUCT_DEFINITION_FORMATION('','',#3851);
#3851 = PRODUCT('JST_SH_SM14B-SRSS-TB_1x14-1MP_P1.00mm_Horizontal',
  'JST_SH_SM14B-SRSS-TB_1x14-1MP_P1.00mm_Horizontal','',(#3852));
#3852 = PRODUCT_CONTEXT('',#2,'mechanical');
#3853 = PRODUCT_DEFINITION_CONTEXT('part definition',#2,'design');
#3854 = ADVANCED_BREP_SHAPE_REPRESENTATION('',(#11,#3855),#10059);
#3855 = MANIFOLD_SOLID_BREP('',#3856);
#3856 = CLOSED_SHELL('',(#3857,#3961,#4488,#4512,#4536,#4560,#4584,#4745
    ,#4801,#4825,#4849,#4873,#4897,#5259,#5331,#5355,#5386,#5410,#5441,
    #5465,#5505,#5529,#5562,#5602,#5626,#5659,#5699,#5723,#5756,#5796,
    #5820,#5853,#5893,#5917,#5950,#5990,#6014,#6047,#6087,#6111,#6144,
    #6184,#6208,#6241,#6281,#6305,#6338,#6378,#6402,#6435,#6475,#6499,
    #6532,#6572,#6596,#6629,#6669,#6693,#6726,#6766,#6790,#6823,#6850,
    #6868,#6893,#6917,#6971,#6995,#7019,#7036,#7060,#7107,#7131,#7155,
    #7172,#7189,#7229,#7246,#7260,#7277,#7294,#7311,#7328,#7345,#7362,
    #7379,#7396,#7413,#7430,#7447,#7464,#7481,#7498,#7515,#7539,#7556,
    #7573,#7585,#7605,#7617,#7629,#7646,#7658,#7675,#7687,#7704,#7716,
    #7733,#7745,#7762,#7774,#7791,#7803,#7820,#7832,#7849,#7861,#7878,
    #7890,#7907,#7919,#7936,#7948,#7965,#7977,#7994,#8006,#8023,#8035,
    #8047,#8535,#8547,#8578,#8602,#8626,#8643,#8674,#8698,#8722,#8739,
    #8770,#8794,#8818,#8835,#8866,#8890,#8914,#8931,#8962,#8986,#9010,
    #9027,#9058,#9082,#9106,#9123,#9154,#9178,#9202,#9219,#9250,#9274,
    #9298,#9315,#9346,#9370,#9394,#9411,#9442,#9466,#9490,#9507,#9538,
    #9562,#9586,#9603,#9634,#9658,#9682,#9699,#9730,#9754,#9778,#9795,
    #9826,#9850,#9874,#9891,#9903,#9915,#9927,#9939,#9951,#9963,#9975,
    #9987,#9999,#10011,#10023,#10035,#10047));
#3857 = ADVANCED_FACE('',(#3858),#3956,.F.);
#3858 = FACE_BOUND('',#3859,.F.);
#3859 = EDGE_LOOP('',(#3860,#3870,#3878,#3886,#3894,#3902,#3910,#3918,
    #3926,#3934,#3942,#3950));
#3860 = ORIENTED_EDGE('',*,*,#3861,.F.);
#3861 = EDGE_CURVE('',#3862,#3864,#3866,.T.);
#3862 = VERTEX_POINT('',#3863);
#3863 = CARTESIAN_POINT('',(-8.,1.775,6.E-02));
#3864 = VERTEX_POINT('',#3865);
#3865 = CARTESIAN_POINT('',(-8.,-0.975,6.E-02));
#3866 = LINE('',#3867,#3868);
#3867 = CARTESIAN_POINT('',(-8.,1.775,6.E-02));
#3868 = VECTOR('',#3869,1.);
#3869 = DIRECTION('',(0.,-1.,1.110223024625E-16));
#3870 = ORIENTED_EDGE('',*,*,#3871,.T.);
#3871 = EDGE_CURVE('',#3862,#3872,#3874,.T.);
#3872 = VERTEX_POINT('',#3873);
#3873 = CARTESIAN_POINT('',(-8.,1.775,1.46));
#3874 = LINE('',#3875,#3876);
#3875 = CARTESIAN_POINT('',(-8.,1.775,6.E-02));
#3876 = VECTOR('',#3877,1.);
#3877 = DIRECTION('',(0.,1.110223024625E-16,1.));
#3878 = ORIENTED_EDGE('',*,*,#3879,.T.);
#3879 = EDGE_CURVE('',#3872,#3880,#3882,.T.);
#3880 = VERTEX_POINT('',#3881);
#3881 = CARTESIAN_POINT('',(-8.,1.225,1.46));
#3882 = LINE('',#3883,#3884);
#3883 = CARTESIAN_POINT('',(-8.,1.775,1.46));
#3884 = VECTOR('',#3885,1.);
#3885 = DIRECTION('',(0.,-1.,1.110223024625E-16));
#3886 = ORIENTED_EDGE('',*,*,#3887,.T.);
#3887 = EDGE_CURVE('',#3880,#3888,#3890,.T.);
#3888 = VERTEX_POINT('',#3889);
#3889 = CARTESIAN_POINT('',(-8.,1.225,2.46));
#3890 = LINE('',#3891,#3892);
#3891 = CARTESIAN_POINT('',(-8.,1.225,1.46));
#3892 = VECTOR('',#3893,1.);
#3893 = DIRECTION('',(0.,1.110223024625E-16,1.));
#3894 = ORIENTED_EDGE('',*,*,#3895,.T.);
#3895 = EDGE_CURVE('',#3888,#3896,#3898,.T.);
#3896 = VERTEX_POINT('',#3897);
#3897 = CARTESIAN_POINT('',(-8.,0.575,2.46));
#3898 = LINE('',#3899,#3900);
#3899 = CARTESIAN_POINT('',(-8.,1.225,2.46));
#3900 = VECTOR('',#3901,1.);
#3901 = DIRECTION('',(0.,-1.,1.110223024625E-16));
#3902 = ORIENTED_EDGE('',*,*,#3903,.T.);
#3903 = EDGE_CURVE('',#3896,#3904,#3906,.T.);
#3904 = VERTEX_POINT('',#3905);
#3905 = CARTESIAN_POINT('',(-8.,0.286,2.96));
#3906 = LINE('',#3907,#3908);
#3907 = CARTESIAN_POINT('',(-8.,0.575,2.46));
#3908 = VECTOR('',#3909,1.);
#3909 = DIRECTION('',(0.,-0.500421834463,0.865781720524));
#3910 = ORIENTED_EDGE('',*,*,#3911,.T.);
#3911 = EDGE_CURVE('',#3904,#3912,#3914,.T.);
#3912 = VERTEX_POINT('',#3913);
#3913 = CARTESIAN_POINT('',(-8.,-2.475,2.96));
#3914 = LINE('',#3915,#3916);
#3915 = CARTESIAN_POINT('',(-8.,1.775,2.96));
#3916 = VECTOR('',#3917,1.);
#3917 = DIRECTION('',(0.,-1.,1.110223024625E-16));
#3918 = ORIENTED_EDGE('',*,*,#3919,.F.);
#3919 = EDGE_CURVE('',#3920,#3912,#3922,.T.);
#3920 = VERTEX_POINT('',#3921);
#3921 = CARTESIAN_POINT('',(-8.,-2.475,1.26));
#3922 = LINE('',#3923,#3924);
#3923 = CARTESIAN_POINT('',(-8.,-2.475,6.E-02));
#3924 = VECTOR('',#3925,1.);
#3925 = DIRECTION('',(0.,1.110223024625E-16,1.));
#3926 = ORIENTED_EDGE('',*,*,#3927,.T.);
#3927 = EDGE_CURVE('',#3920,#3928,#3930,.T.);
#3928 = VERTEX_POINT('',#3929);
#3929 = CARTESIAN_POINT('',(-8.,-1.975,1.26));
#3930 = LINE('',#3931,#3932);
#3931 = CARTESIAN_POINT('',(-8.,-2.475,1.26));
#3932 = VECTOR('',#3933,1.);
#3933 = DIRECTION('',(0.,1.,-1.110223024625E-16));
#3934 = ORIENTED_EDGE('',*,*,#3935,.T.);
#3935 = EDGE_CURVE('',#3928,#3936,#3938,.T.);
#3936 = VERTEX_POINT('',#3937);
#3937 = CARTESIAN_POINT('',(-8.,-1.975,0.61));
#3938 = LINE('',#3939,#3940);
#3939 = CARTESIAN_POINT('',(-8.,-1.975,1.26));
#3940 = VECTOR('',#3941,1.);
#3941 = DIRECTION('',(0.,-1.110223024625E-16,-1.));
#3942 = ORIENTED_EDGE('',*,*,#3943,.T.);
#3943 = EDGE_CURVE('',#3936,#3944,#3946,.T.);
#3944 = VERTEX_POINT('',#3945);
#3945 = CARTESIAN_POINT('',(-8.,-0.975,0.61));
#3946 = LINE('',#3947,#3948);
#3947 = CARTESIAN_POINT('',(-8.,-1.975,0.61));
#3948 = VECTOR('',#3949,1.);
#3949 = DIRECTION('',(0.,1.,-1.110223024625E-16));
#3950 = ORIENTED_EDGE('',*,*,#3951,.T.);
#3951 = EDGE_CURVE('',#3944,#3864,#3952,.T.);
#3952 = LINE('',#3953,#3954);
#3953 = CARTESIAN_POINT('',(-8.,-0.975,0.61));
#3954 = VECTOR('',#3955,1.);
#3955 = DIRECTION('',(0.,-1.110223024625E-16,-1.));
#3956 = PLANE('',#3957);
#3957 = AXIS2_PLACEMENT_3D('',#3958,#3959,#3960);
#3958 = CARTESIAN_POINT('',(-8.,1.775,6.E-02));
#3959 = DIRECTION('',(1.,0.,0.));
#3960 = DIRECTION('',(0.,-1.,1.110223024625E-16));
#3961 = ADVANCED_FACE('',(#3962),#4483,.F.);
#3962 = FACE_BOUND('',#3963,.F.);
#3963 = EDGE_LOOP('',(#3964,#3974,#3982,#3990,#3998,#4006,#4014,#4022,
    #4030,#4038,#4046,#4054,#4062,#4070,#4078,#4086,#4094,#4102,#4110,
    #4118,#4126,#4134,#4142,#4150,#4158,#4166,#4174,#4182,#4190,#4198,
    #4206,#4214,#4222,#4230,#4238,#4246,#4254,#4262,#4270,#4278,#4286,
    #4294,#4302,#4310,#4318,#4326,#4334,#4342,#4350,#4358,#4366,#4374,
    #4382,#4390,#4398,#4406,#4414,#4422,#4428,#4429,#4437,#4445,#4453,
    #4461,#4469,#4477));
#3964 = ORIENTED_EDGE('',*,*,#3965,.F.);
#3965 = EDGE_CURVE('',#3966,#3968,#3970,.T.);
#3966 = VERTEX_POINT('',#3967);
#3967 = CARTESIAN_POINT('',(8.,1.775,6.E-02));
#3968 = VERTEX_POINT('',#3969);
#3969 = CARTESIAN_POINT('',(8.,-0.975,6.E-02));
#3970 = LINE('',#3971,#3972);
#3971 = CARTESIAN_POINT('',(8.,1.775,6.E-02));
#3972 = VECTOR('',#3973,1.);
#3973 = DIRECTION('',(0.,-1.,1.110223024625E-16));
#3974 = ORIENTED_EDGE('',*,*,#3975,.F.);
#3975 = EDGE_CURVE('',#3976,#3966,#3978,.T.);
#3976 = VERTEX_POINT('',#3977);
#3977 = CARTESIAN_POINT('',(6.6,1.775,6.E-02));
#3978 = LINE('',#3979,#3980);
#3979 = CARTESIAN_POINT('',(-8.,1.775,6.E-02));
#3980 = VECTOR('',#3981,1.);
#3981 = DIRECTION('',(1.,0.,0.));
#3982 = ORIENTED_EDGE('',*,*,#3983,.F.);
#3983 = EDGE_CURVE('',#3984,#3976,#3986,.T.);
#3984 = VERTEX_POINT('',#3985);
#3985 = CARTESIAN_POINT('',(6.6,1.675,6.E-02));
#3986 = LINE('',#3987,#3988);
#3987 = CARTESIAN_POINT('',(6.6,1.675,6.E-02));
#3988 = VECTOR('',#3989,1.);
#3989 = DIRECTION('',(0.,1.,0.));
#3990 = ORIENTED_EDGE('',*,*,#3991,.F.);
#3991 = EDGE_CURVE('',#3992,#3984,#3994,.T.);
#3992 = VERTEX_POINT('',#3993);
#3993 = CARTESIAN_POINT('',(6.4,1.675,6.E-02));
#3994 = LINE('',#3995,#3996);
#3995 = CARTESIAN_POINT('',(6.4,1.675,6.E-02));
#3996 = VECTOR('',#3997,1.);
#3997 = DIRECTION('',(1.,0.,0.));
#3998 = ORIENTED_EDGE('',*,*,#3999,.T.);
#3999 = EDGE_CURVE('',#3992,#4000,#4002,.T.);
#4000 = VERTEX_POINT('',#4001);
#4001 = CARTESIAN_POINT('',(6.4,1.775,6.E-02));
#4002 = LINE('',#4003,#4004);
#4003 = CARTESIAN_POINT('',(6.4,1.675,6.E-02));
#4004 = VECTOR('',#4005,1.);
#4005 = DIRECTION('',(0.,1.,0.));
#4006 = ORIENTED_EDGE('',*,*,#4007,.F.);
#4007 = EDGE_CURVE('',#4008,#4000,#4010,.T.);
#4008 = VERTEX_POINT('',#4009);
#4009 = CARTESIAN_POINT('',(5.6,1.775,6.E-02));
#4010 = LINE('',#4011,#4012);
#4011 = CARTESIAN_POINT('',(-8.,1.775,6.E-02));
#4012 = VECTOR('',#4013,1.);
#4013 = DIRECTION('',(1.,0.,0.));
#4014 = ORIENTED_EDGE('',*,*,#4015,.F.);
#4015 = EDGE_CURVE('',#4016,#4008,#4018,.T.);
#4016 = VERTEX_POINT('',#4017);
#4017 = CARTESIAN_POINT('',(5.6,1.675,6.E-02));
#4018 = LINE('',#4019,#4020);
#4019 = CARTESIAN_POINT('',(5.6,1.675,6.E-02));
#4020 = VECTOR('',#4021,1.);
#4021 = DIRECTION('',(0.,1.,0.));
#4022 = ORIENTED_EDGE('',*,*,#4023,.F.);
#4023 = EDGE_CURVE('',#4024,#4016,#4026,.T.);
#4024 = VERTEX_POINT('',#4025);
#4025 = CARTESIAN_POINT('',(5.4,1.675,6.E-02));
#4026 = LINE('',#4027,#4028);
#4027 = CARTESIAN_POINT('',(5.4,1.675,6.E-02));
#4028 = VECTOR('',#4029,1.);
#4029 = DIRECTION('',(1.,0.,0.));
#4030 = ORIENTED_EDGE('',*,*,#4031,.T.);
#4031 = EDGE_CURVE('',#4024,#4032,#4034,.T.);
#4032 = VERTEX_POINT('',#4033);
#4033 = CARTESIAN_POINT('',(5.4,1.775,6.E-02));
#4034 = LINE('',#4035,#4036);
#4035 = CARTESIAN_POINT('',(5.4,1.675,6.E-02));
#4036 = VECTOR('',#4037,1.);
#4037 = DIRECTION('',(0.,1.,0.));
#4038 = ORIENTED_EDGE('',*,*,#4039,.F.);
#4039 = EDGE_CURVE('',#4040,#4032,#4042,.T.);
#4040 = VERTEX_POINT('',#4041);
#4041 = CARTESIAN_POINT('',(4.6,1.775,6.E-02));
#4042 = LINE('',#4043,#4044);
#4043 = CARTESIAN_POINT('',(-8.,1.775,6.E-02));
#4044 = VECTOR('',#4045,1.);
#4045 = DIRECTION('',(1.,0.,0.));
#4046 = ORIENTED_EDGE('',*,*,#4047,.F.);
#4047 = EDGE_CURVE('',#4048,#4040,#4050,.T.);
#4048 = VERTEX_POINT('',#4049);
#4049 = CARTESIAN_POINT('',(4.6,1.675,6.E-02));
#4050 = LINE('',#4051,#4052);
#4051 = CARTESIAN_POINT('',(4.6,1.675,6.E-02));
#4052 = VECTOR('',#4053,1.);
#4053 = DIRECTION('',(0.,1.,0.));
#4054 = ORIENTED_EDGE('',*,*,#4055,.F.);
#4055 = EDGE_CURVE('',#4056,#4048,#4058,.T.);
#4056 = VERTEX_POINT('',#4057);
#4057 = CARTESIAN_POINT('',(4.4,1.675,6.E-02));
#4058 = LINE('',#4059,#4060);
#4059 = CARTESIAN_POINT('',(4.4,1.675,6.E-02));
#4060 = VECTOR('',#4061,1.);
#4061 = DIRECTION('',(1.,0.,0.));
#4062 = ORIENTED_EDGE('',*,*,#4063,.T.);
#4063 = EDGE_CURVE('',#4056,#4064,#4066,.T.);
#4064 = VERTEX_POINT('',#4065);
#4065 = CARTESIAN_POINT('',(4.4,1.775,6.E-02));
#4066 = LINE('',#4067,#4068);
#4067 = CARTESIAN_POINT('',(4.4,1.675,6.E-02));
#4068 = VECTOR('',#4069,1.);
#4069 = DIRECTION('',(0.,1.,0.));
#4070 = ORIENTED_EDGE('',*,*,#4071,.F.);
#4071 = EDGE_CURVE('',#4072,#4064,#4074,.T.);
#4072 = VERTEX_POINT('',#4073);
#4073 = CARTESIAN_POINT('',(3.6,1.775,6.E-02));
#4074 = LINE('',#4075,#4076);
#4075 = CARTESIAN_POINT('',(-8.,1.775,6.E-02));
#4076 = VECTOR('',#4077,1.);
#4077 = DIRECTION('',(1.,0.,0.));
#4078 = ORIENTED_EDGE('',*,*,#4079,.F.);
#4079 = EDGE_CURVE('',#4080,#4072,#4082,.T.);
#4080 = VERTEX_POINT('',#4081);
#4081 = CARTESIAN_POINT('',(3.6,1.675,6.E-02));
#4082 = LINE('',#4083,#4084);
#4083 = CARTESIAN_POINT('',(3.6,1.675,6.E-02));
#4084 = VECTOR('',#4085,1.);
#4085 = DIRECTION('',(0.,1.,0.));
#4086 = ORIENTED_EDGE('',*,*,#4087,.F.);
#4087 = EDGE_CURVE('',#4088,#4080,#4090,.T.);
#4088 = VERTEX_POINT('',#4089);
#4089 = CARTESIAN_POINT('',(3.4,1.675,6.E-02));
#4090 = LINE('',#4091,#4092);
#4091 = CARTESIAN_POINT('',(3.4,1.675,6.E-02));
#4092 = VECTOR('',#4093,1.);
#4093 = DIRECTION('',(1.,0.,0.));
#4094 = ORIENTED_EDGE('',*,*,#4095,.T.);
#4095 = EDGE_CURVE('',#4088,#4096,#4098,.T.);
#4096 = VERTEX_POINT('',#4097);
#4097 = CARTESIAN_POINT('',(3.4,1.775,6.E-02));
#4098 = LINE('',#4099,#4100);
#4099 = CARTESIAN_POINT('',(3.4,1.675,6.E-02));
#4100 = VECTOR('',#4101,1.);
#4101 = DIRECTION('',(0.,1.,0.));
#4102 = ORIENTED_EDGE('',*,*,#4103,.F.);
#4103 = EDGE_CURVE('',#4104,#4096,#4106,.T.);
#4104 = VERTEX_POINT('',#4105);
#4105 = CARTESIAN_POINT('',(2.6,1.775,6.E-02));
#4106 = LINE('',#4107,#4108);
#4107 = CARTESIAN_POINT('',(-8.,1.775,6.E-02));
#4108 = VECTOR('',#4109,1.);
#4109 = DIRECTION('',(1.,0.,0.));
#4110 = ORIENTED_EDGE('',*,*,#4111,.F.);
#4111 = EDGE_CURVE('',#4112,#4104,#4114,.T.);
#4112 = VERTEX_POINT('',#4113);
#4113 = CARTESIAN_POINT('',(2.6,1.675,6.E-02));
#4114 = LINE('',#4115,#4116);
#4115 = CARTESIAN_POINT('',(2.6,1.675,6.E-02));
#4116 = VECTOR('',#4117,1.);
#4117 = DIRECTION('',(0.,1.,0.));
#4118 = ORIENTED_EDGE('',*,*,#4119,.F.);
#4119 = EDGE_CURVE('',#4120,#4112,#4122,.T.);
#4120 = VERTEX_POINT('',#4121);
#4121 = CARTESIAN_POINT('',(2.4,1.675,6.E-02));
#4122 = LINE('',#4123,#4124);
#4123 = CARTESIAN_POINT('',(2.4,1.675,6.E-02));
#4124 = VECTOR('',#4125,1.);
#4125 = DIRECTION('',(1.,0.,0.));
#4126 = ORIENTED_EDGE('',*,*,#4127,.T.);
#4127 = EDGE_CURVE('',#4120,#4128,#4130,.T.);
#4128 = VERTEX_POINT('',#4129);
#4129 = CARTESIAN_POINT('',(2.4,1.775,6.E-02));
#4130 = LINE('',#4131,#4132);
#4131 = CARTESIAN_POINT('',(2.4,1.675,6.E-02));
#4132 = VECTOR('',#4133,1.);
#4133 = DIRECTION('',(0.,1.,0.));
#4134 = ORIENTED_EDGE('',*,*,#4135,.F.);
#4135 = EDGE_CURVE('',#4136,#4128,#4138,.T.);
#4136 = VERTEX_POINT('',#4137);
#4137 = CARTESIAN_POINT('',(1.6,1.775,6.E-02));
#4138 = LINE('',#4139,#4140);
#4139 = CARTESIAN_POINT('',(-8.,1.775,6.E-02));
#4140 = VECTOR('',#4141,1.);
#4141 = DIRECTION('',(1.,0.,0.));
#4142 = ORIENTED_EDGE('',*,*,#4143,.F.);
#4143 = EDGE_CURVE('',#4144,#4136,#4146,.T.);
#4144 = VERTEX_POINT('',#4145);
#4145 = CARTESIAN_POINT('',(1.6,1.675,6.E-02));
#4146 = LINE('',#4147,#4148);
#4147 = CARTESIAN_POINT('',(1.6,1.675,6.E-02));
#4148 = VECTOR('',#4149,1.);
#4149 = DIRECTION('',(0.,1.,0.));
#4150 = ORIENTED_EDGE('',*,*,#4151,.F.);
#4151 = EDGE_CURVE('',#4152,#4144,#4154,.T.);
#4152 = VERTEX_POINT('',#4153);
#4153 = CARTESIAN_POINT('',(1.4,1.675,6.E-02));
#4154 = LINE('',#4155,#4156);
#4155 = CARTESIAN_POINT('',(1.4,1.675,6.E-02));
#4156 = VECTOR('',#4157,1.);
#4157 = DIRECTION('',(1.,0.,0.));
#4158 = ORIENTED_EDGE('',*,*,#4159,.T.);
#4159 = EDGE_CURVE('',#4152,#4160,#4162,.T.);
#4160 = VERTEX_POINT('',#4161);
#4161 = CARTESIAN_POINT('',(1.4,1.775,6.E-02));
#4162 = LINE('',#4163,#4164);
#4163 = CARTESIAN_POINT('',(1.4,1.675,6.E-02));
#4164 = VECTOR('',#4165,1.);
#4165 = DIRECTION('',(0.,1.,0.));
#4166 = ORIENTED_EDGE('',*,*,#4167,.F.);
#4167 = EDGE_CURVE('',#4168,#4160,#4170,.T.);
#4168 = VERTEX_POINT('',#4169);
#4169 = CARTESIAN_POINT('',(0.6,1.775,6.E-02));
#4170 = LINE('',#4171,#4172);
#4171 = CARTESIAN_POINT('',(-8.,1.775,6.E-02));
#4172 = VECTOR('',#4173,1.);
#4173 = DIRECTION('',(1.,0.,0.));
#4174 = ORIENTED_EDGE('',*,*,#4175,.F.);
#4175 = EDGE_CURVE('',#4176,#4168,#4178,.T.);
#4176 = VERTEX_POINT('',#4177);
#4177 = CARTESIAN_POINT('',(0.6,1.675,6.E-02));
#4178 = LINE('',#4179,#4180);
#4179 = CARTESIAN_POINT('',(0.6,1.675,6.E-02));
#4180 = VECTOR('',#4181,1.);
#4181 = DIRECTION('',(0.,1.,0.));
#4182 = ORIENTED_EDGE('',*,*,#4183,.F.);
#4183 = EDGE_CURVE('',#4184,#4176,#4186,.T.);
#4184 = VERTEX_POINT('',#4185);
#4185 = CARTESIAN_POINT('',(0.4,1.675,6.E-02));
#4186 = LINE('',#4187,#4188);
#4187 = CARTESIAN_POINT('',(0.4,1.675,6.E-02));
#4188 = VECTOR('',#4189,1.);
#4189 = DIRECTION('',(1.,0.,0.));
#4190 = ORIENTED_EDGE('',*,*,#4191,.T.);
#4191 = EDGE_CURVE('',#4184,#4192,#4194,.T.);
#4192 = VERTEX_POINT('',#4193);
#4193 = CARTESIAN_POINT('',(0.4,1.775,6.E-02));
#4194 = LINE('',#4195,#4196);
#4195 = CARTESIAN_POINT('',(0.4,1.675,6.E-02));
#4196 = VECTOR('',#4197,1.);
#4197 = DIRECTION('',(0.,1.,0.));
#4198 = ORIENTED_EDGE('',*,*,#4199,.F.);
#4199 = EDGE_CURVE('',#4200,#4192,#4202,.T.);
#4200 = VERTEX_POINT('',#4201);
#4201 = CARTESIAN_POINT('',(-0.4,1.775,6.E-02));
#4202 = LINE('',#4203,#4204);
#4203 = CARTESIAN_POINT('',(-8.,1.775,6.E-02));
#4204 = VECTOR('',#4205,1.);
#4205 = DIRECTION('',(1.,0.,0.));
#4206 = ORIENTED_EDGE('',*,*,#4207,.F.);
#4207 = EDGE_CURVE('',#4208,#4200,#4210,.T.);
#4208 = VERTEX_POINT('',#4209);
#4209 = CARTESIAN_POINT('',(-0.4,1.675,6.E-02));
#4210 = LINE('',#4211,#4212);
#4211 = CARTESIAN_POINT('',(-0.4,1.675,6.E-02));
#4212 = VECTOR('',#4213,1.);
#4213 = DIRECTION('',(0.,1.,0.));
#4214 = ORIENTED_EDGE('',*,*,#4215,.F.);
#4215 = EDGE_CURVE('',#4216,#4208,#4218,.T.);
#4216 = VERTEX_POINT('',#4217);
#4217 = CARTESIAN_POINT('',(-0.6,1.675,6.E-02));
#4218 = LINE('',#4219,#4220);
#4219 = CARTESIAN_POINT('',(-0.6,1.675,6.E-02));
#4220 = VECTOR('',#4221,1.);
#4221 = DIRECTION('',(1.,0.,0.));
#4222 = ORIENTED_EDGE('',*,*,#4223,.T.);
#4223 = EDGE_CURVE('',#4216,#4224,#4226,.T.);
#4224 = VERTEX_POINT('',#4225);
#4225 = CARTESIAN_POINT('',(-0.6,1.775,6.E-02));
#4226 = LINE('',#4227,#4228);
#4227 = CARTESIAN_POINT('',(-0.6,1.675,6.E-02));
#4228 = VECTOR('',#4229,1.);
#4229 = DIRECTION('',(0.,1.,0.));
#4230 = ORIENTED_EDGE('',*,*,#4231,.F.);
#4231 = EDGE_CURVE('',#4232,#4224,#4234,.T.);
#4232 = VERTEX_POINT('',#4233);
#4233 = CARTESIAN_POINT('',(-1.4,1.775,6.E-02));
#4234 = LINE('',#4235,#4236);
#4235 = CARTESIAN_POINT('',(-8.,1.775,6.E-02));
#4236 = VECTOR('',#4237,1.);
#4237 = DIRECTION('',(1.,0.,0.));
#4238 = ORIENTED_EDGE('',*,*,#4239,.F.);
#4239 = EDGE_CURVE('',#4240,#4232,#4242,.T.);
#4240 = VERTEX_POINT('',#4241);
#4241 = CARTESIAN_POINT('',(-1.4,1.675,6.E-02));
#4242 = LINE('',#4243,#4244);
#4243 = CARTESIAN_POINT('',(-1.4,1.675,6.E-02));
#4244 = VECTOR('',#4245,1.);
#4245 = DIRECTION('',(0.,1.,0.));
#4246 = ORIENTED_EDGE('',*,*,#4247,.F.);
#4247 = EDGE_CURVE('',#4248,#4240,#4250,.T.);
#4248 = VERTEX_POINT('',#4249);
#4249 = CARTESIAN_POINT('',(-1.6,1.675,6.E-02));
#4250 = LINE('',#4251,#4252);
#4251 = CARTESIAN_POINT('',(-1.6,1.675,6.E-02));
#4252 = VECTOR('',#4253,1.);
#4253 = DIRECTION('',(1.,0.,0.));
#4254 = ORIENTED_EDGE('',*,*,#4255,.T.);
#4255 = EDGE_CURVE('',#4248,#4256,#4258,.T.);
#4256 = VERTEX_POINT('',#4257);
#4257 = CARTESIAN_POINT('',(-1.6,1.775,6.E-02));
#4258 = LINE('',#4259,#4260);
#4259 = CARTESIAN_POINT('',(-1.6,1.675,6.E-02));
#4260 = VECTOR('',#4261,1.);
#4261 = DIRECTION('',(0.,1.,0.));
#4262 = ORIENTED_EDGE('',*,*,#4263,.F.);
#4263 = EDGE_CURVE('',#4264,#4256,#4266,.T.);
#4264 = VERTEX_POINT('',#4265);
#4265 = CARTESIAN_POINT('',(-2.4,1.775,6.E-02));
#4266 = LINE('',#4267,#4268);
#4267 = CARTESIAN_POINT('',(-8.,1.775,6.E-02));
#4268 = VECTOR('',#4269,1.);
#4269 = DIRECTION('',(1.,0.,0.));
#4270 = ORIENTED_EDGE('',*,*,#4271,.F.);
#4271 = EDGE_CURVE('',#4272,#4264,#4274,.T.);
#4272 = VERTEX_POINT('',#4273);
#4273 = CARTESIAN_POINT('',(-2.4,1.675,6.E-02));
#4274 = LINE('',#4275,#4276);
#4275 = CARTESIAN_POINT('',(-2.4,1.675,6.E-02));
#4276 = VECTOR('',#4277,1.);
#4277 = DIRECTION('',(0.,1.,0.));
#4278 = ORIENTED_EDGE('',*,*,#4279,.F.);
#4279 = EDGE_CURVE('',#4280,#4272,#4282,.T.);
#4280 = VERTEX_POINT('',#4281);
#4281 = CARTESIAN_POINT('',(-2.6,1.675,6.E-02));
#4282 = LINE('',#4283,#4284);
#4283 = CARTESIAN_POINT('',(-2.6,1.675,6.E-02));
#4284 = VECTOR('',#4285,1.);
#4285 = DIRECTION('',(1.,0.,0.));
#4286 = ORIENTED_EDGE('',*,*,#4287,.T.);
#4287 = EDGE_CURVE('',#4280,#4288,#4290,.T.);
#4288 = VERTEX_POINT('',#4289);
#4289 = CARTESIAN_POINT('',(-2.6,1.775,6.E-02));
#4290 = LINE('',#4291,#4292);
#4291 = CARTESIAN_POINT('',(-2.6,1.675,6.E-02));
#4292 = VECTOR('',#4293,1.);
#4293 = DIRECTION('',(0.,1.,0.));
#4294 = ORIENTED_EDGE('',*,*,#4295,.F.);
#4295 = EDGE_CURVE('',#4296,#4288,#4298,.T.);
#4296 = VERTEX_POINT('',#4297);
#4297 = CARTESIAN_POINT('',(-3.4,1.775,6.E-02));
#4298 = LINE('',#4299,#4300);
#4299 = CARTESIAN_POINT('',(-8.,1.775,6.E-02));
#4300 = VECTOR('',#4301,1.);
#4301 = DIRECTION('',(1.,0.,0.));
#4302 = ORIENTED_EDGE('',*,*,#4303,.F.);
#4303 = EDGE_CURVE('',#4304,#4296,#4306,.T.);
#4304 = VERTEX_POINT('',#4305);
#4305 = CARTESIAN_POINT('',(-3.4,1.675,6.E-02));
#4306 = LINE('',#4307,#4308);
#4307 = CARTESIAN_POINT('',(-3.4,1.675,6.E-02));
#4308 = VECTOR('',#4309,1.);
#4309 = DIRECTION('',(0.,1.,0.));
#4310 = ORIENTED_EDGE('',*,*,#4311,.F.);
#4311 = EDGE_CURVE('',#4312,#4304,#4314,.T.);
#4312 = VERTEX_POINT('',#4313);
#4313 = CARTESIAN_POINT('',(-3.6,1.675,6.E-02));
#4314 = LINE('',#4315,#4316);
#4315 = CARTESIAN_POINT('',(-3.6,1.675,6.E-02));
#4316 = VECTOR('',#4317,1.);
#4317 = DIRECTION('',(1.,0.,0.));
#4318 = ORIENTED_EDGE('',*,*,#4319,.T.);
#4319 = EDGE_CURVE('',#4312,#4320,#4322,.T.);
#4320 = VERTEX_POINT('',#4321);
#4321 = CARTESIAN_POINT('',(-3.6,1.775,6.E-02));
#4322 = LINE('',#4323,#4324);
#4323 = CARTESIAN_POINT('',(-3.6,1.675,6.E-02));
#4324 = VECTOR('',#4325,1.);
#4325 = DIRECTION('',(0.,1.,0.));
#4326 = ORIENTED_EDGE('',*,*,#4327,.F.);
#4327 = EDGE_CURVE('',#4328,#4320,#4330,.T.);
#4328 = VERTEX_POINT('',#4329);
#4329 = CARTESIAN_POINT('',(-4.4,1.775,6.E-02));
#4330 = LINE('',#4331,#4332);
#4331 = CARTESIAN_POINT('',(-8.,1.775,6.E-02));
#4332 = VECTOR('',#4333,1.);
#4333 = DIRECTION('',(1.,0.,0.));
#4334 = ORIENTED_EDGE('',*,*,#4335,.F.);
#4335 = EDGE_CURVE('',#4336,#4328,#4338,.T.);
#4336 = VERTEX_POINT('',#4337);
#4337 = CARTESIAN_POINT('',(-4.4,1.675,6.E-02));
#4338 = LINE('',#4339,#4340);
#4339 = CARTESIAN_POINT('',(-4.4,1.675,6.E-02));
#4340 = VECTOR('',#4341,1.);
#4341 = DIRECTION('',(0.,1.,0.));
#4342 = ORIENTED_EDGE('',*,*,#4343,.F.);
#4343 = EDGE_CURVE('',#4344,#4336,#4346,.T.);
#4344 = VERTEX_POINT('',#4345);
#4345 = CARTESIAN_POINT('',(-4.6,1.675,6.E-02));
#4346 = LINE('',#4347,#4348);
#4347 = CARTESIAN_POINT('',(-4.6,1.675,6.E-02));
#4348 = VECTOR('',#4349,1.);
#4349 = DIRECTION('',(1.,0.,0.));
#4350 = ORIENTED_EDGE('',*,*,#4351,.T.);
#4351 = EDGE_CURVE('',#4344,#4352,#4354,.T.);
#4352 = VERTEX_POINT('',#4353);
#4353 = CARTESIAN_POINT('',(-4.6,1.775,6.E-02));
#4354 = LINE('',#4355,#4356);
#4355 = CARTESIAN_POINT('',(-4.6,1.675,6.E-02));
#4356 = VECTOR('',#4357,1.);
#4357 = DIRECTION('',(0.,1.,0.));
#4358 = ORIENTED_EDGE('',*,*,#4359,.F.);
#4359 = EDGE_CURVE('',#4360,#4352,#4362,.T.);
#4360 = VERTEX_POINT('',#4361);
#4361 = CARTESIAN_POINT('',(-5.4,1.775,6.E-02));
#4362 = LINE('',#4363,#4364);
#4363 = CARTESIAN_POINT('',(-8.,1.775,6.E-02));
#4364 = VECTOR('',#4365,1.);
#4365 = DIRECTION('',(1.,0.,0.));
#4366 = ORIENTED_EDGE('',*,*,#4367,.F.);
#4367 = EDGE_CURVE('',#4368,#4360,#4370,.T.);
#4368 = VERTEX_POINT('',#4369);
#4369 = CARTESIAN_POINT('',(-5.4,1.675,6.E-02));
#4370 = LINE('',#4371,#4372);
#4371 = CARTESIAN_POINT('',(-5.4,1.675,6.E-02));
#4372 = VECTOR('',#4373,1.);
#4373 = DIRECTION('',(0.,1.,0.));
#4374 = ORIENTED_EDGE('',*,*,#4375,.F.);
#4375 = EDGE_CURVE('',#4376,#4368,#4378,.T.);
#4376 = VERTEX_POINT('',#4377);
#4377 = CARTESIAN_POINT('',(-5.6,1.675,6.E-02));
#4378 = LINE('',#4379,#4380);
#4379 = CARTESIAN_POINT('',(-5.6,1.675,6.E-02));
#4380 = VECTOR('',#4381,1.);
#4381 = DIRECTION('',(1.,0.,0.));
#4382 = ORIENTED_EDGE('',*,*,#4383,.T.);
#4383 = EDGE_CURVE('',#4376,#4384,#4386,.T.);
#4384 = VERTEX_POINT('',#4385);
#4385 = CARTESIAN_POINT('',(-5.6,1.775,6.E-02));
#4386 = LINE('',#4387,#4388);
#4387 = CARTESIAN_POINT('',(-5.6,1.675,6.E-02));
#4388 = VECTOR('',#4389,1.);
#4389 = DIRECTION('',(0.,1.,0.));
#4390 = ORIENTED_EDGE('',*,*,#4391,.F.);
#4391 = EDGE_CURVE('',#4392,#4384,#4394,.T.);
#4392 = VERTEX_POINT('',#4393);
#4393 = CARTESIAN_POINT('',(-6.4,1.775,6.E-02));
#4394 = LINE('',#4395,#4396);
#4395 = CARTESIAN_POINT('',(-8.,1.775,6.E-02));
#4396 = VECTOR('',#4397,1.);
#4397 = DIRECTION('',(1.,0.,0.));
#4398 = ORIENTED_EDGE('',*,*,#4399,.F.);
#4399 = EDGE_CURVE('',#4400,#4392,#4402,.T.);
#4400 = VERTEX_POINT('',#4401);
#4401 = CARTESIAN_POINT('',(-6.4,1.675,6.E-02));
#4402 = LINE('',#4403,#4404);
#4403 = CARTESIAN_POINT('',(-6.4,1.675,6.E-02));
#4404 = VECTOR('',#4405,1.);
#4405 = DIRECTION('',(0.,1.,0.));
#4406 = ORIENTED_EDGE('',*,*,#4407,.F.);
#4407 = EDGE_CURVE('',#4408,#4400,#4410,.T.);
#4408 = VERTEX_POINT('',#4409);
#4409 = CARTESIAN_POINT('',(-6.6,1.675,6.E-02));
#4410 = LINE('',#4411,#4412);
#4411 = CARTESIAN_POINT('',(-6.6,1.675,6.E-02));
#4412 = VECTOR('',#4413,1.);
#4413 = DIRECTION('',(1.,0.,0.));
#4414 = ORIENTED_EDGE('',*,*,#4415,.T.);
#4415 = EDGE_CURVE('',#4408,#4416,#4418,.T.);
#4416 = VERTEX_POINT('',#4417);
#4417 = CARTESIAN_POINT('',(-6.6,1.775,6.E-02));
#4418 = LINE('',#4419,#4420);
#4419 = CARTESIAN_POINT('',(-6.6,1.675,6.E-02));
#4420 = VECTOR('',#4421,1.);
#4421 = DIRECTION('',(0.,1.,0.));
#4422 = ORIENTED_EDGE('',*,*,#4423,.F.);
#4423 = EDGE_CURVE('',#3862,#4416,#4424,.T.);
#4424 = LINE('',#4425,#4426);
#4425 = CARTESIAN_POINT('',(-8.,1.775,6.E-02));
#4426 = VECTOR('',#4427,1.);
#4427 = DIRECTION('',(1.,0.,0.));
#4428 = ORIENTED_EDGE('',*,*,#3861,.T.);
#4429 = ORIENTED_EDGE('',*,*,#4430,.T.);
#4430 = EDGE_CURVE('',#3864,#4431,#4433,.T.);
#4431 = VERTEX_POINT('',#4432);
#4432 = CARTESIAN_POINT('',(-7.7,-0.975,6.E-02));
#4433 = LINE('',#4434,#4435);
#4434 = CARTESIAN_POINT('',(-8.,-0.975,6.E-02));
#4435 = VECTOR('',#4436,1.);
#4436 = DIRECTION('',(1.,0.,0.));
#4437 = ORIENTED_EDGE('',*,*,#4438,.T.);
#4438 = EDGE_CURVE('',#4431,#4439,#4441,.T.);
#4439 = VERTEX_POINT('',#4440);
#4440 = CARTESIAN_POINT('',(-7.5,-0.975,6.E-02));
#4441 = LINE('',#4442,#4443);
#4442 = CARTESIAN_POINT('',(-8.,-0.975,6.E-02));
#4443 = VECTOR('',#4444,1.);
#4444 = DIRECTION('',(1.,0.,0.));
#4445 = ORIENTED_EDGE('',*,*,#4446,.T.);
#4446 = EDGE_CURVE('',#4439,#4447,#4449,.T.);
#4447 = VERTEX_POINT('',#4448);
#4448 = CARTESIAN_POINT('',(-7.5,-2.475,6.E-02));
#4449 = LINE('',#4450,#4451);
#4450 = CARTESIAN_POINT('',(-7.5,-0.975,6.E-02));
#4451 = VECTOR('',#4452,1.);
#4452 = DIRECTION('',(0.,-1.,2.590520390792E-16));
#4453 = ORIENTED_EDGE('',*,*,#4454,.T.);
#4454 = EDGE_CURVE('',#4447,#4455,#4457,.T.);
#4455 = VERTEX_POINT('',#4456);
#4456 = CARTESIAN_POINT('',(7.5,-2.475,6.E-02));
#4457 = LINE('',#4458,#4459);
#4458 = CARTESIAN_POINT('',(-8.,-2.475,6.E-02));
#4459 = VECTOR('',#4460,1.);
#4460 = DIRECTION('',(1.,0.,0.));
#4461 = ORIENTED_EDGE('',*,*,#4462,.F.);
#4462 = EDGE_CURVE('',#4463,#4455,#4465,.T.);
#4463 = VERTEX_POINT('',#4464);
#4464 = CARTESIAN_POINT('',(7.5,-0.975,6.E-02));
#4465 = LINE('',#4466,#4467);
#4466 = CARTESIAN_POINT('',(7.5,-0.975,6.E-02));
#4467 = VECTOR('',#4468,1.);
#4468 = DIRECTION('',(0.,-1.,2.590520390792E-16));
#4469 = ORIENTED_EDGE('',*,*,#4470,.T.);
#4470 = EDGE_CURVE('',#4463,#4471,#4473,.T.);
#4471 = VERTEX_POINT('',#4472);
#4472 = CARTESIAN_POINT('',(7.7,-0.975,6.E-02));
#4473 = LINE('',#4474,#4475);
#4474 = CARTESIAN_POINT('',(7.5,-0.975,6.E-02));
#4475 = VECTOR('',#4476,1.);
#4476 = DIRECTION('',(1.,0.,0.));
#4477 = ORIENTED_EDGE('',*,*,#4478,.T.);
#4478 = EDGE_CURVE('',#4471,#3968,#4479,.T.);
#4479 = LINE('',#4480,#4481);
#4480 = CARTESIAN_POINT('',(7.5,-0.975,6.E-02));
#4481 = VECTOR('',#4482,1.);
#4482 = DIRECTION('',(1.,0.,0.));
#4483 = PLANE('',#4484);
#4484 = AXIS2_PLACEMENT_3D('',#4485,#4486,#4487);
#4485 = CARTESIAN_POINT('',(-8.,1.775,6.E-02));
#4486 = DIRECTION('',(0.,1.110223024625E-16,1.));
#4487 = DIRECTION('',(0.,-1.,1.110223024625E-16));
#4488 = ADVANCED_FACE('',(#4489),#4507,.F.);
#4489 = FACE_BOUND('',#4490,.F.);
#4490 = EDGE_LOOP('',(#4491,#4492,#4500,#4506));
#4491 = ORIENTED_EDGE('',*,*,#3951,.F.);
#4492 = ORIENTED_EDGE('',*,*,#4493,.T.);
#4493 = EDGE_CURVE('',#3944,#4494,#4496,.T.);
#4494 = VERTEX_POINT('',#4495);
#4495 = CARTESIAN_POINT('',(-7.7,-0.975,0.61));
#4496 = LINE('',#4497,#4498);
#4497 = CARTESIAN_POINT('',(-8.,-0.975,0.61));
#4498 = VECTOR('',#4499,1.);
#4499 = DIRECTION('',(1.,0.,0.));
#4500 = ORIENTED_EDGE('',*,*,#4501,.T.);
#4501 = EDGE_CURVE('',#4494,#4431,#4502,.T.);
#4502 = LINE('',#4503,#4504);
#4503 = CARTESIAN_POINT('',(-7.7,-0.975,0.61));
#4504 = VECTOR('',#4505,1.);
#4505 = DIRECTION('',(0.,0.,-1.));
#4506 = ORIENTED_EDGE('',*,*,#4430,.F.);
#4507 = PLANE('',#4508);
#4508 = AXIS2_PLACEMENT_3D('',#4509,#4510,#4511);
#4509 = CARTESIAN_POINT('',(-8.,-0.975,0.61));
#4510 = DIRECTION('',(0.,1.,-1.110223024625E-16));
#4511 = DIRECTION('',(0.,-1.110223024625E-16,-1.));
#4512 = ADVANCED_FACE('',(#4513),#4531,.F.);
#4513 = FACE_BOUND('',#4514,.F.);
#4514 = EDGE_LOOP('',(#4515,#4516,#4524,#4530));
#4515 = ORIENTED_EDGE('',*,*,#3943,.F.);
#4516 = ORIENTED_EDGE('',*,*,#4517,.T.);
#4517 = EDGE_CURVE('',#3936,#4518,#4520,.T.);
#4518 = VERTEX_POINT('',#4519);
#4519 = CARTESIAN_POINT('',(-7.7,-1.975,0.61));
#4520 = LINE('',#4521,#4522);
#4521 = CARTESIAN_POINT('',(-8.,-1.975,0.61));
#4522 = VECTOR('',#4523,1.);
#4523 = DIRECTION('',(1.,0.,0.));
#4524 = ORIENTED_EDGE('',*,*,#4525,.T.);
#4525 = EDGE_CURVE('',#4518,#4494,#4526,.T.);
#4526 = LINE('',#4527,#4528);
#4527 = CARTESIAN_POINT('',(-7.7,-1.975,0.61));
#4528 = VECTOR('',#4529,1.);
#4529 = DIRECTION('',(0.,1.,0.));
#4530 = ORIENTED_EDGE('',*,*,#4493,.F.);
#4531 = PLANE('',#4532);
#4532 = AXIS2_PLACEMENT_3D('',#4533,#4534,#4535);
#4533 = CARTESIAN_POINT('',(-8.,-1.975,0.61));
#4534 = DIRECTION('',(0.,1.110223024625E-16,1.));
#4535 = DIRECTION('',(0.,1.,-1.110223024625E-16));
#4536 = ADVANCED_FACE('',(#4537),#4555,.F.);
#4537 = FACE_BOUND('',#4538,.F.);
#4538 = EDGE_LOOP('',(#4539,#4540,#4548,#4554));
#4539 = ORIENTED_EDGE('',*,*,#3935,.F.);
#4540 = ORIENTED_EDGE('',*,*,#4541,.T.);
#4541 = EDGE_CURVE('',#3928,#4542,#4544,.T.);
#4542 = VERTEX_POINT('',#4543);
#4543 = CARTESIAN_POINT('',(-7.7,-1.975,1.26));
#4544 = LINE('',#4545,#4546);
#4545 = CARTESIAN_POINT('',(-8.,-1.975,1.26));
#4546 = VECTOR('',#4547,1.);
#4547 = DIRECTION('',(1.,0.,0.));
#4548 = ORIENTED_EDGE('',*,*,#4549,.T.);
#4549 = EDGE_CURVE('',#4542,#4518,#4550,.T.);
#4550 = LINE('',#4551,#4552);
#4551 = CARTESIAN_POINT('',(-7.7,-1.975,1.26));
#4552 = VECTOR('',#4553,1.);
#4553 = DIRECTION('',(0.,0.,-1.));
#4554 = ORIENTED_EDGE('',*,*,#4517,.F.);
#4555 = PLANE('',#4556);
#4556 = AXIS2_PLACEMENT_3D('',#4557,#4558,#4559);
#4557 = CARTESIAN_POINT('',(-8.,-1.975,1.26));
#4558 = DIRECTION('',(0.,1.,-1.110223024625E-16));
#4559 = DIRECTION('',(0.,-1.110223024625E-16,-1.));
#4560 = ADVANCED_FACE('',(#4561),#4579,.F.);
#4561 = FACE_BOUND('',#4562,.F.);
#4562 = EDGE_LOOP('',(#4563,#4564,#4572,#4578));
#4563 = ORIENTED_EDGE('',*,*,#3927,.F.);
#4564 = ORIENTED_EDGE('',*,*,#4565,.T.);
#4565 = EDGE_CURVE('',#3920,#4566,#4568,.T.);
#4566 = VERTEX_POINT('',#4567);
#4567 = CARTESIAN_POINT('',(-7.7,-2.475,1.26));
#4568 = LINE('',#4569,#4570);
#4569 = CARTESIAN_POINT('',(-8.,-2.475,1.26));
#4570 = VECTOR('',#4571,1.);
#4571 = DIRECTION('',(1.,0.,0.));
#4572 = ORIENTED_EDGE('',*,*,#4573,.T.);
#4573 = EDGE_CURVE('',#4566,#4542,#4574,.T.);
#4574 = LINE('',#4575,#4576);
#4575 = CARTESIAN_POINT('',(-7.7,-2.475,1.26));
#4576 = VECTOR('',#4577,1.);
#4577 = DIRECTION('',(0.,1.,0.));
#4578 = ORIENTED_EDGE('',*,*,#4541,.F.);
#4579 = PLANE('',#4580);
#4580 = AXIS2_PLACEMENT_3D('',#4581,#4582,#4583);
#4581 = CARTESIAN_POINT('',(-8.,-2.475,1.26));
#4582 = DIRECTION('',(0.,1.110223024625E-16,1.));
#4583 = DIRECTION('',(0.,1.,-1.110223024625E-16));
#4584 = ADVANCED_FACE('',(#4585,#4642),#4740,.T.);
#4585 = FACE_BOUND('',#4586,.T.);
#4586 = EDGE_LOOP('',(#4587,#4588,#4589,#4597,#4603,#4604,#4612,#4620,
    #4628,#4636));
#4587 = ORIENTED_EDGE('',*,*,#3919,.F.);
#4588 = ORIENTED_EDGE('',*,*,#4565,.T.);
#4589 = ORIENTED_EDGE('',*,*,#4590,.T.);
#4590 = EDGE_CURVE('',#4566,#4591,#4593,.T.);
#4591 = VERTEX_POINT('',#4592);
#4592 = CARTESIAN_POINT('',(-7.5,-2.475,1.26));
#4593 = LINE('',#4594,#4595);
#4594 = CARTESIAN_POINT('',(-8.,-2.475,1.26));
#4595 = VECTOR('',#4596,1.);
#4596 = DIRECTION('',(1.,0.,0.));
#4597 = ORIENTED_EDGE('',*,*,#4598,.F.);
#4598 = EDGE_CURVE('',#4447,#4591,#4599,.T.);
#4599 = LINE('',#4600,#4601);
#4600 = CARTESIAN_POINT('',(-7.5,-2.475,6.E-02));
#4601 = VECTOR('',#4602,1.);
#4602 = DIRECTION('',(0.,1.110223024625E-16,1.));
#4603 = ORIENTED_EDGE('',*,*,#4454,.T.);
#4604 = ORIENTED_EDGE('',*,*,#4605,.T.);
#4605 = EDGE_CURVE('',#4455,#4606,#4608,.T.);
#4606 = VERTEX_POINT('',#4607);
#4607 = CARTESIAN_POINT('',(7.5,-2.475,1.26));
#4608 = LINE('',#4609,#4610);
#4609 = CARTESIAN_POINT('',(7.5,-2.475,6.E-02));
#4610 = VECTOR('',#4611,1.);
#4611 = DIRECTION('',(0.,1.110223024625E-16,1.));
#4612 = ORIENTED_EDGE('',*,*,#4613,.T.);
#4613 = EDGE_CURVE('',#4606,#4614,#4616,.T.);
#4614 = VERTEX_POINT('',#4615);
#4615 = CARTESIAN_POINT('',(7.7,-2.475,1.26));
#4616 = LINE('',#4617,#4618);
#4617 = CARTESIAN_POINT('',(7.5,-2.475,1.26));
#4618 = VECTOR('',#4619,1.);
#4619 = DIRECTION('',(1.,0.,0.));
#4620 = ORIENTED_EDGE('',*,*,#4621,.T.);
#4621 = EDGE_CURVE('',#4614,#4622,#4624,.T.);
#4622 = VERTEX_POINT('',#4623);
#4623 = CARTESIAN_POINT('',(8.,-2.475,1.26));
#4624 = LINE('',#4625,#4626);
#4625 = CARTESIAN_POINT('',(7.5,-2.475,1.26));
#4626 = VECTOR('',#4627,1.);
#4627 = DIRECTION('',(1.,0.,0.));
#4628 = ORIENTED_EDGE('',*,*,#4629,.T.);
#4629 = EDGE_CURVE('',#4622,#4630,#4632,.T.);
#4630 = VERTEX_POINT('',#4631);
#4631 = CARTESIAN_POINT('',(8.,-2.475,2.96));
#4632 = LINE('',#4633,#4634);
#4633 = CARTESIAN_POINT('',(8.,-2.475,6.E-02));
#4634 = VECTOR('',#4635,1.);
#4635 = DIRECTION('',(0.,1.110223024625E-16,1.));
#4636 = ORIENTED_EDGE('',*,*,#4637,.F.);
#4637 = EDGE_CURVE('',#3912,#4630,#4638,.T.);
#4638 = LINE('',#4639,#4640);
#4639 = CARTESIAN_POINT('',(-8.,-2.475,2.96));
#4640 = VECTOR('',#4641,1.);
#4641 = DIRECTION('',(1.,0.,0.));
#4642 = FACE_BOUND('',#4643,.T.);
#4643 = EDGE_LOOP('',(#4644,#4654,#4662,#4670,#4678,#4686,#4694,#4702,
    #4710,#4718,#4726,#4734));
#4644 = ORIENTED_EDGE('',*,*,#4645,.F.);
#4645 = EDGE_CURVE('',#4646,#4648,#4650,.T.);
#4646 = VERTEX_POINT('',#4647);
#4647 = CARTESIAN_POINT('',(7.2,-2.475,0.46));
#4648 = VERTEX_POINT('',#4649);
#4649 = CARTESIAN_POINT('',(7.2,-2.475,1.46));
#4650 = LINE('',#4651,#4652);
#4651 = CARTESIAN_POINT('',(7.2,-2.475,0.46));
#4652 = VECTOR('',#4653,1.);
#4653 = DIRECTION('',(0.,1.110223024625E-16,1.));
#4654 = ORIENTED_EDGE('',*,*,#4655,.F.);
#4655 = EDGE_CURVE('',#4656,#4646,#4658,.T.);
#4656 = VERTEX_POINT('',#4657);
#4657 = CARTESIAN_POINT('',(-7.2,-2.475,0.46));
#4658 = LINE('',#4659,#4660);
#4659 = CARTESIAN_POINT('',(-7.2,-2.475,0.46));
#4660 = VECTOR('',#4661,1.);
#4661 = DIRECTION('',(1.,0.,0.));
#4662 = ORIENTED_EDGE('',*,*,#4663,.F.);
#4663 = EDGE_CURVE('',#4664,#4656,#4666,.T.);
#4664 = VERTEX_POINT('',#4665);
#4665 = CARTESIAN_POINT('',(-7.2,-2.475,1.46));
#4666 = LINE('',#4667,#4668);
#4667 = CARTESIAN_POINT('',(-7.2,-2.475,2.56));
#4668 = VECTOR('',#4669,1.);
#4669 = DIRECTION('',(0.,-1.110223024625E-16,-1.));
#4670 = ORIENTED_EDGE('',*,*,#4671,.F.);
#4671 = EDGE_CURVE('',#4672,#4664,#4674,.T.);
#4672 = VERTEX_POINT('',#4673);
#4673 = CARTESIAN_POINT('',(-7.55,-2.475,1.46));
#4674 = LINE('',#4675,#4676);
#4675 = CARTESIAN_POINT('',(-7.55,-2.475,1.46));
#4676 = VECTOR('',#4677,1.);
#4677 = DIRECTION('',(1.,0.,0.));
#4678 = ORIENTED_EDGE('',*,*,#4679,.F.);
#4679 = EDGE_CURVE('',#4680,#4672,#4682,.T.);
#4680 = VERTEX_POINT('',#4681);
#4681 = CARTESIAN_POINT('',(-7.55,-2.475,2.06));
#4682 = LINE('',#4683,#4684);
#4683 = CARTESIAN_POINT('',(-7.55,-2.475,2.06));
#4684 = VECTOR('',#4685,1.);
#4685 = DIRECTION('',(0.,-1.110223024625E-16,-1.));
#4686 = ORIENTED_EDGE('',*,*,#4687,.F.);
#4687 = EDGE_CURVE('',#4688,#4680,#4690,.T.);
#4688 = VERTEX_POINT('',#4689);
#4689 = CARTESIAN_POINT('',(-7.2,-2.475,2.06));
#4690 = LINE('',#4691,#4692);
#4691 = CARTESIAN_POINT('',(7.55,-2.475,2.06));
#4692 = VECTOR('',#4693,1.);
#4693 = DIRECTION('',(-1.,0.,0.));
#4694 = ORIENTED_EDGE('',*,*,#4695,.F.);
#4695 = EDGE_CURVE('',#4696,#4688,#4698,.T.);
#4696 = VERTEX_POINT('',#4697);
#4697 = CARTESIAN_POINT('',(-7.2,-2.475,2.56));
#4698 = LINE('',#4699,#4700);
#4699 = CARTESIAN_POINT('',(-7.2,-2.475,2.56));
#4700 = VECTOR('',#4701,1.);
#4701 = DIRECTION('',(0.,-1.110223024625E-16,-1.));
#4702 = ORIENTED_EDGE('',*,*,#4703,.F.);
#4703 = EDGE_CURVE('',#4704,#4696,#4706,.T.);
#4704 = VERTEX_POINT('',#4705);
#4705 = CARTESIAN_POINT('',(7.2,-2.475,2.56));
#4706 = LINE('',#4707,#4708);
#4707 = CARTESIAN_POINT('',(7.2,-2.475,2.56));
#4708 = VECTOR('',#4709,1.);
#4709 = DIRECTION('',(-1.,0.,0.));
#4710 = ORIENTED_EDGE('',*,*,#4711,.F.);
#4711 = EDGE_CURVE('',#4712,#4704,#4714,.T.);
#4712 = VERTEX_POINT('',#4713);
#4713 = CARTESIAN_POINT('',(7.2,-2.475,2.06));
#4714 = LINE('',#4715,#4716);
#4715 = CARTESIAN_POINT('',(7.2,-2.475,0.46));
#4716 = VECTOR('',#4717,1.);
#4717 = DIRECTION('',(0.,1.110223024625E-16,1.));
#4718 = ORIENTED_EDGE('',*,*,#4719,.F.);
#4719 = EDGE_CURVE('',#4720,#4712,#4722,.T.);
#4720 = VERTEX_POINT('',#4721);
#4721 = CARTESIAN_POINT('',(7.55,-2.475,2.06));
#4722 = LINE('',#4723,#4724);
#4723 = CARTESIAN_POINT('',(7.55,-2.475,2.06));
#4724 = VECTOR('',#4725,1.);
#4725 = DIRECTION('',(-1.,0.,0.));
#4726 = ORIENTED_EDGE('',*,*,#4727,.F.);
#4727 = EDGE_CURVE('',#4728,#4720,#4730,.T.);
#4728 = VERTEX_POINT('',#4729);
#4729 = CARTESIAN_POINT('',(7.55,-2.475,1.46));
#4730 = LINE('',#4731,#4732);
#4731 = CARTESIAN_POINT('',(7.55,-2.475,1.46));
#4732 = VECTOR('',#4733,1.);
#4733 = DIRECTION('',(0.,1.110223024625E-16,1.));
#4734 = ORIENTED_EDGE('',*,*,#4735,.F.);
#4735 = EDGE_CURVE('',#4648,#4728,#4736,.T.);
#4736 = LINE('',#4737,#4738);
#4737 = CARTESIAN_POINT('',(-7.55,-2.475,1.46));
#4738 = VECTOR('',#4739,1.);
#4739 = DIRECTION('',(1.,0.,0.));
#4740 = PLANE('',#4741);
#4741 = AXIS2_PLACEMENT_3D('',#4742,#4743,#4744);
#4742 = CARTESIAN_POINT('',(-8.,-2.475,6.E-02));
#4743 = DIRECTION('',(0.,-1.,1.110223024625E-16));
#4744 = DIRECTION('',(1.,0.,0.));
#4745 = ADVANCED_FACE('',(#4746),#4796,.T.);
#4746 = FACE_BOUND('',#4747,.T.);
#4747 = EDGE_LOOP('',(#4748,#4758,#4766,#4772,#4773,#4774,#4782,#4790));
#4748 = ORIENTED_EDGE('',*,*,#4749,.F.);
#4749 = EDGE_CURVE('',#4750,#4752,#4754,.T.);
#4750 = VERTEX_POINT('',#4751);
#4751 = CARTESIAN_POINT('',(-7.5,1.775,2.96));
#4752 = VERTEX_POINT('',#4753);
#4753 = CARTESIAN_POINT('',(7.5,1.775,2.96));
#4754 = LINE('',#4755,#4756);
#4755 = CARTESIAN_POINT('',(-8.,1.775,2.96));
#4756 = VECTOR('',#4757,1.);
#4757 = DIRECTION('',(1.,0.,0.));
#4758 = ORIENTED_EDGE('',*,*,#4759,.F.);
#4759 = EDGE_CURVE('',#4760,#4750,#4762,.T.);
#4760 = VERTEX_POINT('',#4761);
#4761 = CARTESIAN_POINT('',(-7.5,0.286,2.96));
#4762 = LINE('',#4763,#4764);
#4763 = CARTESIAN_POINT('',(-7.5,0.286,2.96));
#4764 = VECTOR('',#4765,1.);
#4765 = DIRECTION('',(0.,1.,-1.110223024625E-16));
#4766 = ORIENTED_EDGE('',*,*,#4767,.F.);
#4767 = EDGE_CURVE('',#3904,#4760,#4768,.T.);
#4768 = LINE('',#4769,#4770);
#4769 = CARTESIAN_POINT('',(-8.,0.286,2.96));
#4770 = VECTOR('',#4771,1.);
#4771 = DIRECTION('',(1.,0.,0.));
#4772 = ORIENTED_EDGE('',*,*,#3911,.T.);
#4773 = ORIENTED_EDGE('',*,*,#4637,.T.);
#4774 = ORIENTED_EDGE('',*,*,#4775,.F.);
#4775 = EDGE_CURVE('',#4776,#4630,#4778,.T.);
#4776 = VERTEX_POINT('',#4777);
#4777 = CARTESIAN_POINT('',(8.,0.286,2.96));
#4778 = LINE('',#4779,#4780);
#4779 = CARTESIAN_POINT('',(8.,1.775,2.96));
#4780 = VECTOR('',#4781,1.);
#4781 = DIRECTION('',(0.,-1.,1.110223024625E-16));
#4782 = ORIENTED_EDGE('',*,*,#4783,.F.);
#4783 = EDGE_CURVE('',#4784,#4776,#4786,.T.);
#4784 = VERTEX_POINT('',#4785);
#4785 = CARTESIAN_POINT('',(7.5,0.286,2.96));
#4786 = LINE('',#4787,#4788);
#4787 = CARTESIAN_POINT('',(7.5,0.286,2.96));
#4788 = VECTOR('',#4789,1.);
#4789 = DIRECTION('',(1.,0.,0.));
#4790 = ORIENTED_EDGE('',*,*,#4791,.T.);
#4791 = EDGE_CURVE('',#4784,#4752,#4792,.T.);
#4792 = LINE('',#4793,#4794);
#4793 = CARTESIAN_POINT('',(7.5,0.286,2.96));
#4794 = VECTOR('',#4795,1.);
#4795 = DIRECTION('',(0.,1.,-1.110223024625E-16));
#4796 = PLANE('',#4797);
#4797 = AXIS2_PLACEMENT_3D('',#4798,#4799,#4800);
#4798 = CARTESIAN_POINT('',(-8.,1.775,2.96));
#4799 = DIRECTION('',(0.,1.110223024625E-16,1.));
#4800 = DIRECTION('',(0.,-1.,1.110223024625E-16));
#4801 = ADVANCED_FACE('',(#4802),#4820,.F.);
#4802 = FACE_BOUND('',#4803,.F.);
#4803 = EDGE_LOOP('',(#4804,#4812,#4818,#4819));
#4804 = ORIENTED_EDGE('',*,*,#4805,.T.);
#4805 = EDGE_CURVE('',#3896,#4806,#4808,.T.);
#4806 = VERTEX_POINT('',#4807);
#4807 = CARTESIAN_POINT('',(-7.5,0.575,2.46));
#4808 = LINE('',#4809,#4810);
#4809 = CARTESIAN_POINT('',(-8.,0.575,2.46));
#4810 = VECTOR('',#4811,1.);
#4811 = DIRECTION('',(1.,0.,0.));
#4812 = ORIENTED_EDGE('',*,*,#4813,.T.);
#4813 = EDGE_CURVE('',#4806,#4760,#4814,.T.);
#4814 = LINE('',#4815,#4816);
#4815 = CARTESIAN_POINT('',(-7.5,0.575,2.46));
#4816 = VECTOR('',#4817,1.);
#4817 = DIRECTION('',(0.,-0.500421834463,0.865781720524));
#4818 = ORIENTED_EDGE('',*,*,#4767,.F.);
#4819 = ORIENTED_EDGE('',*,*,#3903,.F.);
#4820 = PLANE('',#4821);
#4821 = AXIS2_PLACEMENT_3D('',#4822,#4823,#4824);
#4822 = CARTESIAN_POINT('',(-8.,0.575,2.46));
#4823 = DIRECTION('',(0.,-0.865781720524,-0.500421834463));
#4824 = DIRECTION('',(0.,-0.500421834463,0.865781720524));
#4825 = ADVANCED_FACE('',(#4826),#4844,.F.);
#4826 = FACE_BOUND('',#4827,.F.);
#4827 = EDGE_LOOP('',(#4828,#4836,#4842,#4843));
#4828 = ORIENTED_EDGE('',*,*,#4829,.T.);
#4829 = EDGE_CURVE('',#3888,#4830,#4832,.T.);
#4830 = VERTEX_POINT('',#4831);
#4831 = CARTESIAN_POINT('',(-7.5,1.225,2.46));
#4832 = LINE('',#4833,#4834);
#4833 = CARTESIAN_POINT('',(-8.,1.225,2.46));
#4834 = VECTOR('',#4835,1.);
#4835 = DIRECTION('',(1.,0.,0.));
#4836 = ORIENTED_EDGE('',*,*,#4837,.T.);
#4837 = EDGE_CURVE('',#4830,#4806,#4838,.T.);
#4838 = LINE('',#4839,#4840);
#4839 = CARTESIAN_POINT('',(-7.5,1.225,2.46));
#4840 = VECTOR('',#4841,1.);
#4841 = DIRECTION('',(0.,-1.,1.110223024625E-16));
#4842 = ORIENTED_EDGE('',*,*,#4805,.F.);
#4843 = ORIENTED_EDGE('',*,*,#3895,.F.);
#4844 = PLANE('',#4845);
#4845 = AXIS2_PLACEMENT_3D('',#4846,#4847,#4848);
#4846 = CARTESIAN_POINT('',(-8.,1.225,2.46));
#4847 = DIRECTION('',(0.,-1.110223024625E-16,-1.));
#4848 = DIRECTION('',(0.,-1.,1.110223024625E-16));
#4849 = ADVANCED_FACE('',(#4850),#4868,.F.);
#4850 = FACE_BOUND('',#4851,.F.);
#4851 = EDGE_LOOP('',(#4852,#4860,#4866,#4867));
#4852 = ORIENTED_EDGE('',*,*,#4853,.T.);
#4853 = EDGE_CURVE('',#3880,#4854,#4856,.T.);
#4854 = VERTEX_POINT('',#4855);
#4855 = CARTESIAN_POINT('',(-7.5,1.225,1.46));
#4856 = LINE('',#4857,#4858);
#4857 = CARTESIAN_POINT('',(-8.,1.225,1.46));
#4858 = VECTOR('',#4859,1.);
#4859 = DIRECTION('',(1.,0.,0.));
#4860 = ORIENTED_EDGE('',*,*,#4861,.T.);
#4861 = EDGE_CURVE('',#4854,#4830,#4862,.T.);
#4862 = LINE('',#4863,#4864);
#4863 = CARTESIAN_POINT('',(-7.5,1.225,1.46));
#4864 = VECTOR('',#4865,1.);
#4865 = DIRECTION('',(0.,1.110223024625E-16,1.));
#4866 = ORIENTED_EDGE('',*,*,#4829,.F.);
#4867 = ORIENTED_EDGE('',*,*,#3887,.F.);
#4868 = PLANE('',#4869);
#4869 = AXIS2_PLACEMENT_3D('',#4870,#4871,#4872);
#4870 = CARTESIAN_POINT('',(-8.,1.225,1.46));
#4871 = DIRECTION('',(0.,-1.,1.110223024625E-16));
#4872 = DIRECTION('',(0.,1.110223024625E-16,1.));
#4873 = ADVANCED_FACE('',(#4874),#4892,.F.);
#4874 = FACE_BOUND('',#4875,.F.);
#4875 = EDGE_LOOP('',(#4876,#4884,#4890,#4891));
#4876 = ORIENTED_EDGE('',*,*,#4877,.T.);
#4877 = EDGE_CURVE('',#3872,#4878,#4880,.T.);
#4878 = VERTEX_POINT('',#4879);
#4879 = CARTESIAN_POINT('',(-7.5,1.775,1.46));
#4880 = LINE('',#4881,#4882);
#4881 = CARTESIAN_POINT('',(-8.,1.775,1.46));
#4882 = VECTOR('',#4883,1.);
#4883 = DIRECTION('',(1.,0.,0.));
#4884 = ORIENTED_EDGE('',*,*,#4885,.T.);
#4885 = EDGE_CURVE('',#4878,#4854,#4886,.T.);
#4886 = LINE('',#4887,#4888);
#4887 = CARTESIAN_POINT('',(-7.5,1.775,1.46));
#4888 = VECTOR('',#4889,1.);
#4889 = DIRECTION('',(0.,-1.,1.110223024625E-16));
#4890 = ORIENTED_EDGE('',*,*,#4853,.F.);
#4891 = ORIENTED_EDGE('',*,*,#3879,.F.);
#4892 = PLANE('',#4893);
#4893 = AXIS2_PLACEMENT_3D('',#4894,#4895,#4896);
#4894 = CARTESIAN_POINT('',(-8.,1.775,1.46));
#4895 = DIRECTION('',(0.,-1.110223024625E-16,-1.));
#4896 = DIRECTION('',(0.,-1.,1.110223024625E-16));
#4897 = ADVANCED_FACE('',(#4898),#5254,.F.);
#4898 = FACE_BOUND('',#4899,.F.);
#4899 = EDGE_LOOP('',(#4900,#4901,#4902,#4910,#4918,#4924,#4925,#4933,
    #4941,#4947,#4948,#4956,#4964,#4970,#4971,#4979,#4987,#4993,#4994,
    #5002,#5010,#5016,#5017,#5025,#5033,#5039,#5040,#5048,#5056,#5062,
    #5063,#5071,#5079,#5085,#5086,#5094,#5102,#5108,#5109,#5117,#5125,
    #5131,#5132,#5140,#5148,#5154,#5155,#5163,#5171,#5177,#5178,#5186,
    #5194,#5200,#5201,#5209,#5217,#5223,#5224,#5232,#5240,#5246,#5247,
    #5253));
#4900 = ORIENTED_EDGE('',*,*,#3871,.F.);
#4901 = ORIENTED_EDGE('',*,*,#4423,.T.);
#4902 = ORIENTED_EDGE('',*,*,#4903,.T.);
#4903 = EDGE_CURVE('',#4416,#4904,#4906,.T.);
#4904 = VERTEX_POINT('',#4905);
#4905 = CARTESIAN_POINT('',(-6.6,1.775,0.2));
#4906 = LINE('',#4907,#4908);
#4907 = CARTESIAN_POINT('',(-6.6,1.775,6.E-02));
#4908 = VECTOR('',#4909,1.);
#4909 = DIRECTION('',(0.,0.,1.));
#4910 = ORIENTED_EDGE('',*,*,#4911,.T.);
#4911 = EDGE_CURVE('',#4904,#4912,#4914,.T.);
#4912 = VERTEX_POINT('',#4913);
#4913 = CARTESIAN_POINT('',(-6.4,1.775,0.2));
#4914 = LINE('',#4915,#4916);
#4915 = CARTESIAN_POINT('',(-6.6,1.775,0.2));
#4916 = VECTOR('',#4917,1.);
#4917 = DIRECTION('',(1.,0.,0.));
#4918 = ORIENTED_EDGE('',*,*,#4919,.F.);
#4919 = EDGE_CURVE('',#4392,#4912,#4920,.T.);
#4920 = LINE('',#4921,#4922);
#4921 = CARTESIAN_POINT('',(-6.4,1.775,6.E-02));
#4922 = VECTOR('',#4923,1.);
#4923 = DIRECTION('',(0.,0.,1.));
#4924 = ORIENTED_EDGE('',*,*,#4391,.T.);
#4925 = ORIENTED_EDGE('',*,*,#4926,.T.);
#4926 = EDGE_CURVE('',#4384,#4927,#4929,.T.);
#4927 = VERTEX_POINT('',#4928);
#4928 = CARTESIAN_POINT('',(-5.6,1.775,0.2));
#4929 = LINE('',#4930,#4931);
#4930 = CARTESIAN_POINT('',(-5.6,1.775,6.E-02));
#4931 = VECTOR('',#4932,1.);
#4932 = DIRECTION('',(0.,0.,1.));
#4933 = ORIENTED_EDGE('',*,*,#4934,.T.);
#4934 = EDGE_CURVE('',#4927,#4935,#4937,.T.);
#4935 = VERTEX_POINT('',#4936);
#4936 = CARTESIAN_POINT('',(-5.4,1.775,0.2));
#4937 = LINE('',#4938,#4939);
#4938 = CARTESIAN_POINT('',(-5.6,1.775,0.2));
#4939 = VECTOR('',#4940,1.);
#4940 = DIRECTION('',(1.,0.,0.));
#4941 = ORIENTED_EDGE('',*,*,#4942,.F.);
#4942 = EDGE_CURVE('',#4360,#4935,#4943,.T.);
#4943 = LINE('',#4944,#4945);
#4944 = CARTESIAN_POINT('',(-5.4,1.775,6.E-02));
#4945 = VECTOR('',#4946,1.);
#4946 = DIRECTION('',(0.,0.,1.));
#4947 = ORIENTED_EDGE('',*,*,#4359,.T.);
#4948 = ORIENTED_EDGE('',*,*,#4949,.T.);
#4949 = EDGE_CURVE('',#4352,#4950,#4952,.T.);
#4950 = VERTEX_POINT('',#4951);
#4951 = CARTESIAN_POINT('',(-4.6,1.775,0.2));
#4952 = LINE('',#4953,#4954);
#4953 = CARTESIAN_POINT('',(-4.6,1.775,6.E-02));
#4954 = VECTOR('',#4955,1.);
#4955 = DIRECTION('',(0.,0.,1.));
#4956 = ORIENTED_EDGE('',*,*,#4957,.T.);
#4957 = EDGE_CURVE('',#4950,#4958,#4960,.T.);
#4958 = VERTEX_POINT('',#4959);
#4959 = CARTESIAN_POINT('',(-4.4,1.775,0.2));
#4960 = LINE('',#4961,#4962);
#4961 = CARTESIAN_POINT('',(-4.6,1.775,0.2));
#4962 = VECTOR('',#4963,1.);
#4963 = DIRECTION('',(1.,0.,0.));
#4964 = ORIENTED_EDGE('',*,*,#4965,.F.);
#4965 = EDGE_CURVE('',#4328,#4958,#4966,.T.);
#4966 = LINE('',#4967,#4968);
#4967 = CARTESIAN_POINT('',(-4.4,1.775,6.E-02));
#4968 = VECTOR('',#4969,1.);
#4969 = DIRECTION('',(0.,0.,1.));
#4970 = ORIENTED_EDGE('',*,*,#4327,.T.);
#4971 = ORIENTED_EDGE('',*,*,#4972,.T.);
#4972 = EDGE_CURVE('',#4320,#4973,#4975,.T.);
#4973 = VERTEX_POINT('',#4974);
#4974 = CARTESIAN_POINT('',(-3.6,1.775,0.2));
#4975 = LINE('',#4976,#4977);
#4976 = CARTESIAN_POINT('',(-3.6,1.775,6.E-02));
#4977 = VECTOR('',#4978,1.);
#4978 = DIRECTION('',(0.,0.,1.));
#4979 = ORIENTED_EDGE('',*,*,#4980,.T.);
#4980 = EDGE_CURVE('',#4973,#4981,#4983,.T.);
#4981 = VERTEX_POINT('',#4982);
#4982 = CARTESIAN_POINT('',(-3.4,1.775,0.2));
#4983 = LINE('',#4984,#4985);
#4984 = CARTESIAN_POINT('',(-3.6,1.775,0.2));
#4985 = VECTOR('',#4986,1.);
#4986 = DIRECTION('',(1.,0.,0.));
#4987 = ORIENTED_EDGE('',*,*,#4988,.F.);
#4988 = EDGE_CURVE('',#4296,#4981,#4989,.T.);
#4989 = LINE('',#4990,#4991);
#4990 = CARTESIAN_POINT('',(-3.4,1.775,6.E-02));
#4991 = VECTOR('',#4992,1.);
#4992 = DIRECTION('',(0.,0.,1.));
#4993 = ORIENTED_EDGE('',*,*,#4295,.T.);
#4994 = ORIENTED_EDGE('',*,*,#4995,.T.);
#4995 = EDGE_CURVE('',#4288,#4996,#4998,.T.);
#4996 = VERTEX_POINT('',#4997);
#4997 = CARTESIAN_POINT('',(-2.6,1.775,0.2));
#4998 = LINE('',#4999,#5000);
#4999 = CARTESIAN_POINT('',(-2.6,1.775,6.E-02));
#5000 = VECTOR('',#5001,1.);
#5001 = DIRECTION('',(0.,0.,1.));
#5002 = ORIENTED_EDGE('',*,*,#5003,.T.);
#5003 = EDGE_CURVE('',#4996,#5004,#5006,.T.);
#5004 = VERTEX_POINT('',#5005);
#5005 = CARTESIAN_POINT('',(-2.4,1.775,0.2));
#5006 = LINE('',#5007,#5008);
#5007 = CARTESIAN_POINT('',(-2.6,1.775,0.2));
#5008 = VECTOR('',#5009,1.);
#5009 = DIRECTION('',(1.,0.,0.));
#5010 = ORIENTED_EDGE('',*,*,#5011,.F.);
#5011 = EDGE_CURVE('',#4264,#5004,#5012,.T.);
#5012 = LINE('',#5013,#5014);
#5013 = CARTESIAN_POINT('',(-2.4,1.775,6.E-02));
#5014 = VECTOR('',#5015,1.);
#5015 = DIRECTION('',(0.,0.,1.));
#5016 = ORIENTED_EDGE('',*,*,#4263,.T.);
#5017 = ORIENTED_EDGE('',*,*,#5018,.T.);
#5018 = EDGE_CURVE('',#4256,#5019,#5021,.T.);
#5019 = VERTEX_POINT('',#5020);
#5020 = CARTESIAN_POINT('',(-1.6,1.775,0.2));
#5021 = LINE('',#5022,#5023);
#5022 = CARTESIAN_POINT('',(-1.6,1.775,6.E-02));
#5023 = VECTOR('',#5024,1.);
#5024 = DIRECTION('',(0.,0.,1.));
#5025 = ORIENTED_EDGE('',*,*,#5026,.T.);
#5026 = EDGE_CURVE('',#5019,#5027,#5029,.T.);
#5027 = VERTEX_POINT('',#5028);
#5028 = CARTESIAN_POINT('',(-1.4,1.775,0.2));
#5029 = LINE('',#5030,#5031);
#5030 = CARTESIAN_POINT('',(-1.6,1.775,0.2));
#5031 = VECTOR('',#5032,1.);
#5032 = DIRECTION('',(1.,0.,0.));
#5033 = ORIENTED_EDGE('',*,*,#5034,.F.);
#5034 = EDGE_CURVE('',#4232,#5027,#5035,.T.);
#5035 = LINE('',#5036,#5037);
#5036 = CARTESIAN_POINT('',(-1.4,1.775,6.E-02));
#5037 = VECTOR('',#5038,1.);
#5038 = DIRECTION('',(0.,0.,1.));
#5039 = ORIENTED_EDGE('',*,*,#4231,.T.);
#5040 = ORIENTED_EDGE('',*,*,#5041,.T.);
#5041 = EDGE_CURVE('',#4224,#5042,#5044,.T.);
#5042 = VERTEX_POINT('',#5043);
#5043 = CARTESIAN_POINT('',(-0.6,1.775,0.2));
#5044 = LINE('',#5045,#5046);
#5045 = CARTESIAN_POINT('',(-0.6,1.775,6.E-02));
#5046 = VECTOR('',#5047,1.);
#5047 = DIRECTION('',(0.,0.,1.));
#5048 = ORIENTED_EDGE('',*,*,#5049,.T.);
#5049 = EDGE_CURVE('',#5042,#5050,#5052,.T.);
#5050 = VERTEX_POINT('',#5051);
#5051 = CARTESIAN_POINT('',(-0.4,1.775,0.2));
#5052 = LINE('',#5053,#5054);
#5053 = CARTESIAN_POINT('',(-0.6,1.775,0.2));
#5054 = VECTOR('',#5055,1.);
#5055 = DIRECTION('',(1.,0.,0.));
#5056 = ORIENTED_EDGE('',*,*,#5057,.F.);
#5057 = EDGE_CURVE('',#4200,#5050,#5058,.T.);
#5058 = LINE('',#5059,#5060);
#5059 = CARTESIAN_POINT('',(-0.4,1.775,6.E-02));
#5060 = VECTOR('',#5061,1.);
#5061 = DIRECTION('',(0.,0.,1.));
#5062 = ORIENTED_EDGE('',*,*,#4199,.T.);
#5063 = ORIENTED_EDGE('',*,*,#5064,.T.);
#5064 = EDGE_CURVE('',#4192,#5065,#5067,.T.);
#5065 = VERTEX_POINT('',#5066);
#5066 = CARTESIAN_POINT('',(0.4,1.775,0.2));
#5067 = LINE('',#5068,#5069);
#5068 = CARTESIAN_POINT('',(0.4,1.775,6.E-02));
#5069 = VECTOR('',#5070,1.);
#5070 = DIRECTION('',(0.,0.,1.));
#5071 = ORIENTED_EDGE('',*,*,#5072,.T.);
#5072 = EDGE_CURVE('',#5065,#5073,#5075,.T.);
#5073 = VERTEX_POINT('',#5074);
#5074 = CARTESIAN_POINT('',(0.6,1.775,0.2));
#5075 = LINE('',#5076,#5077);
#5076 = CARTESIAN_POINT('',(0.4,1.775,0.2));
#5077 = VECTOR('',#5078,1.);
#5078 = DIRECTION('',(1.,0.,0.));
#5079 = ORIENTED_EDGE('',*,*,#5080,.F.);
#5080 = EDGE_CURVE('',#4168,#5073,#5081,.T.);
#5081 = LINE('',#5082,#5083);
#5082 = CARTESIAN_POINT('',(0.6,1.775,6.E-02));
#5083 = VECTOR('',#5084,1.);
#5084 = DIRECTION('',(0.,0.,1.));
#5085 = ORIENTED_EDGE('',*,*,#4167,.T.);
#5086 = ORIENTED_EDGE('',*,*,#5087,.T.);
#5087 = EDGE_CURVE('',#4160,#5088,#5090,.T.);
#5088 = VERTEX_POINT('',#5089);
#5089 = CARTESIAN_POINT('',(1.4,1.775,0.2));
#5090 = LINE('',#5091,#5092);
#5091 = CARTESIAN_POINT('',(1.4,1.775,6.E-02));
#5092 = VECTOR('',#5093,1.);
#5093 = DIRECTION('',(0.,0.,1.));
#5094 = ORIENTED_EDGE('',*,*,#5095,.T.);
#5095 = EDGE_CURVE('',#5088,#5096,#5098,.T.);
#5096 = VERTEX_POINT('',#5097);
#5097 = CARTESIAN_POINT('',(1.6,1.775,0.2));
#5098 = LINE('',#5099,#5100);
#5099 = CARTESIAN_POINT('',(1.4,1.775,0.2));
#5100 = VECTOR('',#5101,1.);
#5101 = DIRECTION('',(1.,0.,0.));
#5102 = ORIENTED_EDGE('',*,*,#5103,.F.);
#5103 = EDGE_CURVE('',#4136,#5096,#5104,.T.);
#5104 = LINE('',#5105,#5106);
#5105 = CARTESIAN_POINT('',(1.6,1.775,6.E-02));
#5106 = VECTOR('',#5107,1.);
#5107 = DIRECTION('',(0.,0.,1.));
#5108 = ORIENTED_EDGE('',*,*,#4135,.T.);
#5109 = ORIENTED_EDGE('',*,*,#5110,.T.);
#5110 = EDGE_CURVE('',#4128,#5111,#5113,.T.);
#5111 = VERTEX_POINT('',#5112);
#5112 = CARTESIAN_POINT('',(2.4,1.775,0.2));
#5113 = LINE('',#5114,#5115);
#5114 = CARTESIAN_POINT('',(2.4,1.775,6.E-02));
#5115 = VECTOR('',#5116,1.);
#5116 = DIRECTION('',(0.,0.,1.));
#5117 = ORIENTED_EDGE('',*,*,#5118,.T.);
#5118 = EDGE_CURVE('',#5111,#5119,#5121,.T.);
#5119 = VERTEX_POINT('',#5120);
#5120 = CARTESIAN_POINT('',(2.6,1.775,0.2));
#5121 = LINE('',#5122,#5123);
#5122 = CARTESIAN_POINT('',(2.4,1.775,0.2));
#5123 = VECTOR('',#5124,1.);
#5124 = DIRECTION('',(1.,0.,0.));
#5125 = ORIENTED_EDGE('',*,*,#5126,.F.);
#5126 = EDGE_CURVE('',#4104,#5119,#5127,.T.);
#5127 = LINE('',#5128,#5129);
#5128 = CARTESIAN_POINT('',(2.6,1.775,6.E-02));
#5129 = VECTOR('',#5130,1.);
#5130 = DIRECTION('',(0.,0.,1.));
#5131 = ORIENTED_EDGE('',*,*,#4103,.T.);
#5132 = ORIENTED_EDGE('',*,*,#5133,.T.);
#5133 = EDGE_CURVE('',#4096,#5134,#5136,.T.);
#5134 = VERTEX_POINT('',#5135);
#5135 = CARTESIAN_POINT('',(3.4,1.775,0.2));
#5136 = LINE('',#5137,#5138);
#5137 = CARTESIAN_POINT('',(3.4,1.775,6.E-02));
#5138 = VECTOR('',#5139,1.);
#5139 = DIRECTION('',(0.,0.,1.));
#5140 = ORIENTED_EDGE('',*,*,#5141,.T.);
#5141 = EDGE_CURVE('',#5134,#5142,#5144,.T.);
#5142 = VERTEX_POINT('',#5143);
#5143 = CARTESIAN_POINT('',(3.6,1.775,0.2));
#5144 = LINE('',#5145,#5146);
#5145 = CARTESIAN_POINT('',(3.4,1.775,0.2));
#5146 = VECTOR('',#5147,1.);
#5147 = DIRECTION('',(1.,0.,0.));
#5148 = ORIENTED_EDGE('',*,*,#5149,.F.);
#5149 = EDGE_CURVE('',#4072,#5142,#5150,.T.);
#5150 = LINE('',#5151,#5152);
#5151 = CARTESIAN_POINT('',(3.6,1.775,6.E-02));
#5152 = VECTOR('',#5153,1.);
#5153 = DIRECTION('',(0.,0.,1.));
#5154 = ORIENTED_EDGE('',*,*,#4071,.T.);
#5155 = ORIENTED_EDGE('',*,*,#5156,.T.);
#5156 = EDGE_CURVE('',#4064,#5157,#5159,.T.);
#5157 = VERTEX_POINT('',#5158);
#5158 = CARTESIAN_POINT('',(4.4,1.775,0.2));
#5159 = LINE('',#5160,#5161);
#5160 = CARTESIAN_POINT('',(4.4,1.775,6.E-02));
#5161 = VECTOR('',#5162,1.);
#5162 = DIRECTION('',(0.,0.,1.));
#5163 = ORIENTED_EDGE('',*,*,#5164,.T.);
#5164 = EDGE_CURVE('',#5157,#5165,#5167,.T.);
#5165 = VERTEX_POINT('',#5166);
#5166 = CARTESIAN_POINT('',(4.6,1.775,0.2));
#5167 = LINE('',#5168,#5169);
#5168 = CARTESIAN_POINT('',(4.4,1.775,0.2));
#5169 = VECTOR('',#5170,1.);
#5170 = DIRECTION('',(1.,0.,0.));
#5171 = ORIENTED_EDGE('',*,*,#5172,.F.);
#5172 = EDGE_CURVE('',#4040,#5165,#5173,.T.);
#5173 = LINE('',#5174,#5175);
#5174 = CARTESIAN_POINT('',(4.6,1.775,6.E-02));
#5175 = VECTOR('',#5176,1.);
#5176 = DIRECTION('',(0.,0.,1.));
#5177 = ORIENTED_EDGE('',*,*,#4039,.T.);
#5178 = ORIENTED_EDGE('',*,*,#5179,.T.);
#5179 = EDGE_CURVE('',#4032,#5180,#5182,.T.);
#5180 = VERTEX_POINT('',#5181);
#5181 = CARTESIAN_POINT('',(5.4,1.775,0.2));
#5182 = LINE('',#5183,#5184);
#5183 = CARTESIAN_POINT('',(5.4,1.775,6.E-02));
#5184 = VECTOR('',#5185,1.);
#5185 = DIRECTION('',(0.,0.,1.));
#5186 = ORIENTED_EDGE('',*,*,#5187,.T.);
#5187 = EDGE_CURVE('',#5180,#5188,#5190,.T.);
#5188 = VERTEX_POINT('',#5189);
#5189 = CARTESIAN_POINT('',(5.6,1.775,0.2));
#5190 = LINE('',#5191,#5192);
#5191 = CARTESIAN_POINT('',(5.4,1.775,0.2));
#5192 = VECTOR('',#5193,1.);
#5193 = DIRECTION('',(1.,0.,0.));
#5194 = ORIENTED_EDGE('',*,*,#5195,.F.);
#5195 = EDGE_CURVE('',#4008,#5188,#5196,.T.);
#5196 = LINE('',#5197,#5198);
#5197 = CARTESIAN_POINT('',(5.6,1.775,6.E-02));
#5198 = VECTOR('',#5199,1.);
#5199 = DIRECTION('',(0.,0.,1.));
#5200 = ORIENTED_EDGE('',*,*,#4007,.T.);
#5201 = ORIENTED_EDGE('',*,*,#5202,.T.);
#5202 = EDGE_CURVE('',#4000,#5203,#5205,.T.);
#5203 = VERTEX_POINT('',#5204);
#5204 = CARTESIAN_POINT('',(6.4,1.775,0.2));
#5205 = LINE('',#5206,#5207);
#5206 = CARTESIAN_POINT('',(6.4,1.775,6.E-02));
#5207 = VECTOR('',#5208,1.);
#5208 = DIRECTION('',(0.,0.,1.));
#5209 = ORIENTED_EDGE('',*,*,#5210,.T.);
#5210 = EDGE_CURVE('',#5203,#5211,#5213,.T.);
#5211 = VERTEX_POINT('',#5212);
#5212 = CARTESIAN_POINT('',(6.6,1.775,0.2));
#5213 = LINE('',#5214,#5215);
#5214 = CARTESIAN_POINT('',(6.4,1.775,0.2));
#5215 = VECTOR('',#5216,1.);
#5216 = DIRECTION('',(1.,0.,0.));
#5217 = ORIENTED_EDGE('',*,*,#5218,.F.);
#5218 = EDGE_CURVE('',#3976,#5211,#5219,.T.);
#5219 = LINE('',#5220,#5221);
#5220 = CARTESIAN_POINT('',(6.6,1.775,6.E-02));
#5221 = VECTOR('',#5222,1.);
#5222 = DIRECTION('',(0.,0.,1.));
#5223 = ORIENTED_EDGE('',*,*,#3975,.T.);
#5224 = ORIENTED_EDGE('',*,*,#5225,.T.);
#5225 = EDGE_CURVE('',#3966,#5226,#5228,.T.);
#5226 = VERTEX_POINT('',#5227);
#5227 = CARTESIAN_POINT('',(8.,1.775,1.46));
#5228 = LINE('',#5229,#5230);
#5229 = CARTESIAN_POINT('',(8.,1.775,6.E-02));
#5230 = VECTOR('',#5231,1.);
#5231 = DIRECTION('',(0.,1.110223024625E-16,1.));
#5232 = ORIENTED_EDGE('',*,*,#5233,.F.);
#5233 = EDGE_CURVE('',#5234,#5226,#5236,.T.);
#5234 = VERTEX_POINT('',#5235);
#5235 = CARTESIAN_POINT('',(7.5,1.775,1.46));
#5236 = LINE('',#5237,#5238);
#5237 = CARTESIAN_POINT('',(7.5,1.775,1.46));
#5238 = VECTOR('',#5239,1.);
#5239 = DIRECTION('',(1.,0.,0.));
#5240 = ORIENTED_EDGE('',*,*,#5241,.F.);
#5241 = EDGE_CURVE('',#4752,#5234,#5242,.T.);
#5242 = LINE('',#5243,#5244);
#5243 = CARTESIAN_POINT('',(7.5,1.775,2.96));
#5244 = VECTOR('',#5245,1.);
#5245 = DIRECTION('',(0.,-1.110223024625E-16,-1.));
#5246 = ORIENTED_EDGE('',*,*,#4749,.F.);
#5247 = ORIENTED_EDGE('',*,*,#5248,.T.);
#5248 = EDGE_CURVE('',#4750,#4878,#5249,.T.);
#5249 = LINE('',#5250,#5251);
#5250 = CARTESIAN_POINT('',(-7.5,1.775,2.96));
#5251 = VECTOR('',#5252,1.);
#5252 = DIRECTION('',(0.,-1.110223024625E-16,-1.));
#5253 = ORIENTED_EDGE('',*,*,#4877,.F.);
#5254 = PLANE('',#5255);
#5255 = AXIS2_PLACEMENT_3D('',#5256,#5257,#5258);
#5256 = CARTESIAN_POINT('',(-8.,1.775,6.E-02));
#5257 = DIRECTION('',(0.,-1.,1.110223024625E-16));
#5258 = DIRECTION('',(1.,0.,0.));
#5259 = ADVANCED_FACE('',(#5260),#5326,.T.);
#5260 = FACE_BOUND('',#5261,.T.);
#5261 = EDGE_LOOP('',(#5262,#5263,#5264,#5272,#5280,#5288,#5294,#5295,
    #5296,#5304,#5312,#5320));
#5262 = ORIENTED_EDGE('',*,*,#3965,.F.);
#5263 = ORIENTED_EDGE('',*,*,#5225,.T.);
#5264 = ORIENTED_EDGE('',*,*,#5265,.T.);
#5265 = EDGE_CURVE('',#5226,#5266,#5268,.T.);
#5266 = VERTEX_POINT('',#5267);
#5267 = CARTESIAN_POINT('',(8.,1.225,1.46));
#5268 = LINE('',#5269,#5270);
#5269 = CARTESIAN_POINT('',(8.,1.775,1.46));
#5270 = VECTOR('',#5271,1.);
#5271 = DIRECTION('',(0.,-1.,1.110223024625E-16));
#5272 = ORIENTED_EDGE('',*,*,#5273,.T.);
#5273 = EDGE_CURVE('',#5266,#5274,#5276,.T.);
#5274 = VERTEX_POINT('',#5275);
#5275 = CARTESIAN_POINT('',(8.,1.225,2.46));
#5276 = LINE('',#5277,#5278);
#5277 = CARTESIAN_POINT('',(8.,1.225,1.46));
#5278 = VECTOR('',#5279,1.);
#5279 = DIRECTION('',(0.,1.110223024625E-16,1.));
#5280 = ORIENTED_EDGE('',*,*,#5281,.T.);
#5281 = EDGE_CURVE('',#5274,#5282,#5284,.T.);
#5282 = VERTEX_POINT('',#5283);
#5283 = CARTESIAN_POINT('',(8.,0.575,2.46));
#5284 = LINE('',#5285,#5286);
#5285 = CARTESIAN_POINT('',(8.,1.225,2.46));
#5286 = VECTOR('',#5287,1.);
#5287 = DIRECTION('',(0.,-1.,1.110223024625E-16));
#5288 = ORIENTED_EDGE('',*,*,#5289,.T.);
#5289 = EDGE_CURVE('',#5282,#4776,#5290,.T.);
#5290 = LINE('',#5291,#5292);
#5291 = CARTESIAN_POINT('',(8.,0.575,2.46));
#5292 = VECTOR('',#5293,1.);
#5293 = DIRECTION('',(0.,-0.500421834463,0.865781720524));
#5294 = ORIENTED_EDGE('',*,*,#4775,.T.);
#5295 = ORIENTED_EDGE('',*,*,#4629,.F.);
#5296 = ORIENTED_EDGE('',*,*,#5297,.T.);
#5297 = EDGE_CURVE('',#4622,#5298,#5300,.T.);
#5298 = VERTEX_POINT('',#5299);
#5299 = CARTESIAN_POINT('',(8.,-1.975,1.26));
#5300 = LINE('',#5301,#5302);
#5301 = CARTESIAN_POINT('',(8.,-2.475,1.26));
#5302 = VECTOR('',#5303,1.);
#5303 = DIRECTION('',(0.,1.,-1.110223024625E-16));
#5304 = ORIENTED_EDGE('',*,*,#5305,.T.);
#5305 = EDGE_CURVE('',#5298,#5306,#5308,.T.);
#5306 = VERTEX_POINT('',#5307);
#5307 = CARTESIAN_POINT('',(8.,-1.975,0.61));
#5308 = LINE('',#5309,#5310);
#5309 = CARTESIAN_POINT('',(8.,-1.975,1.26));
#5310 = VECTOR('',#5311,1.);
#5311 = DIRECTION('',(0.,-1.110223024625E-16,-1.));
#5312 = ORIENTED_EDGE('',*,*,#5313,.T.);
#5313 = EDGE_CURVE('',#5306,#5314,#5316,.T.);
#5314 = VERTEX_POINT('',#5315);
#5315 = CARTESIAN_POINT('',(8.,-0.975,0.61));
#5316 = LINE('',#5317,#5318);
#5317 = CARTESIAN_POINT('',(8.,-1.975,0.61));
#5318 = VECTOR('',#5319,1.);
#5319 = DIRECTION('',(0.,1.,-1.110223024625E-16));
#5320 = ORIENTED_EDGE('',*,*,#5321,.T.);
#5321 = EDGE_CURVE('',#5314,#3968,#5322,.T.);
#5322 = LINE('',#5323,#5324);
#5323 = CARTESIAN_POINT('',(8.,-0.975,0.61));
#5324 = VECTOR('',#5325,1.);
#5325 = DIRECTION('',(0.,-1.110223024625E-16,-1.));
#5326 = PLANE('',#5327);
#5327 = AXIS2_PLACEMENT_3D('',#5328,#5329,#5330);
#5328 = CARTESIAN_POINT('',(8.,1.775,6.E-02));
#5329 = DIRECTION('',(1.,0.,0.));
#5330 = DIRECTION('',(0.,-1.,1.110223024625E-16));
#5331 = ADVANCED_FACE('',(#5332),#5350,.F.);
#5332 = FACE_BOUND('',#5333,.F.);
#5333 = EDGE_LOOP('',(#5334,#5342,#5348,#5349));
#5334 = ORIENTED_EDGE('',*,*,#5335,.F.);
#5335 = EDGE_CURVE('',#5336,#4471,#5338,.T.);
#5336 = VERTEX_POINT('',#5337);
#5337 = CARTESIAN_POINT('',(7.7,-0.975,0.61));
#5338 = LINE('',#5339,#5340);
#5339 = CARTESIAN_POINT('',(7.7,-0.975,0.61));
#5340 = VECTOR('',#5341,1.);
#5341 = DIRECTION('',(0.,0.,-1.));
#5342 = ORIENTED_EDGE('',*,*,#5343,.T.);
#5343 = EDGE_CURVE('',#5336,#5314,#5344,.T.);
#5344 = LINE('',#5345,#5346);
#5345 = CARTESIAN_POINT('',(7.5,-0.975,0.61));
#5346 = VECTOR('',#5347,1.);
#5347 = DIRECTION('',(1.,0.,0.));
#5348 = ORIENTED_EDGE('',*,*,#5321,.T.);
#5349 = ORIENTED_EDGE('',*,*,#4478,.F.);
#5350 = PLANE('',#5351);
#5351 = AXIS2_PLACEMENT_3D('',#5352,#5353,#5354);
#5352 = CARTESIAN_POINT('',(7.5,-0.975,0.61));
#5353 = DIRECTION('',(0.,1.,-1.110223024625E-16));
#5354 = DIRECTION('',(0.,-1.110223024625E-16,-1.));
#5355 = ADVANCED_FACE('',(#5356),#5381,.T.);
#5356 = FACE_BOUND('',#5357,.T.);
#5357 = EDGE_LOOP('',(#5358,#5366,#5367,#5375));
#5358 = ORIENTED_EDGE('',*,*,#5359,.F.);
#5359 = EDGE_CURVE('',#4463,#5360,#5362,.T.);
#5360 = VERTEX_POINT('',#5361);
#5361 = CARTESIAN_POINT('',(7.5,-0.975,1.E-02));
#5362 = LINE('',#5363,#5364);
#5363 = CARTESIAN_POINT('',(7.5,-0.975,0.61));
#5364 = VECTOR('',#5365,1.);
#5365 = DIRECTION('',(0.,0.,-1.));
#5366 = ORIENTED_EDGE('',*,*,#4470,.T.);
#5367 = ORIENTED_EDGE('',*,*,#5368,.T.);
#5368 = EDGE_CURVE('',#4471,#5369,#5371,.T.);
#5369 = VERTEX_POINT('',#5370);
#5370 = CARTESIAN_POINT('',(7.7,-0.975,1.E-02));
#5371 = LINE('',#5372,#5373);
#5372 = CARTESIAN_POINT('',(7.7,-0.975,0.61));
#5373 = VECTOR('',#5374,1.);
#5374 = DIRECTION('',(0.,0.,-1.));
#5375 = ORIENTED_EDGE('',*,*,#5376,.F.);
#5376 = EDGE_CURVE('',#5360,#5369,#5377,.T.);
#5377 = LINE('',#5378,#5379);
#5378 = CARTESIAN_POINT('',(7.5,-0.975,1.E-02));
#5379 = VECTOR('',#5380,1.);
#5380 = DIRECTION('',(1.,0.,0.));
#5381 = PLANE('',#5382);
#5382 = AXIS2_PLACEMENT_3D('',#5383,#5384,#5385);
#5383 = CARTESIAN_POINT('',(7.5,-0.975,0.61));
#5384 = DIRECTION('',(0.,1.,0.));
#5385 = DIRECTION('',(0.,0.,-1.));
#5386 = ADVANCED_FACE('',(#5387),#5405,.T.);
#5387 = FACE_BOUND('',#5388,.T.);
#5388 = EDGE_LOOP('',(#5389,#5397,#5403,#5404));
#5389 = ORIENTED_EDGE('',*,*,#5390,.T.);
#5390 = EDGE_CURVE('',#5360,#5391,#5393,.T.);
#5391 = VERTEX_POINT('',#5392);
#5392 = CARTESIAN_POINT('',(7.5,-2.475,1.E-02));
#5393 = LINE('',#5394,#5395);
#5394 = CARTESIAN_POINT('',(7.5,-0.975,1.E-02));
#5395 = VECTOR('',#5396,1.);
#5396 = DIRECTION('',(0.,-1.,-5.782411586589E-18));
#5397 = ORIENTED_EDGE('',*,*,#5398,.T.);
#5398 = EDGE_CURVE('',#5391,#4455,#5399,.T.);
#5399 = LINE('',#5400,#5401);
#5400 = CARTESIAN_POINT('',(7.5,-2.475,1.E-02));
#5401 = VECTOR('',#5402,1.);
#5402 = DIRECTION('',(0.,0.,1.));
#5403 = ORIENTED_EDGE('',*,*,#4462,.F.);
#5404 = ORIENTED_EDGE('',*,*,#5359,.T.);
#5405 = PLANE('',#5406);
#5406 = AXIS2_PLACEMENT_3D('',#5407,#5408,#5409);
#5407 = CARTESIAN_POINT('',(7.5,-1.843181818182,0.516818181818));
#5408 = DIRECTION('',(-1.,-0.,-0.));
#5409 = DIRECTION('',(0.,0.,-1.));
#5410 = ADVANCED_FACE('',(#5411),#5436,.F.);
#5411 = FACE_BOUND('',#5412,.F.);
#5412 = EDGE_LOOP('',(#5413,#5423,#5429,#5430));
#5413 = ORIENTED_EDGE('',*,*,#5414,.T.);
#5414 = EDGE_CURVE('',#5415,#5417,#5419,.T.);
#5415 = VERTEX_POINT('',#5416);
#5416 = CARTESIAN_POINT('',(-7.5,-0.975,1.E-02));
#5417 = VERTEX_POINT('',#5418);
#5418 = CARTESIAN_POINT('',(-7.5,-2.475,1.E-02));
#5419 = LINE('',#5420,#5421);
#5420 = CARTESIAN_POINT('',(-7.5,-0.975,1.E-02));
#5421 = VECTOR('',#5422,1.);
#5422 = DIRECTION('',(0.,-1.,-5.782411586589E-18));
#5423 = ORIENTED_EDGE('',*,*,#5424,.T.);
#5424 = EDGE_CURVE('',#5417,#4447,#5425,.T.);
#5425 = LINE('',#5426,#5427);
#5426 = CARTESIAN_POINT('',(-7.5,-2.475,1.E-02));
#5427 = VECTOR('',#5428,1.);
#5428 = DIRECTION('',(0.,0.,1.));
#5429 = ORIENTED_EDGE('',*,*,#4446,.F.);
#5430 = ORIENTED_EDGE('',*,*,#5431,.T.);
#5431 = EDGE_CURVE('',#4439,#5415,#5432,.T.);
#5432 = LINE('',#5433,#5434);
#5433 = CARTESIAN_POINT('',(-7.5,-0.975,0.61));
#5434 = VECTOR('',#5435,1.);
#5435 = DIRECTION('',(0.,0.,-1.));
#5436 = PLANE('',#5437);
#5437 = AXIS2_PLACEMENT_3D('',#5438,#5439,#5440);
#5438 = CARTESIAN_POINT('',(-7.5,-1.843181818182,0.516818181818));
#5439 = DIRECTION('',(-1.,-0.,-0.));
#5440 = DIRECTION('',(0.,0.,-1.));
#5441 = ADVANCED_FACE('',(#5442),#5460,.T.);
#5442 = FACE_BOUND('',#5443,.T.);
#5443 = EDGE_LOOP('',(#5444,#5452,#5453,#5454));
#5444 = ORIENTED_EDGE('',*,*,#5445,.F.);
#5445 = EDGE_CURVE('',#4431,#5446,#5448,.T.);
#5446 = VERTEX_POINT('',#5447);
#5447 = CARTESIAN_POINT('',(-7.7,-0.975,1.E-02));
#5448 = LINE('',#5449,#5450);
#5449 = CARTESIAN_POINT('',(-7.7,-0.975,0.61));
#5450 = VECTOR('',#5451,1.);
#5451 = DIRECTION('',(0.,0.,-1.));
#5452 = ORIENTED_EDGE('',*,*,#4438,.T.);
#5453 = ORIENTED_EDGE('',*,*,#5431,.T.);
#5454 = ORIENTED_EDGE('',*,*,#5455,.F.);
#5455 = EDGE_CURVE('',#5446,#5415,#5456,.T.);
#5456 = LINE('',#5457,#5458);
#5457 = CARTESIAN_POINT('',(-7.7,-0.975,1.E-02));
#5458 = VECTOR('',#5459,1.);
#5459 = DIRECTION('',(1.,0.,0.));
#5460 = PLANE('',#5461);
#5461 = AXIS2_PLACEMENT_3D('',#5462,#5463,#5464);
#5462 = CARTESIAN_POINT('',(-7.7,-0.975,0.61));
#5463 = DIRECTION('',(0.,1.,0.));
#5464 = DIRECTION('',(0.,0.,-1.));
#5465 = ADVANCED_FACE('',(#5466),#5500,.T.);
#5466 = FACE_BOUND('',#5467,.T.);
#5467 = EDGE_LOOP('',(#5468,#5476,#5477,#5478,#5486,#5494));
#5468 = ORIENTED_EDGE('',*,*,#5469,.T.);
#5469 = EDGE_CURVE('',#5470,#4408,#5472,.T.);
#5470 = VERTEX_POINT('',#5471);
#5471 = CARTESIAN_POINT('',(-6.6,1.675,0.));
#5472 = LINE('',#5473,#5474);
#5473 = CARTESIAN_POINT('',(-6.6,1.675,0.));
#5474 = VECTOR('',#5475,1.);
#5475 = DIRECTION('',(0.,0.,1.));
#5476 = ORIENTED_EDGE('',*,*,#4415,.T.);
#5477 = ORIENTED_EDGE('',*,*,#4903,.T.);
#5478 = ORIENTED_EDGE('',*,*,#5479,.T.);
#5479 = EDGE_CURVE('',#4904,#5480,#5482,.T.);
#5480 = VERTEX_POINT('',#5481);
#5481 = CARTESIAN_POINT('',(-6.6,2.475,0.2));
#5482 = LINE('',#5483,#5484);
#5483 = CARTESIAN_POINT('',(-6.6,1.775,0.2));
#5484 = VECTOR('',#5485,1.);
#5485 = DIRECTION('',(0.,1.,0.));
#5486 = ORIENTED_EDGE('',*,*,#5487,.T.);
#5487 = EDGE_CURVE('',#5480,#5488,#5490,.T.);
#5488 = VERTEX_POINT('',#5489);
#5489 = CARTESIAN_POINT('',(-6.6,2.475,0.));
#5490 = LINE('',#5491,#5492);
#5491 = CARTESIAN_POINT('',(-6.6,2.475,0.2));
#5492 = VECTOR('',#5493,1.);
#5493 = DIRECTION('',(0.,0.,-1.));
#5494 = ORIENTED_EDGE('',*,*,#5495,.T.);
#5495 = EDGE_CURVE('',#5488,#5470,#5496,.T.);
#5496 = LINE('',#5497,#5498);
#5497 = CARTESIAN_POINT('',(-6.6,2.475,0.));
#5498 = VECTOR('',#5499,1.);
#5499 = DIRECTION('',(0.,-1.,0.));
#5500 = PLANE('',#5501);
#5501 = AXIS2_PLACEMENT_3D('',#5502,#5503,#5504);
#5502 = CARTESIAN_POINT('',(-6.6,2.082,9.3E-02));
#5503 = DIRECTION('',(-1.,-0.,-0.));
#5504 = DIRECTION('',(0.,0.,-1.));
#5505 = ADVANCED_FACE('',(#5506),#5524,.T.);
#5506 = FACE_BOUND('',#5507,.T.);
#5507 = EDGE_LOOP('',(#5508,#5516,#5522,#5523));
#5508 = ORIENTED_EDGE('',*,*,#5509,.T.);
#5509 = EDGE_CURVE('',#5470,#5510,#5512,.T.);
#5510 = VERTEX_POINT('',#5511);
#5511 = CARTESIAN_POINT('',(-6.4,1.675,0.));
#5512 = LINE('',#5513,#5514);
#5513 = CARTESIAN_POINT('',(-6.6,1.675,0.));
#5514 = VECTOR('',#5515,1.);
#5515 = DIRECTION('',(1.,0.,0.));
#5516 = ORIENTED_EDGE('',*,*,#5517,.T.);
#5517 = EDGE_CURVE('',#5510,#4400,#5518,.T.);
#5518 = LINE('',#5519,#5520);
#5519 = CARTESIAN_POINT('',(-6.4,1.675,0.));
#5520 = VECTOR('',#5521,1.);
#5521 = DIRECTION('',(0.,0.,1.));
#5522 = ORIENTED_EDGE('',*,*,#4407,.F.);
#5523 = ORIENTED_EDGE('',*,*,#5469,.F.);
#5524 = PLANE('',#5525);
#5525 = AXIS2_PLACEMENT_3D('',#5526,#5527,#5528);
#5526 = CARTESIAN_POINT('',(-6.6,1.675,0.));
#5527 = DIRECTION('',(0.,-1.,0.));
#5528 = DIRECTION('',(0.,0.,1.));
#5529 = ADVANCED_FACE('',(#5530),#5557,.F.);
#5530 = FACE_BOUND('',#5531,.F.);
#5531 = EDGE_LOOP('',(#5532,#5533,#5534,#5535,#5543,#5551));
#5532 = ORIENTED_EDGE('',*,*,#5517,.T.);
#5533 = ORIENTED_EDGE('',*,*,#4399,.T.);
#5534 = ORIENTED_EDGE('',*,*,#4919,.T.);
#5535 = ORIENTED_EDGE('',*,*,#5536,.T.);
#5536 = EDGE_CURVE('',#4912,#5537,#5539,.T.);
#5537 = VERTEX_POINT('',#5538);
#5538 = CARTESIAN_POINT('',(-6.4,2.475,0.2));
#5539 = LINE('',#5540,#5541);
#5540 = CARTESIAN_POINT('',(-6.4,1.775,0.2));
#5541 = VECTOR('',#5542,1.);
#5542 = DIRECTION('',(0.,1.,0.));
#5543 = ORIENTED_EDGE('',*,*,#5544,.T.);
#5544 = EDGE_CURVE('',#5537,#5545,#5547,.T.);
#5545 = VERTEX_POINT('',#5546);
#5546 = CARTESIAN_POINT('',(-6.4,2.475,0.));
#5547 = LINE('',#5548,#5549);
#5548 = CARTESIAN_POINT('',(-6.4,2.475,0.2));
#5549 = VECTOR('',#5550,1.);
#5550 = DIRECTION('',(0.,0.,-1.));
#5551 = ORIENTED_EDGE('',*,*,#5552,.T.);
#5552 = EDGE_CURVE('',#5545,#5510,#5553,.T.);
#5553 = LINE('',#5554,#5555);
#5554 = CARTESIAN_POINT('',(-6.4,2.475,0.));
#5555 = VECTOR('',#5556,1.);
#5556 = DIRECTION('',(0.,-1.,0.));
#5557 = PLANE('',#5558);
#5558 = AXIS2_PLACEMENT_3D('',#5559,#5560,#5561);
#5559 = CARTESIAN_POINT('',(-6.4,2.082,9.3E-02));
#5560 = DIRECTION('',(-1.,-0.,-0.));
#5561 = DIRECTION('',(0.,0.,-1.));
#5562 = ADVANCED_FACE('',(#5563),#5597,.T.);
#5563 = FACE_BOUND('',#5564,.T.);
#5564 = EDGE_LOOP('',(#5565,#5573,#5574,#5575,#5583,#5591));
#5565 = ORIENTED_EDGE('',*,*,#5566,.T.);
#5566 = EDGE_CURVE('',#5567,#4376,#5569,.T.);
#5567 = VERTEX_POINT('',#5568);
#5568 = CARTESIAN_POINT('',(-5.6,1.675,0.));
#5569 = LINE('',#5570,#5571);
#5570 = CARTESIAN_POINT('',(-5.6,1.675,0.));
#5571 = VECTOR('',#5572,1.);
#5572 = DIRECTION('',(0.,0.,1.));
#5573 = ORIENTED_EDGE('',*,*,#4383,.T.);
#5574 = ORIENTED_EDGE('',*,*,#4926,.T.);
#5575 = ORIENTED_EDGE('',*,*,#5576,.T.);
#5576 = EDGE_CURVE('',#4927,#5577,#5579,.T.);
#5577 = VERTEX_POINT('',#5578);
#5578 = CARTESIAN_POINT('',(-5.6,2.475,0.2));
#5579 = LINE('',#5580,#5581);
#5580 = CARTESIAN_POINT('',(-5.6,1.775,0.2));
#5581 = VECTOR('',#5582,1.);
#5582 = DIRECTION('',(0.,1.,0.));
#5583 = ORIENTED_EDGE('',*,*,#5584,.T.);
#5584 = EDGE_CURVE('',#5577,#5585,#5587,.T.);
#5585 = VERTEX_POINT('',#5586);
#5586 = CARTESIAN_POINT('',(-5.6,2.475,0.));
#5587 = LINE('',#5588,#5589);
#5588 = CARTESIAN_POINT('',(-5.6,2.475,0.2));
#5589 = VECTOR('',#5590,1.);
#5590 = DIRECTION('',(0.,0.,-1.));
#5591 = ORIENTED_EDGE('',*,*,#5592,.T.);
#5592 = EDGE_CURVE('',#5585,#5567,#5593,.T.);
#5593 = LINE('',#5594,#5595);
#5594 = CARTESIAN_POINT('',(-5.6,2.475,0.));
#5595 = VECTOR('',#5596,1.);
#5596 = DIRECTION('',(0.,-1.,0.));
#5597 = PLANE('',#5598);
#5598 = AXIS2_PLACEMENT_3D('',#5599,#5600,#5601);
#5599 = CARTESIAN_POINT('',(-5.6,2.082,9.3E-02));
#5600 = DIRECTION('',(-1.,-0.,-0.));
#5601 = DIRECTION('',(0.,0.,-1.));
#5602 = ADVANCED_FACE('',(#5603),#5621,.T.);
#5603 = FACE_BOUND('',#5604,.T.);
#5604 = EDGE_LOOP('',(#5605,#5613,#5619,#5620));
#5605 = ORIENTED_EDGE('',*,*,#5606,.T.);
#5606 = EDGE_CURVE('',#5567,#5607,#5609,.T.);
#5607 = VERTEX_POINT('',#5608);
#5608 = CARTESIAN_POINT('',(-5.4,1.675,0.));
#5609 = LINE('',#5610,#5611);
#5610 = CARTESIAN_POINT('',(-5.6,1.675,0.));
#5611 = VECTOR('',#5612,1.);
#5612 = DIRECTION('',(1.,0.,0.));
#5613 = ORIENTED_EDGE('',*,*,#5614,.T.);
#5614 = EDGE_CURVE('',#5607,#4368,#5615,.T.);
#5615 = LINE('',#5616,#5617);
#5616 = CARTESIAN_POINT('',(-5.4,1.675,0.));
#5617 = VECTOR('',#5618,1.);
#5618 = DIRECTION('',(0.,0.,1.));
#5619 = ORIENTED_EDGE('',*,*,#4375,.F.);
#5620 = ORIENTED_EDGE('',*,*,#5566,.F.);
#5621 = PLANE('',#5622);
#5622 = AXIS2_PLACEMENT_3D('',#5623,#5624,#5625);
#5623 = CARTESIAN_POINT('',(-5.6,1.675,0.));
#5624 = DIRECTION('',(0.,-1.,0.));
#5625 = DIRECTION('',(0.,0.,1.));
#5626 = ADVANCED_FACE('',(#5627),#5654,.F.);
#5627 = FACE_BOUND('',#5628,.F.);
#5628 = EDGE_LOOP('',(#5629,#5630,#5631,#5632,#5640,#5648));
#5629 = ORIENTED_EDGE('',*,*,#5614,.T.);
#5630 = ORIENTED_EDGE('',*,*,#4367,.T.);
#5631 = ORIENTED_EDGE('',*,*,#4942,.T.);
#5632 = ORIENTED_EDGE('',*,*,#5633,.T.);
#5633 = EDGE_CURVE('',#4935,#5634,#5636,.T.);
#5634 = VERTEX_POINT('',#5635);
#5635 = CARTESIAN_POINT('',(-5.4,2.475,0.2));
#5636 = LINE('',#5637,#5638);
#5637 = CARTESIAN_POINT('',(-5.4,1.775,0.2));
#5638 = VECTOR('',#5639,1.);
#5639 = DIRECTION('',(0.,1.,0.));
#5640 = ORIENTED_EDGE('',*,*,#5641,.T.);
#5641 = EDGE_CURVE('',#5634,#5642,#5644,.T.);
#5642 = VERTEX_POINT('',#5643);
#5643 = CARTESIAN_POINT('',(-5.4,2.475,0.));
#5644 = LINE('',#5645,#5646);
#5645 = CARTESIAN_POINT('',(-5.4,2.475,0.2));
#5646 = VECTOR('',#5647,1.);
#5647 = DIRECTION('',(0.,0.,-1.));
#5648 = ORIENTED_EDGE('',*,*,#5649,.T.);
#5649 = EDGE_CURVE('',#5642,#5607,#5650,.T.);
#5650 = LINE('',#5651,#5652);
#5651 = CARTESIAN_POINT('',(-5.4,2.475,0.));
#5652 = VECTOR('',#5653,1.);
#5653 = DIRECTION('',(0.,-1.,0.));
#5654 = PLANE('',#5655);
#5655 = AXIS2_PLACEMENT_3D('',#5656,#5657,#5658);
#5656 = CARTESIAN_POINT('',(-5.4,2.082,9.3E-02));
#5657 = DIRECTION('',(-1.,-0.,-0.));
#5658 = DIRECTION('',(0.,0.,-1.));
#5659 = ADVANCED_FACE('',(#5660),#5694,.T.);
#5660 = FACE_BOUND('',#5661,.T.);
#5661 = EDGE_LOOP('',(#5662,#5670,#5671,#5672,#5680,#5688));
#5662 = ORIENTED_EDGE('',*,*,#5663,.T.);
#5663 = EDGE_CURVE('',#5664,#4344,#5666,.T.);
#5664 = VERTEX_POINT('',#5665);
#5665 = CARTESIAN_POINT('',(-4.6,1.675,0.));
#5666 = LINE('',#5667,#5668);
#5667 = CARTESIAN_POINT('',(-4.6,1.675,0.));
#5668 = VECTOR('',#5669,1.);
#5669 = DIRECTION('',(0.,0.,1.));
#5670 = ORIENTED_EDGE('',*,*,#4351,.T.);
#5671 = ORIENTED_EDGE('',*,*,#4949,.T.);
#5672 = ORIENTED_EDGE('',*,*,#5673,.T.);
#5673 = EDGE_CURVE('',#4950,#5674,#5676,.T.);
#5674 = VERTEX_POINT('',#5675);
#5675 = CARTESIAN_POINT('',(-4.6,2.475,0.2));
#5676 = LINE('',#5677,#5678);
#5677 = CARTESIAN_POINT('',(-4.6,1.775,0.2));
#5678 = VECTOR('',#5679,1.);
#5679 = DIRECTION('',(0.,1.,0.));
#5680 = ORIENTED_EDGE('',*,*,#5681,.T.);
#5681 = EDGE_CURVE('',#5674,#5682,#5684,.T.);
#5682 = VERTEX_POINT('',#5683);
#5683 = CARTESIAN_POINT('',(-4.6,2.475,0.));
#5684 = LINE('',#5685,#5686);
#5685 = CARTESIAN_POINT('',(-4.6,2.475,0.2));
#5686 = VECTOR('',#5687,1.);
#5687 = DIRECTION('',(0.,0.,-1.));
#5688 = ORIENTED_EDGE('',*,*,#5689,.T.);
#5689 = EDGE_CURVE('',#5682,#5664,#5690,.T.);
#5690 = LINE('',#5691,#5692);
#5691 = CARTESIAN_POINT('',(-4.6,2.475,0.));
#5692 = VECTOR('',#5693,1.);
#5693 = DIRECTION('',(0.,-1.,0.));
#5694 = PLANE('',#5695);
#5695 = AXIS2_PLACEMENT_3D('',#5696,#5697,#5698);
#5696 = CARTESIAN_POINT('',(-4.6,2.082,9.3E-02));
#5697 = DIRECTION('',(-1.,-0.,-0.));
#5698 = DIRECTION('',(0.,0.,-1.));
#5699 = ADVANCED_FACE('',(#5700),#5718,.T.);
#5700 = FACE_BOUND('',#5701,.T.);
#5701 = EDGE_LOOP('',(#5702,#5710,#5716,#5717));
#5702 = ORIENTED_EDGE('',*,*,#5703,.T.);
#5703 = EDGE_CURVE('',#5664,#5704,#5706,.T.);
#5704 = VERTEX_POINT('',#5705);
#5705 = CARTESIAN_POINT('',(-4.4,1.675,0.));
#5706 = LINE('',#5707,#5708);
#5707 = CARTESIAN_POINT('',(-4.6,1.675,0.));
#5708 = VECTOR('',#5709,1.);
#5709 = DIRECTION('',(1.,0.,0.));
#5710 = ORIENTED_EDGE('',*,*,#5711,.T.);
#5711 = EDGE_CURVE('',#5704,#4336,#5712,.T.);
#5712 = LINE('',#5713,#5714);
#5713 = CARTESIAN_POINT('',(-4.4,1.675,0.));
#5714 = VECTOR('',#5715,1.);
#5715 = DIRECTION('',(0.,0.,1.));
#5716 = ORIENTED_EDGE('',*,*,#4343,.F.);
#5717 = ORIENTED_EDGE('',*,*,#5663,.F.);
#5718 = PLANE('',#5719);
#5719 = AXIS2_PLACEMENT_3D('',#5720,#5721,#5722);
#5720 = CARTESIAN_POINT('',(-4.6,1.675,0.));
#5721 = DIRECTION('',(0.,-1.,0.));
#5722 = DIRECTION('',(0.,0.,1.));
#5723 = ADVANCED_FACE('',(#5724),#5751,.F.);
#5724 = FACE_BOUND('',#5725,.F.);
#5725 = EDGE_LOOP('',(#5726,#5727,#5728,#5729,#5737,#5745));
#5726 = ORIENTED_EDGE('',*,*,#5711,.T.);
#5727 = ORIENTED_EDGE('',*,*,#4335,.T.);
#5728 = ORIENTED_EDGE('',*,*,#4965,.T.);
#5729 = ORIENTED_EDGE('',*,*,#5730,.T.);
#5730 = EDGE_CURVE('',#4958,#5731,#5733,.T.);
#5731 = VERTEX_POINT('',#5732);
#5732 = CARTESIAN_POINT('',(-4.4,2.475,0.2));
#5733 = LINE('',#5734,#5735);
#5734 = CARTESIAN_POINT('',(-4.4,1.775,0.2));
#5735 = VECTOR('',#5736,1.);
#5736 = DIRECTION('',(0.,1.,0.));
#5737 = ORIENTED_EDGE('',*,*,#5738,.T.);
#5738 = EDGE_CURVE('',#5731,#5739,#5741,.T.);
#5739 = VERTEX_POINT('',#5740);
#5740 = CARTESIAN_POINT('',(-4.4,2.475,0.));
#5741 = LINE('',#5742,#5743);
#5742 = CARTESIAN_POINT('',(-4.4,2.475,0.2));
#5743 = VECTOR('',#5744,1.);
#5744 = DIRECTION('',(0.,0.,-1.));
#5745 = ORIENTED_EDGE('',*,*,#5746,.T.);
#5746 = EDGE_CURVE('',#5739,#5704,#5747,.T.);
#5747 = LINE('',#5748,#5749);
#5748 = CARTESIAN_POINT('',(-4.4,2.475,0.));
#5749 = VECTOR('',#5750,1.);
#5750 = DIRECTION('',(0.,-1.,0.));
#5751 = PLANE('',#5752);
#5752 = AXIS2_PLACEMENT_3D('',#5753,#5754,#5755);
#5753 = CARTESIAN_POINT('',(-4.4,2.082,9.3E-02));
#5754 = DIRECTION('',(-1.,-0.,-0.));
#5755 = DIRECTION('',(0.,0.,-1.));
#5756 = ADVANCED_FACE('',(#5757),#5791,.T.);
#5757 = FACE_BOUND('',#5758,.T.);
#5758 = EDGE_LOOP('',(#5759,#5767,#5768,#5769,#5777,#5785));
#5759 = ORIENTED_EDGE('',*,*,#5760,.T.);
#5760 = EDGE_CURVE('',#5761,#4312,#5763,.T.);
#5761 = VERTEX_POINT('',#5762);
#5762 = CARTESIAN_POINT('',(-3.6,1.675,0.));
#5763 = LINE('',#5764,#5765);
#5764 = CARTESIAN_POINT('',(-3.6,1.675,0.));
#5765 = VECTOR('',#5766,1.);
#5766 = DIRECTION('',(0.,0.,1.));
#5767 = ORIENTED_EDGE('',*,*,#4319,.T.);
#5768 = ORIENTED_EDGE('',*,*,#4972,.T.);
#5769 = ORIENTED_EDGE('',*,*,#5770,.T.);
#5770 = EDGE_CURVE('',#4973,#5771,#5773,.T.);
#5771 = VERTEX_POINT('',#5772);
#5772 = CARTESIAN_POINT('',(-3.6,2.475,0.2));
#5773 = LINE('',#5774,#5775);
#5774 = CARTESIAN_POINT('',(-3.6,1.775,0.2));
#5775 = VECTOR('',#5776,1.);
#5776 = DIRECTION('',(0.,1.,0.));
#5777 = ORIENTED_EDGE('',*,*,#5778,.T.);
#5778 = EDGE_CURVE('',#5771,#5779,#5781,.T.);
#5779 = VERTEX_POINT('',#5780);
#5780 = CARTESIAN_POINT('',(-3.6,2.475,0.));
#5781 = LINE('',#5782,#5783);
#5782 = CARTESIAN_POINT('',(-3.6,2.475,0.2));
#5783 = VECTOR('',#5784,1.);
#5784 = DIRECTION('',(0.,0.,-1.));
#5785 = ORIENTED_EDGE('',*,*,#5786,.T.);
#5786 = EDGE_CURVE('',#5779,#5761,#5787,.T.);
#5787 = LINE('',#5788,#5789);
#5788 = CARTESIAN_POINT('',(-3.6,2.475,0.));
#5789 = VECTOR('',#5790,1.);
#5790 = DIRECTION('',(0.,-1.,0.));
#5791 = PLANE('',#5792);
#5792 = AXIS2_PLACEMENT_3D('',#5793,#5794,#5795);
#5793 = CARTESIAN_POINT('',(-3.6,2.082,9.3E-02));
#5794 = DIRECTION('',(-1.,-0.,-0.));
#5795 = DIRECTION('',(0.,0.,-1.));
#5796 = ADVANCED_FACE('',(#5797),#5815,.T.);
#5797 = FACE_BOUND('',#5798,.T.);
#5798 = EDGE_LOOP('',(#5799,#5807,#5813,#5814));
#5799 = ORIENTED_EDGE('',*,*,#5800,.T.);
#5800 = EDGE_CURVE('',#5761,#5801,#5803,.T.);
#5801 = VERTEX_POINT('',#5802);
#5802 = CARTESIAN_POINT('',(-3.4,1.675,0.));
#5803 = LINE('',#5804,#5805);
#5804 = CARTESIAN_POINT('',(-3.6,1.675,0.));
#5805 = VECTOR('',#5806,1.);
#5806 = DIRECTION('',(1.,0.,0.));
#5807 = ORIENTED_EDGE('',*,*,#5808,.T.);
#5808 = EDGE_CURVE('',#5801,#4304,#5809,.T.);
#5809 = LINE('',#5810,#5811);
#5810 = CARTESIAN_POINT('',(-3.4,1.675,0.));
#5811 = VECTOR('',#5812,1.);
#5812 = DIRECTION('',(0.,0.,1.));
#5813 = ORIENTED_EDGE('',*,*,#4311,.F.);
#5814 = ORIENTED_EDGE('',*,*,#5760,.F.);
#5815 = PLANE('',#5816);
#5816 = AXIS2_PLACEMENT_3D('',#5817,#5818,#5819);
#5817 = CARTESIAN_POINT('',(-3.6,1.675,0.));
#5818 = DIRECTION('',(0.,-1.,0.));
#5819 = DIRECTION('',(0.,0.,1.));
#5820 = ADVANCED_FACE('',(#5821),#5848,.F.);
#5821 = FACE_BOUND('',#5822,.F.);
#5822 = EDGE_LOOP('',(#5823,#5824,#5825,#5826,#5834,#5842));
#5823 = ORIENTED_EDGE('',*,*,#5808,.T.);
#5824 = ORIENTED_EDGE('',*,*,#4303,.T.);
#5825 = ORIENTED_EDGE('',*,*,#4988,.T.);
#5826 = ORIENTED_EDGE('',*,*,#5827,.T.);
#5827 = EDGE_CURVE('',#4981,#5828,#5830,.T.);
#5828 = VERTEX_POINT('',#5829);
#5829 = CARTESIAN_POINT('',(-3.4,2.475,0.2));
#5830 = LINE('',#5831,#5832);
#5831 = CARTESIAN_POINT('',(-3.4,1.775,0.2));
#5832 = VECTOR('',#5833,1.);
#5833 = DIRECTION('',(0.,1.,0.));
#5834 = ORIENTED_EDGE('',*,*,#5835,.T.);
#5835 = EDGE_CURVE('',#5828,#5836,#5838,.T.);
#5836 = VERTEX_POINT('',#5837);
#5837 = CARTESIAN_POINT('',(-3.4,2.475,0.));
#5838 = LINE('',#5839,#5840);
#5839 = CARTESIAN_POINT('',(-3.4,2.475,0.2));
#5840 = VECTOR('',#5841,1.);
#5841 = DIRECTION('',(0.,0.,-1.));
#5842 = ORIENTED_EDGE('',*,*,#5843,.T.);
#5843 = EDGE_CURVE('',#5836,#5801,#5844,.T.);
#5844 = LINE('',#5845,#5846);
#5845 = CARTESIAN_POINT('',(-3.4,2.475,0.));
#5846 = VECTOR('',#5847,1.);
#5847 = DIRECTION('',(0.,-1.,0.));
#5848 = PLANE('',#5849);
#5849 = AXIS2_PLACEMENT_3D('',#5850,#5851,#5852);
#5850 = CARTESIAN_POINT('',(-3.4,2.082,9.3E-02));
#5851 = DIRECTION('',(-1.,-0.,-0.));
#5852 = DIRECTION('',(0.,0.,-1.));
#5853 = ADVANCED_FACE('',(#5854),#5888,.T.);
#5854 = FACE_BOUND('',#5855,.T.);
#5855 = EDGE_LOOP('',(#5856,#5864,#5865,#5866,#5874,#5882));
#5856 = ORIENTED_EDGE('',*,*,#5857,.T.);
#5857 = EDGE_CURVE('',#5858,#4280,#5860,.T.);
#5858 = VERTEX_POINT('',#5859);
#5859 = CARTESIAN_POINT('',(-2.6,1.675,0.));
#5860 = LINE('',#5861,#5862);
#5861 = CARTESIAN_POINT('',(-2.6,1.675,0.));
#5862 = VECTOR('',#5863,1.);
#5863 = DIRECTION('',(0.,0.,1.));
#5864 = ORIENTED_EDGE('',*,*,#4287,.T.);
#5865 = ORIENTED_EDGE('',*,*,#4995,.T.);
#5866 = ORIENTED_EDGE('',*,*,#5867,.T.);
#5867 = EDGE_CURVE('',#4996,#5868,#5870,.T.);
#5868 = VERTEX_POINT('',#5869);
#5869 = CARTESIAN_POINT('',(-2.6,2.475,0.2));
#5870 = LINE('',#5871,#5872);
#5871 = CARTESIAN_POINT('',(-2.6,1.775,0.2));
#5872 = VECTOR('',#5873,1.);
#5873 = DIRECTION('',(0.,1.,0.));
#5874 = ORIENTED_EDGE('',*,*,#5875,.T.);
#5875 = EDGE_CURVE('',#5868,#5876,#5878,.T.);
#5876 = VERTEX_POINT('',#5877);
#5877 = CARTESIAN_POINT('',(-2.6,2.475,0.));
#5878 = LINE('',#5879,#5880);
#5879 = CARTESIAN_POINT('',(-2.6,2.475,0.2));
#5880 = VECTOR('',#5881,1.);
#5881 = DIRECTION('',(0.,0.,-1.));
#5882 = ORIENTED_EDGE('',*,*,#5883,.T.);
#5883 = EDGE_CURVE('',#5876,#5858,#5884,.T.);
#5884 = LINE('',#5885,#5886);
#5885 = CARTESIAN_POINT('',(-2.6,2.475,0.));
#5886 = VECTOR('',#5887,1.);
#5887 = DIRECTION('',(0.,-1.,0.));
#5888 = PLANE('',#5889);
#5889 = AXIS2_PLACEMENT_3D('',#5890,#5891,#5892);
#5890 = CARTESIAN_POINT('',(-2.6,2.082,9.3E-02));
#5891 = DIRECTION('',(-1.,-0.,-0.));
#5892 = DIRECTION('',(0.,0.,-1.));
#5893 = ADVANCED_FACE('',(#5894),#5912,.T.);
#5894 = FACE_BOUND('',#5895,.T.);
#5895 = EDGE_LOOP('',(#5896,#5904,#5910,#5911));
#5896 = ORIENTED_EDGE('',*,*,#5897,.T.);
#5897 = EDGE_CURVE('',#5858,#5898,#5900,.T.);
#5898 = VERTEX_POINT('',#5899);
#5899 = CARTESIAN_POINT('',(-2.4,1.675,0.));
#5900 = LINE('',#5901,#5902);
#5901 = CARTESIAN_POINT('',(-2.6,1.675,0.));
#5902 = VECTOR('',#5903,1.);
#5903 = DIRECTION('',(1.,0.,0.));
#5904 = ORIENTED_EDGE('',*,*,#5905,.T.);
#5905 = EDGE_CURVE('',#5898,#4272,#5906,.T.);
#5906 = LINE('',#5907,#5908);
#5907 = CARTESIAN_POINT('',(-2.4,1.675,0.));
#5908 = VECTOR('',#5909,1.);
#5909 = DIRECTION('',(0.,0.,1.));
#5910 = ORIENTED_EDGE('',*,*,#4279,.F.);
#5911 = ORIENTED_EDGE('',*,*,#5857,.F.);
#5912 = PLANE('',#5913);
#5913 = AXIS2_PLACEMENT_3D('',#5914,#5915,#5916);
#5914 = CARTESIAN_POINT('',(-2.6,1.675,0.));
#5915 = DIRECTION('',(0.,-1.,0.));
#5916 = DIRECTION('',(0.,0.,1.));
#5917 = ADVANCED_FACE('',(#5918),#5945,.F.);
#5918 = FACE_BOUND('',#5919,.F.);
#5919 = EDGE_LOOP('',(#5920,#5921,#5922,#5923,#5931,#5939));
#5920 = ORIENTED_EDGE('',*,*,#5905,.T.);
#5921 = ORIENTED_EDGE('',*,*,#4271,.T.);
#5922 = ORIENTED_EDGE('',*,*,#5011,.T.);
#5923 = ORIENTED_EDGE('',*,*,#5924,.T.);
#5924 = EDGE_CURVE('',#5004,#5925,#5927,.T.);
#5925 = VERTEX_POINT('',#5926);
#5926 = CARTESIAN_POINT('',(-2.4,2.475,0.2));
#5927 = LINE('',#5928,#5929);
#5928 = CARTESIAN_POINT('',(-2.4,1.775,0.2));
#5929 = VECTOR('',#5930,1.);
#5930 = DIRECTION('',(0.,1.,0.));
#5931 = ORIENTED_EDGE('',*,*,#5932,.T.);
#5932 = EDGE_CURVE('',#5925,#5933,#5935,.T.);
#5933 = VERTEX_POINT('',#5934);
#5934 = CARTESIAN_POINT('',(-2.4,2.475,0.));
#5935 = LINE('',#5936,#5937);
#5936 = CARTESIAN_POINT('',(-2.4,2.475,0.2));
#5937 = VECTOR('',#5938,1.);
#5938 = DIRECTION('',(0.,0.,-1.));
#5939 = ORIENTED_EDGE('',*,*,#5940,.T.);
#5940 = EDGE_CURVE('',#5933,#5898,#5941,.T.);
#5941 = LINE('',#5942,#5943);
#5942 = CARTESIAN_POINT('',(-2.4,2.475,0.));
#5943 = VECTOR('',#5944,1.);
#5944 = DIRECTION('',(0.,-1.,0.));
#5945 = PLANE('',#5946);
#5946 = AXIS2_PLACEMENT_3D('',#5947,#5948,#5949);
#5947 = CARTESIAN_POINT('',(-2.4,2.082,9.3E-02));
#5948 = DIRECTION('',(-1.,-0.,-0.));
#5949 = DIRECTION('',(0.,0.,-1.));
#5950 = ADVANCED_FACE('',(#5951),#5985,.T.);
#5951 = FACE_BOUND('',#5952,.T.);
#5952 = EDGE_LOOP('',(#5953,#5961,#5962,#5963,#5971,#5979));
#5953 = ORIENTED_EDGE('',*,*,#5954,.T.);
#5954 = EDGE_CURVE('',#5955,#4248,#5957,.T.);
#5955 = VERTEX_POINT('',#5956);
#5956 = CARTESIAN_POINT('',(-1.6,1.675,0.));
#5957 = LINE('',#5958,#5959);
#5958 = CARTESIAN_POINT('',(-1.6,1.675,0.));
#5959 = VECTOR('',#5960,1.);
#5960 = DIRECTION('',(0.,0.,1.));
#5961 = ORIENTED_EDGE('',*,*,#4255,.T.);
#5962 = ORIENTED_EDGE('',*,*,#5018,.T.);
#5963 = ORIENTED_EDGE('',*,*,#5964,.T.);
#5964 = EDGE_CURVE('',#5019,#5965,#5967,.T.);
#5965 = VERTEX_POINT('',#5966);
#5966 = CARTESIAN_POINT('',(-1.6,2.475,0.2));
#5967 = LINE('',#5968,#5969);
#5968 = CARTESIAN_POINT('',(-1.6,1.775,0.2));
#5969 = VECTOR('',#5970,1.);
#5970 = DIRECTION('',(0.,1.,0.));
#5971 = ORIENTED_EDGE('',*,*,#5972,.T.);
#5972 = EDGE_CURVE('',#5965,#5973,#5975,.T.);
#5973 = VERTEX_POINT('',#5974);
#5974 = CARTESIAN_POINT('',(-1.6,2.475,0.));
#5975 = LINE('',#5976,#5977);
#5976 = CARTESIAN_POINT('',(-1.6,2.475,0.2));
#5977 = VECTOR('',#5978,1.);
#5978 = DIRECTION('',(0.,0.,-1.));
#5979 = ORIENTED_EDGE('',*,*,#5980,.T.);
#5980 = EDGE_CURVE('',#5973,#5955,#5981,.T.);
#5981 = LINE('',#5982,#5983);
#5982 = CARTESIAN_POINT('',(-1.6,2.475,0.));
#5983 = VECTOR('',#5984,1.);
#5984 = DIRECTION('',(0.,-1.,0.));
#5985 = PLANE('',#5986);
#5986 = AXIS2_PLACEMENT_3D('',#5987,#5988,#5989);
#5987 = CARTESIAN_POINT('',(-1.6,2.082,9.3E-02));
#5988 = DIRECTION('',(-1.,-0.,-0.));
#5989 = DIRECTION('',(0.,0.,-1.));
#5990 = ADVANCED_FACE('',(#5991),#6009,.T.);
#5991 = FACE_BOUND('',#5992,.T.);
#5992 = EDGE_LOOP('',(#5993,#6001,#6007,#6008));
#5993 = ORIENTED_EDGE('',*,*,#5994,.T.);
#5994 = EDGE_CURVE('',#5955,#5995,#5997,.T.);
#5995 = VERTEX_POINT('',#5996);
#5996 = CARTESIAN_POINT('',(-1.4,1.675,0.));
#5997 = LINE('',#5998,#5999);
#5998 = CARTESIAN_POINT('',(-1.6,1.675,0.));
#5999 = VECTOR('',#6000,1.);
#6000 = DIRECTION('',(1.,0.,0.));
#6001 = ORIENTED_EDGE('',*,*,#6002,.T.);
#6002 = EDGE_CURVE('',#5995,#4240,#6003,.T.);
#6003 = LINE('',#6004,#6005);
#6004 = CARTESIAN_POINT('',(-1.4,1.675,0.));
#6005 = VECTOR('',#6006,1.);
#6006 = DIRECTION('',(0.,0.,1.));
#6007 = ORIENTED_EDGE('',*,*,#4247,.F.);
#6008 = ORIENTED_EDGE('',*,*,#5954,.F.);
#6009 = PLANE('',#6010);
#6010 = AXIS2_PLACEMENT_3D('',#6011,#6012,#6013);
#6011 = CARTESIAN_POINT('',(-1.6,1.675,0.));
#6012 = DIRECTION('',(0.,-1.,0.));
#6013 = DIRECTION('',(0.,0.,1.));
#6014 = ADVANCED_FACE('',(#6015),#6042,.F.);
#6015 = FACE_BOUND('',#6016,.F.);
#6016 = EDGE_LOOP('',(#6017,#6018,#6019,#6020,#6028,#6036));
#6017 = ORIENTED_EDGE('',*,*,#6002,.T.);
#6018 = ORIENTED_EDGE('',*,*,#4239,.T.);
#6019 = ORIENTED_EDGE('',*,*,#5034,.T.);
#6020 = ORIENTED_EDGE('',*,*,#6021,.T.);
#6021 = EDGE_CURVE('',#5027,#6022,#6024,.T.);
#6022 = VERTEX_POINT('',#6023);
#6023 = CARTESIAN_POINT('',(-1.4,2.475,0.2));
#6024 = LINE('',#6025,#6026);
#6025 = CARTESIAN_POINT('',(-1.4,1.775,0.2));
#6026 = VECTOR('',#6027,1.);
#6027 = DIRECTION('',(0.,1.,0.));
#6028 = ORIENTED_EDGE('',*,*,#6029,.T.);
#6029 = EDGE_CURVE('',#6022,#6030,#6032,.T.);
#6030 = VERTEX_POINT('',#6031);
#6031 = CARTESIAN_POINT('',(-1.4,2.475,0.));
#6032 = LINE('',#6033,#6034);
#6033 = CARTESIAN_POINT('',(-1.4,2.475,0.2));
#6034 = VECTOR('',#6035,1.);
#6035 = DIRECTION('',(0.,0.,-1.));
#6036 = ORIENTED_EDGE('',*,*,#6037,.T.);
#6037 = EDGE_CURVE('',#6030,#5995,#6038,.T.);
#6038 = LINE('',#6039,#6040);
#6039 = CARTESIAN_POINT('',(-1.4,2.475,0.));
#6040 = VECTOR('',#6041,1.);
#6041 = DIRECTION('',(0.,-1.,0.));
#6042 = PLANE('',#6043);
#6043 = AXIS2_PLACEMENT_3D('',#6044,#6045,#6046);
#6044 = CARTESIAN_POINT('',(-1.4,2.082,9.3E-02));
#6045 = DIRECTION('',(-1.,-0.,-0.));
#6046 = DIRECTION('',(0.,0.,-1.));
#6047 = ADVANCED_FACE('',(#6048),#6082,.T.);
#6048 = FACE_BOUND('',#6049,.T.);
#6049 = EDGE_LOOP('',(#6050,#6058,#6059,#6060,#6068,#6076));
#6050 = ORIENTED_EDGE('',*,*,#6051,.T.);
#6051 = EDGE_CURVE('',#6052,#4216,#6054,.T.);
#6052 = VERTEX_POINT('',#6053);
#6053 = CARTESIAN_POINT('',(-0.6,1.675,0.));
#6054 = LINE('',#6055,#6056);
#6055 = CARTESIAN_POINT('',(-0.6,1.675,0.));
#6056 = VECTOR('',#6057,1.);
#6057 = DIRECTION('',(0.,0.,1.));
#6058 = ORIENTED_EDGE('',*,*,#4223,.T.);
#6059 = ORIENTED_EDGE('',*,*,#5041,.T.);
#6060 = ORIENTED_EDGE('',*,*,#6061,.T.);
#6061 = EDGE_CURVE('',#5042,#6062,#6064,.T.);
#6062 = VERTEX_POINT('',#6063);
#6063 = CARTESIAN_POINT('',(-0.6,2.475,0.2));
#6064 = LINE('',#6065,#6066);
#6065 = CARTESIAN_POINT('',(-0.6,1.775,0.2));
#6066 = VECTOR('',#6067,1.);
#6067 = DIRECTION('',(0.,1.,0.));
#6068 = ORIENTED_EDGE('',*,*,#6069,.T.);
#6069 = EDGE_CURVE('',#6062,#6070,#6072,.T.);
#6070 = VERTEX_POINT('',#6071);
#6071 = CARTESIAN_POINT('',(-0.6,2.475,0.));
#6072 = LINE('',#6073,#6074);
#6073 = CARTESIAN_POINT('',(-0.6,2.475,0.2));
#6074 = VECTOR('',#6075,1.);
#6075 = DIRECTION('',(0.,0.,-1.));
#6076 = ORIENTED_EDGE('',*,*,#6077,.T.);
#6077 = EDGE_CURVE('',#6070,#6052,#6078,.T.);
#6078 = LINE('',#6079,#6080);
#6079 = CARTESIAN_POINT('',(-0.6,2.475,0.));
#6080 = VECTOR('',#6081,1.);
#6081 = DIRECTION('',(0.,-1.,0.));
#6082 = PLANE('',#6083);
#6083 = AXIS2_PLACEMENT_3D('',#6084,#6085,#6086);
#6084 = CARTESIAN_POINT('',(-0.6,2.082,9.3E-02));
#6085 = DIRECTION('',(-1.,-0.,-0.));
#6086 = DIRECTION('',(0.,0.,-1.));
#6087 = ADVANCED_FACE('',(#6088),#6106,.T.);
#6088 = FACE_BOUND('',#6089,.T.);
#6089 = EDGE_LOOP('',(#6090,#6098,#6104,#6105));
#6090 = ORIENTED_EDGE('',*,*,#6091,.T.);
#6091 = EDGE_CURVE('',#6052,#6092,#6094,.T.);
#6092 = VERTEX_POINT('',#6093);
#6093 = CARTESIAN_POINT('',(-0.4,1.675,0.));
#6094 = LINE('',#6095,#6096);
#6095 = CARTESIAN_POINT('',(-0.6,1.675,0.));
#6096 = VECTOR('',#6097,1.);
#6097 = DIRECTION('',(1.,0.,0.));
#6098 = ORIENTED_EDGE('',*,*,#6099,.T.);
#6099 = EDGE_CURVE('',#6092,#4208,#6100,.T.);
#6100 = LINE('',#6101,#6102);
#6101 = CARTESIAN_POINT('',(-0.4,1.675,0.));
#6102 = VECTOR('',#6103,1.);
#6103 = DIRECTION('',(0.,0.,1.));
#6104 = ORIENTED_EDGE('',*,*,#4215,.F.);
#6105 = ORIENTED_EDGE('',*,*,#6051,.F.);
#6106 = PLANE('',#6107);
#6107 = AXIS2_PLACEMENT_3D('',#6108,#6109,#6110);
#6108 = CARTESIAN_POINT('',(-0.6,1.675,0.));
#6109 = DIRECTION('',(0.,-1.,0.));
#6110 = DIRECTION('',(0.,0.,1.));
#6111 = ADVANCED_FACE('',(#6112),#6139,.F.);
#6112 = FACE_BOUND('',#6113,.F.);
#6113 = EDGE_LOOP('',(#6114,#6115,#6116,#6117,#6125,#6133));
#6114 = ORIENTED_EDGE('',*,*,#6099,.T.);
#6115 = ORIENTED_EDGE('',*,*,#4207,.T.);
#6116 = ORIENTED_EDGE('',*,*,#5057,.T.);
#6117 = ORIENTED_EDGE('',*,*,#6118,.T.);
#6118 = EDGE_CURVE('',#5050,#6119,#6121,.T.);
#6119 = VERTEX_POINT('',#6120);
#6120 = CARTESIAN_POINT('',(-0.4,2.475,0.2));
#6121 = LINE('',#6122,#6123);
#6122 = CARTESIAN_POINT('',(-0.4,1.775,0.2));
#6123 = VECTOR('',#6124,1.);
#6124 = DIRECTION('',(0.,1.,0.));
#6125 = ORIENTED_EDGE('',*,*,#6126,.T.);
#6126 = EDGE_CURVE('',#6119,#6127,#6129,.T.);
#6127 = VERTEX_POINT('',#6128);
#6128 = CARTESIAN_POINT('',(-0.4,2.475,0.));
#6129 = LINE('',#6130,#6131);
#6130 = CARTESIAN_POINT('',(-0.4,2.475,0.2));
#6131 = VECTOR('',#6132,1.);
#6132 = DIRECTION('',(0.,0.,-1.));
#6133 = ORIENTED_EDGE('',*,*,#6134,.T.);
#6134 = EDGE_CURVE('',#6127,#6092,#6135,.T.);
#6135 = LINE('',#6136,#6137);
#6136 = CARTESIAN_POINT('',(-0.4,2.475,0.));
#6137 = VECTOR('',#6138,1.);
#6138 = DIRECTION('',(0.,-1.,0.));
#6139 = PLANE('',#6140);
#6140 = AXIS2_PLACEMENT_3D('',#6141,#6142,#6143);
#6141 = CARTESIAN_POINT('',(-0.4,2.082,9.3E-02));
#6142 = DIRECTION('',(-1.,-0.,-0.));
#6143 = DIRECTION('',(0.,0.,-1.));
#6144 = ADVANCED_FACE('',(#6145),#6179,.T.);
#6145 = FACE_BOUND('',#6146,.T.);
#6146 = EDGE_LOOP('',(#6147,#6155,#6156,#6157,#6165,#6173));
#6147 = ORIENTED_EDGE('',*,*,#6148,.T.);
#6148 = EDGE_CURVE('',#6149,#4184,#6151,.T.);
#6149 = VERTEX_POINT('',#6150);
#6150 = CARTESIAN_POINT('',(0.4,1.675,0.));
#6151 = LINE('',#6152,#6153);
#6152 = CARTESIAN_POINT('',(0.4,1.675,0.));
#6153 = VECTOR('',#6154,1.);
#6154 = DIRECTION('',(0.,0.,1.));
#6155 = ORIENTED_EDGE('',*,*,#4191,.T.);
#6156 = ORIENTED_EDGE('',*,*,#5064,.T.);
#6157 = ORIENTED_EDGE('',*,*,#6158,.T.);
#6158 = EDGE_CURVE('',#5065,#6159,#6161,.T.);
#6159 = VERTEX_POINT('',#6160);
#6160 = CARTESIAN_POINT('',(0.4,2.475,0.2));
#6161 = LINE('',#6162,#6163);
#6162 = CARTESIAN_POINT('',(0.4,1.775,0.2));
#6163 = VECTOR('',#6164,1.);
#6164 = DIRECTION('',(0.,1.,0.));
#6165 = ORIENTED_EDGE('',*,*,#6166,.T.);
#6166 = EDGE_CURVE('',#6159,#6167,#6169,.T.);
#6167 = VERTEX_POINT('',#6168);
#6168 = CARTESIAN_POINT('',(0.4,2.475,0.));
#6169 = LINE('',#6170,#6171);
#6170 = CARTESIAN_POINT('',(0.4,2.475,0.2));
#6171 = VECTOR('',#6172,1.);
#6172 = DIRECTION('',(0.,0.,-1.));
#6173 = ORIENTED_EDGE('',*,*,#6174,.T.);
#6174 = EDGE_CURVE('',#6167,#6149,#6175,.T.);
#6175 = LINE('',#6176,#6177);
#6176 = CARTESIAN_POINT('',(0.4,2.475,0.));
#6177 = VECTOR('',#6178,1.);
#6178 = DIRECTION('',(0.,-1.,0.));
#6179 = PLANE('',#6180);
#6180 = AXIS2_PLACEMENT_3D('',#6181,#6182,#6183);
#6181 = CARTESIAN_POINT('',(0.4,2.082,9.3E-02));
#6182 = DIRECTION('',(-1.,-0.,-0.));
#6183 = DIRECTION('',(0.,0.,-1.));
#6184 = ADVANCED_FACE('',(#6185),#6203,.T.);
#6185 = FACE_BOUND('',#6186,.T.);
#6186 = EDGE_LOOP('',(#6187,#6195,#6201,#6202));
#6187 = ORIENTED_EDGE('',*,*,#6188,.T.);
#6188 = EDGE_CURVE('',#6149,#6189,#6191,.T.);
#6189 = VERTEX_POINT('',#6190);
#6190 = CARTESIAN_POINT('',(0.6,1.675,0.));
#6191 = LINE('',#6192,#6193);
#6192 = CARTESIAN_POINT('',(0.4,1.675,0.));
#6193 = VECTOR('',#6194,1.);
#6194 = DIRECTION('',(1.,0.,0.));
#6195 = ORIENTED_EDGE('',*,*,#6196,.T.);
#6196 = EDGE_CURVE('',#6189,#4176,#6197,.T.);
#6197 = LINE('',#6198,#6199);
#6198 = CARTESIAN_POINT('',(0.6,1.675,0.));
#6199 = VECTOR('',#6200,1.);
#6200 = DIRECTION('',(0.,0.,1.));
#6201 = ORIENTED_EDGE('',*,*,#4183,.F.);
#6202 = ORIENTED_EDGE('',*,*,#6148,.F.);
#6203 = PLANE('',#6204);
#6204 = AXIS2_PLACEMENT_3D('',#6205,#6206,#6207);
#6205 = CARTESIAN_POINT('',(0.4,1.675,0.));
#6206 = DIRECTION('',(0.,-1.,0.));
#6207 = DIRECTION('',(0.,0.,1.));
#6208 = ADVANCED_FACE('',(#6209),#6236,.F.);
#6209 = FACE_BOUND('',#6210,.F.);
#6210 = EDGE_LOOP('',(#6211,#6212,#6213,#6214,#6222,#6230));
#6211 = ORIENTED_EDGE('',*,*,#6196,.T.);
#6212 = ORIENTED_EDGE('',*,*,#4175,.T.);
#6213 = ORIENTED_EDGE('',*,*,#5080,.T.);
#6214 = ORIENTED_EDGE('',*,*,#6215,.T.);
#6215 = EDGE_CURVE('',#5073,#6216,#6218,.T.);
#6216 = VERTEX_POINT('',#6217);
#6217 = CARTESIAN_POINT('',(0.6,2.475,0.2));
#6218 = LINE('',#6219,#6220);
#6219 = CARTESIAN_POINT('',(0.6,1.775,0.2));
#6220 = VECTOR('',#6221,1.);
#6221 = DIRECTION('',(0.,1.,0.));
#6222 = ORIENTED_EDGE('',*,*,#6223,.T.);
#6223 = EDGE_CURVE('',#6216,#6224,#6226,.T.);
#6224 = VERTEX_POINT('',#6225);
#6225 = CARTESIAN_POINT('',(0.6,2.475,0.));
#6226 = LINE('',#6227,#6228);
#6227 = CARTESIAN_POINT('',(0.6,2.475,0.2));
#6228 = VECTOR('',#6229,1.);
#6229 = DIRECTION('',(0.,0.,-1.));
#6230 = ORIENTED_EDGE('',*,*,#6231,.T.);
#6231 = EDGE_CURVE('',#6224,#6189,#6232,.T.);
#6232 = LINE('',#6233,#6234);
#6233 = CARTESIAN_POINT('',(0.6,2.475,0.));
#6234 = VECTOR('',#6235,1.);
#6235 = DIRECTION('',(0.,-1.,0.));
#6236 = PLANE('',#6237);
#6237 = AXIS2_PLACEMENT_3D('',#6238,#6239,#6240);
#6238 = CARTESIAN_POINT('',(0.6,2.082,9.3E-02));
#6239 = DIRECTION('',(-1.,-0.,-0.));
#6240 = DIRECTION('',(0.,0.,-1.));
#6241 = ADVANCED_FACE('',(#6242),#6276,.T.);
#6242 = FACE_BOUND('',#6243,.T.);
#6243 = EDGE_LOOP('',(#6244,#6252,#6253,#6254,#6262,#6270));
#6244 = ORIENTED_EDGE('',*,*,#6245,.T.);
#6245 = EDGE_CURVE('',#6246,#4152,#6248,.T.);
#6246 = VERTEX_POINT('',#6247);
#6247 = CARTESIAN_POINT('',(1.4,1.675,0.));
#6248 = LINE('',#6249,#6250);
#6249 = CARTESIAN_POINT('',(1.4,1.675,0.));
#6250 = VECTOR('',#6251,1.);
#6251 = DIRECTION('',(0.,0.,1.));
#6252 = ORIENTED_EDGE('',*,*,#4159,.T.);
#6253 = ORIENTED_EDGE('',*,*,#5087,.T.);
#6254 = ORIENTED_EDGE('',*,*,#6255,.T.);
#6255 = EDGE_CURVE('',#5088,#6256,#6258,.T.);
#6256 = VERTEX_POINT('',#6257);
#6257 = CARTESIAN_POINT('',(1.4,2.475,0.2));
#6258 = LINE('',#6259,#6260);
#6259 = CARTESIAN_POINT('',(1.4,1.775,0.2));
#6260 = VECTOR('',#6261,1.);
#6261 = DIRECTION('',(0.,1.,0.));
#6262 = ORIENTED_EDGE('',*,*,#6263,.T.);
#6263 = EDGE_CURVE('',#6256,#6264,#6266,.T.);
#6264 = VERTEX_POINT('',#6265);
#6265 = CARTESIAN_POINT('',(1.4,2.475,0.));
#6266 = LINE('',#6267,#6268);
#6267 = CARTESIAN_POINT('',(1.4,2.475,0.2));
#6268 = VECTOR('',#6269,1.);
#6269 = DIRECTION('',(0.,0.,-1.));
#6270 = ORIENTED_EDGE('',*,*,#6271,.T.);
#6271 = EDGE_CURVE('',#6264,#6246,#6272,.T.);
#6272 = LINE('',#6273,#6274);
#6273 = CARTESIAN_POINT('',(1.4,2.475,0.));
#6274 = VECTOR('',#6275,1.);
#6275 = DIRECTION('',(0.,-1.,0.));
#6276 = PLANE('',#6277);
#6277 = AXIS2_PLACEMENT_3D('',#6278,#6279,#6280);
#6278 = CARTESIAN_POINT('',(1.4,2.082,9.3E-02));
#6279 = DIRECTION('',(-1.,-0.,-0.));
#6280 = DIRECTION('',(0.,0.,-1.));
#6281 = ADVANCED_FACE('',(#6282),#6300,.T.);
#6282 = FACE_BOUND('',#6283,.T.);
#6283 = EDGE_LOOP('',(#6284,#6292,#6298,#6299));
#6284 = ORIENTED_EDGE('',*,*,#6285,.T.);
#6285 = EDGE_CURVE('',#6246,#6286,#6288,.T.);
#6286 = VERTEX_POINT('',#6287);
#6287 = CARTESIAN_POINT('',(1.6,1.675,0.));
#6288 = LINE('',#6289,#6290);
#6289 = CARTESIAN_POINT('',(1.4,1.675,0.));
#6290 = VECTOR('',#6291,1.);
#6291 = DIRECTION('',(1.,0.,0.));
#6292 = ORIENTED_EDGE('',*,*,#6293,.T.);
#6293 = EDGE_CURVE('',#6286,#4144,#6294,.T.);
#6294 = LINE('',#6295,#6296);
#6295 = CARTESIAN_POINT('',(1.6,1.675,0.));
#6296 = VECTOR('',#6297,1.);
#6297 = DIRECTION('',(0.,0.,1.));
#6298 = ORIENTED_EDGE('',*,*,#4151,.F.);
#6299 = ORIENTED_EDGE('',*,*,#6245,.F.);
#6300 = PLANE('',#6301);
#6301 = AXIS2_PLACEMENT_3D('',#6302,#6303,#6304);
#6302 = CARTESIAN_POINT('',(1.4,1.675,0.));
#6303 = DIRECTION('',(0.,-1.,0.));
#6304 = DIRECTION('',(0.,0.,1.));
#6305 = ADVANCED_FACE('',(#6306),#6333,.F.);
#6306 = FACE_BOUND('',#6307,.F.);
#6307 = EDGE_LOOP('',(#6308,#6309,#6310,#6311,#6319,#6327));
#6308 = ORIENTED_EDGE('',*,*,#6293,.T.);
#6309 = ORIENTED_EDGE('',*,*,#4143,.T.);
#6310 = ORIENTED_EDGE('',*,*,#5103,.T.);
#6311 = ORIENTED_EDGE('',*,*,#6312,.T.);
#6312 = EDGE_CURVE('',#5096,#6313,#6315,.T.);
#6313 = VERTEX_POINT('',#6314);
#6314 = CARTESIAN_POINT('',(1.6,2.475,0.2));
#6315 = LINE('',#6316,#6317);
#6316 = CARTESIAN_POINT('',(1.6,1.775,0.2));
#6317 = VECTOR('',#6318,1.);
#6318 = DIRECTION('',(0.,1.,0.));
#6319 = ORIENTED_EDGE('',*,*,#6320,.T.);
#6320 = EDGE_CURVE('',#6313,#6321,#6323,.T.);
#6321 = VERTEX_POINT('',#6322);
#6322 = CARTESIAN_POINT('',(1.6,2.475,0.));
#6323 = LINE('',#6324,#6325);
#6324 = CARTESIAN_POINT('',(1.6,2.475,0.2));
#6325 = VECTOR('',#6326,1.);
#6326 = DIRECTION('',(0.,0.,-1.));
#6327 = ORIENTED_EDGE('',*,*,#6328,.T.);
#6328 = EDGE_CURVE('',#6321,#6286,#6329,.T.);
#6329 = LINE('',#6330,#6331);
#6330 = CARTESIAN_POINT('',(1.6,2.475,0.));
#6331 = VECTOR('',#6332,1.);
#6332 = DIRECTION('',(0.,-1.,0.));
#6333 = PLANE('',#6334);
#6334 = AXIS2_PLACEMENT_3D('',#6335,#6336,#6337);
#6335 = CARTESIAN_POINT('',(1.6,2.082,9.3E-02));
#6336 = DIRECTION('',(-1.,-0.,-0.));
#6337 = DIRECTION('',(0.,0.,-1.));
#6338 = ADVANCED_FACE('',(#6339),#6373,.T.);
#6339 = FACE_BOUND('',#6340,.T.);
#6340 = EDGE_LOOP('',(#6341,#6349,#6350,#6351,#6359,#6367));
#6341 = ORIENTED_EDGE('',*,*,#6342,.T.);
#6342 = EDGE_CURVE('',#6343,#4120,#6345,.T.);
#6343 = VERTEX_POINT('',#6344);
#6344 = CARTESIAN_POINT('',(2.4,1.675,0.));
#6345 = LINE('',#6346,#6347);
#6346 = CARTESIAN_POINT('',(2.4,1.675,0.));
#6347 = VECTOR('',#6348,1.);
#6348 = DIRECTION('',(0.,0.,1.));
#6349 = ORIENTED_EDGE('',*,*,#4127,.T.);
#6350 = ORIENTED_EDGE('',*,*,#5110,.T.);
#6351 = ORIENTED_EDGE('',*,*,#6352,.T.);
#6352 = EDGE_CURVE('',#5111,#6353,#6355,.T.);
#6353 = VERTEX_POINT('',#6354);
#6354 = CARTESIAN_POINT('',(2.4,2.475,0.2));
#6355 = LINE('',#6356,#6357);
#6356 = CARTESIAN_POINT('',(2.4,1.775,0.2));
#6357 = VECTOR('',#6358,1.);
#6358 = DIRECTION('',(0.,1.,0.));
#6359 = ORIENTED_EDGE('',*,*,#6360,.T.);
#6360 = EDGE_CURVE('',#6353,#6361,#6363,.T.);
#6361 = VERTEX_POINT('',#6362);
#6362 = CARTESIAN_POINT('',(2.4,2.475,0.));
#6363 = LINE('',#6364,#6365);
#6364 = CARTESIAN_POINT('',(2.4,2.475,0.2));
#6365 = VECTOR('',#6366,1.);
#6366 = DIRECTION('',(0.,0.,-1.));
#6367 = ORIENTED_EDGE('',*,*,#6368,.T.);
#6368 = EDGE_CURVE('',#6361,#6343,#6369,.T.);
#6369 = LINE('',#6370,#6371);
#6370 = CARTESIAN_POINT('',(2.4,2.475,0.));
#6371 = VECTOR('',#6372,1.);
#6372 = DIRECTION('',(0.,-1.,0.));
#6373 = PLANE('',#6374);
#6374 = AXIS2_PLACEMENT_3D('',#6375,#6376,#6377);
#6375 = CARTESIAN_POINT('',(2.4,2.082,9.3E-02));
#6376 = DIRECTION('',(-1.,-0.,-0.));
#6377 = DIRECTION('',(0.,0.,-1.));
#6378 = ADVANCED_FACE('',(#6379),#6397,.T.);
#6379 = FACE_BOUND('',#6380,.T.);
#6380 = EDGE_LOOP('',(#6381,#6389,#6395,#6396));
#6381 = ORIENTED_EDGE('',*,*,#6382,.T.);
#6382 = EDGE_CURVE('',#6343,#6383,#6385,.T.);
#6383 = VERTEX_POINT('',#6384);
#6384 = CARTESIAN_POINT('',(2.6,1.675,0.));
#6385 = LINE('',#6386,#6387);
#6386 = CARTESIAN_POINT('',(2.4,1.675,0.));
#6387 = VECTOR('',#6388,1.);
#6388 = DIRECTION('',(1.,0.,0.));
#6389 = ORIENTED_EDGE('',*,*,#6390,.T.);
#6390 = EDGE_CURVE('',#6383,#4112,#6391,.T.);
#6391 = LINE('',#6392,#6393);
#6392 = CARTESIAN_POINT('',(2.6,1.675,0.));
#6393 = VECTOR('',#6394,1.);
#6394 = DIRECTION('',(0.,0.,1.));
#6395 = ORIENTED_EDGE('',*,*,#4119,.F.);
#6396 = ORIENTED_EDGE('',*,*,#6342,.F.);
#6397 = PLANE('',#6398);
#6398 = AXIS2_PLACEMENT_3D('',#6399,#6400,#6401);
#6399 = CARTESIAN_POINT('',(2.4,1.675,0.));
#6400 = DIRECTION('',(0.,-1.,0.));
#6401 = DIRECTION('',(0.,0.,1.));
#6402 = ADVANCED_FACE('',(#6403),#6430,.F.);
#6403 = FACE_BOUND('',#6404,.F.);
#6404 = EDGE_LOOP('',(#6405,#6406,#6407,#6408,#6416,#6424));
#6405 = ORIENTED_EDGE('',*,*,#6390,.T.);
#6406 = ORIENTED_EDGE('',*,*,#4111,.T.);
#6407 = ORIENTED_EDGE('',*,*,#5126,.T.);
#6408 = ORIENTED_EDGE('',*,*,#6409,.T.);
#6409 = EDGE_CURVE('',#5119,#6410,#6412,.T.);
#6410 = VERTEX_POINT('',#6411);
#6411 = CARTESIAN_POINT('',(2.6,2.475,0.2));
#6412 = LINE('',#6413,#6414);
#6413 = CARTESIAN_POINT('',(2.6,1.775,0.2));
#6414 = VECTOR('',#6415,1.);
#6415 = DIRECTION('',(0.,1.,0.));
#6416 = ORIENTED_EDGE('',*,*,#6417,.T.);
#6417 = EDGE_CURVE('',#6410,#6418,#6420,.T.);
#6418 = VERTEX_POINT('',#6419);
#6419 = CARTESIAN_POINT('',(2.6,2.475,0.));
#6420 = LINE('',#6421,#6422);
#6421 = CARTESIAN_POINT('',(2.6,2.475,0.2));
#6422 = VECTOR('',#6423,1.);
#6423 = DIRECTION('',(0.,0.,-1.));
#6424 = ORIENTED_EDGE('',*,*,#6425,.T.);
#6425 = EDGE_CURVE('',#6418,#6383,#6426,.T.);
#6426 = LINE('',#6427,#6428);
#6427 = CARTESIAN_POINT('',(2.6,2.475,0.));
#6428 = VECTOR('',#6429,1.);
#6429 = DIRECTION('',(0.,-1.,0.));
#6430 = PLANE('',#6431);
#6431 = AXIS2_PLACEMENT_3D('',#6432,#6433,#6434);
#6432 = CARTESIAN_POINT('',(2.6,2.082,9.3E-02));
#6433 = DIRECTION('',(-1.,-0.,-0.));
#6434 = DIRECTION('',(0.,0.,-1.));
#6435 = ADVANCED_FACE('',(#6436),#6470,.T.);
#6436 = FACE_BOUND('',#6437,.T.);
#6437 = EDGE_LOOP('',(#6438,#6446,#6447,#6448,#6456,#6464));
#6438 = ORIENTED_EDGE('',*,*,#6439,.T.);
#6439 = EDGE_CURVE('',#6440,#4088,#6442,.T.);
#6440 = VERTEX_POINT('',#6441);
#6441 = CARTESIAN_POINT('',(3.4,1.675,0.));
#6442 = LINE('',#6443,#6444);
#6443 = CARTESIAN_POINT('',(3.4,1.675,0.));
#6444 = VECTOR('',#6445,1.);
#6445 = DIRECTION('',(0.,0.,1.));
#6446 = ORIENTED_EDGE('',*,*,#4095,.T.);
#6447 = ORIENTED_EDGE('',*,*,#5133,.T.);
#6448 = ORIENTED_EDGE('',*,*,#6449,.T.);
#6449 = EDGE_CURVE('',#5134,#6450,#6452,.T.);
#6450 = VERTEX_POINT('',#6451);
#6451 = CARTESIAN_POINT('',(3.4,2.475,0.2));
#6452 = LINE('',#6453,#6454);
#6453 = CARTESIAN_POINT('',(3.4,1.775,0.2));
#6454 = VECTOR('',#6455,1.);
#6455 = DIRECTION('',(0.,1.,0.));
#6456 = ORIENTED_EDGE('',*,*,#6457,.T.);
#6457 = EDGE_CURVE('',#6450,#6458,#6460,.T.);
#6458 = VERTEX_POINT('',#6459);
#6459 = CARTESIAN_POINT('',(3.4,2.475,0.));
#6460 = LINE('',#6461,#6462);
#6461 = CARTESIAN_POINT('',(3.4,2.475,0.2));
#6462 = VECTOR('',#6463,1.);
#6463 = DIRECTION('',(0.,0.,-1.));
#6464 = ORIENTED_EDGE('',*,*,#6465,.T.);
#6465 = EDGE_CURVE('',#6458,#6440,#6466,.T.);
#6466 = LINE('',#6467,#6468);
#6467 = CARTESIAN_POINT('',(3.4,2.475,0.));
#6468 = VECTOR('',#6469,1.);
#6469 = DIRECTION('',(0.,-1.,0.));
#6470 = PLANE('',#6471);
#6471 = AXIS2_PLACEMENT_3D('',#6472,#6473,#6474);
#6472 = CARTESIAN_POINT('',(3.4,2.082,9.3E-02));
#6473 = DIRECTION('',(-1.,-0.,-0.));
#6474 = DIRECTION('',(0.,0.,-1.));
#6475 = ADVANCED_FACE('',(#6476),#6494,.T.);
#6476 = FACE_BOUND('',#6477,.T.);
#6477 = EDGE_LOOP('',(#6478,#6486,#6492,#6493));
#6478 = ORIENTED_EDGE('',*,*,#6479,.T.);
#6479 = EDGE_CURVE('',#6440,#6480,#6482,.T.);
#6480 = VERTEX_POINT('',#6481);
#6481 = CARTESIAN_POINT('',(3.6,1.675,0.));
#6482 = LINE('',#6483,#6484);
#6483 = CARTESIAN_POINT('',(3.4,1.675,0.));
#6484 = VECTOR('',#6485,1.);
#6485 = DIRECTION('',(1.,0.,0.));
#6486 = ORIENTED_EDGE('',*,*,#6487,.T.);
#6487 = EDGE_CURVE('',#6480,#4080,#6488,.T.);
#6488 = LINE('',#6489,#6490);
#6489 = CARTESIAN_POINT('',(3.6,1.675,0.));
#6490 = VECTOR('',#6491,1.);
#6491 = DIRECTION('',(0.,0.,1.));
#6492 = ORIENTED_EDGE('',*,*,#4087,.F.);
#6493 = ORIENTED_EDGE('',*,*,#6439,.F.);
#6494 = PLANE('',#6495);
#6495 = AXIS2_PLACEMENT_3D('',#6496,#6497,#6498);
#6496 = CARTESIAN_POINT('',(3.4,1.675,0.));
#6497 = DIRECTION('',(0.,-1.,0.));
#6498 = DIRECTION('',(0.,0.,1.));
#6499 = ADVANCED_FACE('',(#6500),#6527,.F.);
#6500 = FACE_BOUND('',#6501,.F.);
#6501 = EDGE_LOOP('',(#6502,#6503,#6504,#6505,#6513,#6521));
#6502 = ORIENTED_EDGE('',*,*,#6487,.T.);
#6503 = ORIENTED_EDGE('',*,*,#4079,.T.);
#6504 = ORIENTED_EDGE('',*,*,#5149,.T.);
#6505 = ORIENTED_EDGE('',*,*,#6506,.T.);
#6506 = EDGE_CURVE('',#5142,#6507,#6509,.T.);
#6507 = VERTEX_POINT('',#6508);
#6508 = CARTESIAN_POINT('',(3.6,2.475,0.2));
#6509 = LINE('',#6510,#6511);
#6510 = CARTESIAN_POINT('',(3.6,1.775,0.2));
#6511 = VECTOR('',#6512,1.);
#6512 = DIRECTION('',(0.,1.,0.));
#6513 = ORIENTED_EDGE('',*,*,#6514,.T.);
#6514 = EDGE_CURVE('',#6507,#6515,#6517,.T.);
#6515 = VERTEX_POINT('',#6516);
#6516 = CARTESIAN_POINT('',(3.6,2.475,0.));
#6517 = LINE('',#6518,#6519);
#6518 = CARTESIAN_POINT('',(3.6,2.475,0.2));
#6519 = VECTOR('',#6520,1.);
#6520 = DIRECTION('',(0.,0.,-1.));
#6521 = ORIENTED_EDGE('',*,*,#6522,.T.);
#6522 = EDGE_CURVE('',#6515,#6480,#6523,.T.);
#6523 = LINE('',#6524,#6525);
#6524 = CARTESIAN_POINT('',(3.6,2.475,0.));
#6525 = VECTOR('',#6526,1.);
#6526 = DIRECTION('',(0.,-1.,0.));
#6527 = PLANE('',#6528);
#6528 = AXIS2_PLACEMENT_3D('',#6529,#6530,#6531);
#6529 = CARTESIAN_POINT('',(3.6,2.082,9.3E-02));
#6530 = DIRECTION('',(-1.,-0.,-0.));
#6531 = DIRECTION('',(0.,0.,-1.));
#6532 = ADVANCED_FACE('',(#6533),#6567,.T.);
#6533 = FACE_BOUND('',#6534,.T.);
#6534 = EDGE_LOOP('',(#6535,#6543,#6544,#6545,#6553,#6561));
#6535 = ORIENTED_EDGE('',*,*,#6536,.T.);
#6536 = EDGE_CURVE('',#6537,#4056,#6539,.T.);
#6537 = VERTEX_POINT('',#6538);
#6538 = CARTESIAN_POINT('',(4.4,1.675,0.));
#6539 = LINE('',#6540,#6541);
#6540 = CARTESIAN_POINT('',(4.4,1.675,0.));
#6541 = VECTOR('',#6542,1.);
#6542 = DIRECTION('',(0.,0.,1.));
#6543 = ORIENTED_EDGE('',*,*,#4063,.T.);
#6544 = ORIENTED_EDGE('',*,*,#5156,.T.);
#6545 = ORIENTED_EDGE('',*,*,#6546,.T.);
#6546 = EDGE_CURVE('',#5157,#6547,#6549,.T.);
#6547 = VERTEX_POINT('',#6548);
#6548 = CARTESIAN_POINT('',(4.4,2.475,0.2));
#6549 = LINE('',#6550,#6551);
#6550 = CARTESIAN_POINT('',(4.4,1.775,0.2));
#6551 = VECTOR('',#6552,1.);
#6552 = DIRECTION('',(0.,1.,0.));
#6553 = ORIENTED_EDGE('',*,*,#6554,.T.);
#6554 = EDGE_CURVE('',#6547,#6555,#6557,.T.);
#6555 = VERTEX_POINT('',#6556);
#6556 = CARTESIAN_POINT('',(4.4,2.475,0.));
#6557 = LINE('',#6558,#6559);
#6558 = CARTESIAN_POINT('',(4.4,2.475,0.2));
#6559 = VECTOR('',#6560,1.);
#6560 = DIRECTION('',(0.,0.,-1.));
#6561 = ORIENTED_EDGE('',*,*,#6562,.T.);
#6562 = EDGE_CURVE('',#6555,#6537,#6563,.T.);
#6563 = LINE('',#6564,#6565);
#6564 = CARTESIAN_POINT('',(4.4,2.475,0.));
#6565 = VECTOR('',#6566,1.);
#6566 = DIRECTION('',(0.,-1.,0.));
#6567 = PLANE('',#6568);
#6568 = AXIS2_PLACEMENT_3D('',#6569,#6570,#6571);
#6569 = CARTESIAN_POINT('',(4.4,2.082,9.3E-02));
#6570 = DIRECTION('',(-1.,-0.,-0.));
#6571 = DIRECTION('',(0.,0.,-1.));
#6572 = ADVANCED_FACE('',(#6573),#6591,.T.);
#6573 = FACE_BOUND('',#6574,.T.);
#6574 = EDGE_LOOP('',(#6575,#6583,#6589,#6590));
#6575 = ORIENTED_EDGE('',*,*,#6576,.T.);
#6576 = EDGE_CURVE('',#6537,#6577,#6579,.T.);
#6577 = VERTEX_POINT('',#6578);
#6578 = CARTESIAN_POINT('',(4.6,1.675,0.));
#6579 = LINE('',#6580,#6581);
#6580 = CARTESIAN_POINT('',(4.4,1.675,0.));
#6581 = VECTOR('',#6582,1.);
#6582 = DIRECTION('',(1.,0.,0.));
#6583 = ORIENTED_EDGE('',*,*,#6584,.T.);
#6584 = EDGE_CURVE('',#6577,#4048,#6585,.T.);
#6585 = LINE('',#6586,#6587);
#6586 = CARTESIAN_POINT('',(4.6,1.675,0.));
#6587 = VECTOR('',#6588,1.);
#6588 = DIRECTION('',(0.,0.,1.));
#6589 = ORIENTED_EDGE('',*,*,#4055,.F.);
#6590 = ORIENTED_EDGE('',*,*,#6536,.F.);
#6591 = PLANE('',#6592);
#6592 = AXIS2_PLACEMENT_3D('',#6593,#6594,#6595);
#6593 = CARTESIAN_POINT('',(4.4,1.675,0.));
#6594 = DIRECTION('',(0.,-1.,0.));
#6595 = DIRECTION('',(0.,0.,1.));
#6596 = ADVANCED_FACE('',(#6597),#6624,.F.);
#6597 = FACE_BOUND('',#6598,.F.);
#6598 = EDGE_LOOP('',(#6599,#6600,#6601,#6602,#6610,#6618));
#6599 = ORIENTED_EDGE('',*,*,#6584,.T.);
#6600 = ORIENTED_EDGE('',*,*,#4047,.T.);
#6601 = ORIENTED_EDGE('',*,*,#5172,.T.);
#6602 = ORIENTED_EDGE('',*,*,#6603,.T.);
#6603 = EDGE_CURVE('',#5165,#6604,#6606,.T.);
#6604 = VERTEX_POINT('',#6605);
#6605 = CARTESIAN_POINT('',(4.6,2.475,0.2));
#6606 = LINE('',#6607,#6608);
#6607 = CARTESIAN_POINT('',(4.6,1.775,0.2));
#6608 = VECTOR('',#6609,1.);
#6609 = DIRECTION('',(0.,1.,0.));
#6610 = ORIENTED_EDGE('',*,*,#6611,.T.);
#6611 = EDGE_CURVE('',#6604,#6612,#6614,.T.);
#6612 = VERTEX_POINT('',#6613);
#6613 = CARTESIAN_POINT('',(4.6,2.475,0.));
#6614 = LINE('',#6615,#6616);
#6615 = CARTESIAN_POINT('',(4.6,2.475,0.2));
#6616 = VECTOR('',#6617,1.);
#6617 = DIRECTION('',(0.,0.,-1.));
#6618 = ORIENTED_EDGE('',*,*,#6619,.T.);
#6619 = EDGE_CURVE('',#6612,#6577,#6620,.T.);
#6620 = LINE('',#6621,#6622);
#6621 = CARTESIAN_POINT('',(4.6,2.475,0.));
#6622 = VECTOR('',#6623,1.);
#6623 = DIRECTION('',(0.,-1.,0.));
#6624 = PLANE('',#6625);
#6625 = AXIS2_PLACEMENT_3D('',#6626,#6627,#6628);
#6626 = CARTESIAN_POINT('',(4.6,2.082,9.3E-02));
#6627 = DIRECTION('',(-1.,-0.,-0.));
#6628 = DIRECTION('',(0.,0.,-1.));
#6629 = ADVANCED_FACE('',(#6630),#6664,.T.);
#6630 = FACE_BOUND('',#6631,.T.);
#6631 = EDGE_LOOP('',(#6632,#6640,#6641,#6642,#6650,#6658));
#6632 = ORIENTED_EDGE('',*,*,#6633,.T.);
#6633 = EDGE_CURVE('',#6634,#4024,#6636,.T.);
#6634 = VERTEX_POINT('',#6635);
#6635 = CARTESIAN_POINT('',(5.4,1.675,0.));
#6636 = LINE('',#6637,#6638);
#6637 = CARTESIAN_POINT('',(5.4,1.675,0.));
#6638 = VECTOR('',#6639,1.);
#6639 = DIRECTION('',(0.,0.,1.));
#6640 = ORIENTED_EDGE('',*,*,#4031,.T.);
#6641 = ORIENTED_EDGE('',*,*,#5179,.T.);
#6642 = ORIENTED_EDGE('',*,*,#6643,.T.);
#6643 = EDGE_CURVE('',#5180,#6644,#6646,.T.);
#6644 = VERTEX_POINT('',#6645);
#6645 = CARTESIAN_POINT('',(5.4,2.475,0.2));
#6646 = LINE('',#6647,#6648);
#6647 = CARTESIAN_POINT('',(5.4,1.775,0.2));
#6648 = VECTOR('',#6649,1.);
#6649 = DIRECTION('',(0.,1.,0.));
#6650 = ORIENTED_EDGE('',*,*,#6651,.T.);
#6651 = EDGE_CURVE('',#6644,#6652,#6654,.T.);
#6652 = VERTEX_POINT('',#6653);
#6653 = CARTESIAN_POINT('',(5.4,2.475,0.));
#6654 = LINE('',#6655,#6656);
#6655 = CARTESIAN_POINT('',(5.4,2.475,0.2));
#6656 = VECTOR('',#6657,1.);
#6657 = DIRECTION('',(0.,0.,-1.));
#6658 = ORIENTED_EDGE('',*,*,#6659,.T.);
#6659 = EDGE_CURVE('',#6652,#6634,#6660,.T.);
#6660 = LINE('',#6661,#6662);
#6661 = CARTESIAN_POINT('',(5.4,2.475,0.));
#6662 = VECTOR('',#6663,1.);
#6663 = DIRECTION('',(0.,-1.,0.));
#6664 = PLANE('',#6665);
#6665 = AXIS2_PLACEMENT_3D('',#6666,#6667,#6668);
#6666 = CARTESIAN_POINT('',(5.4,2.082,9.3E-02));
#6667 = DIRECTION('',(-1.,-0.,-0.));
#6668 = DIRECTION('',(0.,0.,-1.));
#6669 = ADVANCED_FACE('',(#6670),#6688,.T.);
#6670 = FACE_BOUND('',#6671,.T.);
#6671 = EDGE_LOOP('',(#6672,#6680,#6686,#6687));
#6672 = ORIENTED_EDGE('',*,*,#6673,.T.);
#6673 = EDGE_CURVE('',#6634,#6674,#6676,.T.);
#6674 = VERTEX_POINT('',#6675);
#6675 = CARTESIAN_POINT('',(5.6,1.675,0.));
#6676 = LINE('',#6677,#6678);
#6677 = CARTESIAN_POINT('',(5.4,1.675,0.));
#6678 = VECTOR('',#6679,1.);
#6679 = DIRECTION('',(1.,0.,0.));
#6680 = ORIENTED_EDGE('',*,*,#6681,.T.);
#6681 = EDGE_CURVE('',#6674,#4016,#6682,.T.);
#6682 = LINE('',#6683,#6684);
#6683 = CARTESIAN_POINT('',(5.6,1.675,0.));
#6684 = VECTOR('',#6685,1.);
#6685 = DIRECTION('',(0.,0.,1.));
#6686 = ORIENTED_EDGE('',*,*,#4023,.F.);
#6687 = ORIENTED_EDGE('',*,*,#6633,.F.);
#6688 = PLANE('',#6689);
#6689 = AXIS2_PLACEMENT_3D('',#6690,#6691,#6692);
#6690 = CARTESIAN_POINT('',(5.4,1.675,0.));
#6691 = DIRECTION('',(0.,-1.,0.));
#6692 = DIRECTION('',(0.,0.,1.));
#6693 = ADVANCED_FACE('',(#6694),#6721,.F.);
#6694 = FACE_BOUND('',#6695,.F.);
#6695 = EDGE_LOOP('',(#6696,#6697,#6698,#6699,#6707,#6715));
#6696 = ORIENTED_EDGE('',*,*,#6681,.T.);
#6697 = ORIENTED_EDGE('',*,*,#4015,.T.);
#6698 = ORIENTED_EDGE('',*,*,#5195,.T.);
#6699 = ORIENTED_EDGE('',*,*,#6700,.T.);
#6700 = EDGE_CURVE('',#5188,#6701,#6703,.T.);
#6701 = VERTEX_POINT('',#6702);
#6702 = CARTESIAN_POINT('',(5.6,2.475,0.2));
#6703 = LINE('',#6704,#6705);
#6704 = CARTESIAN_POINT('',(5.6,1.775,0.2));
#6705 = VECTOR('',#6706,1.);
#6706 = DIRECTION('',(0.,1.,0.));
#6707 = ORIENTED_EDGE('',*,*,#6708,.T.);
#6708 = EDGE_CURVE('',#6701,#6709,#6711,.T.);
#6709 = VERTEX_POINT('',#6710);
#6710 = CARTESIAN_POINT('',(5.6,2.475,0.));
#6711 = LINE('',#6712,#6713);
#6712 = CARTESIAN_POINT('',(5.6,2.475,0.2));
#6713 = VECTOR('',#6714,1.);
#6714 = DIRECTION('',(0.,0.,-1.));
#6715 = ORIENTED_EDGE('',*,*,#6716,.T.);
#6716 = EDGE_CURVE('',#6709,#6674,#6717,.T.);
#6717 = LINE('',#6718,#6719);
#6718 = CARTESIAN_POINT('',(5.6,2.475,0.));
#6719 = VECTOR('',#6720,1.);
#6720 = DIRECTION('',(0.,-1.,0.));
#6721 = PLANE('',#6722);
#6722 = AXIS2_PLACEMENT_3D('',#6723,#6724,#6725);
#6723 = CARTESIAN_POINT('',(5.6,2.082,9.3E-02));
#6724 = DIRECTION('',(-1.,-0.,-0.));
#6725 = DIRECTION('',(0.,0.,-1.));
#6726 = ADVANCED_FACE('',(#6727),#6761,.T.);
#6727 = FACE_BOUND('',#6728,.T.);
#6728 = EDGE_LOOP('',(#6729,#6737,#6738,#6739,#6747,#6755));
#6729 = ORIENTED_EDGE('',*,*,#6730,.T.);
#6730 = EDGE_CURVE('',#6731,#3992,#6733,.T.);
#6731 = VERTEX_POINT('',#6732);
#6732 = CARTESIAN_POINT('',(6.4,1.675,0.));
#6733 = LINE('',#6734,#6735);
#6734 = CARTESIAN_POINT('',(6.4,1.675,0.));
#6735 = VECTOR('',#6736,1.);
#6736 = DIRECTION('',(0.,0.,1.));
#6737 = ORIENTED_EDGE('',*,*,#3999,.T.);
#6738 = ORIENTED_EDGE('',*,*,#5202,.T.);
#6739 = ORIENTED_EDGE('',*,*,#6740,.T.);
#6740 = EDGE_CURVE('',#5203,#6741,#6743,.T.);
#6741 = VERTEX_POINT('',#6742);
#6742 = CARTESIAN_POINT('',(6.4,2.475,0.2));
#6743 = LINE('',#6744,#6745);
#6744 = CARTESIAN_POINT('',(6.4,1.775,0.2));
#6745 = VECTOR('',#6746,1.);
#6746 = DIRECTION('',(0.,1.,0.));
#6747 = ORIENTED_EDGE('',*,*,#6748,.T.);
#6748 = EDGE_CURVE('',#6741,#6749,#6751,.T.);
#6749 = VERTEX_POINT('',#6750);
#6750 = CARTESIAN_POINT('',(6.4,2.475,0.));
#6751 = LINE('',#6752,#6753);
#6752 = CARTESIAN_POINT('',(6.4,2.475,0.2));
#6753 = VECTOR('',#6754,1.);
#6754 = DIRECTION('',(0.,0.,-1.));
#6755 = ORIENTED_EDGE('',*,*,#6756,.T.);
#6756 = EDGE_CURVE('',#6749,#6731,#6757,.T.);
#6757 = LINE('',#6758,#6759);
#6758 = CARTESIAN_POINT('',(6.4,2.475,0.));
#6759 = VECTOR('',#6760,1.);
#6760 = DIRECTION('',(0.,-1.,0.));
#6761 = PLANE('',#6762);
#6762 = AXIS2_PLACEMENT_3D('',#6763,#6764,#6765);
#6763 = CARTESIAN_POINT('',(6.4,2.082,9.3E-02));
#6764 = DIRECTION('',(-1.,-0.,-0.));
#6765 = DIRECTION('',(0.,0.,-1.));
#6766 = ADVANCED_FACE('',(#6767),#6785,.T.);
#6767 = FACE_BOUND('',#6768,.T.);
#6768 = EDGE_LOOP('',(#6769,#6777,#6783,#6784));
#6769 = ORIENTED_EDGE('',*,*,#6770,.T.);
#6770 = EDGE_CURVE('',#6731,#6771,#6773,.T.);
#6771 = VERTEX_POINT('',#6772);
#6772 = CARTESIAN_POINT('',(6.6,1.675,0.));
#6773 = LINE('',#6774,#6775);
#6774 = CARTESIAN_POINT('',(6.4,1.675,0.));
#6775 = VECTOR('',#6776,1.);
#6776 = DIRECTION('',(1.,0.,0.));
#6777 = ORIENTED_EDGE('',*,*,#6778,.T.);
#6778 = EDGE_CURVE('',#6771,#3984,#6779,.T.);
#6779 = LINE('',#6780,#6781);
#6780 = CARTESIAN_POINT('',(6.6,1.675,0.));
#6781 = VECTOR('',#6782,1.);
#6782 = DIRECTION('',(0.,0.,1.));
#6783 = ORIENTED_EDGE('',*,*,#3991,.F.);
#6784 = ORIENTED_EDGE('',*,*,#6730,.F.);
#6785 = PLANE('',#6786);
#6786 = AXIS2_PLACEMENT_3D('',#6787,#6788,#6789);
#6787 = CARTESIAN_POINT('',(6.4,1.675,0.));
#6788 = DIRECTION('',(0.,-1.,0.));
#6789 = DIRECTION('',(0.,0.,1.));
#6790 = ADVANCED_FACE('',(#6791),#6818,.F.);
#6791 = FACE_BOUND('',#6792,.F.);
#6792 = EDGE_LOOP('',(#6793,#6794,#6795,#6796,#6804,#6812));
#6793 = ORIENTED_EDGE('',*,*,#6778,.T.);
#6794 = ORIENTED_EDGE('',*,*,#3983,.T.);
#6795 = ORIENTED_EDGE('',*,*,#5218,.T.);
#6796 = ORIENTED_EDGE('',*,*,#6797,.T.);
#6797 = EDGE_CURVE('',#5211,#6798,#6800,.T.);
#6798 = VERTEX_POINT('',#6799);
#6799 = CARTESIAN_POINT('',(6.6,2.475,0.2));
#6800 = LINE('',#6801,#6802);
#6801 = CARTESIAN_POINT('',(6.6,1.775,0.2));
#6802 = VECTOR('',#6803,1.);
#6803 = DIRECTION('',(0.,1.,0.));
#6804 = ORIENTED_EDGE('',*,*,#6805,.T.);
#6805 = EDGE_CURVE('',#6798,#6806,#6808,.T.);
#6806 = VERTEX_POINT('',#6807);
#6807 = CARTESIAN_POINT('',(6.6,2.475,0.));
#6808 = LINE('',#6809,#6810);
#6809 = CARTESIAN_POINT('',(6.6,2.475,0.2));
#6810 = VECTOR('',#6811,1.);
#6811 = DIRECTION('',(0.,0.,-1.));
#6812 = ORIENTED_EDGE('',*,*,#6813,.T.);
#6813 = EDGE_CURVE('',#6806,#6771,#6814,.T.);
#6814 = LINE('',#6815,#6816);
#6815 = CARTESIAN_POINT('',(6.6,2.475,0.));
#6816 = VECTOR('',#6817,1.);
#6817 = DIRECTION('',(0.,-1.,0.));
#6818 = PLANE('',#6819);
#6819 = AXIS2_PLACEMENT_3D('',#6820,#6821,#6822);
#6820 = CARTESIAN_POINT('',(6.6,2.082,9.3E-02));
#6821 = DIRECTION('',(-1.,-0.,-0.));
#6822 = DIRECTION('',(0.,0.,-1.));
#6823 = ADVANCED_FACE('',(#6824),#6845,.T.);
#6824 = FACE_BOUND('',#6825,.T.);
#6825 = EDGE_LOOP('',(#6826,#6834,#6835,#6836,#6837,#6838,#6839));
#6826 = ORIENTED_EDGE('',*,*,#6827,.T.);
#6827 = EDGE_CURVE('',#6828,#4566,#6830,.T.);
#6828 = VERTEX_POINT('',#6829);
#6829 = CARTESIAN_POINT('',(-7.7,-2.475,1.E-02));
#6830 = LINE('',#6831,#6832);
#6831 = CARTESIAN_POINT('',(-7.7,-2.475,1.E-02));
#6832 = VECTOR('',#6833,1.);
#6833 = DIRECTION('',(0.,0.,1.));
#6834 = ORIENTED_EDGE('',*,*,#4573,.T.);
#6835 = ORIENTED_EDGE('',*,*,#4549,.T.);
#6836 = ORIENTED_EDGE('',*,*,#4525,.T.);
#6837 = ORIENTED_EDGE('',*,*,#4501,.T.);
#6838 = ORIENTED_EDGE('',*,*,#5445,.T.);
#6839 = ORIENTED_EDGE('',*,*,#6840,.T.);
#6840 = EDGE_CURVE('',#5446,#6828,#6841,.T.);
#6841 = LINE('',#6842,#6843);
#6842 = CARTESIAN_POINT('',(-7.7,-0.975,1.E-02));
#6843 = VECTOR('',#6844,1.);
#6844 = DIRECTION('',(0.,-1.,-5.782411586589E-18));
#6845 = PLANE('',#6846);
#6846 = AXIS2_PLACEMENT_3D('',#6847,#6848,#6849);
#6847 = CARTESIAN_POINT('',(-7.7,-1.843181818182,0.516818181818));
#6848 = DIRECTION('',(-1.,-0.,-0.));
#6849 = DIRECTION('',(0.,0.,-1.));
#6850 = ADVANCED_FACE('',(#6851),#6863,.T.);
#6851 = FACE_BOUND('',#6852,.T.);
#6852 = EDGE_LOOP('',(#6853,#6859,#6860,#6861,#6862));
#6853 = ORIENTED_EDGE('',*,*,#6854,.T.);
#6854 = EDGE_CURVE('',#6828,#5417,#6855,.T.);
#6855 = LINE('',#6856,#6857);
#6856 = CARTESIAN_POINT('',(-7.7,-2.475,1.E-02));
#6857 = VECTOR('',#6858,1.);
#6858 = DIRECTION('',(1.,0.,0.));
#6859 = ORIENTED_EDGE('',*,*,#5424,.T.);
#6860 = ORIENTED_EDGE('',*,*,#4598,.T.);
#6861 = ORIENTED_EDGE('',*,*,#4590,.F.);
#6862 = ORIENTED_EDGE('',*,*,#6827,.F.);
#6863 = PLANE('',#6864);
#6864 = AXIS2_PLACEMENT_3D('',#6865,#6866,#6867);
#6865 = CARTESIAN_POINT('',(-7.7,-2.475,1.E-02));
#6866 = DIRECTION('',(0.,-1.,0.));
#6867 = DIRECTION('',(0.,0.,1.));
#6868 = ADVANCED_FACE('',(#6869),#6888,.T.);
#6869 = FACE_BOUND('',#6870,.T.);
#6870 = EDGE_LOOP('',(#6871,#6879,#6885,#6886,#6887));
#6871 = ORIENTED_EDGE('',*,*,#6872,.T.);
#6872 = EDGE_CURVE('',#5391,#6873,#6875,.T.);
#6873 = VERTEX_POINT('',#6874);
#6874 = CARTESIAN_POINT('',(7.7,-2.475,1.E-02));
#6875 = LINE('',#6876,#6877);
#6876 = CARTESIAN_POINT('',(7.5,-2.475,1.E-02));
#6877 = VECTOR('',#6878,1.);
#6878 = DIRECTION('',(1.,0.,0.));
#6879 = ORIENTED_EDGE('',*,*,#6880,.T.);
#6880 = EDGE_CURVE('',#6873,#4614,#6881,.T.);
#6881 = LINE('',#6882,#6883);
#6882 = CARTESIAN_POINT('',(7.7,-2.475,1.E-02));
#6883 = VECTOR('',#6884,1.);
#6884 = DIRECTION('',(0.,0.,1.));
#6885 = ORIENTED_EDGE('',*,*,#4613,.F.);
#6886 = ORIENTED_EDGE('',*,*,#4605,.F.);
#6887 = ORIENTED_EDGE('',*,*,#5398,.F.);
#6888 = PLANE('',#6889);
#6889 = AXIS2_PLACEMENT_3D('',#6890,#6891,#6892);
#6890 = CARTESIAN_POINT('',(7.5,-2.475,1.E-02));
#6891 = DIRECTION('',(0.,-1.,0.));
#6892 = DIRECTION('',(0.,0.,1.));
#6893 = ADVANCED_FACE('',(#6894),#6912,.F.);
#6894 = FACE_BOUND('',#6895,.F.);
#6895 = EDGE_LOOP('',(#6896,#6904,#6905,#6906));
#6896 = ORIENTED_EDGE('',*,*,#6897,.F.);
#6897 = EDGE_CURVE('',#4614,#6898,#6900,.T.);
#6898 = VERTEX_POINT('',#6899);
#6899 = CARTESIAN_POINT('',(7.7,-1.975,1.26));
#6900 = LINE('',#6901,#6902);
#6901 = CARTESIAN_POINT('',(7.7,-2.475,1.26));
#6902 = VECTOR('',#6903,1.);
#6903 = DIRECTION('',(0.,1.,0.));
#6904 = ORIENTED_EDGE('',*,*,#4621,.T.);
#6905 = ORIENTED_EDGE('',*,*,#5297,.T.);
#6906 = ORIENTED_EDGE('',*,*,#6907,.F.);
#6907 = EDGE_CURVE('',#6898,#5298,#6908,.T.);
#6908 = LINE('',#6909,#6910);
#6909 = CARTESIAN_POINT('',(7.5,-1.975,1.26));
#6910 = VECTOR('',#6911,1.);
#6911 = DIRECTION('',(1.,0.,0.));
#6912 = PLANE('',#6913);
#6913 = AXIS2_PLACEMENT_3D('',#6914,#6915,#6916);
#6914 = CARTESIAN_POINT('',(7.5,-2.475,1.26));
#6915 = DIRECTION('',(0.,1.110223024625E-16,1.));
#6916 = DIRECTION('',(0.,1.,-1.110223024625E-16));
#6917 = ADVANCED_FACE('',(#6918),#6966,.F.);
#6918 = FACE_BOUND('',#6919,.F.);
#6919 = EDGE_LOOP('',(#6920,#6921,#6929,#6937,#6943,#6944,#6952,#6960));
#6920 = ORIENTED_EDGE('',*,*,#4645,.F.);
#6921 = ORIENTED_EDGE('',*,*,#6922,.T.);
#6922 = EDGE_CURVE('',#4646,#6923,#6925,.T.);
#6923 = VERTEX_POINT('',#6924);
#6924 = CARTESIAN_POINT('',(7.2,0.525,0.46));
#6925 = LINE('',#6926,#6927);
#6926 = CARTESIAN_POINT('',(7.2,-2.475,0.46));
#6927 = VECTOR('',#6928,1.);
#6928 = DIRECTION('',(0.,1.,-1.110223024625E-16));
#6929 = ORIENTED_EDGE('',*,*,#6930,.T.);
#6930 = EDGE_CURVE('',#6923,#6931,#6933,.T.);
#6931 = VERTEX_POINT('',#6932);
#6932 = CARTESIAN_POINT('',(7.2,0.525,2.56));
#6933 = LINE('',#6934,#6935);
#6934 = CARTESIAN_POINT('',(7.2,0.525,0.46));
#6935 = VECTOR('',#6936,1.);
#6936 = DIRECTION('',(0.,1.110223024625E-16,1.));
#6937 = ORIENTED_EDGE('',*,*,#6938,.F.);
#6938 = EDGE_CURVE('',#4704,#6931,#6939,.T.);
#6939 = LINE('',#6940,#6941);
#6940 = CARTESIAN_POINT('',(7.2,-2.475,2.56));
#6941 = VECTOR('',#6942,1.);
#6942 = DIRECTION('',(0.,1.,-1.110223024625E-16));
#6943 = ORIENTED_EDGE('',*,*,#4711,.F.);
#6944 = ORIENTED_EDGE('',*,*,#6945,.F.);
#6945 = EDGE_CURVE('',#6946,#4712,#6948,.T.);
#6946 = VERTEX_POINT('',#6947);
#6947 = CARTESIAN_POINT('',(7.2,-7.5E-02,2.06));
#6948 = LINE('',#6949,#6950);
#6949 = CARTESIAN_POINT('',(7.2,-2.475,2.06));
#6950 = VECTOR('',#6951,1.);
#6951 = DIRECTION('',(0.,-1.,1.110223024625E-16));
#6952 = ORIENTED_EDGE('',*,*,#6953,.T.);
#6953 = EDGE_CURVE('',#6946,#6954,#6956,.T.);
#6954 = VERTEX_POINT('',#6955);
#6955 = CARTESIAN_POINT('',(7.2,-7.5E-02,1.46));
#6956 = LINE('',#6957,#6958);
#6957 = CARTESIAN_POINT('',(7.2,-7.5E-02,1.11));
#6958 = VECTOR('',#6959,1.);
#6959 = DIRECTION('',(0.,-1.110223024625E-16,-1.));
#6960 = ORIENTED_EDGE('',*,*,#6961,.F.);
#6961 = EDGE_CURVE('',#4648,#6954,#6962,.T.);
#6962 = LINE('',#6963,#6964);
#6963 = CARTESIAN_POINT('',(7.2,-2.475,1.46));
#6964 = VECTOR('',#6965,1.);
#6965 = DIRECTION('',(0.,1.,-1.110223024625E-16));
#6966 = PLANE('',#6967);
#6967 = AXIS2_PLACEMENT_3D('',#6968,#6969,#6970);
#6968 = CARTESIAN_POINT('',(7.2,-2.475,0.46));
#6969 = DIRECTION('',(1.,0.,0.));
#6970 = DIRECTION('',(-0.,1.110223024625E-16,1.));
#6971 = ADVANCED_FACE('',(#6972),#6990,.F.);
#6972 = FACE_BOUND('',#6973,.F.);
#6973 = EDGE_LOOP('',(#6974,#6975,#6976,#6984));
#6974 = ORIENTED_EDGE('',*,*,#4735,.F.);
#6975 = ORIENTED_EDGE('',*,*,#6961,.T.);
#6976 = ORIENTED_EDGE('',*,*,#6977,.T.);
#6977 = EDGE_CURVE('',#6954,#6978,#6980,.T.);
#6978 = VERTEX_POINT('',#6979);
#6979 = CARTESIAN_POINT('',(7.55,-7.5E-02,1.46));
#6980 = LINE('',#6981,#6982);
#6981 = CARTESIAN_POINT('',(-7.55,-7.5E-02,1.46));
#6982 = VECTOR('',#6983,1.);
#6983 = DIRECTION('',(1.,0.,0.));
#6984 = ORIENTED_EDGE('',*,*,#6985,.F.);
#6985 = EDGE_CURVE('',#4728,#6978,#6986,.T.);
#6986 = LINE('',#6987,#6988);
#6987 = CARTESIAN_POINT('',(7.55,-2.475,1.46));
#6988 = VECTOR('',#6989,1.);
#6989 = DIRECTION('',(0.,1.,-1.110223024625E-16));
#6990 = PLANE('',#6991);
#6991 = AXIS2_PLACEMENT_3D('',#6992,#6993,#6994);
#6992 = CARTESIAN_POINT('',(-7.55,-2.475,1.46));
#6993 = DIRECTION('',(0.,-1.110223024625E-16,-1.));
#6994 = DIRECTION('',(1.,0.,0.));
#6995 = ADVANCED_FACE('',(#6996),#7014,.F.);
#6996 = FACE_BOUND('',#6997,.F.);
#6997 = EDGE_LOOP('',(#6998,#6999,#7007,#7013));
#6998 = ORIENTED_EDGE('',*,*,#6985,.T.);
#6999 = ORIENTED_EDGE('',*,*,#7000,.T.);
#7000 = EDGE_CURVE('',#6978,#7001,#7003,.T.);
#7001 = VERTEX_POINT('',#7002);
#7002 = CARTESIAN_POINT('',(7.55,-7.5E-02,2.06));
#7003 = LINE('',#7004,#7005);
#7004 = CARTESIAN_POINT('',(7.55,-7.5E-02,1.46));
#7005 = VECTOR('',#7006,1.);
#7006 = DIRECTION('',(0.,1.110223024625E-16,1.));
#7007 = ORIENTED_EDGE('',*,*,#7008,.F.);
#7008 = EDGE_CURVE('',#4720,#7001,#7009,.T.);
#7009 = LINE('',#7010,#7011);
#7010 = CARTESIAN_POINT('',(7.55,-2.475,2.06));
#7011 = VECTOR('',#7012,1.);
#7012 = DIRECTION('',(0.,1.,-1.110223024625E-16));
#7013 = ORIENTED_EDGE('',*,*,#4727,.F.);
#7014 = PLANE('',#7015);
#7015 = AXIS2_PLACEMENT_3D('',#7016,#7017,#7018);
#7016 = CARTESIAN_POINT('',(7.55,-2.475,1.46));
#7017 = DIRECTION('',(1.,0.,0.));
#7018 = DIRECTION('',(-0.,1.110223024625E-16,1.));
#7019 = ADVANCED_FACE('',(#7020),#7031,.F.);
#7020 = FACE_BOUND('',#7021,.F.);
#7021 = EDGE_LOOP('',(#7022,#7023,#7024,#7030));
#7022 = ORIENTED_EDGE('',*,*,#4719,.F.);
#7023 = ORIENTED_EDGE('',*,*,#7008,.T.);
#7024 = ORIENTED_EDGE('',*,*,#7025,.T.);
#7025 = EDGE_CURVE('',#7001,#6946,#7026,.T.);
#7026 = LINE('',#7027,#7028);
#7027 = CARTESIAN_POINT('',(7.55,-7.5E-02,2.06));
#7028 = VECTOR('',#7029,1.);
#7029 = DIRECTION('',(-1.,0.,0.));
#7030 = ORIENTED_EDGE('',*,*,#6945,.T.);
#7031 = PLANE('',#7032);
#7032 = AXIS2_PLACEMENT_3D('',#7033,#7034,#7035);
#7033 = CARTESIAN_POINT('',(7.55,-2.475,2.06));
#7034 = DIRECTION('',(0.,1.110223024625E-16,1.));
#7035 = DIRECTION('',(-1.,0.,0.));
#7036 = ADVANCED_FACE('',(#7037),#7055,.F.);
#7037 = FACE_BOUND('',#7038,.F.);
#7038 = EDGE_LOOP('',(#7039,#7040,#7048,#7054));
#7039 = ORIENTED_EDGE('',*,*,#6938,.T.);
#7040 = ORIENTED_EDGE('',*,*,#7041,.T.);
#7041 = EDGE_CURVE('',#6931,#7042,#7044,.T.);
#7042 = VERTEX_POINT('',#7043);
#7043 = CARTESIAN_POINT('',(-7.2,0.525,2.56));
#7044 = LINE('',#7045,#7046);
#7045 = CARTESIAN_POINT('',(7.2,0.525,2.56));
#7046 = VECTOR('',#7047,1.);
#7047 = DIRECTION('',(-1.,0.,0.));
#7048 = ORIENTED_EDGE('',*,*,#7049,.F.);
#7049 = EDGE_CURVE('',#4696,#7042,#7050,.T.);
#7050 = LINE('',#7051,#7052);
#7051 = CARTESIAN_POINT('',(-7.2,-2.475,2.56));
#7052 = VECTOR('',#7053,1.);
#7053 = DIRECTION('',(0.,1.,-1.110223024625E-16));
#7054 = ORIENTED_EDGE('',*,*,#4703,.F.);
#7055 = PLANE('',#7056);
#7056 = AXIS2_PLACEMENT_3D('',#7057,#7058,#7059);
#7057 = CARTESIAN_POINT('',(7.2,-2.475,2.56));
#7058 = DIRECTION('',(0.,1.110223024625E-16,1.));
#7059 = DIRECTION('',(-1.,0.,0.));
#7060 = ADVANCED_FACE('',(#7061),#7102,.F.);
#7061 = FACE_BOUND('',#7062,.F.);
#7062 = EDGE_LOOP('',(#7063,#7064,#7065,#7073,#7079,#7080,#7088,#7096));
#7063 = ORIENTED_EDGE('',*,*,#4695,.F.);
#7064 = ORIENTED_EDGE('',*,*,#7049,.T.);
#7065 = ORIENTED_EDGE('',*,*,#7066,.T.);
#7066 = EDGE_CURVE('',#7042,#7067,#7069,.T.);
#7067 = VERTEX_POINT('',#7068);
#7068 = CARTESIAN_POINT('',(-7.2,0.525,0.46));
#7069 = LINE('',#7070,#7071);
#7070 = CARTESIAN_POINT('',(-7.2,0.525,2.56));
#7071 = VECTOR('',#7072,1.);
#7072 = DIRECTION('',(0.,-1.110223024625E-16,-1.));
#7073 = ORIENTED_EDGE('',*,*,#7074,.F.);
#7074 = EDGE_CURVE('',#4656,#7067,#7075,.T.);
#7075 = LINE('',#7076,#7077);
#7076 = CARTESIAN_POINT('',(-7.2,-2.475,0.46));
#7077 = VECTOR('',#7078,1.);
#7078 = DIRECTION('',(0.,1.,-1.110223024625E-16));
#7079 = ORIENTED_EDGE('',*,*,#4663,.F.);
#7080 = ORIENTED_EDGE('',*,*,#7081,.F.);
#7081 = EDGE_CURVE('',#7082,#4664,#7084,.T.);
#7082 = VERTEX_POINT('',#7083);
#7083 = CARTESIAN_POINT('',(-7.2,-7.5E-02,1.46));
#7084 = LINE('',#7085,#7086);
#7085 = CARTESIAN_POINT('',(-7.2,-2.475,1.46));
#7086 = VECTOR('',#7087,1.);
#7087 = DIRECTION('',(0.,-1.,1.110223024625E-16));
#7088 = ORIENTED_EDGE('',*,*,#7089,.T.);
#7089 = EDGE_CURVE('',#7082,#7090,#7092,.T.);
#7090 = VERTEX_POINT('',#7091);
#7091 = CARTESIAN_POINT('',(-7.2,-7.5E-02,2.06));
#7092 = LINE('',#7093,#7094);
#7093 = CARTESIAN_POINT('',(-7.2,-7.5E-02,2.16));
#7094 = VECTOR('',#7095,1.);
#7095 = DIRECTION('',(0.,1.110223024625E-16,1.));
#7096 = ORIENTED_EDGE('',*,*,#7097,.F.);
#7097 = EDGE_CURVE('',#4688,#7090,#7098,.T.);
#7098 = LINE('',#7099,#7100);
#7099 = CARTESIAN_POINT('',(-7.2,-2.475,2.06));
#7100 = VECTOR('',#7101,1.);
#7101 = DIRECTION('',(0.,1.,-1.110223024625E-16));
#7102 = PLANE('',#7103);
#7103 = AXIS2_PLACEMENT_3D('',#7104,#7105,#7106);
#7104 = CARTESIAN_POINT('',(-7.2,-2.475,2.56));
#7105 = DIRECTION('',(-1.,0.,0.));
#7106 = DIRECTION('',(-0.,-1.110223024625E-16,-1.));
#7107 = ADVANCED_FACE('',(#7108),#7126,.F.);
#7108 = FACE_BOUND('',#7109,.F.);
#7109 = EDGE_LOOP('',(#7110,#7111,#7112,#7120));
#7110 = ORIENTED_EDGE('',*,*,#4687,.F.);
#7111 = ORIENTED_EDGE('',*,*,#7097,.T.);
#7112 = ORIENTED_EDGE('',*,*,#7113,.T.);
#7113 = EDGE_CURVE('',#7090,#7114,#7116,.T.);
#7114 = VERTEX_POINT('',#7115);
#7115 = CARTESIAN_POINT('',(-7.55,-7.5E-02,2.06));
#7116 = LINE('',#7117,#7118);
#7117 = CARTESIAN_POINT('',(7.55,-7.5E-02,2.06));
#7118 = VECTOR('',#7119,1.);
#7119 = DIRECTION('',(-1.,0.,0.));
#7120 = ORIENTED_EDGE('',*,*,#7121,.F.);
#7121 = EDGE_CURVE('',#4680,#7114,#7122,.T.);
#7122 = LINE('',#7123,#7124);
#7123 = CARTESIAN_POINT('',(-7.55,-2.475,2.06));
#7124 = VECTOR('',#7125,1.);
#7125 = DIRECTION('',(0.,1.,-1.110223024625E-16));
#7126 = PLANE('',#7127);
#7127 = AXIS2_PLACEMENT_3D('',#7128,#7129,#7130);
#7128 = CARTESIAN_POINT('',(7.55,-2.475,2.06));
#7129 = DIRECTION('',(0.,1.110223024625E-16,1.));
#7130 = DIRECTION('',(-1.,0.,0.));
#7131 = ADVANCED_FACE('',(#7132),#7150,.F.);
#7132 = FACE_BOUND('',#7133,.F.);
#7133 = EDGE_LOOP('',(#7134,#7135,#7143,#7149));
#7134 = ORIENTED_EDGE('',*,*,#7121,.T.);
#7135 = ORIENTED_EDGE('',*,*,#7136,.T.);
#7136 = EDGE_CURVE('',#7114,#7137,#7139,.T.);
#7137 = VERTEX_POINT('',#7138);
#7138 = CARTESIAN_POINT('',(-7.55,-7.5E-02,1.46));
#7139 = LINE('',#7140,#7141);
#7140 = CARTESIAN_POINT('',(-7.55,-7.5E-02,2.06));
#7141 = VECTOR('',#7142,1.);
#7142 = DIRECTION('',(0.,-1.110223024625E-16,-1.));
#7143 = ORIENTED_EDGE('',*,*,#7144,.F.);
#7144 = EDGE_CURVE('',#4672,#7137,#7145,.T.);
#7145 = LINE('',#7146,#7147);
#7146 = CARTESIAN_POINT('',(-7.55,-2.475,1.46));
#7147 = VECTOR('',#7148,1.);
#7148 = DIRECTION('',(0.,1.,-1.110223024625E-16));
#7149 = ORIENTED_EDGE('',*,*,#4679,.F.);
#7150 = PLANE('',#7151);
#7151 = AXIS2_PLACEMENT_3D('',#7152,#7153,#7154);
#7152 = CARTESIAN_POINT('',(-7.55,-2.475,2.06));
#7153 = DIRECTION('',(-1.,0.,0.));
#7154 = DIRECTION('',(-0.,-1.110223024625E-16,-1.));
#7155 = ADVANCED_FACE('',(#7156),#7167,.F.);
#7156 = FACE_BOUND('',#7157,.F.);
#7157 = EDGE_LOOP('',(#7158,#7159,#7160,#7166));
#7158 = ORIENTED_EDGE('',*,*,#4671,.F.);
#7159 = ORIENTED_EDGE('',*,*,#7144,.T.);
#7160 = ORIENTED_EDGE('',*,*,#7161,.T.);
#7161 = EDGE_CURVE('',#7137,#7082,#7162,.T.);
#7162 = LINE('',#7163,#7164);
#7163 = CARTESIAN_POINT('',(-7.55,-7.5E-02,1.46));
#7164 = VECTOR('',#7165,1.);
#7165 = DIRECTION('',(1.,0.,0.));
#7166 = ORIENTED_EDGE('',*,*,#7081,.T.);
#7167 = PLANE('',#7168);
#7168 = AXIS2_PLACEMENT_3D('',#7169,#7170,#7171);
#7169 = CARTESIAN_POINT('',(-7.55,-2.475,1.46));
#7170 = DIRECTION('',(0.,-1.110223024625E-16,-1.));
#7171 = DIRECTION('',(1.,0.,0.));
#7172 = ADVANCED_FACE('',(#7173),#7184,.F.);
#7173 = FACE_BOUND('',#7174,.F.);
#7174 = EDGE_LOOP('',(#7175,#7176,#7182,#7183));
#7175 = ORIENTED_EDGE('',*,*,#7074,.T.);
#7176 = ORIENTED_EDGE('',*,*,#7177,.T.);
#7177 = EDGE_CURVE('',#7067,#6923,#7178,.T.);
#7178 = LINE('',#7179,#7180);
#7179 = CARTESIAN_POINT('',(-7.2,0.525,0.46));
#7180 = VECTOR('',#7181,1.);
#7181 = DIRECTION('',(1.,0.,0.));
#7182 = ORIENTED_EDGE('',*,*,#6922,.F.);
#7183 = ORIENTED_EDGE('',*,*,#4655,.F.);
#7184 = PLANE('',#7185);
#7185 = AXIS2_PLACEMENT_3D('',#7186,#7187,#7188);
#7186 = CARTESIAN_POINT('',(-7.2,-2.475,0.46));
#7187 = DIRECTION('',(0.,-1.110223024625E-16,-1.));
#7188 = DIRECTION('',(1.,0.,0.));
#7189 = ADVANCED_FACE('',(#7190),#7224,.F.);
#7190 = FACE_BOUND('',#7191,.F.);
#7191 = EDGE_LOOP('',(#7192,#7193,#7201,#7209,#7217,#7223));
#7192 = ORIENTED_EDGE('',*,*,#5241,.T.);
#7193 = ORIENTED_EDGE('',*,*,#7194,.T.);
#7194 = EDGE_CURVE('',#5234,#7195,#7197,.T.);
#7195 = VERTEX_POINT('',#7196);
#7196 = CARTESIAN_POINT('',(7.5,1.225,1.46));
#7197 = LINE('',#7198,#7199);
#7198 = CARTESIAN_POINT('',(7.5,1.775,1.46));
#7199 = VECTOR('',#7200,1.);
#7200 = DIRECTION('',(0.,-1.,1.110223024625E-16));
#7201 = ORIENTED_EDGE('',*,*,#7202,.T.);
#7202 = EDGE_CURVE('',#7195,#7203,#7205,.T.);
#7203 = VERTEX_POINT('',#7204);
#7204 = CARTESIAN_POINT('',(7.5,1.225,2.46));
#7205 = LINE('',#7206,#7207);
#7206 = CARTESIAN_POINT('',(7.5,1.225,1.46));
#7207 = VECTOR('',#7208,1.);
#7208 = DIRECTION('',(0.,1.110223024625E-16,1.));
#7209 = ORIENTED_EDGE('',*,*,#7210,.T.);
#7210 = EDGE_CURVE('',#7203,#7211,#7213,.T.);
#7211 = VERTEX_POINT('',#7212);
#7212 = CARTESIAN_POINT('',(7.5,0.575,2.46));
#7213 = LINE('',#7214,#7215);
#7214 = CARTESIAN_POINT('',(7.5,1.225,2.46));
#7215 = VECTOR('',#7216,1.);
#7216 = DIRECTION('',(0.,-1.,1.110223024625E-16));
#7217 = ORIENTED_EDGE('',*,*,#7218,.T.);
#7218 = EDGE_CURVE('',#7211,#4784,#7219,.T.);
#7219 = LINE('',#7220,#7221);
#7220 = CARTESIAN_POINT('',(7.5,0.575,2.46));
#7221 = VECTOR('',#7222,1.);
#7222 = DIRECTION('',(0.,-0.500421834463,0.865781720524));
#7223 = ORIENTED_EDGE('',*,*,#4791,.T.);
#7224 = PLANE('',#7225);
#7225 = AXIS2_PLACEMENT_3D('',#7226,#7227,#7228);
#7226 = CARTESIAN_POINT('',(7.5,1.22787099059,2.3670284193));
#7227 = DIRECTION('',(-1.,0.,0.));
#7228 = DIRECTION('',(0.,1.,-1.110223024625E-16));
#7229 = ADVANCED_FACE('',(#7230),#7241,.F.);
#7230 = FACE_BOUND('',#7231,.F.);
#7231 = EDGE_LOOP('',(#7232,#7238,#7239,#7240));
#7232 = ORIENTED_EDGE('',*,*,#7233,.T.);
#7233 = EDGE_CURVE('',#7211,#5282,#7234,.T.);
#7234 = LINE('',#7235,#7236);
#7235 = CARTESIAN_POINT('',(7.5,0.575,2.46));
#7236 = VECTOR('',#7237,1.);
#7237 = DIRECTION('',(1.,0.,0.));
#7238 = ORIENTED_EDGE('',*,*,#5289,.T.);
#7239 = ORIENTED_EDGE('',*,*,#4783,.F.);
#7240 = ORIENTED_EDGE('',*,*,#7218,.F.);
#7241 = PLANE('',#7242);
#7242 = AXIS2_PLACEMENT_3D('',#7243,#7244,#7245);
#7243 = CARTESIAN_POINT('',(7.5,0.575,2.46));
#7244 = DIRECTION('',(0.,-0.865781720524,-0.500421834463));
#7245 = DIRECTION('',(0.,-0.500421834463,0.865781720524));
#7246 = ADVANCED_FACE('',(#7247),#7255,.T.);
#7247 = FACE_BOUND('',#7248,.T.);
#7248 = EDGE_LOOP('',(#7249,#7250,#7251,#7252,#7253,#7254));
#7249 = ORIENTED_EDGE('',*,*,#5248,.T.);
#7250 = ORIENTED_EDGE('',*,*,#4885,.T.);
#7251 = ORIENTED_EDGE('',*,*,#4861,.T.);
#7252 = ORIENTED_EDGE('',*,*,#4837,.T.);
#7253 = ORIENTED_EDGE('',*,*,#4813,.T.);
#7254 = ORIENTED_EDGE('',*,*,#4759,.T.);
#7255 = PLANE('',#7256);
#7256 = AXIS2_PLACEMENT_3D('',#7257,#7258,#7259);
#7257 = CARTESIAN_POINT('',(-7.5,1.22787099059,2.3670284193));
#7258 = DIRECTION('',(-1.,0.,0.));
#7259 = DIRECTION('',(0.,1.,-1.110223024625E-16));
#7260 = ADVANCED_FACE('',(#7261),#7272,.F.);
#7261 = FACE_BOUND('',#7262,.F.);
#7262 = EDGE_LOOP('',(#7263,#7264,#7265,#7271));
#7263 = ORIENTED_EDGE('',*,*,#5233,.T.);
#7264 = ORIENTED_EDGE('',*,*,#5265,.T.);
#7265 = ORIENTED_EDGE('',*,*,#7266,.F.);
#7266 = EDGE_CURVE('',#7195,#5266,#7267,.T.);
#7267 = LINE('',#7268,#7269);
#7268 = CARTESIAN_POINT('',(7.5,1.225,1.46));
#7269 = VECTOR('',#7270,1.);
#7270 = DIRECTION('',(1.,0.,0.));
#7271 = ORIENTED_EDGE('',*,*,#7194,.F.);
#7272 = PLANE('',#7273);
#7273 = AXIS2_PLACEMENT_3D('',#7274,#7275,#7276);
#7274 = CARTESIAN_POINT('',(7.5,1.775,1.46));
#7275 = DIRECTION('',(0.,-1.110223024625E-16,-1.));
#7276 = DIRECTION('',(0.,-1.,1.110223024625E-16));
#7277 = ADVANCED_FACE('',(#7278),#7289,.T.);
#7278 = FACE_BOUND('',#7279,.T.);
#7279 = EDGE_LOOP('',(#7280,#7281,#7282,#7288));
#7280 = ORIENTED_EDGE('',*,*,#5210,.T.);
#7281 = ORIENTED_EDGE('',*,*,#6797,.T.);
#7282 = ORIENTED_EDGE('',*,*,#7283,.F.);
#7283 = EDGE_CURVE('',#6741,#6798,#7284,.T.);
#7284 = LINE('',#7285,#7286);
#7285 = CARTESIAN_POINT('',(6.4,2.475,0.2));
#7286 = VECTOR('',#7287,1.);
#7287 = DIRECTION('',(1.,0.,0.));
#7288 = ORIENTED_EDGE('',*,*,#6740,.F.);
#7289 = PLANE('',#7290);
#7290 = AXIS2_PLACEMENT_3D('',#7291,#7292,#7293);
#7291 = CARTESIAN_POINT('',(6.4,1.775,0.2));
#7292 = DIRECTION('',(0.,0.,1.));
#7293 = DIRECTION('',(0.,1.,0.));
#7294 = ADVANCED_FACE('',(#7295),#7306,.T.);
#7295 = FACE_BOUND('',#7296,.T.);
#7296 = EDGE_LOOP('',(#7297,#7298,#7299,#7305));
#7297 = ORIENTED_EDGE('',*,*,#5187,.T.);
#7298 = ORIENTED_EDGE('',*,*,#6700,.T.);
#7299 = ORIENTED_EDGE('',*,*,#7300,.F.);
#7300 = EDGE_CURVE('',#6644,#6701,#7301,.T.);
#7301 = LINE('',#7302,#7303);
#7302 = CARTESIAN_POINT('',(5.4,2.475,0.2));
#7303 = VECTOR('',#7304,1.);
#7304 = DIRECTION('',(1.,0.,0.));
#7305 = ORIENTED_EDGE('',*,*,#6643,.F.);
#7306 = PLANE('',#7307);
#7307 = AXIS2_PLACEMENT_3D('',#7308,#7309,#7310);
#7308 = CARTESIAN_POINT('',(5.4,1.775,0.2));
#7309 = DIRECTION('',(0.,0.,1.));
#7310 = DIRECTION('',(0.,1.,0.));
#7311 = ADVANCED_FACE('',(#7312),#7323,.T.);
#7312 = FACE_BOUND('',#7313,.T.);
#7313 = EDGE_LOOP('',(#7314,#7315,#7316,#7322));
#7314 = ORIENTED_EDGE('',*,*,#5164,.T.);
#7315 = ORIENTED_EDGE('',*,*,#6603,.T.);
#7316 = ORIENTED_EDGE('',*,*,#7317,.F.);
#7317 = EDGE_CURVE('',#6547,#6604,#7318,.T.);
#7318 = LINE('',#7319,#7320);
#7319 = CARTESIAN_POINT('',(4.4,2.475,0.2));
#7320 = VECTOR('',#7321,1.);
#7321 = DIRECTION('',(1.,0.,0.));
#7322 = ORIENTED_EDGE('',*,*,#6546,.F.);
#7323 = PLANE('',#7324);
#7324 = AXIS2_PLACEMENT_3D('',#7325,#7326,#7327);
#7325 = CARTESIAN_POINT('',(4.4,1.775,0.2));
#7326 = DIRECTION('',(0.,0.,1.));
#7327 = DIRECTION('',(0.,1.,0.));
#7328 = ADVANCED_FACE('',(#7329),#7340,.T.);
#7329 = FACE_BOUND('',#7330,.T.);
#7330 = EDGE_LOOP('',(#7331,#7332,#7333,#7339));
#7331 = ORIENTED_EDGE('',*,*,#5141,.T.);
#7332 = ORIENTED_EDGE('',*,*,#6506,.T.);
#7333 = ORIENTED_EDGE('',*,*,#7334,.F.);
#7334 = EDGE_CURVE('',#6450,#6507,#7335,.T.);
#7335 = LINE('',#7336,#7337);
#7336 = CARTESIAN_POINT('',(3.4,2.475,0.2));
#7337 = VECTOR('',#7338,1.);
#7338 = DIRECTION('',(1.,0.,0.));
#7339 = ORIENTED_EDGE('',*,*,#6449,.F.);
#7340 = PLANE('',#7341);
#7341 = AXIS2_PLACEMENT_3D('',#7342,#7343,#7344);
#7342 = CARTESIAN_POINT('',(3.4,1.775,0.2));
#7343 = DIRECTION('',(0.,0.,1.));
#7344 = DIRECTION('',(0.,1.,0.));
#7345 = ADVANCED_FACE('',(#7346),#7357,.T.);
#7346 = FACE_BOUND('',#7347,.T.);
#7347 = EDGE_LOOP('',(#7348,#7349,#7350,#7356));
#7348 = ORIENTED_EDGE('',*,*,#5118,.T.);
#7349 = ORIENTED_EDGE('',*,*,#6409,.T.);
#7350 = ORIENTED_EDGE('',*,*,#7351,.F.);
#7351 = EDGE_CURVE('',#6353,#6410,#7352,.T.);
#7352 = LINE('',#7353,#7354);
#7353 = CARTESIAN_POINT('',(2.4,2.475,0.2));
#7354 = VECTOR('',#7355,1.);
#7355 = DIRECTION('',(1.,0.,0.));
#7356 = ORIENTED_EDGE('',*,*,#6352,.F.);
#7357 = PLANE('',#7358);
#7358 = AXIS2_PLACEMENT_3D('',#7359,#7360,#7361);
#7359 = CARTESIAN_POINT('',(2.4,1.775,0.2));
#7360 = DIRECTION('',(0.,0.,1.));
#7361 = DIRECTION('',(0.,1.,0.));
#7362 = ADVANCED_FACE('',(#7363),#7374,.T.);
#7363 = FACE_BOUND('',#7364,.T.);
#7364 = EDGE_LOOP('',(#7365,#7366,#7367,#7373));
#7365 = ORIENTED_EDGE('',*,*,#5095,.T.);
#7366 = ORIENTED_EDGE('',*,*,#6312,.T.);
#7367 = ORIENTED_EDGE('',*,*,#7368,.F.);
#7368 = EDGE_CURVE('',#6256,#6313,#7369,.T.);
#7369 = LINE('',#7370,#7371);
#7370 = CARTESIAN_POINT('',(1.4,2.475,0.2));
#7371 = VECTOR('',#7372,1.);
#7372 = DIRECTION('',(1.,0.,0.));
#7373 = ORIENTED_EDGE('',*,*,#6255,.F.);
#7374 = PLANE('',#7375);
#7375 = AXIS2_PLACEMENT_3D('',#7376,#7377,#7378);
#7376 = CARTESIAN_POINT('',(1.4,1.775,0.2));
#7377 = DIRECTION('',(0.,0.,1.));
#7378 = DIRECTION('',(0.,1.,0.));
#7379 = ADVANCED_FACE('',(#7380),#7391,.T.);
#7380 = FACE_BOUND('',#7381,.T.);
#7381 = EDGE_LOOP('',(#7382,#7383,#7384,#7390));
#7382 = ORIENTED_EDGE('',*,*,#5072,.T.);
#7383 = ORIENTED_EDGE('',*,*,#6215,.T.);
#7384 = ORIENTED_EDGE('',*,*,#7385,.F.);
#7385 = EDGE_CURVE('',#6159,#6216,#7386,.T.);
#7386 = LINE('',#7387,#7388);
#7387 = CARTESIAN_POINT('',(0.4,2.475,0.2));
#7388 = VECTOR('',#7389,1.);
#7389 = DIRECTION('',(1.,0.,0.));
#7390 = ORIENTED_EDGE('',*,*,#6158,.F.);
#7391 = PLANE('',#7392);
#7392 = AXIS2_PLACEMENT_3D('',#7393,#7394,#7395);
#7393 = CARTESIAN_POINT('',(0.4,1.775,0.2));
#7394 = DIRECTION('',(0.,0.,1.));
#7395 = DIRECTION('',(0.,1.,0.));
#7396 = ADVANCED_FACE('',(#7397),#7408,.T.);
#7397 = FACE_BOUND('',#7398,.T.);
#7398 = EDGE_LOOP('',(#7399,#7400,#7401,#7407));
#7399 = ORIENTED_EDGE('',*,*,#5049,.T.);
#7400 = ORIENTED_EDGE('',*,*,#6118,.T.);
#7401 = ORIENTED_EDGE('',*,*,#7402,.F.);
#7402 = EDGE_CURVE('',#6062,#6119,#7403,.T.);
#7403 = LINE('',#7404,#7405);
#7404 = CARTESIAN_POINT('',(-0.6,2.475,0.2));
#7405 = VECTOR('',#7406,1.);
#7406 = DIRECTION('',(1.,0.,0.));
#7407 = ORIENTED_EDGE('',*,*,#6061,.F.);
#7408 = PLANE('',#7409);
#7409 = AXIS2_PLACEMENT_3D('',#7410,#7411,#7412);
#7410 = CARTESIAN_POINT('',(-0.6,1.775,0.2));
#7411 = DIRECTION('',(0.,0.,1.));
#7412 = DIRECTION('',(0.,1.,0.));
#7413 = ADVANCED_FACE('',(#7414),#7425,.T.);
#7414 = FACE_BOUND('',#7415,.T.);
#7415 = EDGE_LOOP('',(#7416,#7417,#7418,#7424));
#7416 = ORIENTED_EDGE('',*,*,#5026,.T.);
#7417 = ORIENTED_EDGE('',*,*,#6021,.T.);
#7418 = ORIENTED_EDGE('',*,*,#7419,.F.);
#7419 = EDGE_CURVE('',#5965,#6022,#7420,.T.);
#7420 = LINE('',#7421,#7422);
#7421 = CARTESIAN_POINT('',(-1.6,2.475,0.2));
#7422 = VECTOR('',#7423,1.);
#7423 = DIRECTION('',(1.,0.,0.));
#7424 = ORIENTED_EDGE('',*,*,#5964,.F.);
#7425 = PLANE('',#7426);
#7426 = AXIS2_PLACEMENT_3D('',#7427,#7428,#7429);
#7427 = CARTESIAN_POINT('',(-1.6,1.775,0.2));
#7428 = DIRECTION('',(0.,0.,1.));
#7429 = DIRECTION('',(0.,1.,0.));
#7430 = ADVANCED_FACE('',(#7431),#7442,.T.);
#7431 = FACE_BOUND('',#7432,.T.);
#7432 = EDGE_LOOP('',(#7433,#7434,#7435,#7441));
#7433 = ORIENTED_EDGE('',*,*,#5003,.T.);
#7434 = ORIENTED_EDGE('',*,*,#5924,.T.);
#7435 = ORIENTED_EDGE('',*,*,#7436,.F.);
#7436 = EDGE_CURVE('',#5868,#5925,#7437,.T.);
#7437 = LINE('',#7438,#7439);
#7438 = CARTESIAN_POINT('',(-2.6,2.475,0.2));
#7439 = VECTOR('',#7440,1.);
#7440 = DIRECTION('',(1.,0.,0.));
#7441 = ORIENTED_EDGE('',*,*,#5867,.F.);
#7442 = PLANE('',#7443);
#7443 = AXIS2_PLACEMENT_3D('',#7444,#7445,#7446);
#7444 = CARTESIAN_POINT('',(-2.6,1.775,0.2));
#7445 = DIRECTION('',(0.,0.,1.));
#7446 = DIRECTION('',(0.,1.,0.));
#7447 = ADVANCED_FACE('',(#7448),#7459,.T.);
#7448 = FACE_BOUND('',#7449,.T.);
#7449 = EDGE_LOOP('',(#7450,#7451,#7452,#7458));
#7450 = ORIENTED_EDGE('',*,*,#4980,.T.);
#7451 = ORIENTED_EDGE('',*,*,#5827,.T.);
#7452 = ORIENTED_EDGE('',*,*,#7453,.F.);
#7453 = EDGE_CURVE('',#5771,#5828,#7454,.T.);
#7454 = LINE('',#7455,#7456);
#7455 = CARTESIAN_POINT('',(-3.6,2.475,0.2));
#7456 = VECTOR('',#7457,1.);
#7457 = DIRECTION('',(1.,0.,0.));
#7458 = ORIENTED_EDGE('',*,*,#5770,.F.);
#7459 = PLANE('',#7460);
#7460 = AXIS2_PLACEMENT_3D('',#7461,#7462,#7463);
#7461 = CARTESIAN_POINT('',(-3.6,1.775,0.2));
#7462 = DIRECTION('',(0.,0.,1.));
#7463 = DIRECTION('',(0.,1.,0.));
#7464 = ADVANCED_FACE('',(#7465),#7476,.T.);
#7465 = FACE_BOUND('',#7466,.T.);
#7466 = EDGE_LOOP('',(#7467,#7468,#7469,#7475));
#7467 = ORIENTED_EDGE('',*,*,#4957,.T.);
#7468 = ORIENTED_EDGE('',*,*,#5730,.T.);
#7469 = ORIENTED_EDGE('',*,*,#7470,.F.);
#7470 = EDGE_CURVE('',#5674,#5731,#7471,.T.);
#7471 = LINE('',#7472,#7473);
#7472 = CARTESIAN_POINT('',(-4.6,2.475,0.2));
#7473 = VECTOR('',#7474,1.);
#7474 = DIRECTION('',(1.,0.,0.));
#7475 = ORIENTED_EDGE('',*,*,#5673,.F.);
#7476 = PLANE('',#7477);
#7477 = AXIS2_PLACEMENT_3D('',#7478,#7479,#7480);
#7478 = CARTESIAN_POINT('',(-4.6,1.775,0.2));
#7479 = DIRECTION('',(0.,0.,1.));
#7480 = DIRECTION('',(0.,1.,0.));
#7481 = ADVANCED_FACE('',(#7482),#7493,.T.);
#7482 = FACE_BOUND('',#7483,.T.);
#7483 = EDGE_LOOP('',(#7484,#7485,#7486,#7492));
#7484 = ORIENTED_EDGE('',*,*,#4934,.T.);
#7485 = ORIENTED_EDGE('',*,*,#5633,.T.);
#7486 = ORIENTED_EDGE('',*,*,#7487,.F.);
#7487 = EDGE_CURVE('',#5577,#5634,#7488,.T.);
#7488 = LINE('',#7489,#7490);
#7489 = CARTESIAN_POINT('',(-5.6,2.475,0.2));
#7490 = VECTOR('',#7491,1.);
#7491 = DIRECTION('',(1.,0.,0.));
#7492 = ORIENTED_EDGE('',*,*,#5576,.F.);
#7493 = PLANE('',#7494);
#7494 = AXIS2_PLACEMENT_3D('',#7495,#7496,#7497);
#7495 = CARTESIAN_POINT('',(-5.6,1.775,0.2));
#7496 = DIRECTION('',(0.,0.,1.));
#7497 = DIRECTION('',(0.,1.,0.));
#7498 = ADVANCED_FACE('',(#7499),#7510,.T.);
#7499 = FACE_BOUND('',#7500,.T.);
#7500 = EDGE_LOOP('',(#7501,#7502,#7503,#7509));
#7501 = ORIENTED_EDGE('',*,*,#4911,.T.);
#7502 = ORIENTED_EDGE('',*,*,#5536,.T.);
#7503 = ORIENTED_EDGE('',*,*,#7504,.F.);
#7504 = EDGE_CURVE('',#5480,#5537,#7505,.T.);
#7505 = LINE('',#7506,#7507);
#7506 = CARTESIAN_POINT('',(-6.6,2.475,0.2));
#7507 = VECTOR('',#7508,1.);
#7508 = DIRECTION('',(1.,0.,0.));
#7509 = ORIENTED_EDGE('',*,*,#5479,.F.);
#7510 = PLANE('',#7511);
#7511 = AXIS2_PLACEMENT_3D('',#7512,#7513,#7514);
#7512 = CARTESIAN_POINT('',(-6.6,1.775,0.2));
#7513 = DIRECTION('',(0.,0.,1.));
#7514 = DIRECTION('',(0.,1.,0.));
#7515 = ADVANCED_FACE('',(#7516),#7534,.F.);
#7516 = FACE_BOUND('',#7517,.F.);
#7517 = EDGE_LOOP('',(#7518,#7526,#7532,#7533));
#7518 = ORIENTED_EDGE('',*,*,#7519,.F.);
#7519 = EDGE_CURVE('',#7520,#5336,#7522,.T.);
#7520 = VERTEX_POINT('',#7521);
#7521 = CARTESIAN_POINT('',(7.7,-1.975,0.61));
#7522 = LINE('',#7523,#7524);
#7523 = CARTESIAN_POINT('',(7.7,-1.975,0.61));
#7524 = VECTOR('',#7525,1.);
#7525 = DIRECTION('',(0.,1.,0.));
#7526 = ORIENTED_EDGE('',*,*,#7527,.T.);
#7527 = EDGE_CURVE('',#7520,#5306,#7528,.T.);
#7528 = LINE('',#7529,#7530);
#7529 = CARTESIAN_POINT('',(7.5,-1.975,0.61));
#7530 = VECTOR('',#7531,1.);
#7531 = DIRECTION('',(1.,0.,0.));
#7532 = ORIENTED_EDGE('',*,*,#5313,.T.);
#7533 = ORIENTED_EDGE('',*,*,#5343,.F.);
#7534 = PLANE('',#7535);
#7535 = AXIS2_PLACEMENT_3D('',#7536,#7537,#7538);
#7536 = CARTESIAN_POINT('',(7.5,-1.975,0.61));
#7537 = DIRECTION('',(0.,1.110223024625E-16,1.));
#7538 = DIRECTION('',(0.,1.,-1.110223024625E-16));
#7539 = ADVANCED_FACE('',(#7540),#7551,.F.);
#7540 = FACE_BOUND('',#7541,.F.);
#7541 = EDGE_LOOP('',(#7542,#7548,#7549,#7550));
#7542 = ORIENTED_EDGE('',*,*,#7543,.F.);
#7543 = EDGE_CURVE('',#6898,#7520,#7544,.T.);
#7544 = LINE('',#7545,#7546);
#7545 = CARTESIAN_POINT('',(7.7,-1.975,1.26));
#7546 = VECTOR('',#7547,1.);
#7547 = DIRECTION('',(0.,0.,-1.));
#7548 = ORIENTED_EDGE('',*,*,#6907,.T.);
#7549 = ORIENTED_EDGE('',*,*,#5305,.T.);
#7550 = ORIENTED_EDGE('',*,*,#7527,.F.);
#7551 = PLANE('',#7552);
#7552 = AXIS2_PLACEMENT_3D('',#7553,#7554,#7555);
#7553 = CARTESIAN_POINT('',(7.5,-1.975,1.26));
#7554 = DIRECTION('',(0.,1.,-1.110223024625E-16));
#7555 = DIRECTION('',(0.,-1.110223024625E-16,-1.));
#7556 = ADVANCED_FACE('',(#7557),#7568,.F.);
#7557 = FACE_BOUND('',#7558,.F.);
#7558 = EDGE_LOOP('',(#7559,#7565,#7566,#7567));
#7559 = ORIENTED_EDGE('',*,*,#7560,.T.);
#7560 = EDGE_CURVE('',#7203,#5274,#7561,.T.);
#7561 = LINE('',#7562,#7563);
#7562 = CARTESIAN_POINT('',(7.5,1.225,2.46));
#7563 = VECTOR('',#7564,1.);
#7564 = DIRECTION('',(1.,0.,0.));
#7565 = ORIENTED_EDGE('',*,*,#5281,.T.);
#7566 = ORIENTED_EDGE('',*,*,#7233,.F.);
#7567 = ORIENTED_EDGE('',*,*,#7210,.F.);
#7568 = PLANE('',#7569);
#7569 = AXIS2_PLACEMENT_3D('',#7570,#7571,#7572);
#7570 = CARTESIAN_POINT('',(7.5,1.225,2.46));
#7571 = DIRECTION('',(0.,-1.110223024625E-16,-1.));
#7572 = DIRECTION('',(0.,-1.,1.110223024625E-16));
#7573 = ADVANCED_FACE('',(#7574),#7580,.F.);
#7574 = FACE_BOUND('',#7575,.F.);
#7575 = EDGE_LOOP('',(#7576,#7577,#7578,#7579));
#7576 = ORIENTED_EDGE('',*,*,#7266,.T.);
#7577 = ORIENTED_EDGE('',*,*,#5273,.T.);
#7578 = ORIENTED_EDGE('',*,*,#7560,.F.);
#7579 = ORIENTED_EDGE('',*,*,#7202,.F.);
#7580 = PLANE('',#7581);
#7581 = AXIS2_PLACEMENT_3D('',#7582,#7583,#7584);
#7582 = CARTESIAN_POINT('',(7.5,1.225,1.46));
#7583 = DIRECTION('',(0.,-1.,1.110223024625E-16));
#7584 = DIRECTION('',(0.,1.110223024625E-16,1.));
#7585 = ADVANCED_FACE('',(#7586),#7600,.F.);
#7586 = FACE_BOUND('',#7587,.F.);
#7587 = EDGE_LOOP('',(#7588,#7589,#7590,#7591,#7592,#7593,#7594));
#7588 = ORIENTED_EDGE('',*,*,#6880,.T.);
#7589 = ORIENTED_EDGE('',*,*,#6897,.T.);
#7590 = ORIENTED_EDGE('',*,*,#7543,.T.);
#7591 = ORIENTED_EDGE('',*,*,#7519,.T.);
#7592 = ORIENTED_EDGE('',*,*,#5335,.T.);
#7593 = ORIENTED_EDGE('',*,*,#5368,.T.);
#7594 = ORIENTED_EDGE('',*,*,#7595,.T.);
#7595 = EDGE_CURVE('',#5369,#6873,#7596,.T.);
#7596 = LINE('',#7597,#7598);
#7597 = CARTESIAN_POINT('',(7.7,-0.975,1.E-02));
#7598 = VECTOR('',#7599,1.);
#7599 = DIRECTION('',(0.,-1.,-5.782411586589E-18));
#7600 = PLANE('',#7601);
#7601 = AXIS2_PLACEMENT_3D('',#7602,#7603,#7604);
#7602 = CARTESIAN_POINT('',(7.7,-1.843181818182,0.516818181818));
#7603 = DIRECTION('',(-1.,-0.,-0.));
#7604 = DIRECTION('',(0.,0.,-1.));
#7605 = ADVANCED_FACE('',(#7606),#7612,.T.);
#7606 = FACE_BOUND('',#7607,.T.);
#7607 = EDGE_LOOP('',(#7608,#7609,#7610,#7611));
#7608 = ORIENTED_EDGE('',*,*,#5376,.T.);
#7609 = ORIENTED_EDGE('',*,*,#7595,.T.);
#7610 = ORIENTED_EDGE('',*,*,#6872,.F.);
#7611 = ORIENTED_EDGE('',*,*,#5390,.F.);
#7612 = PLANE('',#7613);
#7613 = AXIS2_PLACEMENT_3D('',#7614,#7615,#7616);
#7614 = CARTESIAN_POINT('',(7.5,-0.975,1.E-02));
#7615 = DIRECTION('',(0.,5.782411586589E-18,-1.));
#7616 = DIRECTION('',(0.,-1.,-5.782411586589E-18));
#7617 = ADVANCED_FACE('',(#7618),#7624,.T.);
#7618 = FACE_BOUND('',#7619,.T.);
#7619 = EDGE_LOOP('',(#7620,#7621,#7622,#7623));
#7620 = ORIENTED_EDGE('',*,*,#5455,.T.);
#7621 = ORIENTED_EDGE('',*,*,#5414,.T.);
#7622 = ORIENTED_EDGE('',*,*,#6854,.F.);
#7623 = ORIENTED_EDGE('',*,*,#6840,.F.);
#7624 = PLANE('',#7625);
#7625 = AXIS2_PLACEMENT_3D('',#7626,#7627,#7628);
#7626 = CARTESIAN_POINT('',(-7.7,-0.975,1.E-02));
#7627 = DIRECTION('',(0.,5.782411586589E-18,-1.));
#7628 = DIRECTION('',(0.,-1.,-5.782411586589E-18));
#7629 = ADVANCED_FACE('',(#7630),#7641,.T.);
#7630 = FACE_BOUND('',#7631,.T.);
#7631 = EDGE_LOOP('',(#7632,#7633,#7634,#7640));
#7632 = ORIENTED_EDGE('',*,*,#7504,.T.);
#7633 = ORIENTED_EDGE('',*,*,#5544,.T.);
#7634 = ORIENTED_EDGE('',*,*,#7635,.F.);
#7635 = EDGE_CURVE('',#5488,#5545,#7636,.T.);
#7636 = LINE('',#7637,#7638);
#7637 = CARTESIAN_POINT('',(-6.6,2.475,0.));
#7638 = VECTOR('',#7639,1.);
#7639 = DIRECTION('',(1.,0.,0.));
#7640 = ORIENTED_EDGE('',*,*,#5487,.F.);
#7641 = PLANE('',#7642);
#7642 = AXIS2_PLACEMENT_3D('',#7643,#7644,#7645);
#7643 = CARTESIAN_POINT('',(-6.6,2.475,0.2));
#7644 = DIRECTION('',(0.,1.,0.));
#7645 = DIRECTION('',(0.,0.,-1.));
#7646 = ADVANCED_FACE('',(#7647),#7653,.T.);
#7647 = FACE_BOUND('',#7648,.T.);
#7648 = EDGE_LOOP('',(#7649,#7650,#7651,#7652));
#7649 = ORIENTED_EDGE('',*,*,#7635,.T.);
#7650 = ORIENTED_EDGE('',*,*,#5552,.T.);
#7651 = ORIENTED_EDGE('',*,*,#5509,.F.);
#7652 = ORIENTED_EDGE('',*,*,#5495,.F.);
#7653 = PLANE('',#7654);
#7654 = AXIS2_PLACEMENT_3D('',#7655,#7656,#7657);
#7655 = CARTESIAN_POINT('',(-6.6,2.475,0.));
#7656 = DIRECTION('',(0.,0.,-1.));
#7657 = DIRECTION('',(0.,-1.,0.));
#7658 = ADVANCED_FACE('',(#7659),#7670,.T.);
#7659 = FACE_BOUND('',#7660,.T.);
#7660 = EDGE_LOOP('',(#7661,#7662,#7663,#7669));
#7661 = ORIENTED_EDGE('',*,*,#7487,.T.);
#7662 = ORIENTED_EDGE('',*,*,#5641,.T.);
#7663 = ORIENTED_EDGE('',*,*,#7664,.F.);
#7664 = EDGE_CURVE('',#5585,#5642,#7665,.T.);
#7665 = LINE('',#7666,#7667);
#7666 = CARTESIAN_POINT('',(-5.6,2.475,0.));
#7667 = VECTOR('',#7668,1.);
#7668 = DIRECTION('',(1.,0.,0.));
#7669 = ORIENTED_EDGE('',*,*,#5584,.F.);
#7670 = PLANE('',#7671);
#7671 = AXIS2_PLACEMENT_3D('',#7672,#7673,#7674);
#7672 = CARTESIAN_POINT('',(-5.6,2.475,0.2));
#7673 = DIRECTION('',(0.,1.,0.));
#7674 = DIRECTION('',(0.,0.,-1.));
#7675 = ADVANCED_FACE('',(#7676),#7682,.T.);
#7676 = FACE_BOUND('',#7677,.T.);
#7677 = EDGE_LOOP('',(#7678,#7679,#7680,#7681));
#7678 = ORIENTED_EDGE('',*,*,#7664,.T.);
#7679 = ORIENTED_EDGE('',*,*,#5649,.T.);
#7680 = ORIENTED_EDGE('',*,*,#5606,.F.);
#7681 = ORIENTED_EDGE('',*,*,#5592,.F.);
#7682 = PLANE('',#7683);
#7683 = AXIS2_PLACEMENT_3D('',#7684,#7685,#7686);
#7684 = CARTESIAN_POINT('',(-5.6,2.475,0.));
#7685 = DIRECTION('',(0.,0.,-1.));
#7686 = DIRECTION('',(0.,-1.,0.));
#7687 = ADVANCED_FACE('',(#7688),#7699,.T.);
#7688 = FACE_BOUND('',#7689,.T.);
#7689 = EDGE_LOOP('',(#7690,#7691,#7692,#7698));
#7690 = ORIENTED_EDGE('',*,*,#7470,.T.);
#7691 = ORIENTED_EDGE('',*,*,#5738,.T.);
#7692 = ORIENTED_EDGE('',*,*,#7693,.F.);
#7693 = EDGE_CURVE('',#5682,#5739,#7694,.T.);
#7694 = LINE('',#7695,#7696);
#7695 = CARTESIAN_POINT('',(-4.6,2.475,0.));
#7696 = VECTOR('',#7697,1.);
#7697 = DIRECTION('',(1.,0.,0.));
#7698 = ORIENTED_EDGE('',*,*,#5681,.F.);
#7699 = PLANE('',#7700);
#7700 = AXIS2_PLACEMENT_3D('',#7701,#7702,#7703);
#7701 = CARTESIAN_POINT('',(-4.6,2.475,0.2));
#7702 = DIRECTION('',(0.,1.,0.));
#7703 = DIRECTION('',(0.,0.,-1.));
#7704 = ADVANCED_FACE('',(#7705),#7711,.T.);
#7705 = FACE_BOUND('',#7706,.T.);
#7706 = EDGE_LOOP('',(#7707,#7708,#7709,#7710));
#7707 = ORIENTED_EDGE('',*,*,#7693,.T.);
#7708 = ORIENTED_EDGE('',*,*,#5746,.T.);
#7709 = ORIENTED_EDGE('',*,*,#5703,.F.);
#7710 = ORIENTED_EDGE('',*,*,#5689,.F.);
#7711 = PLANE('',#7712);
#7712 = AXIS2_PLACEMENT_3D('',#7713,#7714,#7715);
#7713 = CARTESIAN_POINT('',(-4.6,2.475,0.));
#7714 = DIRECTION('',(0.,0.,-1.));
#7715 = DIRECTION('',(0.,-1.,0.));
#7716 = ADVANCED_FACE('',(#7717),#7728,.T.);
#7717 = FACE_BOUND('',#7718,.T.);
#7718 = EDGE_LOOP('',(#7719,#7720,#7721,#7727));
#7719 = ORIENTED_EDGE('',*,*,#7453,.T.);
#7720 = ORIENTED_EDGE('',*,*,#5835,.T.);
#7721 = ORIENTED_EDGE('',*,*,#7722,.F.);
#7722 = EDGE_CURVE('',#5779,#5836,#7723,.T.);
#7723 = LINE('',#7724,#7725);
#7724 = CARTESIAN_POINT('',(-3.6,2.475,0.));
#7725 = VECTOR('',#7726,1.);
#7726 = DIRECTION('',(1.,0.,0.));
#7727 = ORIENTED_EDGE('',*,*,#5778,.F.);
#7728 = PLANE('',#7729);
#7729 = AXIS2_PLACEMENT_3D('',#7730,#7731,#7732);
#7730 = CARTESIAN_POINT('',(-3.6,2.475,0.2));
#7731 = DIRECTION('',(0.,1.,0.));
#7732 = DIRECTION('',(0.,0.,-1.));
#7733 = ADVANCED_FACE('',(#7734),#7740,.T.);
#7734 = FACE_BOUND('',#7735,.T.);
#7735 = EDGE_LOOP('',(#7736,#7737,#7738,#7739));
#7736 = ORIENTED_EDGE('',*,*,#7722,.T.);
#7737 = ORIENTED_EDGE('',*,*,#5843,.T.);
#7738 = ORIENTED_EDGE('',*,*,#5800,.F.);
#7739 = ORIENTED_EDGE('',*,*,#5786,.F.);
#7740 = PLANE('',#7741);
#7741 = AXIS2_PLACEMENT_3D('',#7742,#7743,#7744);
#7742 = CARTESIAN_POINT('',(-3.6,2.475,0.));
#7743 = DIRECTION('',(0.,0.,-1.));
#7744 = DIRECTION('',(0.,-1.,0.));
#7745 = ADVANCED_FACE('',(#7746),#7757,.T.);
#7746 = FACE_BOUND('',#7747,.T.);
#7747 = EDGE_LOOP('',(#7748,#7749,#7750,#7756));
#7748 = ORIENTED_EDGE('',*,*,#7436,.T.);
#7749 = ORIENTED_EDGE('',*,*,#5932,.T.);
#7750 = ORIENTED_EDGE('',*,*,#7751,.F.);
#7751 = EDGE_CURVE('',#5876,#5933,#7752,.T.);
#7752 = LINE('',#7753,#7754);
#7753 = CARTESIAN_POINT('',(-2.6,2.475,0.));
#7754 = VECTOR('',#7755,1.);
#7755 = DIRECTION('',(1.,0.,0.));
#7756 = ORIENTED_EDGE('',*,*,#5875,.F.);
#7757 = PLANE('',#7758);
#7758 = AXIS2_PLACEMENT_3D('',#7759,#7760,#7761);
#7759 = CARTESIAN_POINT('',(-2.6,2.475,0.2));
#7760 = DIRECTION('',(0.,1.,0.));
#7761 = DIRECTION('',(0.,0.,-1.));
#7762 = ADVANCED_FACE('',(#7763),#7769,.T.);
#7763 = FACE_BOUND('',#7764,.T.);
#7764 = EDGE_LOOP('',(#7765,#7766,#7767,#7768));
#7765 = ORIENTED_EDGE('',*,*,#7751,.T.);
#7766 = ORIENTED_EDGE('',*,*,#5940,.T.);
#7767 = ORIENTED_EDGE('',*,*,#5897,.F.);
#7768 = ORIENTED_EDGE('',*,*,#5883,.F.);
#7769 = PLANE('',#7770);
#7770 = AXIS2_PLACEMENT_3D('',#7771,#7772,#7773);
#7771 = CARTESIAN_POINT('',(-2.6,2.475,0.));
#7772 = DIRECTION('',(0.,0.,-1.));
#7773 = DIRECTION('',(0.,-1.,0.));
#7774 = ADVANCED_FACE('',(#7775),#7786,.T.);
#7775 = FACE_BOUND('',#7776,.T.);
#7776 = EDGE_LOOP('',(#7777,#7778,#7779,#7785));
#7777 = ORIENTED_EDGE('',*,*,#7419,.T.);
#7778 = ORIENTED_EDGE('',*,*,#6029,.T.);
#7779 = ORIENTED_EDGE('',*,*,#7780,.F.);
#7780 = EDGE_CURVE('',#5973,#6030,#7781,.T.);
#7781 = LINE('',#7782,#7783);
#7782 = CARTESIAN_POINT('',(-1.6,2.475,0.));
#7783 = VECTOR('',#7784,1.);
#7784 = DIRECTION('',(1.,0.,0.));
#7785 = ORIENTED_EDGE('',*,*,#5972,.F.);
#7786 = PLANE('',#7787);
#7787 = AXIS2_PLACEMENT_3D('',#7788,#7789,#7790);
#7788 = CARTESIAN_POINT('',(-1.6,2.475,0.2));
#7789 = DIRECTION('',(0.,1.,0.));
#7790 = DIRECTION('',(0.,0.,-1.));
#7791 = ADVANCED_FACE('',(#7792),#7798,.T.);
#7792 = FACE_BOUND('',#7793,.T.);
#7793 = EDGE_LOOP('',(#7794,#7795,#7796,#7797));
#7794 = ORIENTED_EDGE('',*,*,#7780,.T.);
#7795 = ORIENTED_EDGE('',*,*,#6037,.T.);
#7796 = ORIENTED_EDGE('',*,*,#5994,.F.);
#7797 = ORIENTED_EDGE('',*,*,#5980,.F.);
#7798 = PLANE('',#7799);
#7799 = AXIS2_PLACEMENT_3D('',#7800,#7801,#7802);
#7800 = CARTESIAN_POINT('',(-1.6,2.475,0.));
#7801 = DIRECTION('',(0.,0.,-1.));
#7802 = DIRECTION('',(0.,-1.,0.));
#7803 = ADVANCED_FACE('',(#7804),#7815,.T.);
#7804 = FACE_BOUND('',#7805,.T.);
#7805 = EDGE_LOOP('',(#7806,#7807,#7808,#7814));
#7806 = ORIENTED_EDGE('',*,*,#7402,.T.);
#7807 = ORIENTED_EDGE('',*,*,#6126,.T.);
#7808 = ORIENTED_EDGE('',*,*,#7809,.F.);
#7809 = EDGE_CURVE('',#6070,#6127,#7810,.T.);
#7810 = LINE('',#7811,#7812);
#7811 = CARTESIAN_POINT('',(-0.6,2.475,0.));
#7812 = VECTOR('',#7813,1.);
#7813 = DIRECTION('',(1.,0.,0.));
#7814 = ORIENTED_EDGE('',*,*,#6069,.F.);
#7815 = PLANE('',#7816);
#7816 = AXIS2_PLACEMENT_3D('',#7817,#7818,#7819);
#7817 = CARTESIAN_POINT('',(-0.6,2.475,0.2));
#7818 = DIRECTION('',(0.,1.,0.));
#7819 = DIRECTION('',(0.,0.,-1.));
#7820 = ADVANCED_FACE('',(#7821),#7827,.T.);
#7821 = FACE_BOUND('',#7822,.T.);
#7822 = EDGE_LOOP('',(#7823,#7824,#7825,#7826));
#7823 = ORIENTED_EDGE('',*,*,#7809,.T.);
#7824 = ORIENTED_EDGE('',*,*,#6134,.T.);
#7825 = ORIENTED_EDGE('',*,*,#6091,.F.);
#7826 = ORIENTED_EDGE('',*,*,#6077,.F.);
#7827 = PLANE('',#7828);
#7828 = AXIS2_PLACEMENT_3D('',#7829,#7830,#7831);
#7829 = CARTESIAN_POINT('',(-0.6,2.475,0.));
#7830 = DIRECTION('',(0.,0.,-1.));
#7831 = DIRECTION('',(0.,-1.,0.));
#7832 = ADVANCED_FACE('',(#7833),#7844,.T.);
#7833 = FACE_BOUND('',#7834,.T.);
#7834 = EDGE_LOOP('',(#7835,#7836,#7837,#7843));
#7835 = ORIENTED_EDGE('',*,*,#7385,.T.);
#7836 = ORIENTED_EDGE('',*,*,#6223,.T.);
#7837 = ORIENTED_EDGE('',*,*,#7838,.F.);
#7838 = EDGE_CURVE('',#6167,#6224,#7839,.T.);
#7839 = LINE('',#7840,#7841);
#7840 = CARTESIAN_POINT('',(0.4,2.475,0.));
#7841 = VECTOR('',#7842,1.);
#7842 = DIRECTION('',(1.,0.,0.));
#7843 = ORIENTED_EDGE('',*,*,#6166,.F.);
#7844 = PLANE('',#7845);
#7845 = AXIS2_PLACEMENT_3D('',#7846,#7847,#7848);
#7846 = CARTESIAN_POINT('',(0.4,2.475,0.2));
#7847 = DIRECTION('',(0.,1.,0.));
#7848 = DIRECTION('',(0.,0.,-1.));
#7849 = ADVANCED_FACE('',(#7850),#7856,.T.);
#7850 = FACE_BOUND('',#7851,.T.);
#7851 = EDGE_LOOP('',(#7852,#7853,#7854,#7855));
#7852 = ORIENTED_EDGE('',*,*,#7838,.T.);
#7853 = ORIENTED_EDGE('',*,*,#6231,.T.);
#7854 = ORIENTED_EDGE('',*,*,#6188,.F.);
#7855 = ORIENTED_EDGE('',*,*,#6174,.F.);
#7856 = PLANE('',#7857);
#7857 = AXIS2_PLACEMENT_3D('',#7858,#7859,#7860);
#7858 = CARTESIAN_POINT('',(0.4,2.475,0.));
#7859 = DIRECTION('',(0.,0.,-1.));
#7860 = DIRECTION('',(0.,-1.,0.));
#7861 = ADVANCED_FACE('',(#7862),#7873,.T.);
#7862 = FACE_BOUND('',#7863,.T.);
#7863 = EDGE_LOOP('',(#7864,#7865,#7866,#7872));
#7864 = ORIENTED_EDGE('',*,*,#7368,.T.);
#7865 = ORIENTED_EDGE('',*,*,#6320,.T.);
#7866 = ORIENTED_EDGE('',*,*,#7867,.F.);
#7867 = EDGE_CURVE('',#6264,#6321,#7868,.T.);
#7868 = LINE('',#7869,#7870);
#7869 = CARTESIAN_POINT('',(1.4,2.475,0.));
#7870 = VECTOR('',#7871,1.);
#7871 = DIRECTION('',(1.,0.,0.));
#7872 = ORIENTED_EDGE('',*,*,#6263,.F.);
#7873 = PLANE('',#7874);
#7874 = AXIS2_PLACEMENT_3D('',#7875,#7876,#7877);
#7875 = CARTESIAN_POINT('',(1.4,2.475,0.2));
#7876 = DIRECTION('',(0.,1.,0.));
#7877 = DIRECTION('',(0.,0.,-1.));
#7878 = ADVANCED_FACE('',(#7879),#7885,.T.);
#7879 = FACE_BOUND('',#7880,.T.);
#7880 = EDGE_LOOP('',(#7881,#7882,#7883,#7884));
#7881 = ORIENTED_EDGE('',*,*,#7867,.T.);
#7882 = ORIENTED_EDGE('',*,*,#6328,.T.);
#7883 = ORIENTED_EDGE('',*,*,#6285,.F.);
#7884 = ORIENTED_EDGE('',*,*,#6271,.F.);
#7885 = PLANE('',#7886);
#7886 = AXIS2_PLACEMENT_3D('',#7887,#7888,#7889);
#7887 = CARTESIAN_POINT('',(1.4,2.475,0.));
#7888 = DIRECTION('',(0.,0.,-1.));
#7889 = DIRECTION('',(0.,-1.,0.));
#7890 = ADVANCED_FACE('',(#7891),#7902,.T.);
#7891 = FACE_BOUND('',#7892,.T.);
#7892 = EDGE_LOOP('',(#7893,#7894,#7895,#7901));
#7893 = ORIENTED_EDGE('',*,*,#7351,.T.);
#7894 = ORIENTED_EDGE('',*,*,#6417,.T.);
#7895 = ORIENTED_EDGE('',*,*,#7896,.F.);
#7896 = EDGE_CURVE('',#6361,#6418,#7897,.T.);
#7897 = LINE('',#7898,#7899);
#7898 = CARTESIAN_POINT('',(2.4,2.475,0.));
#7899 = VECTOR('',#7900,1.);
#7900 = DIRECTION('',(1.,0.,0.));
#7901 = ORIENTED_EDGE('',*,*,#6360,.F.);
#7902 = PLANE('',#7903);
#7903 = AXIS2_PLACEMENT_3D('',#7904,#7905,#7906);
#7904 = CARTESIAN_POINT('',(2.4,2.475,0.2));
#7905 = DIRECTION('',(0.,1.,0.));
#7906 = DIRECTION('',(0.,0.,-1.));
#7907 = ADVANCED_FACE('',(#7908),#7914,.T.);
#7908 = FACE_BOUND('',#7909,.T.);
#7909 = EDGE_LOOP('',(#7910,#7911,#7912,#7913));
#7910 = ORIENTED_EDGE('',*,*,#7896,.T.);
#7911 = ORIENTED_EDGE('',*,*,#6425,.T.);
#7912 = ORIENTED_EDGE('',*,*,#6382,.F.);
#7913 = ORIENTED_EDGE('',*,*,#6368,.F.);
#7914 = PLANE('',#7915);
#7915 = AXIS2_PLACEMENT_3D('',#7916,#7917,#7918);
#7916 = CARTESIAN_POINT('',(2.4,2.475,0.));
#7917 = DIRECTION('',(0.,0.,-1.));
#7918 = DIRECTION('',(0.,-1.,0.));
#7919 = ADVANCED_FACE('',(#7920),#7931,.T.);
#7920 = FACE_BOUND('',#7921,.T.);
#7921 = EDGE_LOOP('',(#7922,#7923,#7924,#7930));
#7922 = ORIENTED_EDGE('',*,*,#7334,.T.);
#7923 = ORIENTED_EDGE('',*,*,#6514,.T.);
#7924 = ORIENTED_EDGE('',*,*,#7925,.F.);
#7925 = EDGE_CURVE('',#6458,#6515,#7926,.T.);
#7926 = LINE('',#7927,#7928);
#7927 = CARTESIAN_POINT('',(3.4,2.475,0.));
#7928 = VECTOR('',#7929,1.);
#7929 = DIRECTION('',(1.,0.,0.));
#7930 = ORIENTED_EDGE('',*,*,#6457,.F.);
#7931 = PLANE('',#7932);
#7932 = AXIS2_PLACEMENT_3D('',#7933,#7934,#7935);
#7933 = CARTESIAN_POINT('',(3.4,2.475,0.2));
#7934 = DIRECTION('',(0.,1.,0.));
#7935 = DIRECTION('',(0.,0.,-1.));
#7936 = ADVANCED_FACE('',(#7937),#7943,.T.);
#7937 = FACE_BOUND('',#7938,.T.);
#7938 = EDGE_LOOP('',(#7939,#7940,#7941,#7942));
#7939 = ORIENTED_EDGE('',*,*,#7925,.T.);
#7940 = ORIENTED_EDGE('',*,*,#6522,.T.);
#7941 = ORIENTED_EDGE('',*,*,#6479,.F.);
#7942 = ORIENTED_EDGE('',*,*,#6465,.F.);
#7943 = PLANE('',#7944);
#7944 = AXIS2_PLACEMENT_3D('',#7945,#7946,#7947);
#7945 = CARTESIAN_POINT('',(3.4,2.475,0.));
#7946 = DIRECTION('',(0.,0.,-1.));
#7947 = DIRECTION('',(0.,-1.,0.));
#7948 = ADVANCED_FACE('',(#7949),#7960,.T.);
#7949 = FACE_BOUND('',#7950,.T.);
#7950 = EDGE_LOOP('',(#7951,#7952,#7953,#7959));
#7951 = ORIENTED_EDGE('',*,*,#7317,.T.);
#7952 = ORIENTED_EDGE('',*,*,#6611,.T.);
#7953 = ORIENTED_EDGE('',*,*,#7954,.F.);
#7954 = EDGE_CURVE('',#6555,#6612,#7955,.T.);
#7955 = LINE('',#7956,#7957);
#7956 = CARTESIAN_POINT('',(4.4,2.475,0.));
#7957 = VECTOR('',#7958,1.);
#7958 = DIRECTION('',(1.,0.,0.));
#7959 = ORIENTED_EDGE('',*,*,#6554,.F.);
#7960 = PLANE('',#7961);
#7961 = AXIS2_PLACEMENT_3D('',#7962,#7963,#7964);
#7962 = CARTESIAN_POINT('',(4.4,2.475,0.2));
#7963 = DIRECTION('',(0.,1.,0.));
#7964 = DIRECTION('',(0.,0.,-1.));
#7965 = ADVANCED_FACE('',(#7966),#7972,.T.);
#7966 = FACE_BOUND('',#7967,.T.);
#7967 = EDGE_LOOP('',(#7968,#7969,#7970,#7971));
#7968 = ORIENTED_EDGE('',*,*,#7954,.T.);
#7969 = ORIENTED_EDGE('',*,*,#6619,.T.);
#7970 = ORIENTED_EDGE('',*,*,#6576,.F.);
#7971 = ORIENTED_EDGE('',*,*,#6562,.F.);
#7972 = PLANE('',#7973);
#7973 = AXIS2_PLACEMENT_3D('',#7974,#7975,#7976);
#7974 = CARTESIAN_POINT('',(4.4,2.475,0.));
#7975 = DIRECTION('',(0.,0.,-1.));
#7976 = DIRECTION('',(0.,-1.,0.));
#7977 = ADVANCED_FACE('',(#7978),#7989,.T.);
#7978 = FACE_BOUND('',#7979,.T.);
#7979 = EDGE_LOOP('',(#7980,#7981,#7982,#7988));
#7980 = ORIENTED_EDGE('',*,*,#7300,.T.);
#7981 = ORIENTED_EDGE('',*,*,#6708,.T.);
#7982 = ORIENTED_EDGE('',*,*,#7983,.F.);
#7983 = EDGE_CURVE('',#6652,#6709,#7984,.T.);
#7984 = LINE('',#7985,#7986);
#7985 = CARTESIAN_POINT('',(5.4,2.475,0.));
#7986 = VECTOR('',#7987,1.);
#7987 = DIRECTION('',(1.,0.,0.));
#7988 = ORIENTED_EDGE('',*,*,#6651,.F.);
#7989 = PLANE('',#7990);
#7990 = AXIS2_PLACEMENT_3D('',#7991,#7992,#7993);
#7991 = CARTESIAN_POINT('',(5.4,2.475,0.2));
#7992 = DIRECTION('',(0.,1.,0.));
#7993 = DIRECTION('',(0.,0.,-1.));
#7994 = ADVANCED_FACE('',(#7995),#8001,.T.);
#7995 = FACE_BOUND('',#7996,.T.);
#7996 = EDGE_LOOP('',(#7997,#7998,#7999,#8000));
#7997 = ORIENTED_EDGE('',*,*,#7983,.T.);
#7998 = ORIENTED_EDGE('',*,*,#6716,.T.);
#7999 = ORIENTED_EDGE('',*,*,#6673,.F.);
#8000 = ORIENTED_EDGE('',*,*,#6659,.F.);
#8001 = PLANE('',#8002);
#8002 = AXIS2_PLACEMENT_3D('',#8003,#8004,#8005);
#8003 = CARTESIAN_POINT('',(5.4,2.475,0.));
#8004 = DIRECTION('',(0.,0.,-1.));
#8005 = DIRECTION('',(0.,-1.,0.));
#8006 = ADVANCED_FACE('',(#8007),#8018,.T.);
#8007 = FACE_BOUND('',#8008,.T.);
#8008 = EDGE_LOOP('',(#8009,#8010,#8011,#8017));
#8009 = ORIENTED_EDGE('',*,*,#7283,.T.);
#8010 = ORIENTED_EDGE('',*,*,#6805,.T.);
#8011 = ORIENTED_EDGE('',*,*,#8012,.F.);
#8012 = EDGE_CURVE('',#6749,#6806,#8013,.T.);
#8013 = LINE('',#8014,#8015);
#8014 = CARTESIAN_POINT('',(6.4,2.475,0.));
#8015 = VECTOR('',#8016,1.);
#8016 = DIRECTION('',(1.,0.,0.));
#8017 = ORIENTED_EDGE('',*,*,#6748,.F.);
#8018 = PLANE('',#8019);
#8019 = AXIS2_PLACEMENT_3D('',#8020,#8021,#8022);
#8020 = CARTESIAN_POINT('',(6.4,2.475,0.2));
#8021 = DIRECTION('',(0.,1.,0.));
#8022 = DIRECTION('',(0.,0.,-1.));
#8023 = ADVANCED_FACE('',(#8024),#8030,.T.);
#8024 = FACE_BOUND('',#8025,.T.);
#8025 = EDGE_LOOP('',(#8026,#8027,#8028,#8029));
#8026 = ORIENTED_EDGE('',*,*,#8012,.T.);
#8027 = ORIENTED_EDGE('',*,*,#6813,.T.);
#8028 = ORIENTED_EDGE('',*,*,#6770,.F.);
#8029 = ORIENTED_EDGE('',*,*,#6756,.F.);
#8030 = PLANE('',#8031);
#8031 = AXIS2_PLACEMENT_3D('',#8032,#8033,#8034);
#8032 = CARTESIAN_POINT('',(6.4,2.475,0.));
#8033 = DIRECTION('',(0.,0.,-1.));
#8034 = DIRECTION('',(0.,-1.,0.));
#8035 = ADVANCED_FACE('',(#8036),#8042,.T.);
#8036 = FACE_BOUND('',#8037,.T.);
#8037 = EDGE_LOOP('',(#8038,#8039,#8040,#8041));
#8038 = ORIENTED_EDGE('',*,*,#6977,.T.);
#8039 = ORIENTED_EDGE('',*,*,#7000,.T.);
#8040 = ORIENTED_EDGE('',*,*,#7025,.T.);
#8041 = ORIENTED_EDGE('',*,*,#6953,.T.);
#8042 = PLANE('',#8043);
#8043 = AXIS2_PLACEMENT_3D('',#8044,#8045,#8046);
#8044 = CARTESIAN_POINT('',(0.,-7.5E-02,1.76));
#8045 = DIRECTION('',(0.,-1.,1.110223024625E-16));
#8046 = DIRECTION('',(1.,0.,0.));
#8047 = ADVANCED_FACE('',(#8048,#8054,#8088,#8122,#8156,#8190,#8224,
    #8258,#8292,#8326,#8360,#8394,#8428,#8462,#8496),#8530,.T.);
#8048 = FACE_BOUND('',#8049,.T.);
#8049 = EDGE_LOOP('',(#8050,#8051,#8052,#8053));
#8050 = ORIENTED_EDGE('',*,*,#6930,.T.);
#8051 = ORIENTED_EDGE('',*,*,#7041,.T.);
#8052 = ORIENTED_EDGE('',*,*,#7066,.T.);
#8053 = ORIENTED_EDGE('',*,*,#7177,.T.);
#8054 = FACE_BOUND('',#8055,.T.);
#8055 = EDGE_LOOP('',(#8056,#8066,#8074,#8082));
#8056 = ORIENTED_EDGE('',*,*,#8057,.F.);
#8057 = EDGE_CURVE('',#8058,#8060,#8062,.T.);
#8058 = VERTEX_POINT('',#8059);
#8059 = CARTESIAN_POINT('',(-6.6,0.525,1.66));
#8060 = VERTEX_POINT('',#8061);
#8061 = CARTESIAN_POINT('',(-6.4,0.525,1.66));
#8062 = LINE('',#8063,#8064);
#8063 = CARTESIAN_POINT('',(-6.6,0.525,1.66));
#8064 = VECTOR('',#8065,1.);
#8065 = DIRECTION('',(1.,0.,0.));
#8066 = ORIENTED_EDGE('',*,*,#8067,.F.);
#8067 = EDGE_CURVE('',#8068,#8058,#8070,.T.);
#8068 = VERTEX_POINT('',#8069);
#8069 = CARTESIAN_POINT('',(-6.6,0.525,2.14));
#8070 = LINE('',#8071,#8072);
#8071 = CARTESIAN_POINT('',(-6.6,0.525,2.14));
#8072 = VECTOR('',#8073,1.);
#8073 = DIRECTION('',(0.,0.,-1.));
#8074 = ORIENTED_EDGE('',*,*,#8075,.T.);
#8075 = EDGE_CURVE('',#8068,#8076,#8078,.T.);
#8076 = VERTEX_POINT('',#8077);
#8077 = CARTESIAN_POINT('',(-6.4,0.525,2.14));
#8078 = LINE('',#8079,#8080);
#8079 = CARTESIAN_POINT('',(-6.6,0.525,2.14));
#8080 = VECTOR('',#8081,1.);
#8081 = DIRECTION('',(1.,0.,0.));
#8082 = ORIENTED_EDGE('',*,*,#8083,.T.);
#8083 = EDGE_CURVE('',#8076,#8060,#8084,.T.);
#8084 = LINE('',#8085,#8086);
#8085 = CARTESIAN_POINT('',(-6.4,0.525,2.14));
#8086 = VECTOR('',#8087,1.);
#8087 = DIRECTION('',(0.,0.,-1.));
#8088 = FACE_BOUND('',#8089,.T.);
#8089 = EDGE_LOOP('',(#8090,#8100,#8108,#8116));
#8090 = ORIENTED_EDGE('',*,*,#8091,.F.);
#8091 = EDGE_CURVE('',#8092,#8094,#8096,.T.);
#8092 = VERTEX_POINT('',#8093);
#8093 = CARTESIAN_POINT('',(-5.6,0.525,2.14));
#8094 = VERTEX_POINT('',#8095);
#8095 = CARTESIAN_POINT('',(-5.6,0.525,1.66));
#8096 = LINE('',#8097,#8098);
#8097 = CARTESIAN_POINT('',(-5.6,0.525,2.14));
#8098 = VECTOR('',#8099,1.);
#8099 = DIRECTION('',(0.,0.,-1.));
#8100 = ORIENTED_EDGE('',*,*,#8101,.T.);
#8101 = EDGE_CURVE('',#8092,#8102,#8104,.T.);
#8102 = VERTEX_POINT('',#8103);
#8103 = CARTESIAN_POINT('',(-5.4,0.525,2.14));
#8104 = LINE('',#8105,#8106);
#8105 = CARTESIAN_POINT('',(-5.6,0.525,2.14));
#8106 = VECTOR('',#8107,1.);
#8107 = DIRECTION('',(1.,0.,0.));
#8108 = ORIENTED_EDGE('',*,*,#8109,.T.);
#8109 = EDGE_CURVE('',#8102,#8110,#8112,.T.);
#8110 = VERTEX_POINT('',#8111);
#8111 = CARTESIAN_POINT('',(-5.4,0.525,1.66));
#8112 = LINE('',#8113,#8114);
#8113 = CARTESIAN_POINT('',(-5.4,0.525,2.14));
#8114 = VECTOR('',#8115,1.);
#8115 = DIRECTION('',(0.,0.,-1.));
#8116 = ORIENTED_EDGE('',*,*,#8117,.F.);
#8117 = EDGE_CURVE('',#8094,#8110,#8118,.T.);
#8118 = LINE('',#8119,#8120);
#8119 = CARTESIAN_POINT('',(-5.6,0.525,1.66));
#8120 = VECTOR('',#8121,1.);
#8121 = DIRECTION('',(1.,0.,0.));
#8122 = FACE_BOUND('',#8123,.T.);
#8123 = EDGE_LOOP('',(#8124,#8134,#8142,#8150));
#8124 = ORIENTED_EDGE('',*,*,#8125,.F.);
#8125 = EDGE_CURVE('',#8126,#8128,#8130,.T.);
#8126 = VERTEX_POINT('',#8127);
#8127 = CARTESIAN_POINT('',(-4.6,0.525,2.14));
#8128 = VERTEX_POINT('',#8129);
#8129 = CARTESIAN_POINT('',(-4.6,0.525,1.66));
#8130 = LINE('',#8131,#8132);
#8131 = CARTESIAN_POINT('',(-4.6,0.525,2.14));
#8132 = VECTOR('',#8133,1.);
#8133 = DIRECTION('',(0.,0.,-1.));
#8134 = ORIENTED_EDGE('',*,*,#8135,.T.);
#8135 = EDGE_CURVE('',#8126,#8136,#8138,.T.);
#8136 = VERTEX_POINT('',#8137);
#8137 = CARTESIAN_POINT('',(-4.4,0.525,2.14));
#8138 = LINE('',#8139,#8140);
#8139 = CARTESIAN_POINT('',(-4.6,0.525,2.14));
#8140 = VECTOR('',#8141,1.);
#8141 = DIRECTION('',(1.,0.,0.));
#8142 = ORIENTED_EDGE('',*,*,#8143,.T.);
#8143 = EDGE_CURVE('',#8136,#8144,#8146,.T.);
#8144 = VERTEX_POINT('',#8145);
#8145 = CARTESIAN_POINT('',(-4.4,0.525,1.66));
#8146 = LINE('',#8147,#8148);
#8147 = CARTESIAN_POINT('',(-4.4,0.525,2.14));
#8148 = VECTOR('',#8149,1.);
#8149 = DIRECTION('',(0.,0.,-1.));
#8150 = ORIENTED_EDGE('',*,*,#8151,.F.);
#8151 = EDGE_CURVE('',#8128,#8144,#8152,.T.);
#8152 = LINE('',#8153,#8154);
#8153 = CARTESIAN_POINT('',(-4.6,0.525,1.66));
#8154 = VECTOR('',#8155,1.);
#8155 = DIRECTION('',(1.,0.,0.));
#8156 = FACE_BOUND('',#8157,.T.);
#8157 = EDGE_LOOP('',(#8158,#8168,#8176,#8184));
#8158 = ORIENTED_EDGE('',*,*,#8159,.F.);
#8159 = EDGE_CURVE('',#8160,#8162,#8164,.T.);
#8160 = VERTEX_POINT('',#8161);
#8161 = CARTESIAN_POINT('',(-3.6,0.525,2.14));
#8162 = VERTEX_POINT('',#8163);
#8163 = CARTESIAN_POINT('',(-3.6,0.525,1.66));
#8164 = LINE('',#8165,#8166);
#8165 = CARTESIAN_POINT('',(-3.6,0.525,2.14));
#8166 = VECTOR('',#8167,1.);
#8167 = DIRECTION('',(0.,0.,-1.));
#8168 = ORIENTED_EDGE('',*,*,#8169,.T.);
#8169 = EDGE_CURVE('',#8160,#8170,#8172,.T.);
#8170 = VERTEX_POINT('',#8171);
#8171 = CARTESIAN_POINT('',(-3.4,0.525,2.14));
#8172 = LINE('',#8173,#8174);
#8173 = CARTESIAN_POINT('',(-3.6,0.525,2.14));
#8174 = VECTOR('',#8175,1.);
#8175 = DIRECTION('',(1.,0.,0.));
#8176 = ORIENTED_EDGE('',*,*,#8177,.T.);
#8177 = EDGE_CURVE('',#8170,#8178,#8180,.T.);
#8178 = VERTEX_POINT('',#8179);
#8179 = CARTESIAN_POINT('',(-3.4,0.525,1.66));
#8180 = LINE('',#8181,#8182);
#8181 = CARTESIAN_POINT('',(-3.4,0.525,2.14));
#8182 = VECTOR('',#8183,1.);
#8183 = DIRECTION('',(0.,0.,-1.));
#8184 = ORIENTED_EDGE('',*,*,#8185,.F.);
#8185 = EDGE_CURVE('',#8162,#8178,#8186,.T.);
#8186 = LINE('',#8187,#8188);
#8187 = CARTESIAN_POINT('',(-3.6,0.525,1.66));
#8188 = VECTOR('',#8189,1.);
#8189 = DIRECTION('',(1.,0.,0.));
#8190 = FACE_BOUND('',#8191,.T.);
#8191 = EDGE_LOOP('',(#8192,#8202,#8210,#8218));
#8192 = ORIENTED_EDGE('',*,*,#8193,.F.);
#8193 = EDGE_CURVE('',#8194,#8196,#8198,.T.);
#8194 = VERTEX_POINT('',#8195);
#8195 = CARTESIAN_POINT('',(-2.6,0.525,2.14));
#8196 = VERTEX_POINT('',#8197);
#8197 = CARTESIAN_POINT('',(-2.6,0.525,1.66));
#8198 = LINE('',#8199,#8200);
#8199 = CARTESIAN_POINT('',(-2.6,0.525,2.14));
#8200 = VECTOR('',#8201,1.);
#8201 = DIRECTION('',(0.,0.,-1.));
#8202 = ORIENTED_EDGE('',*,*,#8203,.T.);
#8203 = EDGE_CURVE('',#8194,#8204,#8206,.T.);
#8204 = VERTEX_POINT('',#8205);
#8205 = CARTESIAN_POINT('',(-2.4,0.525,2.14));
#8206 = LINE('',#8207,#8208);
#8207 = CARTESIAN_POINT('',(-2.6,0.525,2.14));
#8208 = VECTOR('',#8209,1.);
#8209 = DIRECTION('',(1.,0.,0.));
#8210 = ORIENTED_EDGE('',*,*,#8211,.T.);
#8211 = EDGE_CURVE('',#8204,#8212,#8214,.T.);
#8212 = VERTEX_POINT('',#8213);
#8213 = CARTESIAN_POINT('',(-2.4,0.525,1.66));
#8214 = LINE('',#8215,#8216);
#8215 = CARTESIAN_POINT('',(-2.4,0.525,2.14));
#8216 = VECTOR('',#8217,1.);
#8217 = DIRECTION('',(0.,0.,-1.));
#8218 = ORIENTED_EDGE('',*,*,#8219,.F.);
#8219 = EDGE_CURVE('',#8196,#8212,#8220,.T.);
#8220 = LINE('',#8221,#8222);
#8221 = CARTESIAN_POINT('',(-2.6,0.525,1.66));
#8222 = VECTOR('',#8223,1.);
#8223 = DIRECTION('',(1.,0.,0.));
#8224 = FACE_BOUND('',#8225,.T.);
#8225 = EDGE_LOOP('',(#8226,#8236,#8244,#8252));
#8226 = ORIENTED_EDGE('',*,*,#8227,.F.);
#8227 = EDGE_CURVE('',#8228,#8230,#8232,.T.);
#8228 = VERTEX_POINT('',#8229);
#8229 = CARTESIAN_POINT('',(-1.6,0.525,2.14));
#8230 = VERTEX_POINT('',#8231);
#8231 = CARTESIAN_POINT('',(-1.6,0.525,1.66));
#8232 = LINE('',#8233,#8234);
#8233 = CARTESIAN_POINT('',(-1.6,0.525,2.14));
#8234 = VECTOR('',#8235,1.);
#8235 = DIRECTION('',(0.,0.,-1.));
#8236 = ORIENTED_EDGE('',*,*,#8237,.T.);
#8237 = EDGE_CURVE('',#8228,#8238,#8240,.T.);
#8238 = VERTEX_POINT('',#8239);
#8239 = CARTESIAN_POINT('',(-1.4,0.525,2.14));
#8240 = LINE('',#8241,#8242);
#8241 = CARTESIAN_POINT('',(-1.6,0.525,2.14));
#8242 = VECTOR('',#8243,1.);
#8243 = DIRECTION('',(1.,0.,0.));
#8244 = ORIENTED_EDGE('',*,*,#8245,.T.);
#8245 = EDGE_CURVE('',#8238,#8246,#8248,.T.);
#8246 = VERTEX_POINT('',#8247);
#8247 = CARTESIAN_POINT('',(-1.4,0.525,1.66));
#8248 = LINE('',#8249,#8250);
#8249 = CARTESIAN_POINT('',(-1.4,0.525,2.14));
#8250 = VECTOR('',#8251,1.);
#8251 = DIRECTION('',(0.,0.,-1.));
#8252 = ORIENTED_EDGE('',*,*,#8253,.F.);
#8253 = EDGE_CURVE('',#8230,#8246,#8254,.T.);
#8254 = LINE('',#8255,#8256);
#8255 = CARTESIAN_POINT('',(-1.6,0.525,1.66));
#8256 = VECTOR('',#8257,1.);
#8257 = DIRECTION('',(1.,0.,0.));
#8258 = FACE_BOUND('',#8259,.T.);
#8259 = EDGE_LOOP('',(#8260,#8270,#8278,#8286));
#8260 = ORIENTED_EDGE('',*,*,#8261,.F.);
#8261 = EDGE_CURVE('',#8262,#8264,#8266,.T.);
#8262 = VERTEX_POINT('',#8263);
#8263 = CARTESIAN_POINT('',(-0.6,0.525,2.14));
#8264 = VERTEX_POINT('',#8265);
#8265 = CARTESIAN_POINT('',(-0.6,0.525,1.66));
#8266 = LINE('',#8267,#8268);
#8267 = CARTESIAN_POINT('',(-0.6,0.525,2.14));
#8268 = VECTOR('',#8269,1.);
#8269 = DIRECTION('',(0.,0.,-1.));
#8270 = ORIENTED_EDGE('',*,*,#8271,.T.);
#8271 = EDGE_CURVE('',#8262,#8272,#8274,.T.);
#8272 = VERTEX_POINT('',#8273);
#8273 = CARTESIAN_POINT('',(-0.4,0.525,2.14));
#8274 = LINE('',#8275,#8276);
#8275 = CARTESIAN_POINT('',(-0.6,0.525,2.14));
#8276 = VECTOR('',#8277,1.);
#8277 = DIRECTION('',(1.,0.,0.));
#8278 = ORIENTED_EDGE('',*,*,#8279,.T.);
#8279 = EDGE_CURVE('',#8272,#8280,#8282,.T.);
#8280 = VERTEX_POINT('',#8281);
#8281 = CARTESIAN_POINT('',(-0.4,0.525,1.66));
#8282 = LINE('',#8283,#8284);
#8283 = CARTESIAN_POINT('',(-0.4,0.525,2.14));
#8284 = VECTOR('',#8285,1.);
#8285 = DIRECTION('',(0.,0.,-1.));
#8286 = ORIENTED_EDGE('',*,*,#8287,.F.);
#8287 = EDGE_CURVE('',#8264,#8280,#8288,.T.);
#8288 = LINE('',#8289,#8290);
#8289 = CARTESIAN_POINT('',(-0.6,0.525,1.66));
#8290 = VECTOR('',#8291,1.);
#8291 = DIRECTION('',(1.,0.,0.));
#8292 = FACE_BOUND('',#8293,.T.);
#8293 = EDGE_LOOP('',(#8294,#8304,#8312,#8320));
#8294 = ORIENTED_EDGE('',*,*,#8295,.F.);
#8295 = EDGE_CURVE('',#8296,#8298,#8300,.T.);
#8296 = VERTEX_POINT('',#8297);
#8297 = CARTESIAN_POINT('',(0.4,0.525,2.14));
#8298 = VERTEX_POINT('',#8299);
#8299 = CARTESIAN_POINT('',(0.4,0.525,1.66));
#8300 = LINE('',#8301,#8302);
#8301 = CARTESIAN_POINT('',(0.4,0.525,2.14));
#8302 = VECTOR('',#8303,1.);
#8303 = DIRECTION('',(0.,0.,-1.));
#8304 = ORIENTED_EDGE('',*,*,#8305,.T.);
#8305 = EDGE_CURVE('',#8296,#8306,#8308,.T.);
#8306 = VERTEX_POINT('',#8307);
#8307 = CARTESIAN_POINT('',(0.6,0.525,2.14));
#8308 = LINE('',#8309,#8310);
#8309 = CARTESIAN_POINT('',(0.4,0.525,2.14));
#8310 = VECTOR('',#8311,1.);
#8311 = DIRECTION('',(1.,0.,0.));
#8312 = ORIENTED_EDGE('',*,*,#8313,.T.);
#8313 = EDGE_CURVE('',#8306,#8314,#8316,.T.);
#8314 = VERTEX_POINT('',#8315);
#8315 = CARTESIAN_POINT('',(0.6,0.525,1.66));
#8316 = LINE('',#8317,#8318);
#8317 = CARTESIAN_POINT('',(0.6,0.525,2.14));
#8318 = VECTOR('',#8319,1.);
#8319 = DIRECTION('',(0.,0.,-1.));
#8320 = ORIENTED_EDGE('',*,*,#8321,.F.);
#8321 = EDGE_CURVE('',#8298,#8314,#8322,.T.);
#8322 = LINE('',#8323,#8324);
#8323 = CARTESIAN_POINT('',(0.4,0.525,1.66));
#8324 = VECTOR('',#8325,1.);
#8325 = DIRECTION('',(1.,0.,0.));
#8326 = FACE_BOUND('',#8327,.T.);
#8327 = EDGE_LOOP('',(#8328,#8338,#8346,#8354));
#8328 = ORIENTED_EDGE('',*,*,#8329,.F.);
#8329 = EDGE_CURVE('',#8330,#8332,#8334,.T.);
#8330 = VERTEX_POINT('',#8331);
#8331 = CARTESIAN_POINT('',(1.4,0.525,2.14));
#8332 = VERTEX_POINT('',#8333);
#8333 = CARTESIAN_POINT('',(1.4,0.525,1.66));
#8334 = LINE('',#8335,#8336);
#8335 = CARTESIAN_POINT('',(1.4,0.525,2.14));
#8336 = VECTOR('',#8337,1.);
#8337 = DIRECTION('',(0.,0.,-1.));
#8338 = ORIENTED_EDGE('',*,*,#8339,.T.);
#8339 = EDGE_CURVE('',#8330,#8340,#8342,.T.);
#8340 = VERTEX_POINT('',#8341);
#8341 = CARTESIAN_POINT('',(1.6,0.525,2.14));
#8342 = LINE('',#8343,#8344);
#8343 = CARTESIAN_POINT('',(1.4,0.525,2.14));
#8344 = VECTOR('',#8345,1.);
#8345 = DIRECTION('',(1.,0.,0.));
#8346 = ORIENTED_EDGE('',*,*,#8347,.T.);
#8347 = EDGE_CURVE('',#8340,#8348,#8350,.T.);
#8348 = VERTEX_POINT('',#8349);
#8349 = CARTESIAN_POINT('',(1.6,0.525,1.66));
#8350 = LINE('',#8351,#8352);
#8351 = CARTESIAN_POINT('',(1.6,0.525,2.14));
#8352 = VECTOR('',#8353,1.);
#8353 = DIRECTION('',(0.,0.,-1.));
#8354 = ORIENTED_EDGE('',*,*,#8355,.F.);
#8355 = EDGE_CURVE('',#8332,#8348,#8356,.T.);
#8356 = LINE('',#8357,#8358);
#8357 = CARTESIAN_POINT('',(1.4,0.525,1.66));
#8358 = VECTOR('',#8359,1.);
#8359 = DIRECTION('',(1.,0.,0.));
#8360 = FACE_BOUND('',#8361,.T.);
#8361 = EDGE_LOOP('',(#8362,#8372,#8380,#8388));
#8362 = ORIENTED_EDGE('',*,*,#8363,.F.);
#8363 = EDGE_CURVE('',#8364,#8366,#8368,.T.);
#8364 = VERTEX_POINT('',#8365);
#8365 = CARTESIAN_POINT('',(2.4,0.525,2.14));
#8366 = VERTEX_POINT('',#8367);
#8367 = CARTESIAN_POINT('',(2.4,0.525,1.66));
#8368 = LINE('',#8369,#8370);
#8369 = CARTESIAN_POINT('',(2.4,0.525,2.14));
#8370 = VECTOR('',#8371,1.);
#8371 = DIRECTION('',(0.,0.,-1.));
#8372 = ORIENTED_EDGE('',*,*,#8373,.T.);
#8373 = EDGE_CURVE('',#8364,#8374,#8376,.T.);
#8374 = VERTEX_POINT('',#8375);
#8375 = CARTESIAN_POINT('',(2.6,0.525,2.14));
#8376 = LINE('',#8377,#8378);
#8377 = CARTESIAN_POINT('',(2.4,0.525,2.14));
#8378 = VECTOR('',#8379,1.);
#8379 = DIRECTION('',(1.,0.,0.));
#8380 = ORIENTED_EDGE('',*,*,#8381,.T.);
#8381 = EDGE_CURVE('',#8374,#8382,#8384,.T.);
#8382 = VERTEX_POINT('',#8383);
#8383 = CARTESIAN_POINT('',(2.6,0.525,1.66));
#8384 = LINE('',#8385,#8386);
#8385 = CARTESIAN_POINT('',(2.6,0.525,2.14));
#8386 = VECTOR('',#8387,1.);
#8387 = DIRECTION('',(0.,0.,-1.));
#8388 = ORIENTED_EDGE('',*,*,#8389,.F.);
#8389 = EDGE_CURVE('',#8366,#8382,#8390,.T.);
#8390 = LINE('',#8391,#8392);
#8391 = CARTESIAN_POINT('',(2.4,0.525,1.66));
#8392 = VECTOR('',#8393,1.);
#8393 = DIRECTION('',(1.,0.,0.));
#8394 = FACE_BOUND('',#8395,.T.);
#8395 = EDGE_LOOP('',(#8396,#8406,#8414,#8422));
#8396 = ORIENTED_EDGE('',*,*,#8397,.F.);
#8397 = EDGE_CURVE('',#8398,#8400,#8402,.T.);
#8398 = VERTEX_POINT('',#8399);
#8399 = CARTESIAN_POINT('',(3.4,0.525,2.14));
#8400 = VERTEX_POINT('',#8401);
#8401 = CARTESIAN_POINT('',(3.4,0.525,1.66));
#8402 = LINE('',#8403,#8404);
#8403 = CARTESIAN_POINT('',(3.4,0.525,2.14));
#8404 = VECTOR('',#8405,1.);
#8405 = DIRECTION('',(0.,0.,-1.));
#8406 = ORIENTED_EDGE('',*,*,#8407,.T.);
#8407 = EDGE_CURVE('',#8398,#8408,#8410,.T.);
#8408 = VERTEX_POINT('',#8409);
#8409 = CARTESIAN_POINT('',(3.6,0.525,2.14));
#8410 = LINE('',#8411,#8412);
#8411 = CARTESIAN_POINT('',(3.4,0.525,2.14));
#8412 = VECTOR('',#8413,1.);
#8413 = DIRECTION('',(1.,0.,0.));
#8414 = ORIENTED_EDGE('',*,*,#8415,.T.);
#8415 = EDGE_CURVE('',#8408,#8416,#8418,.T.);
#8416 = VERTEX_POINT('',#8417);
#8417 = CARTESIAN_POINT('',(3.6,0.525,1.66));
#8418 = LINE('',#8419,#8420);
#8419 = CARTESIAN_POINT('',(3.6,0.525,2.14));
#8420 = VECTOR('',#8421,1.);
#8421 = DIRECTION('',(0.,0.,-1.));
#8422 = ORIENTED_EDGE('',*,*,#8423,.F.);
#8423 = EDGE_CURVE('',#8400,#8416,#8424,.T.);
#8424 = LINE('',#8425,#8426);
#8425 = CARTESIAN_POINT('',(3.4,0.525,1.66));
#8426 = VECTOR('',#8427,1.);
#8427 = DIRECTION('',(1.,0.,0.));
#8428 = FACE_BOUND('',#8429,.T.);
#8429 = EDGE_LOOP('',(#8430,#8440,#8448,#8456));
#8430 = ORIENTED_EDGE('',*,*,#8431,.F.);
#8431 = EDGE_CURVE('',#8432,#8434,#8436,.T.);
#8432 = VERTEX_POINT('',#8433);
#8433 = CARTESIAN_POINT('',(4.4,0.525,2.14));
#8434 = VERTEX_POINT('',#8435);
#8435 = CARTESIAN_POINT('',(4.4,0.525,1.66));
#8436 = LINE('',#8437,#8438);
#8437 = CARTESIAN_POINT('',(4.4,0.525,2.14));
#8438 = VECTOR('',#8439,1.);
#8439 = DIRECTION('',(0.,0.,-1.));
#8440 = ORIENTED_EDGE('',*,*,#8441,.T.);
#8441 = EDGE_CURVE('',#8432,#8442,#8444,.T.);
#8442 = VERTEX_POINT('',#8443);
#8443 = CARTESIAN_POINT('',(4.6,0.525,2.14));
#8444 = LINE('',#8445,#8446);
#8445 = CARTESIAN_POINT('',(4.4,0.525,2.14));
#8446 = VECTOR('',#8447,1.);
#8447 = DIRECTION('',(1.,0.,0.));
#8448 = ORIENTED_EDGE('',*,*,#8449,.T.);
#8449 = EDGE_CURVE('',#8442,#8450,#8452,.T.);
#8450 = VERTEX_POINT('',#8451);
#8451 = CARTESIAN_POINT('',(4.6,0.525,1.66));
#8452 = LINE('',#8453,#8454);
#8453 = CARTESIAN_POINT('',(4.6,0.525,2.14));
#8454 = VECTOR('',#8455,1.);
#8455 = DIRECTION('',(0.,0.,-1.));
#8456 = ORIENTED_EDGE('',*,*,#8457,.F.);
#8457 = EDGE_CURVE('',#8434,#8450,#8458,.T.);
#8458 = LINE('',#8459,#8460);
#8459 = CARTESIAN_POINT('',(4.4,0.525,1.66));
#8460 = VECTOR('',#8461,1.);
#8461 = DIRECTION('',(1.,0.,0.));
#8462 = FACE_BOUND('',#8463,.T.);
#8463 = EDGE_LOOP('',(#8464,#8474,#8482,#8490));
#8464 = ORIENTED_EDGE('',*,*,#8465,.F.);
#8465 = EDGE_CURVE('',#8466,#8468,#8470,.T.);
#8466 = VERTEX_POINT('',#8467);
#8467 = CARTESIAN_POINT('',(5.4,0.525,2.14));
#8468 = VERTEX_POINT('',#8469);
#8469 = CARTESIAN_POINT('',(5.4,0.525,1.66));
#8470 = LINE('',#8471,#8472);
#8471 = CARTESIAN_POINT('',(5.4,0.525,2.14));
#8472 = VECTOR('',#8473,1.);
#8473 = DIRECTION('',(0.,0.,-1.));
#8474 = ORIENTED_EDGE('',*,*,#8475,.T.);
#8475 = EDGE_CURVE('',#8466,#8476,#8478,.T.);
#8476 = VERTEX_POINT('',#8477);
#8477 = CARTESIAN_POINT('',(5.6,0.525,2.14));
#8478 = LINE('',#8479,#8480);
#8479 = CARTESIAN_POINT('',(5.4,0.525,2.14));
#8480 = VECTOR('',#8481,1.);
#8481 = DIRECTION('',(1.,0.,0.));
#8482 = ORIENTED_EDGE('',*,*,#8483,.T.);
#8483 = EDGE_CURVE('',#8476,#8484,#8486,.T.);
#8484 = VERTEX_POINT('',#8485);
#8485 = CARTESIAN_POINT('',(5.6,0.525,1.66));
#8486 = LINE('',#8487,#8488);
#8487 = CARTESIAN_POINT('',(5.6,0.525,2.14));
#8488 = VECTOR('',#8489,1.);
#8489 = DIRECTION('',(0.,0.,-1.));
#8490 = ORIENTED_EDGE('',*,*,#8491,.F.);
#8491 = EDGE_CURVE('',#8468,#8484,#8492,.T.);
#8492 = LINE('',#8493,#8494);
#8493 = CARTESIAN_POINT('',(5.4,0.525,1.66));
#8494 = VECTOR('',#8495,1.);
#8495 = DIRECTION('',(1.,0.,0.));
#8496 = FACE_BOUND('',#8497,.T.);
#8497 = EDGE_LOOP('',(#8498,#8508,#8516,#8524));
#8498 = ORIENTED_EDGE('',*,*,#8499,.F.);
#8499 = EDGE_CURVE('',#8500,#8502,#8504,.T.);
#8500 = VERTEX_POINT('',#8501);
#8501 = CARTESIAN_POINT('',(6.4,0.525,2.14));
#8502 = VERTEX_POINT('',#8503);
#8503 = CARTESIAN_POINT('',(6.4,0.525,1.66));
#8504 = LINE('',#8505,#8506);
#8505 = CARTESIAN_POINT('',(6.4,0.525,2.14));
#8506 = VECTOR('',#8507,1.);
#8507 = DIRECTION('',(0.,0.,-1.));
#8508 = ORIENTED_EDGE('',*,*,#8509,.T.);
#8509 = EDGE_CURVE('',#8500,#8510,#8512,.T.);
#8510 = VERTEX_POINT('',#8511);
#8511 = CARTESIAN_POINT('',(6.6,0.525,2.14));
#8512 = LINE('',#8513,#8514);
#8513 = CARTESIAN_POINT('',(6.4,0.525,2.14));
#8514 = VECTOR('',#8515,1.);
#8515 = DIRECTION('',(1.,0.,0.));
#8516 = ORIENTED_EDGE('',*,*,#8517,.T.);
#8517 = EDGE_CURVE('',#8510,#8518,#8520,.T.);
#8518 = VERTEX_POINT('',#8519);
#8519 = CARTESIAN_POINT('',(6.6,0.525,1.66));
#8520 = LINE('',#8521,#8522);
#8521 = CARTESIAN_POINT('',(6.6,0.525,2.14));
#8522 = VECTOR('',#8523,1.);
#8523 = DIRECTION('',(0.,0.,-1.));
#8524 = ORIENTED_EDGE('',*,*,#8525,.F.);
#8525 = EDGE_CURVE('',#8502,#8518,#8526,.T.);
#8526 = LINE('',#8527,#8528);
#8527 = CARTESIAN_POINT('',(6.4,0.525,1.66));
#8528 = VECTOR('',#8529,1.);
#8529 = DIRECTION('',(1.,0.,0.));
#8530 = PLANE('',#8531);
#8531 = AXIS2_PLACEMENT_3D('',#8532,#8533,#8534);
#8532 = CARTESIAN_POINT('',(0.,0.525,1.51));
#8533 = DIRECTION('',(0.,-1.,1.110223024625E-16));
#8534 = DIRECTION('',(1.,0.,0.));
#8535 = ADVANCED_FACE('',(#8536),#8542,.T.);
#8536 = FACE_BOUND('',#8537,.T.);
#8537 = EDGE_LOOP('',(#8538,#8539,#8540,#8541));
#8538 = ORIENTED_EDGE('',*,*,#7161,.T.);
#8539 = ORIENTED_EDGE('',*,*,#7089,.T.);
#8540 = ORIENTED_EDGE('',*,*,#7113,.T.);
#8541 = ORIENTED_EDGE('',*,*,#7136,.T.);
#8542 = PLANE('',#8543);
#8543 = AXIS2_PLACEMENT_3D('',#8544,#8545,#8546);
#8544 = CARTESIAN_POINT('',(0.,-7.5E-02,1.76));
#8545 = DIRECTION('',(0.,-1.,1.110223024625E-16));
#8546 = DIRECTION('',(1.,0.,0.));
#8547 = ADVANCED_FACE('',(#8548),#8573,.T.);
#8548 = FACE_BOUND('',#8549,.T.);
#8549 = EDGE_LOOP('',(#8550,#8551,#8559,#8567));
#8550 = ORIENTED_EDGE('',*,*,#8057,.T.);
#8551 = ORIENTED_EDGE('',*,*,#8552,.T.);
#8552 = EDGE_CURVE('',#8060,#8553,#8555,.T.);
#8553 = VERTEX_POINT('',#8554);
#8554 = CARTESIAN_POINT('',(-6.4,-1.225,1.79));
#8555 = LINE('',#8556,#8557);
#8556 = CARTESIAN_POINT('',(-6.4,0.525,1.66));
#8557 = VECTOR('',#8558,1.);
#8558 = DIRECTION('',(0.,-0.997252183706,7.408159078957E-02));
#8559 = ORIENTED_EDGE('',*,*,#8560,.F.);
#8560 = EDGE_CURVE('',#8561,#8553,#8563,.T.);
#8561 = VERTEX_POINT('',#8562);
#8562 = CARTESIAN_POINT('',(-6.6,-1.225,1.79));
#8563 = LINE('',#8564,#8565);
#8564 = CARTESIAN_POINT('',(-6.6,-1.225,1.79));
#8565 = VECTOR('',#8566,1.);
#8566 = DIRECTION('',(1.,0.,0.));
#8567 = ORIENTED_EDGE('',*,*,#8568,.F.);
#8568 = EDGE_CURVE('',#8058,#8561,#8569,.T.);
#8569 = LINE('',#8570,#8571);
#8570 = CARTESIAN_POINT('',(-6.6,0.525,1.66));
#8571 = VECTOR('',#8572,1.);
#8572 = DIRECTION('',(0.,-0.997252183706,7.408159078957E-02));
#8573 = PLANE('',#8574);
#8574 = AXIS2_PLACEMENT_3D('',#8575,#8576,#8577);
#8575 = CARTESIAN_POINT('',(-6.6,0.525,1.66));
#8576 = DIRECTION('',(0.,-7.408159078957E-02,-0.997252183706));
#8577 = DIRECTION('',(0.,-0.997252183706,7.408159078957E-02));
#8578 = ADVANCED_FACE('',(#8579),#8597,.F.);
#8579 = FACE_BOUND('',#8580,.F.);
#8580 = EDGE_LOOP('',(#8581,#8589,#8595,#8596));
#8581 = ORIENTED_EDGE('',*,*,#8582,.T.);
#8582 = EDGE_CURVE('',#8553,#8583,#8585,.T.);
#8583 = VERTEX_POINT('',#8584);
#8584 = CARTESIAN_POINT('',(-6.4,-1.225,2.14));
#8585 = LINE('',#8586,#8587);
#8586 = CARTESIAN_POINT('',(-6.4,-1.225,1.79));
#8587 = VECTOR('',#8588,1.);
#8588 = DIRECTION('',(0.,0.,1.));
#8589 = ORIENTED_EDGE('',*,*,#8590,.T.);
#8590 = EDGE_CURVE('',#8583,#8076,#8591,.T.);
#8591 = LINE('',#8592,#8593);
#8592 = CARTESIAN_POINT('',(-6.4,-1.225,2.14));
#8593 = VECTOR('',#8594,1.);
#8594 = DIRECTION('',(0.,1.,0.));
#8595 = ORIENTED_EDGE('',*,*,#8083,.T.);
#8596 = ORIENTED_EDGE('',*,*,#8552,.T.);
#8597 = PLANE('',#8598);
#8598 = AXIS2_PLACEMENT_3D('',#8599,#8600,#8601);
#8599 = CARTESIAN_POINT('',(-6.4,-0.323759014354,1.931294517928));
#8600 = DIRECTION('',(-1.,-0.,-0.));
#8601 = DIRECTION('',(0.,0.,-1.));
#8602 = ADVANCED_FACE('',(#8603),#8621,.T.);
#8603 = FACE_BOUND('',#8604,.T.);
#8604 = EDGE_LOOP('',(#8605,#8613,#8614,#8615));
#8605 = ORIENTED_EDGE('',*,*,#8606,.T.);
#8606 = EDGE_CURVE('',#8607,#8583,#8609,.T.);
#8607 = VERTEX_POINT('',#8608);
#8608 = CARTESIAN_POINT('',(-6.6,-1.225,2.14));
#8609 = LINE('',#8610,#8611);
#8610 = CARTESIAN_POINT('',(-6.6,-1.225,2.14));
#8611 = VECTOR('',#8612,1.);
#8612 = DIRECTION('',(1.,0.,0.));
#8613 = ORIENTED_EDGE('',*,*,#8590,.T.);
#8614 = ORIENTED_EDGE('',*,*,#8075,.F.);
#8615 = ORIENTED_EDGE('',*,*,#8616,.F.);
#8616 = EDGE_CURVE('',#8607,#8068,#8617,.T.);
#8617 = LINE('',#8618,#8619);
#8618 = CARTESIAN_POINT('',(-6.6,-1.225,2.14));
#8619 = VECTOR('',#8620,1.);
#8620 = DIRECTION('',(0.,1.,0.));
#8621 = PLANE('',#8622);
#8622 = AXIS2_PLACEMENT_3D('',#8623,#8624,#8625);
#8623 = CARTESIAN_POINT('',(-6.6,-1.225,2.14));
#8624 = DIRECTION('',(0.,0.,1.));
#8625 = DIRECTION('',(0.,1.,0.));
#8626 = ADVANCED_FACE('',(#8627),#8638,.T.);
#8627 = FACE_BOUND('',#8628,.T.);
#8628 = EDGE_LOOP('',(#8629,#8635,#8636,#8637));
#8629 = ORIENTED_EDGE('',*,*,#8630,.T.);
#8630 = EDGE_CURVE('',#8561,#8607,#8631,.T.);
#8631 = LINE('',#8632,#8633);
#8632 = CARTESIAN_POINT('',(-6.6,-1.225,1.79));
#8633 = VECTOR('',#8634,1.);
#8634 = DIRECTION('',(0.,0.,1.));
#8635 = ORIENTED_EDGE('',*,*,#8616,.T.);
#8636 = ORIENTED_EDGE('',*,*,#8067,.T.);
#8637 = ORIENTED_EDGE('',*,*,#8568,.T.);
#8638 = PLANE('',#8639);
#8639 = AXIS2_PLACEMENT_3D('',#8640,#8641,#8642);
#8640 = CARTESIAN_POINT('',(-6.6,-0.323759014354,1.931294517928));
#8641 = DIRECTION('',(-1.,-0.,-0.));
#8642 = DIRECTION('',(0.,0.,-1.));
#8643 = ADVANCED_FACE('',(#8644),#8669,.T.);
#8644 = FACE_BOUND('',#8645,.T.);
#8645 = EDGE_LOOP('',(#8646,#8656,#8662,#8663));
#8646 = ORIENTED_EDGE('',*,*,#8647,.T.);
#8647 = EDGE_CURVE('',#8648,#8650,#8652,.T.);
#8648 = VERTEX_POINT('',#8649);
#8649 = CARTESIAN_POINT('',(-5.6,-1.225,1.79));
#8650 = VERTEX_POINT('',#8651);
#8651 = CARTESIAN_POINT('',(-5.6,-1.225,2.14));
#8652 = LINE('',#8653,#8654);
#8653 = CARTESIAN_POINT('',(-5.6,-1.225,1.79));
#8654 = VECTOR('',#8655,1.);
#8655 = DIRECTION('',(0.,0.,1.));
#8656 = ORIENTED_EDGE('',*,*,#8657,.T.);
#8657 = EDGE_CURVE('',#8650,#8092,#8658,.T.);
#8658 = LINE('',#8659,#8660);
#8659 = CARTESIAN_POINT('',(-5.6,-1.225,2.14));
#8660 = VECTOR('',#8661,1.);
#8661 = DIRECTION('',(0.,1.,0.));
#8662 = ORIENTED_EDGE('',*,*,#8091,.T.);
#8663 = ORIENTED_EDGE('',*,*,#8664,.T.);
#8664 = EDGE_CURVE('',#8094,#8648,#8665,.T.);
#8665 = LINE('',#8666,#8667);
#8666 = CARTESIAN_POINT('',(-5.6,0.525,1.66));
#8667 = VECTOR('',#8668,1.);
#8668 = DIRECTION('',(0.,-0.997252183706,7.408159078957E-02));
#8669 = PLANE('',#8670);
#8670 = AXIS2_PLACEMENT_3D('',#8671,#8672,#8673);
#8671 = CARTESIAN_POINT('',(-5.6,-0.323759014354,1.931294517928));
#8672 = DIRECTION('',(-1.,-0.,-0.));
#8673 = DIRECTION('',(0.,0.,-1.));
#8674 = ADVANCED_FACE('',(#8675),#8693,.T.);
#8675 = FACE_BOUND('',#8676,.T.);
#8676 = EDGE_LOOP('',(#8677,#8678,#8686,#8692));
#8677 = ORIENTED_EDGE('',*,*,#8117,.T.);
#8678 = ORIENTED_EDGE('',*,*,#8679,.T.);
#8679 = EDGE_CURVE('',#8110,#8680,#8682,.T.);
#8680 = VERTEX_POINT('',#8681);
#8681 = CARTESIAN_POINT('',(-5.4,-1.225,1.79));
#8682 = LINE('',#8683,#8684);
#8683 = CARTESIAN_POINT('',(-5.4,0.525,1.66));
#8684 = VECTOR('',#8685,1.);
#8685 = DIRECTION('',(0.,-0.997252183706,7.408159078957E-02));
#8686 = ORIENTED_EDGE('',*,*,#8687,.F.);
#8687 = EDGE_CURVE('',#8648,#8680,#8688,.T.);
#8688 = LINE('',#8689,#8690);
#8689 = CARTESIAN_POINT('',(-5.6,-1.225,1.79));
#8690 = VECTOR('',#8691,1.);
#8691 = DIRECTION('',(1.,0.,0.));
#8692 = ORIENTED_EDGE('',*,*,#8664,.F.);
#8693 = PLANE('',#8694);
#8694 = AXIS2_PLACEMENT_3D('',#8695,#8696,#8697);
#8695 = CARTESIAN_POINT('',(-5.6,0.525,1.66));
#8696 = DIRECTION('',(0.,-7.408159078957E-02,-0.997252183706));
#8697 = DIRECTION('',(0.,-0.997252183706,7.408159078957E-02));
#8698 = ADVANCED_FACE('',(#8699),#8717,.F.);
#8699 = FACE_BOUND('',#8700,.F.);
#8700 = EDGE_LOOP('',(#8701,#8709,#8715,#8716));
#8701 = ORIENTED_EDGE('',*,*,#8702,.T.);
#8702 = EDGE_CURVE('',#8680,#8703,#8705,.T.);
#8703 = VERTEX_POINT('',#8704);
#8704 = CARTESIAN_POINT('',(-5.4,-1.225,2.14));
#8705 = LINE('',#8706,#8707);
#8706 = CARTESIAN_POINT('',(-5.4,-1.225,1.79));
#8707 = VECTOR('',#8708,1.);
#8708 = DIRECTION('',(0.,0.,1.));
#8709 = ORIENTED_EDGE('',*,*,#8710,.T.);
#8710 = EDGE_CURVE('',#8703,#8102,#8711,.T.);
#8711 = LINE('',#8712,#8713);
#8712 = CARTESIAN_POINT('',(-5.4,-1.225,2.14));
#8713 = VECTOR('',#8714,1.);
#8714 = DIRECTION('',(0.,1.,0.));
#8715 = ORIENTED_EDGE('',*,*,#8109,.T.);
#8716 = ORIENTED_EDGE('',*,*,#8679,.T.);
#8717 = PLANE('',#8718);
#8718 = AXIS2_PLACEMENT_3D('',#8719,#8720,#8721);
#8719 = CARTESIAN_POINT('',(-5.4,-0.323759014354,1.931294517928));
#8720 = DIRECTION('',(-1.,-0.,-0.));
#8721 = DIRECTION('',(0.,0.,-1.));
#8722 = ADVANCED_FACE('',(#8723),#8734,.T.);
#8723 = FACE_BOUND('',#8724,.T.);
#8724 = EDGE_LOOP('',(#8725,#8731,#8732,#8733));
#8725 = ORIENTED_EDGE('',*,*,#8726,.T.);
#8726 = EDGE_CURVE('',#8650,#8703,#8727,.T.);
#8727 = LINE('',#8728,#8729);
#8728 = CARTESIAN_POINT('',(-5.6,-1.225,2.14));
#8729 = VECTOR('',#8730,1.);
#8730 = DIRECTION('',(1.,0.,0.));
#8731 = ORIENTED_EDGE('',*,*,#8710,.T.);
#8732 = ORIENTED_EDGE('',*,*,#8101,.F.);
#8733 = ORIENTED_EDGE('',*,*,#8657,.F.);
#8734 = PLANE('',#8735);
#8735 = AXIS2_PLACEMENT_3D('',#8736,#8737,#8738);
#8736 = CARTESIAN_POINT('',(-5.6,-1.225,2.14));
#8737 = DIRECTION('',(0.,0.,1.));
#8738 = DIRECTION('',(0.,1.,0.));
#8739 = ADVANCED_FACE('',(#8740),#8765,.T.);
#8740 = FACE_BOUND('',#8741,.T.);
#8741 = EDGE_LOOP('',(#8742,#8752,#8758,#8759));
#8742 = ORIENTED_EDGE('',*,*,#8743,.T.);
#8743 = EDGE_CURVE('',#8744,#8746,#8748,.T.);
#8744 = VERTEX_POINT('',#8745);
#8745 = CARTESIAN_POINT('',(-4.6,-1.225,1.79));
#8746 = VERTEX_POINT('',#8747);
#8747 = CARTESIAN_POINT('',(-4.6,-1.225,2.14));
#8748 = LINE('',#8749,#8750);
#8749 = CARTESIAN_POINT('',(-4.6,-1.225,1.79));
#8750 = VECTOR('',#8751,1.);
#8751 = DIRECTION('',(0.,0.,1.));
#8752 = ORIENTED_EDGE('',*,*,#8753,.T.);
#8753 = EDGE_CURVE('',#8746,#8126,#8754,.T.);
#8754 = LINE('',#8755,#8756);
#8755 = CARTESIAN_POINT('',(-4.6,-1.225,2.14));
#8756 = VECTOR('',#8757,1.);
#8757 = DIRECTION('',(0.,1.,0.));
#8758 = ORIENTED_EDGE('',*,*,#8125,.T.);
#8759 = ORIENTED_EDGE('',*,*,#8760,.T.);
#8760 = EDGE_CURVE('',#8128,#8744,#8761,.T.);
#8761 = LINE('',#8762,#8763);
#8762 = CARTESIAN_POINT('',(-4.6,0.525,1.66));
#8763 = VECTOR('',#8764,1.);
#8764 = DIRECTION('',(0.,-0.997252183706,7.408159078957E-02));
#8765 = PLANE('',#8766);
#8766 = AXIS2_PLACEMENT_3D('',#8767,#8768,#8769);
#8767 = CARTESIAN_POINT('',(-4.6,-0.323759014354,1.931294517928));
#8768 = DIRECTION('',(-1.,-0.,-0.));
#8769 = DIRECTION('',(0.,0.,-1.));
#8770 = ADVANCED_FACE('',(#8771),#8789,.T.);
#8771 = FACE_BOUND('',#8772,.T.);
#8772 = EDGE_LOOP('',(#8773,#8774,#8782,#8788));
#8773 = ORIENTED_EDGE('',*,*,#8151,.T.);
#8774 = ORIENTED_EDGE('',*,*,#8775,.T.);
#8775 = EDGE_CURVE('',#8144,#8776,#8778,.T.);
#8776 = VERTEX_POINT('',#8777);
#8777 = CARTESIAN_POINT('',(-4.4,-1.225,1.79));
#8778 = LINE('',#8779,#8780);
#8779 = CARTESIAN_POINT('',(-4.4,0.525,1.66));
#8780 = VECTOR('',#8781,1.);
#8781 = DIRECTION('',(0.,-0.997252183706,7.408159078957E-02));
#8782 = ORIENTED_EDGE('',*,*,#8783,.F.);
#8783 = EDGE_CURVE('',#8744,#8776,#8784,.T.);
#8784 = LINE('',#8785,#8786);
#8785 = CARTESIAN_POINT('',(-4.6,-1.225,1.79));
#8786 = VECTOR('',#8787,1.);
#8787 = DIRECTION('',(1.,0.,0.));
#8788 = ORIENTED_EDGE('',*,*,#8760,.F.);
#8789 = PLANE('',#8790);
#8790 = AXIS2_PLACEMENT_3D('',#8791,#8792,#8793);
#8791 = CARTESIAN_POINT('',(-4.6,0.525,1.66));
#8792 = DIRECTION('',(0.,-7.408159078957E-02,-0.997252183706));
#8793 = DIRECTION('',(0.,-0.997252183706,7.408159078957E-02));
#8794 = ADVANCED_FACE('',(#8795),#8813,.F.);
#8795 = FACE_BOUND('',#8796,.F.);
#8796 = EDGE_LOOP('',(#8797,#8805,#8811,#8812));
#8797 = ORIENTED_EDGE('',*,*,#8798,.T.);
#8798 = EDGE_CURVE('',#8776,#8799,#8801,.T.);
#8799 = VERTEX_POINT('',#8800);
#8800 = CARTESIAN_POINT('',(-4.4,-1.225,2.14));
#8801 = LINE('',#8802,#8803);
#8802 = CARTESIAN_POINT('',(-4.4,-1.225,1.79));
#8803 = VECTOR('',#8804,1.);
#8804 = DIRECTION('',(0.,0.,1.));
#8805 = ORIENTED_EDGE('',*,*,#8806,.T.);
#8806 = EDGE_CURVE('',#8799,#8136,#8807,.T.);
#8807 = LINE('',#8808,#8809);
#8808 = CARTESIAN_POINT('',(-4.4,-1.225,2.14));
#8809 = VECTOR('',#8810,1.);
#8810 = DIRECTION('',(0.,1.,0.));
#8811 = ORIENTED_EDGE('',*,*,#8143,.T.);
#8812 = ORIENTED_EDGE('',*,*,#8775,.T.);
#8813 = PLANE('',#8814);
#8814 = AXIS2_PLACEMENT_3D('',#8815,#8816,#8817);
#8815 = CARTESIAN_POINT('',(-4.4,-0.323759014354,1.931294517928));
#8816 = DIRECTION('',(-1.,-0.,-0.));
#8817 = DIRECTION('',(0.,0.,-1.));
#8818 = ADVANCED_FACE('',(#8819),#8830,.T.);
#8819 = FACE_BOUND('',#8820,.T.);
#8820 = EDGE_LOOP('',(#8821,#8827,#8828,#8829));
#8821 = ORIENTED_EDGE('',*,*,#8822,.T.);
#8822 = EDGE_CURVE('',#8746,#8799,#8823,.T.);
#8823 = LINE('',#8824,#8825);
#8824 = CARTESIAN_POINT('',(-4.6,-1.225,2.14));
#8825 = VECTOR('',#8826,1.);
#8826 = DIRECTION('',(1.,0.,0.));
#8827 = ORIENTED_EDGE('',*,*,#8806,.T.);
#8828 = ORIENTED_EDGE('',*,*,#8135,.F.);
#8829 = ORIENTED_EDGE('',*,*,#8753,.F.);
#8830 = PLANE('',#8831);
#8831 = AXIS2_PLACEMENT_3D('',#8832,#8833,#8834);
#8832 = CARTESIAN_POINT('',(-4.6,-1.225,2.14));
#8833 = DIRECTION('',(0.,0.,1.));
#8834 = DIRECTION('',(0.,1.,0.));
#8835 = ADVANCED_FACE('',(#8836),#8861,.T.);
#8836 = FACE_BOUND('',#8837,.T.);
#8837 = EDGE_LOOP('',(#8838,#8848,#8854,#8855));
#8838 = ORIENTED_EDGE('',*,*,#8839,.T.);
#8839 = EDGE_CURVE('',#8840,#8842,#8844,.T.);
#8840 = VERTEX_POINT('',#8841);
#8841 = CARTESIAN_POINT('',(-3.6,-1.225,1.79));
#8842 = VERTEX_POINT('',#8843);
#8843 = CARTESIAN_POINT('',(-3.6,-1.225,2.14));
#8844 = LINE('',#8845,#8846);
#8845 = CARTESIAN_POINT('',(-3.6,-1.225,1.79));
#8846 = VECTOR('',#8847,1.);
#8847 = DIRECTION('',(0.,0.,1.));
#8848 = ORIENTED_EDGE('',*,*,#8849,.T.);
#8849 = EDGE_CURVE('',#8842,#8160,#8850,.T.);
#8850 = LINE('',#8851,#8852);
#8851 = CARTESIAN_POINT('',(-3.6,-1.225,2.14));
#8852 = VECTOR('',#8853,1.);
#8853 = DIRECTION('',(0.,1.,0.));
#8854 = ORIENTED_EDGE('',*,*,#8159,.T.);
#8855 = ORIENTED_EDGE('',*,*,#8856,.T.);
#8856 = EDGE_CURVE('',#8162,#8840,#8857,.T.);
#8857 = LINE('',#8858,#8859);
#8858 = CARTESIAN_POINT('',(-3.6,0.525,1.66));
#8859 = VECTOR('',#8860,1.);
#8860 = DIRECTION('',(0.,-0.997252183706,7.408159078957E-02));
#8861 = PLANE('',#8862);
#8862 = AXIS2_PLACEMENT_3D('',#8863,#8864,#8865);
#8863 = CARTESIAN_POINT('',(-3.6,-0.323759014354,1.931294517928));
#8864 = DIRECTION('',(-1.,-0.,-0.));
#8865 = DIRECTION('',(0.,0.,-1.));
#8866 = ADVANCED_FACE('',(#8867),#8885,.T.);
#8867 = FACE_BOUND('',#8868,.T.);
#8868 = EDGE_LOOP('',(#8869,#8870,#8878,#8884));
#8869 = ORIENTED_EDGE('',*,*,#8185,.T.);
#8870 = ORIENTED_EDGE('',*,*,#8871,.T.);
#8871 = EDGE_CURVE('',#8178,#8872,#8874,.T.);
#8872 = VERTEX_POINT('',#8873);
#8873 = CARTESIAN_POINT('',(-3.4,-1.225,1.79));
#8874 = LINE('',#8875,#8876);
#8875 = CARTESIAN_POINT('',(-3.4,0.525,1.66));
#8876 = VECTOR('',#8877,1.);
#8877 = DIRECTION('',(0.,-0.997252183706,7.408159078957E-02));
#8878 = ORIENTED_EDGE('',*,*,#8879,.F.);
#8879 = EDGE_CURVE('',#8840,#8872,#8880,.T.);
#8880 = LINE('',#8881,#8882);
#8881 = CARTESIAN_POINT('',(-3.6,-1.225,1.79));
#8882 = VECTOR('',#8883,1.);
#8883 = DIRECTION('',(1.,0.,0.));
#8884 = ORIENTED_EDGE('',*,*,#8856,.F.);
#8885 = PLANE('',#8886);
#8886 = AXIS2_PLACEMENT_3D('',#8887,#8888,#8889);
#8887 = CARTESIAN_POINT('',(-3.6,0.525,1.66));
#8888 = DIRECTION('',(0.,-7.408159078957E-02,-0.997252183706));
#8889 = DIRECTION('',(0.,-0.997252183706,7.408159078957E-02));
#8890 = ADVANCED_FACE('',(#8891),#8909,.F.);
#8891 = FACE_BOUND('',#8892,.F.);
#8892 = EDGE_LOOP('',(#8893,#8901,#8907,#8908));
#8893 = ORIENTED_EDGE('',*,*,#8894,.T.);
#8894 = EDGE_CURVE('',#8872,#8895,#8897,.T.);
#8895 = VERTEX_POINT('',#8896);
#8896 = CARTESIAN_POINT('',(-3.4,-1.225,2.14));
#8897 = LINE('',#8898,#8899);
#8898 = CARTESIAN_POINT('',(-3.4,-1.225,1.79));
#8899 = VECTOR('',#8900,1.);
#8900 = DIRECTION('',(0.,0.,1.));
#8901 = ORIENTED_EDGE('',*,*,#8902,.T.);
#8902 = EDGE_CURVE('',#8895,#8170,#8903,.T.);
#8903 = LINE('',#8904,#8905);
#8904 = CARTESIAN_POINT('',(-3.4,-1.225,2.14));
#8905 = VECTOR('',#8906,1.);
#8906 = DIRECTION('',(0.,1.,0.));
#8907 = ORIENTED_EDGE('',*,*,#8177,.T.);
#8908 = ORIENTED_EDGE('',*,*,#8871,.T.);
#8909 = PLANE('',#8910);
#8910 = AXIS2_PLACEMENT_3D('',#8911,#8912,#8913);
#8911 = CARTESIAN_POINT('',(-3.4,-0.323759014354,1.931294517928));
#8912 = DIRECTION('',(-1.,-0.,-0.));
#8913 = DIRECTION('',(0.,0.,-1.));
#8914 = ADVANCED_FACE('',(#8915),#8926,.T.);
#8915 = FACE_BOUND('',#8916,.T.);
#8916 = EDGE_LOOP('',(#8917,#8923,#8924,#8925));
#8917 = ORIENTED_EDGE('',*,*,#8918,.T.);
#8918 = EDGE_CURVE('',#8842,#8895,#8919,.T.);
#8919 = LINE('',#8920,#8921);
#8920 = CARTESIAN_POINT('',(-3.6,-1.225,2.14));
#8921 = VECTOR('',#8922,1.);
#8922 = DIRECTION('',(1.,0.,0.));
#8923 = ORIENTED_EDGE('',*,*,#8902,.T.);
#8924 = ORIENTED_EDGE('',*,*,#8169,.F.);
#8925 = ORIENTED_EDGE('',*,*,#8849,.F.);
#8926 = PLANE('',#8927);
#8927 = AXIS2_PLACEMENT_3D('',#8928,#8929,#8930);
#8928 = CARTESIAN_POINT('',(-3.6,-1.225,2.14));
#8929 = DIRECTION('',(0.,0.,1.));
#8930 = DIRECTION('',(0.,1.,0.));
#8931 = ADVANCED_FACE('',(#8932),#8957,.T.);
#8932 = FACE_BOUND('',#8933,.T.);
#8933 = EDGE_LOOP('',(#8934,#8944,#8950,#8951));
#8934 = ORIENTED_EDGE('',*,*,#8935,.T.);
#8935 = EDGE_CURVE('',#8936,#8938,#8940,.T.);
#8936 = VERTEX_POINT('',#8937);
#8937 = CARTESIAN_POINT('',(-2.6,-1.225,1.79));
#8938 = VERTEX_POINT('',#8939);
#8939 = CARTESIAN_POINT('',(-2.6,-1.225,2.14));
#8940 = LINE('',#8941,#8942);
#8941 = CARTESIAN_POINT('',(-2.6,-1.225,1.79));
#8942 = VECTOR('',#8943,1.);
#8943 = DIRECTION('',(0.,0.,1.));
#8944 = ORIENTED_EDGE('',*,*,#8945,.T.);
#8945 = EDGE_CURVE('',#8938,#8194,#8946,.T.);
#8946 = LINE('',#8947,#8948);
#8947 = CARTESIAN_POINT('',(-2.6,-1.225,2.14));
#8948 = VECTOR('',#8949,1.);
#8949 = DIRECTION('',(0.,1.,0.));
#8950 = ORIENTED_EDGE('',*,*,#8193,.T.);
#8951 = ORIENTED_EDGE('',*,*,#8952,.T.);
#8952 = EDGE_CURVE('',#8196,#8936,#8953,.T.);
#8953 = LINE('',#8954,#8955);
#8954 = CARTESIAN_POINT('',(-2.6,0.525,1.66));
#8955 = VECTOR('',#8956,1.);
#8956 = DIRECTION('',(0.,-0.997252183706,7.408159078957E-02));
#8957 = PLANE('',#8958);
#8958 = AXIS2_PLACEMENT_3D('',#8959,#8960,#8961);
#8959 = CARTESIAN_POINT('',(-2.6,-0.323759014354,1.931294517928));
#8960 = DIRECTION('',(-1.,-0.,-0.));
#8961 = DIRECTION('',(0.,0.,-1.));
#8962 = ADVANCED_FACE('',(#8963),#8981,.T.);
#8963 = FACE_BOUND('',#8964,.T.);
#8964 = EDGE_LOOP('',(#8965,#8966,#8974,#8980));
#8965 = ORIENTED_EDGE('',*,*,#8219,.T.);
#8966 = ORIENTED_EDGE('',*,*,#8967,.T.);
#8967 = EDGE_CURVE('',#8212,#8968,#8970,.T.);
#8968 = VERTEX_POINT('',#8969);
#8969 = CARTESIAN_POINT('',(-2.4,-1.225,1.79));
#8970 = LINE('',#8971,#8972);
#8971 = CARTESIAN_POINT('',(-2.4,0.525,1.66));
#8972 = VECTOR('',#8973,1.);
#8973 = DIRECTION('',(0.,-0.997252183706,7.408159078957E-02));
#8974 = ORIENTED_EDGE('',*,*,#8975,.F.);
#8975 = EDGE_CURVE('',#8936,#8968,#8976,.T.);
#8976 = LINE('',#8977,#8978);
#8977 = CARTESIAN_POINT('',(-2.6,-1.225,1.79));
#8978 = VECTOR('',#8979,1.);
#8979 = DIRECTION('',(1.,0.,0.));
#8980 = ORIENTED_EDGE('',*,*,#8952,.F.);
#8981 = PLANE('',#8982);
#8982 = AXIS2_PLACEMENT_3D('',#8983,#8984,#8985);
#8983 = CARTESIAN_POINT('',(-2.6,0.525,1.66));
#8984 = DIRECTION('',(0.,-7.408159078957E-02,-0.997252183706));
#8985 = DIRECTION('',(0.,-0.997252183706,7.408159078957E-02));
#8986 = ADVANCED_FACE('',(#8987),#9005,.F.);
#8987 = FACE_BOUND('',#8988,.F.);
#8988 = EDGE_LOOP('',(#8989,#8997,#9003,#9004));
#8989 = ORIENTED_EDGE('',*,*,#8990,.T.);
#8990 = EDGE_CURVE('',#8968,#8991,#8993,.T.);
#8991 = VERTEX_POINT('',#8992);
#8992 = CARTESIAN_POINT('',(-2.4,-1.225,2.14));
#8993 = LINE('',#8994,#8995);
#8994 = CARTESIAN_POINT('',(-2.4,-1.225,1.79));
#8995 = VECTOR('',#8996,1.);
#8996 = DIRECTION('',(0.,0.,1.));
#8997 = ORIENTED_EDGE('',*,*,#8998,.T.);
#8998 = EDGE_CURVE('',#8991,#8204,#8999,.T.);
#8999 = LINE('',#9000,#9001);
#9000 = CARTESIAN_POINT('',(-2.4,-1.225,2.14));
#9001 = VECTOR('',#9002,1.);
#9002 = DIRECTION('',(0.,1.,0.));
#9003 = ORIENTED_EDGE('',*,*,#8211,.T.);
#9004 = ORIENTED_EDGE('',*,*,#8967,.T.);
#9005 = PLANE('',#9006);
#9006 = AXIS2_PLACEMENT_3D('',#9007,#9008,#9009);
#9007 = CARTESIAN_POINT('',(-2.4,-0.323759014354,1.931294517928));
#9008 = DIRECTION('',(-1.,-0.,-0.));
#9009 = DIRECTION('',(0.,0.,-1.));
#9010 = ADVANCED_FACE('',(#9011),#9022,.T.);
#9011 = FACE_BOUND('',#9012,.T.);
#9012 = EDGE_LOOP('',(#9013,#9019,#9020,#9021));
#9013 = ORIENTED_EDGE('',*,*,#9014,.T.);
#9014 = EDGE_CURVE('',#8938,#8991,#9015,.T.);
#9015 = LINE('',#9016,#9017);
#9016 = CARTESIAN_POINT('',(-2.6,-1.225,2.14));
#9017 = VECTOR('',#9018,1.);
#9018 = DIRECTION('',(1.,0.,0.));
#9019 = ORIENTED_EDGE('',*,*,#8998,.T.);
#9020 = ORIENTED_EDGE('',*,*,#8203,.F.);
#9021 = ORIENTED_EDGE('',*,*,#8945,.F.);
#9022 = PLANE('',#9023);
#9023 = AXIS2_PLACEMENT_3D('',#9024,#9025,#9026);
#9024 = CARTESIAN_POINT('',(-2.6,-1.225,2.14));
#9025 = DIRECTION('',(0.,0.,1.));
#9026 = DIRECTION('',(0.,1.,0.));
#9027 = ADVANCED_FACE('',(#9028),#9053,.T.);
#9028 = FACE_BOUND('',#9029,.T.);
#9029 = EDGE_LOOP('',(#9030,#9040,#9046,#9047));
#9030 = ORIENTED_EDGE('',*,*,#9031,.T.);
#9031 = EDGE_CURVE('',#9032,#9034,#9036,.T.);
#9032 = VERTEX_POINT('',#9033);
#9033 = CARTESIAN_POINT('',(-1.6,-1.225,1.79));
#9034 = VERTEX_POINT('',#9035);
#9035 = CARTESIAN_POINT('',(-1.6,-1.225,2.14));
#9036 = LINE('',#9037,#9038);
#9037 = CARTESIAN_POINT('',(-1.6,-1.225,1.79));
#9038 = VECTOR('',#9039,1.);
#9039 = DIRECTION('',(0.,0.,1.));
#9040 = ORIENTED_EDGE('',*,*,#9041,.T.);
#9041 = EDGE_CURVE('',#9034,#8228,#9042,.T.);
#9042 = LINE('',#9043,#9044);
#9043 = CARTESIAN_POINT('',(-1.6,-1.225,2.14));
#9044 = VECTOR('',#9045,1.);
#9045 = DIRECTION('',(0.,1.,0.));
#9046 = ORIENTED_EDGE('',*,*,#8227,.T.);
#9047 = ORIENTED_EDGE('',*,*,#9048,.T.);
#9048 = EDGE_CURVE('',#8230,#9032,#9049,.T.);
#9049 = LINE('',#9050,#9051);
#9050 = CARTESIAN_POINT('',(-1.6,0.525,1.66));
#9051 = VECTOR('',#9052,1.);
#9052 = DIRECTION('',(0.,-0.997252183706,7.408159078957E-02));
#9053 = PLANE('',#9054);
#9054 = AXIS2_PLACEMENT_3D('',#9055,#9056,#9057);
#9055 = CARTESIAN_POINT('',(-1.6,-0.323759014354,1.931294517928));
#9056 = DIRECTION('',(-1.,-0.,-0.));
#9057 = DIRECTION('',(0.,0.,-1.));
#9058 = ADVANCED_FACE('',(#9059),#9077,.T.);
#9059 = FACE_BOUND('',#9060,.T.);
#9060 = EDGE_LOOP('',(#9061,#9062,#9070,#9076));
#9061 = ORIENTED_EDGE('',*,*,#8253,.T.);
#9062 = ORIENTED_EDGE('',*,*,#9063,.T.);
#9063 = EDGE_CURVE('',#8246,#9064,#9066,.T.);
#9064 = VERTEX_POINT('',#9065);
#9065 = CARTESIAN_POINT('',(-1.4,-1.225,1.79));
#9066 = LINE('',#9067,#9068);
#9067 = CARTESIAN_POINT('',(-1.4,0.525,1.66));
#9068 = VECTOR('',#9069,1.);
#9069 = DIRECTION('',(0.,-0.997252183706,7.408159078957E-02));
#9070 = ORIENTED_EDGE('',*,*,#9071,.F.);
#9071 = EDGE_CURVE('',#9032,#9064,#9072,.T.);
#9072 = LINE('',#9073,#9074);
#9073 = CARTESIAN_POINT('',(-1.6,-1.225,1.79));
#9074 = VECTOR('',#9075,1.);
#9075 = DIRECTION('',(1.,0.,0.));
#9076 = ORIENTED_EDGE('',*,*,#9048,.F.);
#9077 = PLANE('',#9078);
#9078 = AXIS2_PLACEMENT_3D('',#9079,#9080,#9081);
#9079 = CARTESIAN_POINT('',(-1.6,0.525,1.66));
#9080 = DIRECTION('',(0.,-7.408159078957E-02,-0.997252183706));
#9081 = DIRECTION('',(0.,-0.997252183706,7.408159078957E-02));
#9082 = ADVANCED_FACE('',(#9083),#9101,.F.);
#9083 = FACE_BOUND('',#9084,.F.);
#9084 = EDGE_LOOP('',(#9085,#9093,#9099,#9100));
#9085 = ORIENTED_EDGE('',*,*,#9086,.T.);
#9086 = EDGE_CURVE('',#9064,#9087,#9089,.T.);
#9087 = VERTEX_POINT('',#9088);
#9088 = CARTESIAN_POINT('',(-1.4,-1.225,2.14));
#9089 = LINE('',#9090,#9091);
#9090 = CARTESIAN_POINT('',(-1.4,-1.225,1.79));
#9091 = VECTOR('',#9092,1.);
#9092 = DIRECTION('',(0.,0.,1.));
#9093 = ORIENTED_EDGE('',*,*,#9094,.T.);
#9094 = EDGE_CURVE('',#9087,#8238,#9095,.T.);
#9095 = LINE('',#9096,#9097);
#9096 = CARTESIAN_POINT('',(-1.4,-1.225,2.14));
#9097 = VECTOR('',#9098,1.);
#9098 = DIRECTION('',(0.,1.,0.));
#9099 = ORIENTED_EDGE('',*,*,#8245,.T.);
#9100 = ORIENTED_EDGE('',*,*,#9063,.T.);
#9101 = PLANE('',#9102);
#9102 = AXIS2_PLACEMENT_3D('',#9103,#9104,#9105);
#9103 = CARTESIAN_POINT('',(-1.4,-0.323759014354,1.931294517928));
#9104 = DIRECTION('',(-1.,-0.,-0.));
#9105 = DIRECTION('',(0.,0.,-1.));
#9106 = ADVANCED_FACE('',(#9107),#9118,.T.);
#9107 = FACE_BOUND('',#9108,.T.);
#9108 = EDGE_LOOP('',(#9109,#9115,#9116,#9117));
#9109 = ORIENTED_EDGE('',*,*,#9110,.T.);
#9110 = EDGE_CURVE('',#9034,#9087,#9111,.T.);
#9111 = LINE('',#9112,#9113);
#9112 = CARTESIAN_POINT('',(-1.6,-1.225,2.14));
#9113 = VECTOR('',#9114,1.);
#9114 = DIRECTION('',(1.,0.,0.));
#9115 = ORIENTED_EDGE('',*,*,#9094,.T.);
#9116 = ORIENTED_EDGE('',*,*,#8237,.F.);
#9117 = ORIENTED_EDGE('',*,*,#9041,.F.);
#9118 = PLANE('',#9119);
#9119 = AXIS2_PLACEMENT_3D('',#9120,#9121,#9122);
#9120 = CARTESIAN_POINT('',(-1.6,-1.225,2.14));
#9121 = DIRECTION('',(0.,0.,1.));
#9122 = DIRECTION('',(0.,1.,0.));
#9123 = ADVANCED_FACE('',(#9124),#9149,.T.);
#9124 = FACE_BOUND('',#9125,.T.);
#9125 = EDGE_LOOP('',(#9126,#9136,#9142,#9143));
#9126 = ORIENTED_EDGE('',*,*,#9127,.T.);
#9127 = EDGE_CURVE('',#9128,#9130,#9132,.T.);
#9128 = VERTEX_POINT('',#9129);
#9129 = CARTESIAN_POINT('',(-0.6,-1.225,1.79));
#9130 = VERTEX_POINT('',#9131);
#9131 = CARTESIAN_POINT('',(-0.6,-1.225,2.14));
#9132 = LINE('',#9133,#9134);
#9133 = CARTESIAN_POINT('',(-0.6,-1.225,1.79));
#9134 = VECTOR('',#9135,1.);
#9135 = DIRECTION('',(0.,0.,1.));
#9136 = ORIENTED_EDGE('',*,*,#9137,.T.);
#9137 = EDGE_CURVE('',#9130,#8262,#9138,.T.);
#9138 = LINE('',#9139,#9140);
#9139 = CARTESIAN_POINT('',(-0.6,-1.225,2.14));
#9140 = VECTOR('',#9141,1.);
#9141 = DIRECTION('',(0.,1.,0.));
#9142 = ORIENTED_EDGE('',*,*,#8261,.T.);
#9143 = ORIENTED_EDGE('',*,*,#9144,.T.);
#9144 = EDGE_CURVE('',#8264,#9128,#9145,.T.);
#9145 = LINE('',#9146,#9147);
#9146 = CARTESIAN_POINT('',(-0.6,0.525,1.66));
#9147 = VECTOR('',#9148,1.);
#9148 = DIRECTION('',(0.,-0.997252183706,7.408159078957E-02));
#9149 = PLANE('',#9150);
#9150 = AXIS2_PLACEMENT_3D('',#9151,#9152,#9153);
#9151 = CARTESIAN_POINT('',(-0.6,-0.323759014354,1.931294517928));
#9152 = DIRECTION('',(-1.,-0.,-0.));
#9153 = DIRECTION('',(0.,0.,-1.));
#9154 = ADVANCED_FACE('',(#9155),#9173,.T.);
#9155 = FACE_BOUND('',#9156,.T.);
#9156 = EDGE_LOOP('',(#9157,#9158,#9166,#9172));
#9157 = ORIENTED_EDGE('',*,*,#8287,.T.);
#9158 = ORIENTED_EDGE('',*,*,#9159,.T.);
#9159 = EDGE_CURVE('',#8280,#9160,#9162,.T.);
#9160 = VERTEX_POINT('',#9161);
#9161 = CARTESIAN_POINT('',(-0.4,-1.225,1.79));
#9162 = LINE('',#9163,#9164);
#9163 = CARTESIAN_POINT('',(-0.4,0.525,1.66));
#9164 = VECTOR('',#9165,1.);
#9165 = DIRECTION('',(0.,-0.997252183706,7.408159078957E-02));
#9166 = ORIENTED_EDGE('',*,*,#9167,.F.);
#9167 = EDGE_CURVE('',#9128,#9160,#9168,.T.);
#9168 = LINE('',#9169,#9170);
#9169 = CARTESIAN_POINT('',(-0.6,-1.225,1.79));
#9170 = VECTOR('',#9171,1.);
#9171 = DIRECTION('',(1.,0.,0.));
#9172 = ORIENTED_EDGE('',*,*,#9144,.F.);
#9173 = PLANE('',#9174);
#9174 = AXIS2_PLACEMENT_3D('',#9175,#9176,#9177);
#9175 = CARTESIAN_POINT('',(-0.6,0.525,1.66));
#9176 = DIRECTION('',(0.,-7.408159078957E-02,-0.997252183706));
#9177 = DIRECTION('',(0.,-0.997252183706,7.408159078957E-02));
#9178 = ADVANCED_FACE('',(#9179),#9197,.F.);
#9179 = FACE_BOUND('',#9180,.F.);
#9180 = EDGE_LOOP('',(#9181,#9189,#9195,#9196));
#9181 = ORIENTED_EDGE('',*,*,#9182,.T.);
#9182 = EDGE_CURVE('',#9160,#9183,#9185,.T.);
#9183 = VERTEX_POINT('',#9184);
#9184 = CARTESIAN_POINT('',(-0.4,-1.225,2.14));
#9185 = LINE('',#9186,#9187);
#9186 = CARTESIAN_POINT('',(-0.4,-1.225,1.79));
#9187 = VECTOR('',#9188,1.);
#9188 = DIRECTION('',(0.,0.,1.));
#9189 = ORIENTED_EDGE('',*,*,#9190,.T.);
#9190 = EDGE_CURVE('',#9183,#8272,#9191,.T.);
#9191 = LINE('',#9192,#9193);
#9192 = CARTESIAN_POINT('',(-0.4,-1.225,2.14));
#9193 = VECTOR('',#9194,1.);
#9194 = DIRECTION('',(0.,1.,0.));
#9195 = ORIENTED_EDGE('',*,*,#8279,.T.);
#9196 = ORIENTED_EDGE('',*,*,#9159,.T.);
#9197 = PLANE('',#9198);
#9198 = AXIS2_PLACEMENT_3D('',#9199,#9200,#9201);
#9199 = CARTESIAN_POINT('',(-0.4,-0.323759014354,1.931294517928));
#9200 = DIRECTION('',(-1.,-0.,-0.));
#9201 = DIRECTION('',(0.,0.,-1.));
#9202 = ADVANCED_FACE('',(#9203),#9214,.T.);
#9203 = FACE_BOUND('',#9204,.T.);
#9204 = EDGE_LOOP('',(#9205,#9211,#9212,#9213));
#9205 = ORIENTED_EDGE('',*,*,#9206,.T.);
#9206 = EDGE_CURVE('',#9130,#9183,#9207,.T.);
#9207 = LINE('',#9208,#9209);
#9208 = CARTESIAN_POINT('',(-0.6,-1.225,2.14));
#9209 = VECTOR('',#9210,1.);
#9210 = DIRECTION('',(1.,0.,0.));
#9211 = ORIENTED_EDGE('',*,*,#9190,.T.);
#9212 = ORIENTED_EDGE('',*,*,#8271,.F.);
#9213 = ORIENTED_EDGE('',*,*,#9137,.F.);
#9214 = PLANE('',#9215);
#9215 = AXIS2_PLACEMENT_3D('',#9216,#9217,#9218);
#9216 = CARTESIAN_POINT('',(-0.6,-1.225,2.14));
#9217 = DIRECTION('',(0.,0.,1.));
#9218 = DIRECTION('',(0.,1.,0.));
#9219 = ADVANCED_FACE('',(#9220),#9245,.T.);
#9220 = FACE_BOUND('',#9221,.T.);
#9221 = EDGE_LOOP('',(#9222,#9232,#9238,#9239));
#9222 = ORIENTED_EDGE('',*,*,#9223,.T.);
#9223 = EDGE_CURVE('',#9224,#9226,#9228,.T.);
#9224 = VERTEX_POINT('',#9225);
#9225 = CARTESIAN_POINT('',(0.4,-1.225,1.79));
#9226 = VERTEX_POINT('',#9227);
#9227 = CARTESIAN_POINT('',(0.4,-1.225,2.14));
#9228 = LINE('',#9229,#9230);
#9229 = CARTESIAN_POINT('',(0.4,-1.225,1.79));
#9230 = VECTOR('',#9231,1.);
#9231 = DIRECTION('',(0.,0.,1.));
#9232 = ORIENTED_EDGE('',*,*,#9233,.T.);
#9233 = EDGE_CURVE('',#9226,#8296,#9234,.T.);
#9234 = LINE('',#9235,#9236);
#9235 = CARTESIAN_POINT('',(0.4,-1.225,2.14));
#9236 = VECTOR('',#9237,1.);
#9237 = DIRECTION('',(0.,1.,0.));
#9238 = ORIENTED_EDGE('',*,*,#8295,.T.);
#9239 = ORIENTED_EDGE('',*,*,#9240,.T.);
#9240 = EDGE_CURVE('',#8298,#9224,#9241,.T.);
#9241 = LINE('',#9242,#9243);
#9242 = CARTESIAN_POINT('',(0.4,0.525,1.66));
#9243 = VECTOR('',#9244,1.);
#9244 = DIRECTION('',(0.,-0.997252183706,7.408159078957E-02));
#9245 = PLANE('',#9246);
#9246 = AXIS2_PLACEMENT_3D('',#9247,#9248,#9249);
#9247 = CARTESIAN_POINT('',(0.4,-0.323759014354,1.931294517928));
#9248 = DIRECTION('',(-1.,-0.,-0.));
#9249 = DIRECTION('',(0.,0.,-1.));
#9250 = ADVANCED_FACE('',(#9251),#9269,.T.);
#9251 = FACE_BOUND('',#9252,.T.);
#9252 = EDGE_LOOP('',(#9253,#9254,#9262,#9268));
#9253 = ORIENTED_EDGE('',*,*,#8321,.T.);
#9254 = ORIENTED_EDGE('',*,*,#9255,.T.);
#9255 = EDGE_CURVE('',#8314,#9256,#9258,.T.);
#9256 = VERTEX_POINT('',#9257);
#9257 = CARTESIAN_POINT('',(0.6,-1.225,1.79));
#9258 = LINE('',#9259,#9260);
#9259 = CARTESIAN_POINT('',(0.6,0.525,1.66));
#9260 = VECTOR('',#9261,1.);
#9261 = DIRECTION('',(0.,-0.997252183706,7.408159078957E-02));
#9262 = ORIENTED_EDGE('',*,*,#9263,.F.);
#9263 = EDGE_CURVE('',#9224,#9256,#9264,.T.);
#9264 = LINE('',#9265,#9266);
#9265 = CARTESIAN_POINT('',(0.4,-1.225,1.79));
#9266 = VECTOR('',#9267,1.);
#9267 = DIRECTION('',(1.,0.,0.));
#9268 = ORIENTED_EDGE('',*,*,#9240,.F.);
#9269 = PLANE('',#9270);
#9270 = AXIS2_PLACEMENT_3D('',#9271,#9272,#9273);
#9271 = CARTESIAN_POINT('',(0.4,0.525,1.66));
#9272 = DIRECTION('',(0.,-7.408159078957E-02,-0.997252183706));
#9273 = DIRECTION('',(0.,-0.997252183706,7.408159078957E-02));
#9274 = ADVANCED_FACE('',(#9275),#9293,.F.);
#9275 = FACE_BOUND('',#9276,.F.);
#9276 = EDGE_LOOP('',(#9277,#9285,#9291,#9292));
#9277 = ORIENTED_EDGE('',*,*,#9278,.T.);
#9278 = EDGE_CURVE('',#9256,#9279,#9281,.T.);
#9279 = VERTEX_POINT('',#9280);
#9280 = CARTESIAN_POINT('',(0.6,-1.225,2.14));
#9281 = LINE('',#9282,#9283);
#9282 = CARTESIAN_POINT('',(0.6,-1.225,1.79));
#9283 = VECTOR('',#9284,1.);
#9284 = DIRECTION('',(0.,0.,1.));
#9285 = ORIENTED_EDGE('',*,*,#9286,.T.);
#9286 = EDGE_CURVE('',#9279,#8306,#9287,.T.);
#9287 = LINE('',#9288,#9289);
#9288 = CARTESIAN_POINT('',(0.6,-1.225,2.14));
#9289 = VECTOR('',#9290,1.);
#9290 = DIRECTION('',(0.,1.,0.));
#9291 = ORIENTED_EDGE('',*,*,#8313,.T.);
#9292 = ORIENTED_EDGE('',*,*,#9255,.T.);
#9293 = PLANE('',#9294);
#9294 = AXIS2_PLACEMENT_3D('',#9295,#9296,#9297);
#9295 = CARTESIAN_POINT('',(0.6,-0.323759014354,1.931294517928));
#9296 = DIRECTION('',(-1.,-0.,-0.));
#9297 = DIRECTION('',(0.,0.,-1.));
#9298 = ADVANCED_FACE('',(#9299),#9310,.T.);
#9299 = FACE_BOUND('',#9300,.T.);
#9300 = EDGE_LOOP('',(#9301,#9307,#9308,#9309));
#9301 = ORIENTED_EDGE('',*,*,#9302,.T.);
#9302 = EDGE_CURVE('',#9226,#9279,#9303,.T.);
#9303 = LINE('',#9304,#9305);
#9304 = CARTESIAN_POINT('',(0.4,-1.225,2.14));
#9305 = VECTOR('',#9306,1.);
#9306 = DIRECTION('',(1.,0.,0.));
#9307 = ORIENTED_EDGE('',*,*,#9286,.T.);
#9308 = ORIENTED_EDGE('',*,*,#8305,.F.);
#9309 = ORIENTED_EDGE('',*,*,#9233,.F.);
#9310 = PLANE('',#9311);
#9311 = AXIS2_PLACEMENT_3D('',#9312,#9313,#9314);
#9312 = CARTESIAN_POINT('',(0.4,-1.225,2.14));
#9313 = DIRECTION('',(0.,0.,1.));
#9314 = DIRECTION('',(0.,1.,0.));
#9315 = ADVANCED_FACE('',(#9316),#9341,.T.);
#9316 = FACE_BOUND('',#9317,.T.);
#9317 = EDGE_LOOP('',(#9318,#9328,#9334,#9335));
#9318 = ORIENTED_EDGE('',*,*,#9319,.T.);
#9319 = EDGE_CURVE('',#9320,#9322,#9324,.T.);
#9320 = VERTEX_POINT('',#9321);
#9321 = CARTESIAN_POINT('',(1.4,-1.225,1.79));
#9322 = VERTEX_POINT('',#9323);
#9323 = CARTESIAN_POINT('',(1.4,-1.225,2.14));
#9324 = LINE('',#9325,#9326);
#9325 = CARTESIAN_POINT('',(1.4,-1.225,1.79));
#9326 = VECTOR('',#9327,1.);
#9327 = DIRECTION('',(0.,0.,1.));
#9328 = ORIENTED_EDGE('',*,*,#9329,.T.);
#9329 = EDGE_CURVE('',#9322,#8330,#9330,.T.);
#9330 = LINE('',#9331,#9332);
#9331 = CARTESIAN_POINT('',(1.4,-1.225,2.14));
#9332 = VECTOR('',#9333,1.);
#9333 = DIRECTION('',(0.,1.,0.));
#9334 = ORIENTED_EDGE('',*,*,#8329,.T.);
#9335 = ORIENTED_EDGE('',*,*,#9336,.T.);
#9336 = EDGE_CURVE('',#8332,#9320,#9337,.T.);
#9337 = LINE('',#9338,#9339);
#9338 = CARTESIAN_POINT('',(1.4,0.525,1.66));
#9339 = VECTOR('',#9340,1.);
#9340 = DIRECTION('',(0.,-0.997252183706,7.408159078957E-02));
#9341 = PLANE('',#9342);
#9342 = AXIS2_PLACEMENT_3D('',#9343,#9344,#9345);
#9343 = CARTESIAN_POINT('',(1.4,-0.323759014354,1.931294517928));
#9344 = DIRECTION('',(-1.,-0.,-0.));
#9345 = DIRECTION('',(0.,0.,-1.));
#9346 = ADVANCED_FACE('',(#9347),#9365,.T.);
#9347 = FACE_BOUND('',#9348,.T.);
#9348 = EDGE_LOOP('',(#9349,#9350,#9358,#9364));
#9349 = ORIENTED_EDGE('',*,*,#8355,.T.);
#9350 = ORIENTED_EDGE('',*,*,#9351,.T.);
#9351 = EDGE_CURVE('',#8348,#9352,#9354,.T.);
#9352 = VERTEX_POINT('',#9353);
#9353 = CARTESIAN_POINT('',(1.6,-1.225,1.79));
#9354 = LINE('',#9355,#9356);
#9355 = CARTESIAN_POINT('',(1.6,0.525,1.66));
#9356 = VECTOR('',#9357,1.);
#9357 = DIRECTION('',(0.,-0.997252183706,7.408159078957E-02));
#9358 = ORIENTED_EDGE('',*,*,#9359,.F.);
#9359 = EDGE_CURVE('',#9320,#9352,#9360,.T.);
#9360 = LINE('',#9361,#9362);
#9361 = CARTESIAN_POINT('',(1.4,-1.225,1.79));
#9362 = VECTOR('',#9363,1.);
#9363 = DIRECTION('',(1.,0.,0.));
#9364 = ORIENTED_EDGE('',*,*,#9336,.F.);
#9365 = PLANE('',#9366);
#9366 = AXIS2_PLACEMENT_3D('',#9367,#9368,#9369);
#9367 = CARTESIAN_POINT('',(1.4,0.525,1.66));
#9368 = DIRECTION('',(0.,-7.408159078957E-02,-0.997252183706));
#9369 = DIRECTION('',(0.,-0.997252183706,7.408159078957E-02));
#9370 = ADVANCED_FACE('',(#9371),#9389,.F.);
#9371 = FACE_BOUND('',#9372,.F.);
#9372 = EDGE_LOOP('',(#9373,#9381,#9387,#9388));
#9373 = ORIENTED_EDGE('',*,*,#9374,.T.);
#9374 = EDGE_CURVE('',#9352,#9375,#9377,.T.);
#9375 = VERTEX_POINT('',#9376);
#9376 = CARTESIAN_POINT('',(1.6,-1.225,2.14));
#9377 = LINE('',#9378,#9379);
#9378 = CARTESIAN_POINT('',(1.6,-1.225,1.79));
#9379 = VECTOR('',#9380,1.);
#9380 = DIRECTION('',(0.,0.,1.));
#9381 = ORIENTED_EDGE('',*,*,#9382,.T.);
#9382 = EDGE_CURVE('',#9375,#8340,#9383,.T.);
#9383 = LINE('',#9384,#9385);
#9384 = CARTESIAN_POINT('',(1.6,-1.225,2.14));
#9385 = VECTOR('',#9386,1.);
#9386 = DIRECTION('',(0.,1.,0.));
#9387 = ORIENTED_EDGE('',*,*,#8347,.T.);
#9388 = ORIENTED_EDGE('',*,*,#9351,.T.);
#9389 = PLANE('',#9390);
#9390 = AXIS2_PLACEMENT_3D('',#9391,#9392,#9393);
#9391 = CARTESIAN_POINT('',(1.6,-0.323759014354,1.931294517928));
#9392 = DIRECTION('',(-1.,-0.,-0.));
#9393 = DIRECTION('',(0.,0.,-1.));
#9394 = ADVANCED_FACE('',(#9395),#9406,.T.);
#9395 = FACE_BOUND('',#9396,.T.);
#9396 = EDGE_LOOP('',(#9397,#9403,#9404,#9405));
#9397 = ORIENTED_EDGE('',*,*,#9398,.T.);
#9398 = EDGE_CURVE('',#9322,#9375,#9399,.T.);
#9399 = LINE('',#9400,#9401);
#9400 = CARTESIAN_POINT('',(1.4,-1.225,2.14));
#9401 = VECTOR('',#9402,1.);
#9402 = DIRECTION('',(1.,0.,0.));
#9403 = ORIENTED_EDGE('',*,*,#9382,.T.);
#9404 = ORIENTED_EDGE('',*,*,#8339,.F.);
#9405 = ORIENTED_EDGE('',*,*,#9329,.F.);
#9406 = PLANE('',#9407);
#9407 = AXIS2_PLACEMENT_3D('',#9408,#9409,#9410);
#9408 = CARTESIAN_POINT('',(1.4,-1.225,2.14));
#9409 = DIRECTION('',(0.,0.,1.));
#9410 = DIRECTION('',(0.,1.,0.));
#9411 = ADVANCED_FACE('',(#9412),#9437,.T.);
#9412 = FACE_BOUND('',#9413,.T.);
#9413 = EDGE_LOOP('',(#9414,#9424,#9430,#9431));
#9414 = ORIENTED_EDGE('',*,*,#9415,.T.);
#9415 = EDGE_CURVE('',#9416,#9418,#9420,.T.);
#9416 = VERTEX_POINT('',#9417);
#9417 = CARTESIAN_POINT('',(2.4,-1.225,1.79));
#9418 = VERTEX_POINT('',#9419);
#9419 = CARTESIAN_POINT('',(2.4,-1.225,2.14));
#9420 = LINE('',#9421,#9422);
#9421 = CARTESIAN_POINT('',(2.4,-1.225,1.79));
#9422 = VECTOR('',#9423,1.);
#9423 = DIRECTION('',(0.,0.,1.));
#9424 = ORIENTED_EDGE('',*,*,#9425,.T.);
#9425 = EDGE_CURVE('',#9418,#8364,#9426,.T.);
#9426 = LINE('',#9427,#9428);
#9427 = CARTESIAN_POINT('',(2.4,-1.225,2.14));
#9428 = VECTOR('',#9429,1.);
#9429 = DIRECTION('',(0.,1.,0.));
#9430 = ORIENTED_EDGE('',*,*,#8363,.T.);
#9431 = ORIENTED_EDGE('',*,*,#9432,.T.);
#9432 = EDGE_CURVE('',#8366,#9416,#9433,.T.);
#9433 = LINE('',#9434,#9435);
#9434 = CARTESIAN_POINT('',(2.4,0.525,1.66));
#9435 = VECTOR('',#9436,1.);
#9436 = DIRECTION('',(0.,-0.997252183706,7.408159078957E-02));
#9437 = PLANE('',#9438);
#9438 = AXIS2_PLACEMENT_3D('',#9439,#9440,#9441);
#9439 = CARTESIAN_POINT('',(2.4,-0.323759014354,1.931294517928));
#9440 = DIRECTION('',(-1.,-0.,-0.));
#9441 = DIRECTION('',(0.,0.,-1.));
#9442 = ADVANCED_FACE('',(#9443),#9461,.T.);
#9443 = FACE_BOUND('',#9444,.T.);
#9444 = EDGE_LOOP('',(#9445,#9446,#9454,#9460));
#9445 = ORIENTED_EDGE('',*,*,#8389,.T.);
#9446 = ORIENTED_EDGE('',*,*,#9447,.T.);
#9447 = EDGE_CURVE('',#8382,#9448,#9450,.T.);
#9448 = VERTEX_POINT('',#9449);
#9449 = CARTESIAN_POINT('',(2.6,-1.225,1.79));
#9450 = LINE('',#9451,#9452);
#9451 = CARTESIAN_POINT('',(2.6,0.525,1.66));
#9452 = VECTOR('',#9453,1.);
#9453 = DIRECTION('',(0.,-0.997252183706,7.408159078957E-02));
#9454 = ORIENTED_EDGE('',*,*,#9455,.F.);
#9455 = EDGE_CURVE('',#9416,#9448,#9456,.T.);
#9456 = LINE('',#9457,#9458);
#9457 = CARTESIAN_POINT('',(2.4,-1.225,1.79));
#9458 = VECTOR('',#9459,1.);
#9459 = DIRECTION('',(1.,0.,0.));
#9460 = ORIENTED_EDGE('',*,*,#9432,.F.);
#9461 = PLANE('',#9462);
#9462 = AXIS2_PLACEMENT_3D('',#9463,#9464,#9465);
#9463 = CARTESIAN_POINT('',(2.4,0.525,1.66));
#9464 = DIRECTION('',(0.,-7.408159078957E-02,-0.997252183706));
#9465 = DIRECTION('',(0.,-0.997252183706,7.408159078957E-02));
#9466 = ADVANCED_FACE('',(#9467),#9485,.F.);
#9467 = FACE_BOUND('',#9468,.F.);
#9468 = EDGE_LOOP('',(#9469,#9477,#9483,#9484));
#9469 = ORIENTED_EDGE('',*,*,#9470,.T.);
#9470 = EDGE_CURVE('',#9448,#9471,#9473,.T.);
#9471 = VERTEX_POINT('',#9472);
#9472 = CARTESIAN_POINT('',(2.6,-1.225,2.14));
#9473 = LINE('',#9474,#9475);
#9474 = CARTESIAN_POINT('',(2.6,-1.225,1.79));
#9475 = VECTOR('',#9476,1.);
#9476 = DIRECTION('',(0.,0.,1.));
#9477 = ORIENTED_EDGE('',*,*,#9478,.T.);
#9478 = EDGE_CURVE('',#9471,#8374,#9479,.T.);
#9479 = LINE('',#9480,#9481);
#9480 = CARTESIAN_POINT('',(2.6,-1.225,2.14));
#9481 = VECTOR('',#9482,1.);
#9482 = DIRECTION('',(0.,1.,0.));
#9483 = ORIENTED_EDGE('',*,*,#8381,.T.);
#9484 = ORIENTED_EDGE('',*,*,#9447,.T.);
#9485 = PLANE('',#9486);
#9486 = AXIS2_PLACEMENT_3D('',#9487,#9488,#9489);
#9487 = CARTESIAN_POINT('',(2.6,-0.323759014354,1.931294517928));
#9488 = DIRECTION('',(-1.,-0.,-0.));
#9489 = DIRECTION('',(0.,0.,-1.));
#9490 = ADVANCED_FACE('',(#9491),#9502,.T.);
#9491 = FACE_BOUND('',#9492,.T.);
#9492 = EDGE_LOOP('',(#9493,#9499,#9500,#9501));
#9493 = ORIENTED_EDGE('',*,*,#9494,.T.);
#9494 = EDGE_CURVE('',#9418,#9471,#9495,.T.);
#9495 = LINE('',#9496,#9497);
#9496 = CARTESIAN_POINT('',(2.4,-1.225,2.14));
#9497 = VECTOR('',#9498,1.);
#9498 = DIRECTION('',(1.,0.,0.));
#9499 = ORIENTED_EDGE('',*,*,#9478,.T.);
#9500 = ORIENTED_EDGE('',*,*,#8373,.F.);
#9501 = ORIENTED_EDGE('',*,*,#9425,.F.);
#9502 = PLANE('',#9503);
#9503 = AXIS2_PLACEMENT_3D('',#9504,#9505,#9506);
#9504 = CARTESIAN_POINT('',(2.4,-1.225,2.14));
#9505 = DIRECTION('',(0.,0.,1.));
#9506 = DIRECTION('',(0.,1.,0.));
#9507 = ADVANCED_FACE('',(#9508),#9533,.T.);
#9508 = FACE_BOUND('',#9509,.T.);
#9509 = EDGE_LOOP('',(#9510,#9520,#9526,#9527));
#9510 = ORIENTED_EDGE('',*,*,#9511,.T.);
#9511 = EDGE_CURVE('',#9512,#9514,#9516,.T.);
#9512 = VERTEX_POINT('',#9513);
#9513 = CARTESIAN_POINT('',(3.4,-1.225,1.79));
#9514 = VERTEX_POINT('',#9515);
#9515 = CARTESIAN_POINT('',(3.4,-1.225,2.14));
#9516 = LINE('',#9517,#9518);
#9517 = CARTESIAN_POINT('',(3.4,-1.225,1.79));
#9518 = VECTOR('',#9519,1.);
#9519 = DIRECTION('',(0.,0.,1.));
#9520 = ORIENTED_EDGE('',*,*,#9521,.T.);
#9521 = EDGE_CURVE('',#9514,#8398,#9522,.T.);
#9522 = LINE('',#9523,#9524);
#9523 = CARTESIAN_POINT('',(3.4,-1.225,2.14));
#9524 = VECTOR('',#9525,1.);
#9525 = DIRECTION('',(0.,1.,0.));
#9526 = ORIENTED_EDGE('',*,*,#8397,.T.);
#9527 = ORIENTED_EDGE('',*,*,#9528,.T.);
#9528 = EDGE_CURVE('',#8400,#9512,#9529,.T.);
#9529 = LINE('',#9530,#9531);
#9530 = CARTESIAN_POINT('',(3.4,0.525,1.66));
#9531 = VECTOR('',#9532,1.);
#9532 = DIRECTION('',(0.,-0.997252183706,7.408159078957E-02));
#9533 = PLANE('',#9534);
#9534 = AXIS2_PLACEMENT_3D('',#9535,#9536,#9537);
#9535 = CARTESIAN_POINT('',(3.4,-0.323759014354,1.931294517928));
#9536 = DIRECTION('',(-1.,-0.,-0.));
#9537 = DIRECTION('',(0.,0.,-1.));
#9538 = ADVANCED_FACE('',(#9539),#9557,.T.);
#9539 = FACE_BOUND('',#9540,.T.);
#9540 = EDGE_LOOP('',(#9541,#9542,#9550,#9556));
#9541 = ORIENTED_EDGE('',*,*,#8423,.T.);
#9542 = ORIENTED_EDGE('',*,*,#9543,.T.);
#9543 = EDGE_CURVE('',#8416,#9544,#9546,.T.);
#9544 = VERTEX_POINT('',#9545);
#9545 = CARTESIAN_POINT('',(3.6,-1.225,1.79));
#9546 = LINE('',#9547,#9548);
#9547 = CARTESIAN_POINT('',(3.6,0.525,1.66));
#9548 = VECTOR('',#9549,1.);
#9549 = DIRECTION('',(0.,-0.997252183706,7.408159078957E-02));
#9550 = ORIENTED_EDGE('',*,*,#9551,.F.);
#9551 = EDGE_CURVE('',#9512,#9544,#9552,.T.);
#9552 = LINE('',#9553,#9554);
#9553 = CARTESIAN_POINT('',(3.4,-1.225,1.79));
#9554 = VECTOR('',#9555,1.);
#9555 = DIRECTION('',(1.,0.,0.));
#9556 = ORIENTED_EDGE('',*,*,#9528,.F.);
#9557 = PLANE('',#9558);
#9558 = AXIS2_PLACEMENT_3D('',#9559,#9560,#9561);
#9559 = CARTESIAN_POINT('',(3.4,0.525,1.66));
#9560 = DIRECTION('',(0.,-7.408159078957E-02,-0.997252183706));
#9561 = DIRECTION('',(0.,-0.997252183706,7.408159078957E-02));
#9562 = ADVANCED_FACE('',(#9563),#9581,.F.);
#9563 = FACE_BOUND('',#9564,.F.);
#9564 = EDGE_LOOP('',(#9565,#9573,#9579,#9580));
#9565 = ORIENTED_EDGE('',*,*,#9566,.T.);
#9566 = EDGE_CURVE('',#9544,#9567,#9569,.T.);
#9567 = VERTEX_POINT('',#9568);
#9568 = CARTESIAN_POINT('',(3.6,-1.225,2.14));
#9569 = LINE('',#9570,#9571);
#9570 = CARTESIAN_POINT('',(3.6,-1.225,1.79));
#9571 = VECTOR('',#9572,1.);
#9572 = DIRECTION('',(0.,0.,1.));
#9573 = ORIENTED_EDGE('',*,*,#9574,.T.);
#9574 = EDGE_CURVE('',#9567,#8408,#9575,.T.);
#9575 = LINE('',#9576,#9577);
#9576 = CARTESIAN_POINT('',(3.6,-1.225,2.14));
#9577 = VECTOR('',#9578,1.);
#9578 = DIRECTION('',(0.,1.,0.));
#9579 = ORIENTED_EDGE('',*,*,#8415,.T.);
#9580 = ORIENTED_EDGE('',*,*,#9543,.T.);
#9581 = PLANE('',#9582);
#9582 = AXIS2_PLACEMENT_3D('',#9583,#9584,#9585);
#9583 = CARTESIAN_POINT('',(3.6,-0.323759014354,1.931294517928));
#9584 = DIRECTION('',(-1.,-0.,-0.));
#9585 = DIRECTION('',(0.,0.,-1.));
#9586 = ADVANCED_FACE('',(#9587),#9598,.T.);
#9587 = FACE_BOUND('',#9588,.T.);
#9588 = EDGE_LOOP('',(#9589,#9595,#9596,#9597));
#9589 = ORIENTED_EDGE('',*,*,#9590,.T.);
#9590 = EDGE_CURVE('',#9514,#9567,#9591,.T.);
#9591 = LINE('',#9592,#9593);
#9592 = CARTESIAN_POINT('',(3.4,-1.225,2.14));
#9593 = VECTOR('',#9594,1.);
#9594 = DIRECTION('',(1.,0.,0.));
#9595 = ORIENTED_EDGE('',*,*,#9574,.T.);
#9596 = ORIENTED_EDGE('',*,*,#8407,.F.);
#9597 = ORIENTED_EDGE('',*,*,#9521,.F.);
#9598 = PLANE('',#9599);
#9599 = AXIS2_PLACEMENT_3D('',#9600,#9601,#9602);
#9600 = CARTESIAN_POINT('',(3.4,-1.225,2.14));
#9601 = DIRECTION('',(0.,0.,1.));
#9602 = DIRECTION('',(0.,1.,0.));
#9603 = ADVANCED_FACE('',(#9604),#9629,.T.);
#9604 = FACE_BOUND('',#9605,.T.);
#9605 = EDGE_LOOP('',(#9606,#9616,#9622,#9623));
#9606 = ORIENTED_EDGE('',*,*,#9607,.T.);
#9607 = EDGE_CURVE('',#9608,#9610,#9612,.T.);
#9608 = VERTEX_POINT('',#9609);
#9609 = CARTESIAN_POINT('',(4.4,-1.225,1.79));
#9610 = VERTEX_POINT('',#9611);
#9611 = CARTESIAN_POINT('',(4.4,-1.225,2.14));
#9612 = LINE('',#9613,#9614);
#9613 = CARTESIAN_POINT('',(4.4,-1.225,1.79));
#9614 = VECTOR('',#9615,1.);
#9615 = DIRECTION('',(0.,0.,1.));
#9616 = ORIENTED_EDGE('',*,*,#9617,.T.);
#9617 = EDGE_CURVE('',#9610,#8432,#9618,.T.);
#9618 = LINE('',#9619,#9620);
#9619 = CARTESIAN_POINT('',(4.4,-1.225,2.14));
#9620 = VECTOR('',#9621,1.);
#9621 = DIRECTION('',(0.,1.,0.));
#9622 = ORIENTED_EDGE('',*,*,#8431,.T.);
#9623 = ORIENTED_EDGE('',*,*,#9624,.T.);
#9624 = EDGE_CURVE('',#8434,#9608,#9625,.T.);
#9625 = LINE('',#9626,#9627);
#9626 = CARTESIAN_POINT('',(4.4,0.525,1.66));
#9627 = VECTOR('',#9628,1.);
#9628 = DIRECTION('',(0.,-0.997252183706,7.408159078957E-02));
#9629 = PLANE('',#9630);
#9630 = AXIS2_PLACEMENT_3D('',#9631,#9632,#9633);
#9631 = CARTESIAN_POINT('',(4.4,-0.323759014354,1.931294517928));
#9632 = DIRECTION('',(-1.,-0.,-0.));
#9633 = DIRECTION('',(0.,0.,-1.));
#9634 = ADVANCED_FACE('',(#9635),#9653,.T.);
#9635 = FACE_BOUND('',#9636,.T.);
#9636 = EDGE_LOOP('',(#9637,#9638,#9646,#9652));
#9637 = ORIENTED_EDGE('',*,*,#8457,.T.);
#9638 = ORIENTED_EDGE('',*,*,#9639,.T.);
#9639 = EDGE_CURVE('',#8450,#9640,#9642,.T.);
#9640 = VERTEX_POINT('',#9641);
#9641 = CARTESIAN_POINT('',(4.6,-1.225,1.79));
#9642 = LINE('',#9643,#9644);
#9643 = CARTESIAN_POINT('',(4.6,0.525,1.66));
#9644 = VECTOR('',#9645,1.);
#9645 = DIRECTION('',(0.,-0.997252183706,7.408159078957E-02));
#9646 = ORIENTED_EDGE('',*,*,#9647,.F.);
#9647 = EDGE_CURVE('',#9608,#9640,#9648,.T.);
#9648 = LINE('',#9649,#9650);
#9649 = CARTESIAN_POINT('',(4.4,-1.225,1.79));
#9650 = VECTOR('',#9651,1.);
#9651 = DIRECTION('',(1.,0.,0.));
#9652 = ORIENTED_EDGE('',*,*,#9624,.F.);
#9653 = PLANE('',#9654);
#9654 = AXIS2_PLACEMENT_3D('',#9655,#9656,#9657);
#9655 = CARTESIAN_POINT('',(4.4,0.525,1.66));
#9656 = DIRECTION('',(0.,-7.408159078957E-02,-0.997252183706));
#9657 = DIRECTION('',(0.,-0.997252183706,7.408159078957E-02));
#9658 = ADVANCED_FACE('',(#9659),#9677,.F.);
#9659 = FACE_BOUND('',#9660,.F.);
#9660 = EDGE_LOOP('',(#9661,#9669,#9675,#9676));
#9661 = ORIENTED_EDGE('',*,*,#9662,.T.);
#9662 = EDGE_CURVE('',#9640,#9663,#9665,.T.);
#9663 = VERTEX_POINT('',#9664);
#9664 = CARTESIAN_POINT('',(4.6,-1.225,2.14));
#9665 = LINE('',#9666,#9667);
#9666 = CARTESIAN_POINT('',(4.6,-1.225,1.79));
#9667 = VECTOR('',#9668,1.);
#9668 = DIRECTION('',(0.,0.,1.));
#9669 = ORIENTED_EDGE('',*,*,#9670,.T.);
#9670 = EDGE_CURVE('',#9663,#8442,#9671,.T.);
#9671 = LINE('',#9672,#9673);
#9672 = CARTESIAN_POINT('',(4.6,-1.225,2.14));
#9673 = VECTOR('',#9674,1.);
#9674 = DIRECTION('',(0.,1.,0.));
#9675 = ORIENTED_EDGE('',*,*,#8449,.T.);
#9676 = ORIENTED_EDGE('',*,*,#9639,.T.);
#9677 = PLANE('',#9678);
#9678 = AXIS2_PLACEMENT_3D('',#9679,#9680,#9681);
#9679 = CARTESIAN_POINT('',(4.6,-0.323759014354,1.931294517928));
#9680 = DIRECTION('',(-1.,-0.,-0.));
#9681 = DIRECTION('',(0.,0.,-1.));
#9682 = ADVANCED_FACE('',(#9683),#9694,.T.);
#9683 = FACE_BOUND('',#9684,.T.);
#9684 = EDGE_LOOP('',(#9685,#9691,#9692,#9693));
#9685 = ORIENTED_EDGE('',*,*,#9686,.T.);
#9686 = EDGE_CURVE('',#9610,#9663,#9687,.T.);
#9687 = LINE('',#9688,#9689);
#9688 = CARTESIAN_POINT('',(4.4,-1.225,2.14));
#9689 = VECTOR('',#9690,1.);
#9690 = DIRECTION('',(1.,0.,0.));
#9691 = ORIENTED_EDGE('',*,*,#9670,.T.);
#9692 = ORIENTED_EDGE('',*,*,#8441,.F.);
#9693 = ORIENTED_EDGE('',*,*,#9617,.F.);
#9694 = PLANE('',#9695);
#9695 = AXIS2_PLACEMENT_3D('',#9696,#9697,#9698);
#9696 = CARTESIAN_POINT('',(4.4,-1.225,2.14));
#9697 = DIRECTION('',(0.,0.,1.));
#9698 = DIRECTION('',(0.,1.,0.));
#9699 = ADVANCED_FACE('',(#9700),#9725,.T.);
#9700 = FACE_BOUND('',#9701,.T.);
#9701 = EDGE_LOOP('',(#9702,#9712,#9718,#9719));
#9702 = ORIENTED_EDGE('',*,*,#9703,.T.);
#9703 = EDGE_CURVE('',#9704,#9706,#9708,.T.);
#9704 = VERTEX_POINT('',#9705);
#9705 = CARTESIAN_POINT('',(5.4,-1.225,1.79));
#9706 = VERTEX_POINT('',#9707);
#9707 = CARTESIAN_POINT('',(5.4,-1.225,2.14));
#9708 = LINE('',#9709,#9710);
#9709 = CARTESIAN_POINT('',(5.4,-1.225,1.79));
#9710 = VECTOR('',#9711,1.);
#9711 = DIRECTION('',(0.,0.,1.));
#9712 = ORIENTED_EDGE('',*,*,#9713,.T.);
#9713 = EDGE_CURVE('',#9706,#8466,#9714,.T.);
#9714 = LINE('',#9715,#9716);
#9715 = CARTESIAN_POINT('',(5.4,-1.225,2.14));
#9716 = VECTOR('',#9717,1.);
#9717 = DIRECTION('',(0.,1.,0.));
#9718 = ORIENTED_EDGE('',*,*,#8465,.T.);
#9719 = ORIENTED_EDGE('',*,*,#9720,.T.);
#9720 = EDGE_CURVE('',#8468,#9704,#9721,.T.);
#9721 = LINE('',#9722,#9723);
#9722 = CARTESIAN_POINT('',(5.4,0.525,1.66));
#9723 = VECTOR('',#9724,1.);
#9724 = DIRECTION('',(0.,-0.997252183706,7.408159078957E-02));
#9725 = PLANE('',#9726);
#9726 = AXIS2_PLACEMENT_3D('',#9727,#9728,#9729);
#9727 = CARTESIAN_POINT('',(5.4,-0.323759014354,1.931294517928));
#9728 = DIRECTION('',(-1.,-0.,-0.));
#9729 = DIRECTION('',(0.,0.,-1.));
#9730 = ADVANCED_FACE('',(#9731),#9749,.T.);
#9731 = FACE_BOUND('',#9732,.T.);
#9732 = EDGE_LOOP('',(#9733,#9734,#9742,#9748));
#9733 = ORIENTED_EDGE('',*,*,#8491,.T.);
#9734 = ORIENTED_EDGE('',*,*,#9735,.T.);
#9735 = EDGE_CURVE('',#8484,#9736,#9738,.T.);
#9736 = VERTEX_POINT('',#9737);
#9737 = CARTESIAN_POINT('',(5.6,-1.225,1.79));
#9738 = LINE('',#9739,#9740);
#9739 = CARTESIAN_POINT('',(5.6,0.525,1.66));
#9740 = VECTOR('',#9741,1.);
#9741 = DIRECTION('',(0.,-0.997252183706,7.408159078957E-02));
#9742 = ORIENTED_EDGE('',*,*,#9743,.F.);
#9743 = EDGE_CURVE('',#9704,#9736,#9744,.T.);
#9744 = LINE('',#9745,#9746);
#9745 = CARTESIAN_POINT('',(5.4,-1.225,1.79));
#9746 = VECTOR('',#9747,1.);
#9747 = DIRECTION('',(1.,0.,0.));
#9748 = ORIENTED_EDGE('',*,*,#9720,.F.);
#9749 = PLANE('',#9750);
#9750 = AXIS2_PLACEMENT_3D('',#9751,#9752,#9753);
#9751 = CARTESIAN_POINT('',(5.4,0.525,1.66));
#9752 = DIRECTION('',(0.,-7.408159078957E-02,-0.997252183706));
#9753 = DIRECTION('',(0.,-0.997252183706,7.408159078957E-02));
#9754 = ADVANCED_FACE('',(#9755),#9773,.F.);
#9755 = FACE_BOUND('',#9756,.F.);
#9756 = EDGE_LOOP('',(#9757,#9765,#9771,#9772));
#9757 = ORIENTED_EDGE('',*,*,#9758,.T.);
#9758 = EDGE_CURVE('',#9736,#9759,#9761,.T.);
#9759 = VERTEX_POINT('',#9760);
#9760 = CARTESIAN_POINT('',(5.6,-1.225,2.14));
#9761 = LINE('',#9762,#9763);
#9762 = CARTESIAN_POINT('',(5.6,-1.225,1.79));
#9763 = VECTOR('',#9764,1.);
#9764 = DIRECTION('',(0.,0.,1.));
#9765 = ORIENTED_EDGE('',*,*,#9766,.T.);
#9766 = EDGE_CURVE('',#9759,#8476,#9767,.T.);
#9767 = LINE('',#9768,#9769);
#9768 = CARTESIAN_POINT('',(5.6,-1.225,2.14));
#9769 = VECTOR('',#9770,1.);
#9770 = DIRECTION('',(0.,1.,0.));
#9771 = ORIENTED_EDGE('',*,*,#8483,.T.);
#9772 = ORIENTED_EDGE('',*,*,#9735,.T.);
#9773 = PLANE('',#9774);
#9774 = AXIS2_PLACEMENT_3D('',#9775,#9776,#9777);
#9775 = CARTESIAN_POINT('',(5.6,-0.323759014354,1.931294517928));
#9776 = DIRECTION('',(-1.,-0.,-0.));
#9777 = DIRECTION('',(0.,0.,-1.));
#9778 = ADVANCED_FACE('',(#9779),#9790,.T.);
#9779 = FACE_BOUND('',#9780,.T.);
#9780 = EDGE_LOOP('',(#9781,#9787,#9788,#9789));
#9781 = ORIENTED_EDGE('',*,*,#9782,.T.);
#9782 = EDGE_CURVE('',#9706,#9759,#9783,.T.);
#9783 = LINE('',#9784,#9785);
#9784 = CARTESIAN_POINT('',(5.4,-1.225,2.14));
#9785 = VECTOR('',#9786,1.);
#9786 = DIRECTION('',(1.,0.,0.));
#9787 = ORIENTED_EDGE('',*,*,#9766,.T.);
#9788 = ORIENTED_EDGE('',*,*,#8475,.F.);
#9789 = ORIENTED_EDGE('',*,*,#9713,.F.);
#9790 = PLANE('',#9791);
#9791 = AXIS2_PLACEMENT_3D('',#9792,#9793,#9794);
#9792 = CARTESIAN_POINT('',(5.4,-1.225,2.14));
#9793 = DIRECTION('',(0.,0.,1.));
#9794 = DIRECTION('',(0.,1.,0.));
#9795 = ADVANCED_FACE('',(#9796),#9821,.T.);
#9796 = FACE_BOUND('',#9797,.T.);
#9797 = EDGE_LOOP('',(#9798,#9808,#9814,#9815));
#9798 = ORIENTED_EDGE('',*,*,#9799,.T.);
#9799 = EDGE_CURVE('',#9800,#9802,#9804,.T.);
#9800 = VERTEX_POINT('',#9801);
#9801 = CARTESIAN_POINT('',(6.4,-1.225,1.79));
#9802 = VERTEX_POINT('',#9803);
#9803 = CARTESIAN_POINT('',(6.4,-1.225,2.14));
#9804 = LINE('',#9805,#9806);
#9805 = CARTESIAN_POINT('',(6.4,-1.225,1.79));
#9806 = VECTOR('',#9807,1.);
#9807 = DIRECTION('',(0.,0.,1.));
#9808 = ORIENTED_EDGE('',*,*,#9809,.T.);
#9809 = EDGE_CURVE('',#9802,#8500,#9810,.T.);
#9810 = LINE('',#9811,#9812);
#9811 = CARTESIAN_POINT('',(6.4,-1.225,2.14));
#9812 = VECTOR('',#9813,1.);
#9813 = DIRECTION('',(0.,1.,0.));
#9814 = ORIENTED_EDGE('',*,*,#8499,.T.);
#9815 = ORIENTED_EDGE('',*,*,#9816,.T.);
#9816 = EDGE_CURVE('',#8502,#9800,#9817,.T.);
#9817 = LINE('',#9818,#9819);
#9818 = CARTESIAN_POINT('',(6.4,0.525,1.66));
#9819 = VECTOR('',#9820,1.);
#9820 = DIRECTION('',(0.,-0.997252183706,7.408159078957E-02));
#9821 = PLANE('',#9822);
#9822 = AXIS2_PLACEMENT_3D('',#9823,#9824,#9825);
#9823 = CARTESIAN_POINT('',(6.4,-0.323759014354,1.931294517928));
#9824 = DIRECTION('',(-1.,-0.,-0.));
#9825 = DIRECTION('',(0.,0.,-1.));
#9826 = ADVANCED_FACE('',(#9827),#9845,.T.);
#9827 = FACE_BOUND('',#9828,.T.);
#9828 = EDGE_LOOP('',(#9829,#9830,#9838,#9844));
#9829 = ORIENTED_EDGE('',*,*,#8525,.T.);
#9830 = ORIENTED_EDGE('',*,*,#9831,.T.);
#9831 = EDGE_CURVE('',#8518,#9832,#9834,.T.);
#9832 = VERTEX_POINT('',#9833);
#9833 = CARTESIAN_POINT('',(6.6,-1.225,1.79));
#9834 = LINE('',#9835,#9836);
#9835 = CARTESIAN_POINT('',(6.6,0.525,1.66));
#9836 = VECTOR('',#9837,1.);
#9837 = DIRECTION('',(0.,-0.997252183706,7.408159078957E-02));
#9838 = ORIENTED_EDGE('',*,*,#9839,.F.);
#9839 = EDGE_CURVE('',#9800,#9832,#9840,.T.);
#9840 = LINE('',#9841,#9842);
#9841 = CARTESIAN_POINT('',(6.4,-1.225,1.79));
#9842 = VECTOR('',#9843,1.);
#9843 = DIRECTION('',(1.,0.,0.));
#9844 = ORIENTED_EDGE('',*,*,#9816,.F.);
#9845 = PLANE('',#9846);
#9846 = AXIS2_PLACEMENT_3D('',#9847,#9848,#9849);
#9847 = CARTESIAN_POINT('',(6.4,0.525,1.66));
#9848 = DIRECTION('',(0.,-7.408159078957E-02,-0.997252183706));
#9849 = DIRECTION('',(0.,-0.997252183706,7.408159078957E-02));
#9850 = ADVANCED_FACE('',(#9851),#9869,.F.);
#9851 = FACE_BOUND('',#9852,.F.);
#9852 = EDGE_LOOP('',(#9853,#9861,#9867,#9868));
#9853 = ORIENTED_EDGE('',*,*,#9854,.T.);
#9854 = EDGE_CURVE('',#9832,#9855,#9857,.T.);
#9855 = VERTEX_POINT('',#9856);
#9856 = CARTESIAN_POINT('',(6.6,-1.225,2.14));
#9857 = LINE('',#9858,#9859);
#9858 = CARTESIAN_POINT('',(6.6,-1.225,1.79));
#9859 = VECTOR('',#9860,1.);
#9860 = DIRECTION('',(0.,0.,1.));
#9861 = ORIENTED_EDGE('',*,*,#9862,.T.);
#9862 = EDGE_CURVE('',#9855,#8510,#9863,.T.);
#9863 = LINE('',#9864,#9865);
#9864 = CARTESIAN_POINT('',(6.6,-1.225,2.14));
#9865 = VECTOR('',#9866,1.);
#9866 = DIRECTION('',(0.,1.,0.));
#9867 = ORIENTED_EDGE('',*,*,#8517,.T.);
#9868 = ORIENTED_EDGE('',*,*,#9831,.T.);
#9869 = PLANE('',#9870);
#9870 = AXIS2_PLACEMENT_3D('',#9871,#9872,#9873);
#9871 = CARTESIAN_POINT('',(6.6,-0.323759014354,1.931294517928));
#9872 = DIRECTION('',(-1.,-0.,-0.));
#9873 = DIRECTION('',(0.,0.,-1.));
#9874 = ADVANCED_FACE('',(#9875),#9886,.T.);
#9875 = FACE_BOUND('',#9876,.T.);
#9876 = EDGE_LOOP('',(#9877,#9883,#9884,#9885));
#9877 = ORIENTED_EDGE('',*,*,#9878,.T.);
#9878 = EDGE_CURVE('',#9802,#9855,#9879,.T.);
#9879 = LINE('',#9880,#9881);
#9880 = CARTESIAN_POINT('',(6.4,-1.225,2.14));
#9881 = VECTOR('',#9882,1.);
#9882 = DIRECTION('',(1.,0.,0.));
#9883 = ORIENTED_EDGE('',*,*,#9862,.T.);
#9884 = ORIENTED_EDGE('',*,*,#8509,.F.);
#9885 = ORIENTED_EDGE('',*,*,#9809,.F.);
#9886 = PLANE('',#9887);
#9887 = AXIS2_PLACEMENT_3D('',#9888,#9889,#9890);
#9888 = CARTESIAN_POINT('',(6.4,-1.225,2.14));
#9889 = DIRECTION('',(0.,0.,1.));
#9890 = DIRECTION('',(0.,1.,0.));
#9891 = ADVANCED_FACE('',(#9892),#9898,.T.);
#9892 = FACE_BOUND('',#9893,.T.);
#9893 = EDGE_LOOP('',(#9894,#9895,#9896,#9897));
#9894 = ORIENTED_EDGE('',*,*,#8560,.T.);
#9895 = ORIENTED_EDGE('',*,*,#8582,.T.);
#9896 = ORIENTED_EDGE('',*,*,#8606,.F.);
#9897 = ORIENTED_EDGE('',*,*,#8630,.F.);
#9898 = PLANE('',#9899);
#9899 = AXIS2_PLACEMENT_3D('',#9900,#9901,#9902);
#9900 = CARTESIAN_POINT('',(-6.6,-1.225,1.79));
#9901 = DIRECTION('',(0.,-1.,0.));
#9902 = DIRECTION('',(0.,0.,1.));
#9903 = ADVANCED_FACE('',(#9904),#9910,.T.);
#9904 = FACE_BOUND('',#9905,.T.);
#9905 = EDGE_LOOP('',(#9906,#9907,#9908,#9909));
#9906 = ORIENTED_EDGE('',*,*,#8687,.T.);
#9907 = ORIENTED_EDGE('',*,*,#8702,.T.);
#9908 = ORIENTED_EDGE('',*,*,#8726,.F.);
#9909 = ORIENTED_EDGE('',*,*,#8647,.F.);
#9910 = PLANE('',#9911);
#9911 = AXIS2_PLACEMENT_3D('',#9912,#9913,#9914);
#9912 = CARTESIAN_POINT('',(-5.6,-1.225,1.79));
#9913 = DIRECTION('',(0.,-1.,0.));
#9914 = DIRECTION('',(0.,0.,1.));
#9915 = ADVANCED_FACE('',(#9916),#9922,.T.);
#9916 = FACE_BOUND('',#9917,.T.);
#9917 = EDGE_LOOP('',(#9918,#9919,#9920,#9921));
#9918 = ORIENTED_EDGE('',*,*,#8783,.T.);
#9919 = ORIENTED_EDGE('',*,*,#8798,.T.);
#9920 = ORIENTED_EDGE('',*,*,#8822,.F.);
#9921 = ORIENTED_EDGE('',*,*,#8743,.F.);
#9922 = PLANE('',#9923);
#9923 = AXIS2_PLACEMENT_3D('',#9924,#9925,#9926);
#9924 = CARTESIAN_POINT('',(-4.6,-1.225,1.79));
#9925 = DIRECTION('',(0.,-1.,0.));
#9926 = DIRECTION('',(0.,0.,1.));
#9927 = ADVANCED_FACE('',(#9928),#9934,.T.);
#9928 = FACE_BOUND('',#9929,.T.);
#9929 = EDGE_LOOP('',(#9930,#9931,#9932,#9933));
#9930 = ORIENTED_EDGE('',*,*,#8879,.T.);
#9931 = ORIENTED_EDGE('',*,*,#8894,.T.);
#9932 = ORIENTED_EDGE('',*,*,#8918,.F.);
#9933 = ORIENTED_EDGE('',*,*,#8839,.F.);
#9934 = PLANE('',#9935);
#9935 = AXIS2_PLACEMENT_3D('',#9936,#9937,#9938);
#9936 = CARTESIAN_POINT('',(-3.6,-1.225,1.79));
#9937 = DIRECTION('',(0.,-1.,0.));
#9938 = DIRECTION('',(0.,0.,1.));
#9939 = ADVANCED_FACE('',(#9940),#9946,.T.);
#9940 = FACE_BOUND('',#9941,.T.);
#9941 = EDGE_LOOP('',(#9942,#9943,#9944,#9945));
#9942 = ORIENTED_EDGE('',*,*,#8975,.T.);
#9943 = ORIENTED_EDGE('',*,*,#8990,.T.);
#9944 = ORIENTED_EDGE('',*,*,#9014,.F.);
#9945 = ORIENTED_EDGE('',*,*,#8935,.F.);
#9946 = PLANE('',#9947);
#9947 = AXIS2_PLACEMENT_3D('',#9948,#9949,#9950);
#9948 = CARTESIAN_POINT('',(-2.6,-1.225,1.79));
#9949 = DIRECTION('',(0.,-1.,0.));
#9950 = DIRECTION('',(0.,0.,1.));
#9951 = ADVANCED_FACE('',(#9952),#9958,.T.);
#9952 = FACE_BOUND('',#9953,.T.);
#9953 = EDGE_LOOP('',(#9954,#9955,#9956,#9957));
#9954 = ORIENTED_EDGE('',*,*,#9071,.T.);
#9955 = ORIENTED_EDGE('',*,*,#9086,.T.);
#9956 = ORIENTED_EDGE('',*,*,#9110,.F.);
#9957 = ORIENTED_EDGE('',*,*,#9031,.F.);
#9958 = PLANE('',#9959);
#9959 = AXIS2_PLACEMENT_3D('',#9960,#9961,#9962);
#9960 = CARTESIAN_POINT('',(-1.6,-1.225,1.79));
#9961 = DIRECTION('',(0.,-1.,0.));
#9962 = DIRECTION('',(0.,0.,1.));
#9963 = ADVANCED_FACE('',(#9964),#9970,.T.);
#9964 = FACE_BOUND('',#9965,.T.);
#9965 = EDGE_LOOP('',(#9966,#9967,#9968,#9969));
#9966 = ORIENTED_EDGE('',*,*,#9167,.T.);
#9967 = ORIENTED_EDGE('',*,*,#9182,.T.);
#9968 = ORIENTED_EDGE('',*,*,#9206,.F.);
#9969 = ORIENTED_EDGE('',*,*,#9127,.F.);
#9970 = PLANE('',#9971);
#9971 = AXIS2_PLACEMENT_3D('',#9972,#9973,#9974);
#9972 = CARTESIAN_POINT('',(-0.6,-1.225,1.79));
#9973 = DIRECTION('',(0.,-1.,0.));
#9974 = DIRECTION('',(0.,0.,1.));
#9975 = ADVANCED_FACE('',(#9976),#9982,.T.);
#9976 = FACE_BOUND('',#9977,.T.);
#9977 = EDGE_LOOP('',(#9978,#9979,#9980,#9981));
#9978 = ORIENTED_EDGE('',*,*,#9263,.T.);
#9979 = ORIENTED_EDGE('',*,*,#9278,.T.);
#9980 = ORIENTED_EDGE('',*,*,#9302,.F.);
#9981 = ORIENTED_EDGE('',*,*,#9223,.F.);
#9982 = PLANE('',#9983);
#9983 = AXIS2_PLACEMENT_3D('',#9984,#9985,#9986);
#9984 = CARTESIAN_POINT('',(0.4,-1.225,1.79));
#9985 = DIRECTION('',(0.,-1.,0.));
#9986 = DIRECTION('',(0.,0.,1.));
#9987 = ADVANCED_FACE('',(#9988),#9994,.T.);
#9988 = FACE_BOUND('',#9989,.T.);
#9989 = EDGE_LOOP('',(#9990,#9991,#9992,#9993));
#9990 = ORIENTED_EDGE('',*,*,#9359,.T.);
#9991 = ORIENTED_EDGE('',*,*,#9374,.T.);
#9992 = ORIENTED_EDGE('',*,*,#9398,.F.);
#9993 = ORIENTED_EDGE('',*,*,#9319,.F.);
#9994 = PLANE('',#9995);
#9995 = AXIS2_PLACEMENT_3D('',#9996,#9997,#9998);
#9996 = CARTESIAN_POINT('',(1.4,-1.225,1.79));
#9997 = DIRECTION('',(0.,-1.,0.));
#9998 = DIRECTION('',(0.,0.,1.));
#9999 = ADVANCED_FACE('',(#10000),#10006,.T.);
#10000 = FACE_BOUND('',#10001,.T.);
#10001 = EDGE_LOOP('',(#10002,#10003,#10004,#10005));
#10002 = ORIENTED_EDGE('',*,*,#9455,.T.);
#10003 = ORIENTED_EDGE('',*,*,#9470,.T.);
#10004 = ORIENTED_EDGE('',*,*,#9494,.F.);
#10005 = ORIENTED_EDGE('',*,*,#9415,.F.);
#10006 = PLANE('',#10007);
#10007 = AXIS2_PLACEMENT_3D('',#10008,#10009,#10010);
#10008 = CARTESIAN_POINT('',(2.4,-1.225,1.79));
#10009 = DIRECTION('',(0.,-1.,0.));
#10010 = DIRECTION('',(0.,0.,1.));
#10011 = ADVANCED_FACE('',(#10012),#10018,.T.);
#10012 = FACE_BOUND('',#10013,.T.);
#10013 = EDGE_LOOP('',(#10014,#10015,#10016,#10017));
#10014 = ORIENTED_EDGE('',*,*,#9551,.T.);
#10015 = ORIENTED_EDGE('',*,*,#9566,.T.);
#10016 = ORIENTED_EDGE('',*,*,#9590,.F.);
#10017 = ORIENTED_EDGE('',*,*,#9511,.F.);
#10018 = PLANE('',#10019);
#10019 = AXIS2_PLACEMENT_3D('',#10020,#10021,#10022);
#10020 = CARTESIAN_POINT('',(3.4,-1.225,1.79));
#10021 = DIRECTION('',(0.,-1.,0.));
#10022 = DIRECTION('',(0.,0.,1.));
#10023 = ADVANCED_FACE('',(#10024),#10030,.T.);
#10024 = FACE_BOUND('',#10025,.T.);
#10025 = EDGE_LOOP('',(#10026,#10027,#10028,#10029));
#10026 = ORIENTED_EDGE('',*,*,#9647,.T.);
#10027 = ORIENTED_EDGE('',*,*,#9662,.T.);
#10028 = ORIENTED_EDGE('',*,*,#9686,.F.);
#10029 = ORIENTED_EDGE('',*,*,#9607,.F.);
#10030 = PLANE('',#10031);
#10031 = AXIS2_PLACEMENT_3D('',#10032,#10033,#10034);
#10032 = CARTESIAN_POINT('',(4.4,-1.225,1.79));
#10033 = DIRECTION('',(0.,-1.,0.));
#10034 = DIRECTION('',(0.,0.,1.));
#10035 = ADVANCED_FACE('',(#10036),#10042,.T.);
#10036 = FACE_BOUND('',#10037,.T.);
#10037 = EDGE_LOOP('',(#10038,#10039,#10040,#10041));
#10038 = ORIENTED_EDGE('',*,*,#9743,.T.);
#10039 = ORIENTED_EDGE('',*,*,#9758,.T.);
#10040 = ORIENTED_EDGE('',*,*,#9782,.F.);
#10041 = ORIENTED_EDGE('',*,*,#9703,.F.);
#10042 = PLANE('',#10043);
#10043 = AXIS2_PLACEMENT_3D('',#10044,#10045,#10046);
#10044 = CARTESIAN_POINT('',(5.4,-1.225,1.79));
#10045 = DIRECTION('',(0.,-1.,0.));
#10046 = DIRECTION('',(0.,0.,1.));
#10047 = ADVANCED_FACE('',(#10048),#10054,.T.);
#10048 = FACE_BOUND('',#10049,.T.);
#10049 = EDGE_LOOP('',(#10050,#10051,#10052,#10053));
#10050 = ORIENTED_EDGE('',*,*,#9839,.T.);
#10051 = ORIENTED_EDGE('',*,*,#9854,.T.);
#10052 = ORIENTED_EDGE('',*,*,#9878,.F.);
#10053 = ORIENTED_EDGE('',*,*,#9799,.F.);
#10054 = PLANE('',#10055);
#10055 = AXIS2_PLACEMENT_3D('',#10056,#10057,#10058);
#10056 = CARTESIAN_POINT('',(6.4,-1.225,1.79));
#10057 = DIRECTION('',(0.,-1.,0.));
#10058 = DIRECTION('',(0.,0.,1.));
#10059 = ( GEOMETRIC_REPRESENTATION_CONTEXT(3) 
GLOBAL_UNCERTAINTY_ASSIGNED_CONTEXT((#10063)) 
GLOBAL_UNIT_ASSIGNED_CONTEXT((#10060,#10061,#10062)) 
REPRESENTATION_CONTEXT('Context #1',
  '3D Context with UNIT and UNCERTAINTY') );
#10060 = ( LENGTH_UNIT() NAMED_UNIT(*) SI_UNIT(.MILLI.,.METRE.) );
#10061 = ( NAMED_UNIT(*) PLANE_ANGLE_UNIT() SI_UNIT($,.RADIAN.) );
#10062 = ( NAMED_UNIT(*) SI_UNIT($,.STERADIAN.) SOLID_ANGLE_UNIT() );
#10063 = UNCERTAINTY_MEASURE_WITH_UNIT(LENGTH_MEASURE(1.E-07),#10060,
  'distance_accuracy_value','confusion accuracy');
#10064 = CONTEXT_DEPENDENT_SHAPE_REPRESENTATION(#10065,#10067);
#10065 = ( REPRESENTATION_RELATIONSHIP('','',#3854,#3831) 
REPRESENTATION_RELATIONSHIP_WITH_TRANSFORMATION(#10066) 
SHAPE_REPRESENTATION_RELATIONSHIP() );
#10066 = ITEM_DEFINED_TRANSFORMATION('','',#11,#3832);
#10067 = PRODUCT_DEFINITION_SHAPE('Placement','Placement of an item',
  #10068);
#10068 = NEXT_ASSEMBLY_USAGE_OCCURRENCE('4','=>[0:1:1:5]','',#3826,#3849
  ,$);
#10069 = PRODUCT_RELATED_PRODUCT_CATEGORY('part',$,(#3851));
#10070 = CONTEXT_DEPENDENT_SHAPE_REPRESENTATION(#10071,#10073);
#10071 = ( REPRESENTATION_RELATIONSHIP('','',#204,#10) 
REPRESENTATION_RELATIONSHIP_WITH_TRANSFORMATION(#10072) 
SHAPE_REPRESENTATION_RELATIONSHIP() );
#10072 = ITEM_DEFINED_TRANSFORMATION('','',#11,#27);
#10073 = PRODUCT_DEFINITION_SHAPE('Placement','Placement of an item',
  #10074);
#10074 = NEXT_ASSEMBLY_USAGE_OCCURRENCE('6','J18','',#5,#199,$);
#10075 = CONTEXT_DEPENDENT_SHAPE_REPRESENTATION(#10076,#10078);
#10076 = ( REPRESENTATION_RELATIONSHIP('','',#204,#10) 
REPRESENTATION_RELATIONSHIP_WITH_TRANSFORMATION(#10077) 
SHAPE_REPRESENTATION_RELATIONSHIP() );
#10077 = ITEM_DEFINED_TRANSFORMATION('','',#11,#31);
#10078 = PRODUCT_DEFINITION_SHAPE('Placement','Placement of an item',
  #10079);
#10079 = NEXT_ASSEMBLY_USAGE_OCCURRENCE('7','J16','',#5,#199,$);
#10080 = SHAPE_DEFINITION_REPRESENTATION(#10081,#10087);
#10081 = PRODUCT_DEFINITION_SHAPE('','',#10082);
#10082 = PRODUCT_DEFINITION('design','',#10083,#10086);
#10083 = PRODUCT_DEFINITION_FORMATION('','',#10084);
#10084 = PRODUCT('R_0603_1608Metric','R_0603_1608Metric','',(#10085));
#10085 = PRODUCT_CONTEXT('',#2,'mechanical');
#10086 = PRODUCT_DEFINITION_CONTEXT('part definition',#2,'design');
#10087 = SHAPE_REPRESENTATION('',(#11,#10088),#10092);
#10088 = AXIS2_PLACEMENT_3D('',#10089,#10090,#10091);
#10089 = CARTESIAN_POINT('',(0.,0.,0.));
#10090 = DIRECTION('',(0.,0.,1.));
#10091 = DIRECTION('',(1.,0.,-0.));
#10092 = ( GEOMETRIC_REPRESENTATION_CONTEXT(3) 
GLOBAL_UNCERTAINTY_ASSIGNED_CONTEXT((#10096)) 
GLOBAL_UNIT_ASSIGNED_CONTEXT((#10093,#10094,#10095)) 
REPRESENTATION_CONTEXT('Context #1',
  '3D Context with UNIT and UNCERTAINTY') );
#10093 = ( LENGTH_UNIT() NAMED_UNIT(*) SI_UNIT(.MILLI.,.METRE.) );
#10094 = ( NAMED_UNIT(*) PLANE_ANGLE_UNIT() SI_UNIT($,.RADIAN.) );
#10095 = ( NAMED_UNIT(*) SI_UNIT($,.STERADIAN.) SOLID_ANGLE_UNIT() );
#10096 = UNCERTAINTY_MEASURE_WITH_UNIT(LENGTH_MEASURE(1.E-07),#10093,
  'distance_accuracy_value','confusion accuracy');
#10097 = CONTEXT_DEPENDENT_SHAPE_REPRESENTATION(#10098,#10100);
#10098 = ( REPRESENTATION_RELATIONSHIP('','',#10087,#10) 
REPRESENTATION_RELATIONSHIP_WITH_TRANSFORMATION(#10099) 
SHAPE_REPRESENTATION_RELATIONSHIP() );
#10099 = ITEM_DEFINED_TRANSFORMATION('','',#11,#35);
#10100 = PRODUCT_DEFINITION_SHAPE('Placement','Placement of an item',
  #10101);
#10101 = NEXT_ASSEMBLY_USAGE_OCCURRENCE('9','R195','',#5,#10082,$);
#10102 = PRODUCT_RELATED_PRODUCT_CATEGORY('part',$,(#10084));
#10103 = SHAPE_DEFINITION_REPRESENTATION(#10104,#10110);
#10104 = PRODUCT_DEFINITION_SHAPE('','',#10105);
#10105 = PRODUCT_DEFINITION('design','',#10106,#10109);
#10106 = PRODUCT_DEFINITION_FORMATION('','',#10107);
#10107 = PRODUCT('R_0603_1608Metric','R_0603_1608Metric','',(#10108));
#10108 = PRODUCT_CONTEXT('',#2,'mechanical');
#10109 = PRODUCT_DEFINITION_CONTEXT('part definition',#2,'design');
#10110 = ADVANCED_BREP_SHAPE_REPRESENTATION('',(#11,#10111),#10901);
#10111 = MANIFOLD_SOLID_BREP('',#10112);
#10112 = CLOSED_SHELL('',(#10113,#10153,#10236,#10261,#10286,#10353,
    #10370,#10387,#10436,#10453,#10470,#10519,#10536,#10605,#10636,
    #10660,#10729,#10753,#10770,#10787,#10804,#10821,#10838,#10855,
    #10872,#10889));
#10113 = ADVANCED_FACE('',(#10114),#10148,.F.);
#10114 = FACE_BOUND('',#10115,.F.);
#10115 = EDGE_LOOP('',(#10116,#10126,#10134,#10142));
#10116 = ORIENTED_EDGE('',*,*,#10117,.F.);
#10117 = EDGE_CURVE('',#10118,#10120,#10122,.T.);
#10118 = VERTEX_POINT('',#10119);
#10119 = CARTESIAN_POINT('',(-0.8,-0.4,4.5E-02));
#10120 = VERTEX_POINT('',#10121);
#10121 = CARTESIAN_POINT('',(-0.8,-0.4,0.405));
#10122 = LINE('',#10123,#10124);
#10123 = CARTESIAN_POINT('',(-0.8,-0.4,0.));
#10124 = VECTOR('',#10125,1.);
#10125 = DIRECTION('',(0.,0.,1.));
#10126 = ORIENTED_EDGE('',*,*,#10127,.T.);
#10127 = EDGE_CURVE('',#10118,#10128,#10130,.T.);
#10128 = VERTEX_POINT('',#10129);
#10129 = CARTESIAN_POINT('',(-0.8,0.4,4.5E-02));
#10130 = LINE('',#10131,#10132);
#10131 = CARTESIAN_POINT('',(-0.8,-0.4,4.5E-02));
#10132 = VECTOR('',#10133,1.);
#10133 = DIRECTION('',(0.,1.,0.));
#10134 = ORIENTED_EDGE('',*,*,#10135,.T.);
#10135 = EDGE_CURVE('',#10128,#10136,#10138,.T.);
#10136 = VERTEX_POINT('',#10137);
#10137 = CARTESIAN_POINT('',(-0.8,0.4,0.405));
#10138 = LINE('',#10139,#10140);
#10139 = CARTESIAN_POINT('',(-0.8,0.4,0.));
#10140 = VECTOR('',#10141,1.);
#10141 = DIRECTION('',(0.,0.,1.));
#10142 = ORIENTED_EDGE('',*,*,#10143,.F.);
#10143 = EDGE_CURVE('',#10120,#10136,#10144,.T.);
#10144 = LINE('',#10145,#10146);
#10145 = CARTESIAN_POINT('',(-0.8,-0.4,0.405));
#10146 = VECTOR('',#10147,1.);
#10147 = DIRECTION('',(0.,1.,0.));
#10148 = PLANE('',#10149);
#10149 = AXIS2_PLACEMENT_3D('',#10150,#10151,#10152);
#10150 = CARTESIAN_POINT('',(-0.8,-0.4,0.));
#10151 = DIRECTION('',(1.,0.,0.));
#10152 = DIRECTION('',(0.,0.,1.));
#10153 = ADVANCED_FACE('',(#10154),#10231,.F.);
#10154 = FACE_BOUND('',#10155,.F.);
#10155 = EDGE_LOOP('',(#10156,#10166,#10173,#10174,#10183,#10191,#10200,
    #10208,#10216,#10224));
#10156 = ORIENTED_EDGE('',*,*,#10157,.F.);
#10157 = EDGE_CURVE('',#10158,#10160,#10162,.T.);
#10158 = VERTEX_POINT('',#10159);
#10159 = CARTESIAN_POINT('',(-0.755,-0.4,-2.775557561563E-17));
#10160 = VERTEX_POINT('',#10161);
#10161 = CARTESIAN_POINT('',(-0.545,-0.4,-2.775557561563E-17));
#10162 = LINE('',#10163,#10164);
#10163 = CARTESIAN_POINT('',(-0.8,-0.4,0.));
#10164 = VECTOR('',#10165,1.);
#10165 = DIRECTION('',(1.,0.,0.));
#10166 = ORIENTED_EDGE('',*,*,#10167,.F.);
#10167 = EDGE_CURVE('',#10118,#10158,#10168,.T.);
#10168 = CIRCLE('',#10169,4.5E-02);
#10169 = AXIS2_PLACEMENT_3D('',#10170,#10171,#10172);
#10170 = CARTESIAN_POINT('',(-0.755,-0.4,4.5E-02));
#10171 = DIRECTION('',(0.,-1.,0.));
#10172 = DIRECTION('',(0.,0.,1.));
#10173 = ORIENTED_EDGE('',*,*,#10117,.T.);
#10174 = ORIENTED_EDGE('',*,*,#10175,.T.);
#10175 = EDGE_CURVE('',#10120,#10176,#10178,.T.);
#10176 = VERTEX_POINT('',#10177);
#10177 = CARTESIAN_POINT('',(-0.755,-0.4,0.45));
#10178 = CIRCLE('',#10179,4.5E-02);
#10179 = AXIS2_PLACEMENT_3D('',#10180,#10181,#10182);
#10180 = CARTESIAN_POINT('',(-0.755,-0.4,0.405));
#10181 = DIRECTION('',(0.,1.,0.));
#10182 = DIRECTION('',(0.,-0.,1.));
#10183 = ORIENTED_EDGE('',*,*,#10184,.T.);
#10184 = EDGE_CURVE('',#10176,#10185,#10187,.T.);
#10185 = VERTEX_POINT('',#10186);
#10186 = CARTESIAN_POINT('',(-0.545,-0.4,0.45));
#10187 = LINE('',#10188,#10189);
#10188 = CARTESIAN_POINT('',(-0.8,-0.4,0.45));
#10189 = VECTOR('',#10190,1.);
#10190 = DIRECTION('',(1.,0.,0.));
#10191 = ORIENTED_EDGE('',*,*,#10192,.F.);
#10192 = EDGE_CURVE('',#10193,#10185,#10195,.T.);
#10193 = VERTEX_POINT('',#10194);
#10194 = CARTESIAN_POINT('',(-0.5,-0.4,0.405));
#10195 = CIRCLE('',#10196,4.5E-02);
#10196 = AXIS2_PLACEMENT_3D('',#10197,#10198,#10199);
#10197 = CARTESIAN_POINT('',(-0.545,-0.4,0.405));
#10198 = DIRECTION('',(0.,-1.,0.));
#10199 = DIRECTION('',(0.,0.,1.));
#10200 = ORIENTED_EDGE('',*,*,#10201,.F.);
#10201 = EDGE_CURVE('',#10202,#10193,#10204,.T.);
#10202 = VERTEX_POINT('',#10203);
#10203 = CARTESIAN_POINT('',(-0.755,-0.4,0.405));
#10204 = LINE('',#10205,#10206);
#10205 = CARTESIAN_POINT('',(-0.755,-0.4,0.405));
#10206 = VECTOR('',#10207,1.);
#10207 = DIRECTION('',(1.,0.,0.));
#10208 = ORIENTED_EDGE('',*,*,#10209,.F.);
#10209 = EDGE_CURVE('',#10210,#10202,#10212,.T.);
#10210 = VERTEX_POINT('',#10211);
#10211 = CARTESIAN_POINT('',(-0.755,-0.4,4.5E-02));
#10212 = LINE('',#10213,#10214);
#10213 = CARTESIAN_POINT('',(-0.755,-0.4,4.5E-02));
#10214 = VECTOR('',#10215,1.);
#10215 = DIRECTION('',(0.,0.,1.));
#10216 = ORIENTED_EDGE('',*,*,#10217,.T.);
#10217 = EDGE_CURVE('',#10210,#10218,#10220,.T.);
#10218 = VERTEX_POINT('',#10219);
#10219 = CARTESIAN_POINT('',(-0.5,-0.4,4.5E-02));
#10220 = LINE('',#10221,#10222);
#10221 = CARTESIAN_POINT('',(-0.755,-0.4,4.5E-02));
#10222 = VECTOR('',#10223,1.);
#10223 = DIRECTION('',(1.,0.,0.));
#10224 = ORIENTED_EDGE('',*,*,#10225,.T.);
#10225 = EDGE_CURVE('',#10218,#10160,#10226,.T.);
#10226 = CIRCLE('',#10227,4.5E-02);
#10227 = AXIS2_PLACEMENT_3D('',#10228,#10229,#10230);
#10228 = CARTESIAN_POINT('',(-0.545,-0.4,4.5E-02));
#10229 = DIRECTION('',(0.,1.,0.));
#10230 = DIRECTION('',(0.,-0.,1.));
#10231 = PLANE('',#10232);
#10232 = AXIS2_PLACEMENT_3D('',#10233,#10234,#10235);
#10233 = CARTESIAN_POINT('',(-0.8,-0.4,0.));
#10234 = DIRECTION('',(0.,1.,0.));
#10235 = DIRECTION('',(0.,-0.,1.));
#10236 = ADVANCED_FACE('',(#10237),#10256,.T.);
#10237 = FACE_BOUND('',#10238,.T.);
#10238 = EDGE_LOOP('',(#10239,#10240,#10249,#10255));
#10239 = ORIENTED_EDGE('',*,*,#10127,.T.);
#10240 = ORIENTED_EDGE('',*,*,#10241,.T.);
#10241 = EDGE_CURVE('',#10128,#10242,#10244,.T.);
#10242 = VERTEX_POINT('',#10243);
#10243 = CARTESIAN_POINT('',(-0.755,0.4,-2.775557561563E-17));
#10244 = CIRCLE('',#10245,4.5E-02);
#10245 = AXIS2_PLACEMENT_3D('',#10246,#10247,#10248);
#10246 = CARTESIAN_POINT('',(-0.755,0.4,4.5E-02));
#10247 = DIRECTION('',(0.,-1.,0.));
#10248 = DIRECTION('',(0.,0.,1.));
#10249 = ORIENTED_EDGE('',*,*,#10250,.F.);
#10250 = EDGE_CURVE('',#10158,#10242,#10251,.T.);
#10251 = LINE('',#10252,#10253);
#10252 = CARTESIAN_POINT('',(-0.755,-0.4,-2.775557561563E-17));
#10253 = VECTOR('',#10254,1.);
#10254 = DIRECTION('',(0.,1.,0.));
#10255 = ORIENTED_EDGE('',*,*,#10167,.F.);
#10256 = CYLINDRICAL_SURFACE('',#10257,4.5E-02);
#10257 = AXIS2_PLACEMENT_3D('',#10258,#10259,#10260);
#10258 = CARTESIAN_POINT('',(-0.755,-0.4,4.5E-02));
#10259 = DIRECTION('',(0.,1.,0.));
#10260 = DIRECTION('',(-1.,0.,0.));
#10261 = ADVANCED_FACE('',(#10262),#10281,.T.);
#10262 = FACE_BOUND('',#10263,.T.);
#10263 = EDGE_LOOP('',(#10264,#10265,#10273,#10280));
#10264 = ORIENTED_EDGE('',*,*,#10175,.T.);
#10265 = ORIENTED_EDGE('',*,*,#10266,.T.);
#10266 = EDGE_CURVE('',#10176,#10267,#10269,.T.);
#10267 = VERTEX_POINT('',#10268);
#10268 = CARTESIAN_POINT('',(-0.755,0.4,0.45));
#10269 = LINE('',#10270,#10271);
#10270 = CARTESIAN_POINT('',(-0.755,-0.4,0.45));
#10271 = VECTOR('',#10272,1.);
#10272 = DIRECTION('',(0.,1.,0.));
#10273 = ORIENTED_EDGE('',*,*,#10274,.F.);
#10274 = EDGE_CURVE('',#10136,#10267,#10275,.T.);
#10275 = CIRCLE('',#10276,4.5E-02);
#10276 = AXIS2_PLACEMENT_3D('',#10277,#10278,#10279);
#10277 = CARTESIAN_POINT('',(-0.755,0.4,0.405));
#10278 = DIRECTION('',(0.,1.,0.));
#10279 = DIRECTION('',(0.,-0.,1.));
#10280 = ORIENTED_EDGE('',*,*,#10143,.F.);
#10281 = CYLINDRICAL_SURFACE('',#10282,4.5E-02);
#10282 = AXIS2_PLACEMENT_3D('',#10283,#10284,#10285);
#10283 = CARTESIAN_POINT('',(-0.755,-0.4,0.405));
#10284 = DIRECTION('',(0.,1.,0.));
#10285 = DIRECTION('',(-1.,0.,0.));
#10286 = ADVANCED_FACE('',(#10287),#10348,.T.);
#10287 = FACE_BOUND('',#10288,.T.);
#10288 = EDGE_LOOP('',(#10289,#10297,#10298,#10299,#10300,#10308,#10317,
    #10325,#10333,#10341));
#10289 = ORIENTED_EDGE('',*,*,#10290,.F.);
#10290 = EDGE_CURVE('',#10242,#10291,#10293,.T.);
#10291 = VERTEX_POINT('',#10292);
#10292 = CARTESIAN_POINT('',(-0.545,0.4,-2.775557561563E-17));
#10293 = LINE('',#10294,#10295);
#10294 = CARTESIAN_POINT('',(-0.8,0.4,0.));
#10295 = VECTOR('',#10296,1.);
#10296 = DIRECTION('',(1.,0.,0.));
#10297 = ORIENTED_EDGE('',*,*,#10241,.F.);
#10298 = ORIENTED_EDGE('',*,*,#10135,.T.);
#10299 = ORIENTED_EDGE('',*,*,#10274,.T.);
#10300 = ORIENTED_EDGE('',*,*,#10301,.T.);
#10301 = EDGE_CURVE('',#10267,#10302,#10304,.T.);
#10302 = VERTEX_POINT('',#10303);
#10303 = CARTESIAN_POINT('',(-0.545,0.4,0.45));
#10304 = LINE('',#10305,#10306);
#10305 = CARTESIAN_POINT('',(-0.8,0.4,0.45));
#10306 = VECTOR('',#10307,1.);
#10307 = DIRECTION('',(1.,0.,0.));
#10308 = ORIENTED_EDGE('',*,*,#10309,.F.);
#10309 = EDGE_CURVE('',#10310,#10302,#10312,.T.);
#10310 = VERTEX_POINT('',#10311);
#10311 = CARTESIAN_POINT('',(-0.5,0.4,0.405));
#10312 = CIRCLE('',#10313,4.5E-02);
#10313 = AXIS2_PLACEMENT_3D('',#10314,#10315,#10316);
#10314 = CARTESIAN_POINT('',(-0.545,0.4,0.405));
#10315 = DIRECTION('',(0.,-1.,0.));
#10316 = DIRECTION('',(0.,0.,1.));
#10317 = ORIENTED_EDGE('',*,*,#10318,.F.);
#10318 = EDGE_CURVE('',#10319,#10310,#10321,.T.);
#10319 = VERTEX_POINT('',#10320);
#10320 = CARTESIAN_POINT('',(-0.755,0.4,0.405));
#10321 = LINE('',#10322,#10323);
#10322 = CARTESIAN_POINT('',(-0.755,0.4,0.405));
#10323 = VECTOR('',#10324,1.);
#10324 = DIRECTION('',(1.,0.,0.));
#10325 = ORIENTED_EDGE('',*,*,#10326,.F.);
#10326 = EDGE_CURVE('',#10327,#10319,#10329,.T.);
#10327 = VERTEX_POINT('',#10328);
#10328 = CARTESIAN_POINT('',(-0.755,0.4,4.5E-02));
#10329 = LINE('',#10330,#10331);
#10330 = CARTESIAN_POINT('',(-0.755,0.4,4.5E-02));
#10331 = VECTOR('',#10332,1.);
#10332 = DIRECTION('',(0.,0.,1.));
#10333 = ORIENTED_EDGE('',*,*,#10334,.T.);
#10334 = EDGE_CURVE('',#10327,#10335,#10337,.T.);
#10335 = VERTEX_POINT('',#10336);
#10336 = CARTESIAN_POINT('',(-0.5,0.4,4.5E-02));
#10337 = LINE('',#10338,#10339);
#10338 = CARTESIAN_POINT('',(-0.755,0.4,4.5E-02));
#10339 = VECTOR('',#10340,1.);
#10340 = DIRECTION('',(1.,0.,0.));
#10341 = ORIENTED_EDGE('',*,*,#10342,.T.);
#10342 = EDGE_CURVE('',#10335,#10291,#10343,.T.);
#10343 = CIRCLE('',#10344,4.5E-02);
#10344 = AXIS2_PLACEMENT_3D('',#10345,#10346,#10347);
#10345 = CARTESIAN_POINT('',(-0.545,0.4,4.5E-02));
#10346 = DIRECTION('',(0.,1.,0.));
#10347 = DIRECTION('',(0.,-0.,1.));
#10348 = PLANE('',#10349);
#10349 = AXIS2_PLACEMENT_3D('',#10350,#10351,#10352);
#10350 = CARTESIAN_POINT('',(-0.8,0.4,0.));
#10351 = DIRECTION('',(0.,1.,0.));
#10352 = DIRECTION('',(0.,-0.,1.));
#10353 = ADVANCED_FACE('',(#10354),#10365,.F.);
#10354 = FACE_BOUND('',#10355,.F.);
#10355 = EDGE_LOOP('',(#10356,#10357,#10358,#10359));
#10356 = ORIENTED_EDGE('',*,*,#10290,.F.);
#10357 = ORIENTED_EDGE('',*,*,#10250,.F.);
#10358 = ORIENTED_EDGE('',*,*,#10157,.T.);
#10359 = ORIENTED_EDGE('',*,*,#10360,.T.);
#10360 = EDGE_CURVE('',#10160,#10291,#10361,.T.);
#10361 = LINE('',#10362,#10363);
#10362 = CARTESIAN_POINT('',(-0.545,-0.4,-2.775557561563E-17));
#10363 = VECTOR('',#10364,1.);
#10364 = DIRECTION('',(0.,1.,0.));
#10365 = PLANE('',#10366);
#10366 = AXIS2_PLACEMENT_3D('',#10367,#10368,#10369);
#10367 = CARTESIAN_POINT('',(-0.8,-0.4,0.));
#10368 = DIRECTION('',(0.,0.,1.));
#10369 = DIRECTION('',(1.,0.,-0.));
#10370 = ADVANCED_FACE('',(#10371),#10382,.T.);
#10371 = FACE_BOUND('',#10372,.T.);
#10372 = EDGE_LOOP('',(#10373,#10374,#10375,#10376));
#10373 = ORIENTED_EDGE('',*,*,#10225,.T.);
#10374 = ORIENTED_EDGE('',*,*,#10360,.T.);
#10375 = ORIENTED_EDGE('',*,*,#10342,.F.);
#10376 = ORIENTED_EDGE('',*,*,#10377,.F.);
#10377 = EDGE_CURVE('',#10218,#10335,#10378,.T.);
#10378 = LINE('',#10379,#10380);
#10379 = CARTESIAN_POINT('',(-0.5,-0.4,4.5E-02));
#10380 = VECTOR('',#10381,1.);
#10381 = DIRECTION('',(0.,1.,0.));
#10382 = CYLINDRICAL_SURFACE('',#10383,4.5E-02);
#10383 = AXIS2_PLACEMENT_3D('',#10384,#10385,#10386);
#10384 = CARTESIAN_POINT('',(-0.545,-0.4,4.5E-02));
#10385 = DIRECTION('',(0.,1.,0.));
#10386 = DIRECTION('',(1.,0.,0.));
#10387 = ADVANCED_FACE('',(#10388),#10431,.F.);
#10388 = FACE_BOUND('',#10389,.F.);
#10389 = EDGE_LOOP('',(#10390,#10391,#10392,#10393,#10401,#10409,#10417,
    #10425));
#10390 = ORIENTED_EDGE('',*,*,#10217,.F.);
#10391 = ORIENTED_EDGE('',*,*,#10209,.T.);
#10392 = ORIENTED_EDGE('',*,*,#10201,.T.);
#10393 = ORIENTED_EDGE('',*,*,#10394,.T.);
#10394 = EDGE_CURVE('',#10193,#10395,#10397,.T.);
#10395 = VERTEX_POINT('',#10396);
#10396 = CARTESIAN_POINT('',(0.5,-0.4,0.405));
#10397 = LINE('',#10398,#10399);
#10398 = CARTESIAN_POINT('',(-0.5,-0.4,0.405));
#10399 = VECTOR('',#10400,1.);
#10400 = DIRECTION('',(1.,0.,0.));
#10401 = ORIENTED_EDGE('',*,*,#10402,.T.);
#10402 = EDGE_CURVE('',#10395,#10403,#10405,.T.);
#10403 = VERTEX_POINT('',#10404);
#10404 = CARTESIAN_POINT('',(0.755,-0.4,0.405));
#10405 = LINE('',#10406,#10407);
#10406 = CARTESIAN_POINT('',(-0.755,-0.4,0.405));
#10407 = VECTOR('',#10408,1.);
#10408 = DIRECTION('',(1.,0.,0.));
#10409 = ORIENTED_EDGE('',*,*,#10410,.F.);
#10410 = EDGE_CURVE('',#10411,#10403,#10413,.T.);
#10411 = VERTEX_POINT('',#10412);
#10412 = CARTESIAN_POINT('',(0.755,-0.4,4.5E-02));
#10413 = LINE('',#10414,#10415);
#10414 = CARTESIAN_POINT('',(0.755,-0.4,4.5E-02));
#10415 = VECTOR('',#10416,1.);
#10416 = DIRECTION('',(0.,0.,1.));
#10417 = ORIENTED_EDGE('',*,*,#10418,.F.);
#10418 = EDGE_CURVE('',#10419,#10411,#10421,.T.);
#10419 = VERTEX_POINT('',#10420);
#10420 = CARTESIAN_POINT('',(0.5,-0.4,4.5E-02));
#10421 = LINE('',#10422,#10423);
#10422 = CARTESIAN_POINT('',(-0.755,-0.4,4.5E-02));
#10423 = VECTOR('',#10424,1.);
#10424 = DIRECTION('',(1.,0.,0.));
#10425 = ORIENTED_EDGE('',*,*,#10426,.F.);
#10426 = EDGE_CURVE('',#10218,#10419,#10427,.T.);
#10427 = LINE('',#10428,#10429);
#10428 = CARTESIAN_POINT('',(-0.755,-0.4,4.5E-02));
#10429 = VECTOR('',#10430,1.);
#10430 = DIRECTION('',(1.,0.,0.));
#10431 = PLANE('',#10432);
#10432 = AXIS2_PLACEMENT_3D('',#10433,#10434,#10435);
#10433 = CARTESIAN_POINT('',(-0.755,-0.4,4.5E-02));
#10434 = DIRECTION('',(0.,1.,0.));
#10435 = DIRECTION('',(0.,-0.,1.));
#10436 = ADVANCED_FACE('',(#10437),#10448,.T.);
#10437 = FACE_BOUND('',#10438,.T.);
#10438 = EDGE_LOOP('',(#10439,#10440,#10441,#10442));
#10439 = ORIENTED_EDGE('',*,*,#10301,.F.);
#10440 = ORIENTED_EDGE('',*,*,#10266,.F.);
#10441 = ORIENTED_EDGE('',*,*,#10184,.T.);
#10442 = ORIENTED_EDGE('',*,*,#10443,.T.);
#10443 = EDGE_CURVE('',#10185,#10302,#10444,.T.);
#10444 = LINE('',#10445,#10446);
#10445 = CARTESIAN_POINT('',(-0.545,-0.4,0.45));
#10446 = VECTOR('',#10447,1.);
#10447 = DIRECTION('',(0.,1.,0.));
#10448 = PLANE('',#10449);
#10449 = AXIS2_PLACEMENT_3D('',#10450,#10451,#10452);
#10450 = CARTESIAN_POINT('',(-0.8,-0.4,0.45));
#10451 = DIRECTION('',(0.,0.,1.));
#10452 = DIRECTION('',(1.,0.,-0.));
#10453 = ADVANCED_FACE('',(#10454),#10465,.T.);
#10454 = FACE_BOUND('',#10455,.T.);
#10455 = EDGE_LOOP('',(#10456,#10462,#10463,#10464));
#10456 = ORIENTED_EDGE('',*,*,#10457,.T.);
#10457 = EDGE_CURVE('',#10193,#10310,#10458,.T.);
#10458 = LINE('',#10459,#10460);
#10459 = CARTESIAN_POINT('',(-0.5,-0.4,0.405));
#10460 = VECTOR('',#10461,1.);
#10461 = DIRECTION('',(0.,1.,0.));
#10462 = ORIENTED_EDGE('',*,*,#10309,.T.);
#10463 = ORIENTED_EDGE('',*,*,#10443,.F.);
#10464 = ORIENTED_EDGE('',*,*,#10192,.F.);
#10465 = CYLINDRICAL_SURFACE('',#10466,4.5E-02);
#10466 = AXIS2_PLACEMENT_3D('',#10467,#10468,#10469);
#10467 = CARTESIAN_POINT('',(-0.545,-0.4,0.405));
#10468 = DIRECTION('',(0.,1.,0.));
#10469 = DIRECTION('',(1.,0.,0.));
#10470 = ADVANCED_FACE('',(#10471),#10514,.T.);
#10471 = FACE_BOUND('',#10472,.T.);
#10472 = EDGE_LOOP('',(#10473,#10474,#10475,#10476,#10484,#10492,#10500,
    #10508));
#10473 = ORIENTED_EDGE('',*,*,#10334,.F.);
#10474 = ORIENTED_EDGE('',*,*,#10326,.T.);
#10475 = ORIENTED_EDGE('',*,*,#10318,.T.);
#10476 = ORIENTED_EDGE('',*,*,#10477,.T.);
#10477 = EDGE_CURVE('',#10310,#10478,#10480,.T.);
#10478 = VERTEX_POINT('',#10479);
#10479 = CARTESIAN_POINT('',(0.5,0.4,0.405));
#10480 = LINE('',#10481,#10482);
#10481 = CARTESIAN_POINT('',(-0.5,0.4,0.405));
#10482 = VECTOR('',#10483,1.);
#10483 = DIRECTION('',(1.,0.,0.));
#10484 = ORIENTED_EDGE('',*,*,#10485,.T.);
#10485 = EDGE_CURVE('',#10478,#10486,#10488,.T.);
#10486 = VERTEX_POINT('',#10487);
#10487 = CARTESIAN_POINT('',(0.755,0.4,0.405));
#10488 = LINE('',#10489,#10490);
#10489 = CARTESIAN_POINT('',(-0.755,0.4,0.405));
#10490 = VECTOR('',#10491,1.);
#10491 = DIRECTION('',(1.,0.,0.));
#10492 = ORIENTED_EDGE('',*,*,#10493,.F.);
#10493 = EDGE_CURVE('',#10494,#10486,#10496,.T.);
#10494 = VERTEX_POINT('',#10495);
#10495 = CARTESIAN_POINT('',(0.755,0.4,4.5E-02));
#10496 = LINE('',#10497,#10498);
#10497 = CARTESIAN_POINT('',(0.755,0.4,4.5E-02));
#10498 = VECTOR('',#10499,1.);
#10499 = DIRECTION('',(0.,0.,1.));
#10500 = ORIENTED_EDGE('',*,*,#10501,.F.);
#10501 = EDGE_CURVE('',#10502,#10494,#10504,.T.);
#10502 = VERTEX_POINT('',#10503);
#10503 = CARTESIAN_POINT('',(0.5,0.4,4.5E-02));
#10504 = LINE('',#10505,#10506);
#10505 = CARTESIAN_POINT('',(-0.755,0.4,4.5E-02));
#10506 = VECTOR('',#10507,1.);
#10507 = DIRECTION('',(1.,0.,0.));
#10508 = ORIENTED_EDGE('',*,*,#10509,.F.);
#10509 = EDGE_CURVE('',#10335,#10502,#10510,.T.);
#10510 = LINE('',#10511,#10512);
#10511 = CARTESIAN_POINT('',(-0.755,0.4,4.5E-02));
#10512 = VECTOR('',#10513,1.);
#10513 = DIRECTION('',(1.,0.,0.));
#10514 = PLANE('',#10515);
#10515 = AXIS2_PLACEMENT_3D('',#10516,#10517,#10518);
#10516 = CARTESIAN_POINT('',(-0.755,0.4,4.5E-02));
#10517 = DIRECTION('',(0.,1.,0.));
#10518 = DIRECTION('',(0.,-0.,1.));
#10519 = ADVANCED_FACE('',(#10520),#10531,.F.);
#10520 = FACE_BOUND('',#10521,.F.);
#10521 = EDGE_LOOP('',(#10522,#10523,#10524,#10530));
#10522 = ORIENTED_EDGE('',*,*,#10377,.F.);
#10523 = ORIENTED_EDGE('',*,*,#10426,.T.);
#10524 = ORIENTED_EDGE('',*,*,#10525,.T.);
#10525 = EDGE_CURVE('',#10419,#10502,#10526,.T.);
#10526 = LINE('',#10527,#10528);
#10527 = CARTESIAN_POINT('',(0.5,-0.4,4.5E-02));
#10528 = VECTOR('',#10529,1.);
#10529 = DIRECTION('',(0.,1.,0.));
#10530 = ORIENTED_EDGE('',*,*,#10509,.F.);
#10531 = PLANE('',#10532);
#10532 = AXIS2_PLACEMENT_3D('',#10533,#10534,#10535);
#10533 = CARTESIAN_POINT('',(-0.755,-0.4,4.5E-02));
#10534 = DIRECTION('',(0.,0.,1.));
#10535 = DIRECTION('',(1.,0.,-0.));
#10536 = ADVANCED_FACE('',(#10537),#10600,.F.);
#10537 = FACE_BOUND('',#10538,.F.);
#10538 = EDGE_LOOP('',(#10539,#10549,#10556,#10557,#10558,#10559,#10568,
    #10576,#10585,#10593));
#10539 = ORIENTED_EDGE('',*,*,#10540,.F.);
#10540 = EDGE_CURVE('',#10541,#10543,#10545,.T.);
#10541 = VERTEX_POINT('',#10542);
#10542 = CARTESIAN_POINT('',(0.545,-0.4,-2.775557561563E-17));
#10543 = VERTEX_POINT('',#10544);
#10544 = CARTESIAN_POINT('',(0.755,-0.4,-2.775557561563E-17));
#10545 = LINE('',#10546,#10547);
#10546 = CARTESIAN_POINT('',(0.5,-0.4,0.));
#10547 = VECTOR('',#10548,1.);
#10548 = DIRECTION('',(1.,0.,0.));
#10549 = ORIENTED_EDGE('',*,*,#10550,.F.);
#10550 = EDGE_CURVE('',#10419,#10541,#10551,.T.);
#10551 = CIRCLE('',#10552,4.5E-02);
#10552 = AXIS2_PLACEMENT_3D('',#10553,#10554,#10555);
#10553 = CARTESIAN_POINT('',(0.545,-0.4,4.5E-02));
#10554 = DIRECTION('',(0.,-1.,0.));
#10555 = DIRECTION('',(0.,0.,1.));
#10556 = ORIENTED_EDGE('',*,*,#10418,.T.);
#10557 = ORIENTED_EDGE('',*,*,#10410,.T.);
#10558 = ORIENTED_EDGE('',*,*,#10402,.F.);
#10559 = ORIENTED_EDGE('',*,*,#10560,.T.);
#10560 = EDGE_CURVE('',#10395,#10561,#10563,.T.);
#10561 = VERTEX_POINT('',#10562);
#10562 = CARTESIAN_POINT('',(0.545,-0.4,0.45));
#10563 = CIRCLE('',#10564,4.5E-02);
#10564 = AXIS2_PLACEMENT_3D('',#10565,#10566,#10567);
#10565 = CARTESIAN_POINT('',(0.545,-0.4,0.405));
#10566 = DIRECTION('',(0.,1.,0.));
#10567 = DIRECTION('',(0.,-0.,1.));
#10568 = ORIENTED_EDGE('',*,*,#10569,.T.);
#10569 = EDGE_CURVE('',#10561,#10570,#10572,.T.);
#10570 = VERTEX_POINT('',#10571);
#10571 = CARTESIAN_POINT('',(0.755,-0.4,0.45));
#10572 = LINE('',#10573,#10574);
#10573 = CARTESIAN_POINT('',(0.5,-0.4,0.45));
#10574 = VECTOR('',#10575,1.);
#10575 = DIRECTION('',(1.,0.,0.));
#10576 = ORIENTED_EDGE('',*,*,#10577,.F.);
#10577 = EDGE_CURVE('',#10578,#10570,#10580,.T.);
#10578 = VERTEX_POINT('',#10579);
#10579 = CARTESIAN_POINT('',(0.8,-0.4,0.405));
#10580 = CIRCLE('',#10581,4.5E-02);
#10581 = AXIS2_PLACEMENT_3D('',#10582,#10583,#10584);
#10582 = CARTESIAN_POINT('',(0.755,-0.4,0.405));
#10583 = DIRECTION('',(0.,-1.,0.));
#10584 = DIRECTION('',(0.,0.,1.));
#10585 = ORIENTED_EDGE('',*,*,#10586,.F.);
#10586 = EDGE_CURVE('',#10587,#10578,#10589,.T.);
#10587 = VERTEX_POINT('',#10588);
#10588 = CARTESIAN_POINT('',(0.8,-0.4,4.5E-02));
#10589 = LINE('',#10590,#10591);
#10590 = CARTESIAN_POINT('',(0.8,-0.4,0.));
#10591 = VECTOR('',#10592,1.);
#10592 = DIRECTION('',(0.,0.,1.));
#10593 = ORIENTED_EDGE('',*,*,#10594,.T.);
#10594 = EDGE_CURVE('',#10587,#10543,#10595,.T.);
#10595 = CIRCLE('',#10596,4.5E-02);
#10596 = AXIS2_PLACEMENT_3D('',#10597,#10598,#10599);
#10597 = CARTESIAN_POINT('',(0.755,-0.4,4.5E-02));
#10598 = DIRECTION('',(0.,1.,0.));
#10599 = DIRECTION('',(0.,-0.,1.));
#10600 = PLANE('',#10601);
#10601 = AXIS2_PLACEMENT_3D('',#10602,#10603,#10604);
#10602 = CARTESIAN_POINT('',(0.5,-0.4,0.));
#10603 = DIRECTION('',(0.,1.,0.));
#10604 = DIRECTION('',(0.,-0.,1.));
#10605 = ADVANCED_FACE('',(#10606),#10631,.F.);
#10606 = FACE_BOUND('',#10607,.F.);
#10607 = EDGE_LOOP('',(#10608,#10609,#10617,#10625));
#10608 = ORIENTED_EDGE('',*,*,#10394,.F.);
#10609 = ORIENTED_EDGE('',*,*,#10610,.T.);
#10610 = EDGE_CURVE('',#10193,#10611,#10613,.T.);
#10611 = VERTEX_POINT('',#10612);
#10612 = CARTESIAN_POINT('',(-0.5,-0.4,0.45));
#10613 = LINE('',#10614,#10615);
#10614 = CARTESIAN_POINT('',(-0.5,-0.4,0.405));
#10615 = VECTOR('',#10616,1.);
#10616 = DIRECTION('',(0.,0.,1.));
#10617 = ORIENTED_EDGE('',*,*,#10618,.T.);
#10618 = EDGE_CURVE('',#10611,#10619,#10621,.T.);
#10619 = VERTEX_POINT('',#10620);
#10620 = CARTESIAN_POINT('',(0.5,-0.4,0.45));
#10621 = LINE('',#10622,#10623);
#10622 = CARTESIAN_POINT('',(-0.5,-0.4,0.45));
#10623 = VECTOR('',#10624,1.);
#10624 = DIRECTION('',(1.,0.,0.));
#10625 = ORIENTED_EDGE('',*,*,#10626,.F.);
#10626 = EDGE_CURVE('',#10395,#10619,#10627,.T.);
#10627 = LINE('',#10628,#10629);
#10628 = CARTESIAN_POINT('',(0.5,-0.4,0.405));
#10629 = VECTOR('',#10630,1.);
#10630 = DIRECTION('',(0.,0.,1.));
#10631 = PLANE('',#10632);
#10632 = AXIS2_PLACEMENT_3D('',#10633,#10634,#10635);
#10633 = CARTESIAN_POINT('',(-0.5,-0.4,0.405));
#10634 = DIRECTION('',(0.,1.,0.));
#10635 = DIRECTION('',(0.,-0.,1.));
#10636 = ADVANCED_FACE('',(#10637),#10655,.F.);
#10637 = FACE_BOUND('',#10638,.F.);
#10638 = EDGE_LOOP('',(#10639,#10640,#10641,#10649));
#10639 = ORIENTED_EDGE('',*,*,#10610,.F.);
#10640 = ORIENTED_EDGE('',*,*,#10457,.T.);
#10641 = ORIENTED_EDGE('',*,*,#10642,.T.);
#10642 = EDGE_CURVE('',#10310,#10643,#10645,.T.);
#10643 = VERTEX_POINT('',#10644);
#10644 = CARTESIAN_POINT('',(-0.5,0.4,0.45));
#10645 = LINE('',#10646,#10647);
#10646 = CARTESIAN_POINT('',(-0.5,0.4,0.405));
#10647 = VECTOR('',#10648,1.);
#10648 = DIRECTION('',(0.,0.,1.));
#10649 = ORIENTED_EDGE('',*,*,#10650,.F.);
#10650 = EDGE_CURVE('',#10611,#10643,#10651,.T.);
#10651 = LINE('',#10652,#10653);
#10652 = CARTESIAN_POINT('',(-0.5,-0.4,0.45));
#10653 = VECTOR('',#10654,1.);
#10654 = DIRECTION('',(0.,1.,0.));
#10655 = PLANE('',#10656);
#10656 = AXIS2_PLACEMENT_3D('',#10657,#10658,#10659);
#10657 = CARTESIAN_POINT('',(-0.5,-0.4,0.405));
#10658 = DIRECTION('',(1.,0.,0.));
#10659 = DIRECTION('',(0.,0.,1.));
#10660 = ADVANCED_FACE('',(#10661),#10724,.T.);
#10661 = FACE_BOUND('',#10662,.T.);
#10662 = EDGE_LOOP('',(#10663,#10673,#10680,#10681,#10682,#10683,#10692,
    #10700,#10709,#10717));
#10663 = ORIENTED_EDGE('',*,*,#10664,.F.);
#10664 = EDGE_CURVE('',#10665,#10667,#10669,.T.);
#10665 = VERTEX_POINT('',#10666);
#10666 = CARTESIAN_POINT('',(0.545,0.4,-2.775557561563E-17));
#10667 = VERTEX_POINT('',#10668);
#10668 = CARTESIAN_POINT('',(0.755,0.4,-2.775557561563E-17));
#10669 = LINE('',#10670,#10671);
#10670 = CARTESIAN_POINT('',(0.5,0.4,0.));
#10671 = VECTOR('',#10672,1.);
#10672 = DIRECTION('',(1.,0.,0.));
#10673 = ORIENTED_EDGE('',*,*,#10674,.F.);
#10674 = EDGE_CURVE('',#10502,#10665,#10675,.T.);
#10675 = CIRCLE('',#10676,4.5E-02);
#10676 = AXIS2_PLACEMENT_3D('',#10677,#10678,#10679);
#10677 = CARTESIAN_POINT('',(0.545,0.4,4.5E-02));
#10678 = DIRECTION('',(0.,-1.,0.));
#10679 = DIRECTION('',(0.,0.,1.));
#10680 = ORIENTED_EDGE('',*,*,#10501,.T.);
#10681 = ORIENTED_EDGE('',*,*,#10493,.T.);
#10682 = ORIENTED_EDGE('',*,*,#10485,.F.);
#10683 = ORIENTED_EDGE('',*,*,#10684,.T.);
#10684 = EDGE_CURVE('',#10478,#10685,#10687,.T.);
#10685 = VERTEX_POINT('',#10686);
#10686 = CARTESIAN_POINT('',(0.545,0.4,0.45));
#10687 = CIRCLE('',#10688,4.5E-02);
#10688 = AXIS2_PLACEMENT_3D('',#10689,#10690,#10691);
#10689 = CARTESIAN_POINT('',(0.545,0.4,0.405));
#10690 = DIRECTION('',(0.,1.,0.));
#10691 = DIRECTION('',(0.,-0.,1.));
#10692 = ORIENTED_EDGE('',*,*,#10693,.T.);
#10693 = EDGE_CURVE('',#10685,#10694,#10696,.T.);
#10694 = VERTEX_POINT('',#10695);
#10695 = CARTESIAN_POINT('',(0.755,0.4,0.45));
#10696 = LINE('',#10697,#10698);
#10697 = CARTESIAN_POINT('',(0.5,0.4,0.45));
#10698 = VECTOR('',#10699,1.);
#10699 = DIRECTION('',(1.,0.,0.));
#10700 = ORIENTED_EDGE('',*,*,#10701,.F.);
#10701 = EDGE_CURVE('',#10702,#10694,#10704,.T.);
#10702 = VERTEX_POINT('',#10703);
#10703 = CARTESIAN_POINT('',(0.8,0.4,0.405));
#10704 = CIRCLE('',#10705,4.5E-02);
#10705 = AXIS2_PLACEMENT_3D('',#10706,#10707,#10708);
#10706 = CARTESIAN_POINT('',(0.755,0.4,0.405));
#10707 = DIRECTION('',(0.,-1.,0.));
#10708 = DIRECTION('',(0.,0.,1.));
#10709 = ORIENTED_EDGE('',*,*,#10710,.F.);
#10710 = EDGE_CURVE('',#10711,#10702,#10713,.T.);
#10711 = VERTEX_POINT('',#10712);
#10712 = CARTESIAN_POINT('',(0.8,0.4,4.5E-02));
#10713 = LINE('',#10714,#10715);
#10714 = CARTESIAN_POINT('',(0.8,0.4,0.));
#10715 = VECTOR('',#10716,1.);
#10716 = DIRECTION('',(0.,0.,1.));
#10717 = ORIENTED_EDGE('',*,*,#10718,.T.);
#10718 = EDGE_CURVE('',#10711,#10667,#10719,.T.);
#10719 = CIRCLE('',#10720,4.5E-02);
#10720 = AXIS2_PLACEMENT_3D('',#10721,#10722,#10723);
#10721 = CARTESIAN_POINT('',(0.755,0.4,4.5E-02));
#10722 = DIRECTION('',(0.,1.,0.));
#10723 = DIRECTION('',(0.,-0.,1.));
#10724 = PLANE('',#10725);
#10725 = AXIS2_PLACEMENT_3D('',#10726,#10727,#10728);
#10726 = CARTESIAN_POINT('',(0.5,0.4,0.));
#10727 = DIRECTION('',(0.,1.,0.));
#10728 = DIRECTION('',(0.,-0.,1.));
#10729 = ADVANCED_FACE('',(#10730),#10748,.T.);
#10730 = FACE_BOUND('',#10731,.T.);
#10731 = EDGE_LOOP('',(#10732,#10733,#10734,#10742));
#10732 = ORIENTED_EDGE('',*,*,#10477,.F.);
#10733 = ORIENTED_EDGE('',*,*,#10642,.T.);
#10734 = ORIENTED_EDGE('',*,*,#10735,.T.);
#10735 = EDGE_CURVE('',#10643,#10736,#10738,.T.);
#10736 = VERTEX_POINT('',#10737);
#10737 = CARTESIAN_POINT('',(0.5,0.4,0.45));
#10738 = LINE('',#10739,#10740);
#10739 = CARTESIAN_POINT('',(-0.5,0.4,0.45));
#10740 = VECTOR('',#10741,1.);
#10741 = DIRECTION('',(1.,0.,0.));
#10742 = ORIENTED_EDGE('',*,*,#10743,.F.);
#10743 = EDGE_CURVE('',#10478,#10736,#10744,.T.);
#10744 = LINE('',#10745,#10746);
#10745 = CARTESIAN_POINT('',(0.5,0.4,0.405));
#10746 = VECTOR('',#10747,1.);
#10747 = DIRECTION('',(0.,0.,1.));
#10748 = PLANE('',#10749);
#10749 = AXIS2_PLACEMENT_3D('',#10750,#10751,#10752);
#10750 = CARTESIAN_POINT('',(-0.5,0.4,0.405));
#10751 = DIRECTION('',(0.,1.,0.));
#10752 = DIRECTION('',(0.,-0.,1.));
#10753 = ADVANCED_FACE('',(#10754),#10765,.T.);
#10754 = FACE_BOUND('',#10755,.T.);
#10755 = EDGE_LOOP('',(#10756,#10757,#10758,#10764));
#10756 = ORIENTED_EDGE('',*,*,#10525,.T.);
#10757 = ORIENTED_EDGE('',*,*,#10674,.T.);
#10758 = ORIENTED_EDGE('',*,*,#10759,.F.);
#10759 = EDGE_CURVE('',#10541,#10665,#10760,.T.);
#10760 = LINE('',#10761,#10762);
#10761 = CARTESIAN_POINT('',(0.545,-0.4,-2.775557561563E-17));
#10762 = VECTOR('',#10763,1.);
#10763 = DIRECTION('',(0.,1.,0.));
#10764 = ORIENTED_EDGE('',*,*,#10550,.F.);
#10765 = CYLINDRICAL_SURFACE('',#10766,4.5E-02);
#10766 = AXIS2_PLACEMENT_3D('',#10767,#10768,#10769);
#10767 = CARTESIAN_POINT('',(0.545,-0.4,4.5E-02));
#10768 = DIRECTION('',(0.,1.,0.));
#10769 = DIRECTION('',(-1.,0.,0.));
#10770 = ADVANCED_FACE('',(#10771),#10782,.F.);
#10771 = FACE_BOUND('',#10772,.F.);
#10772 = EDGE_LOOP('',(#10773,#10774,#10775,#10776));
#10773 = ORIENTED_EDGE('',*,*,#10664,.F.);
#10774 = ORIENTED_EDGE('',*,*,#10759,.F.);
#10775 = ORIENTED_EDGE('',*,*,#10540,.T.);
#10776 = ORIENTED_EDGE('',*,*,#10777,.T.);
#10777 = EDGE_CURVE('',#10543,#10667,#10778,.T.);
#10778 = LINE('',#10779,#10780);
#10779 = CARTESIAN_POINT('',(0.755,-0.4,-2.775557561563E-17));
#10780 = VECTOR('',#10781,1.);
#10781 = DIRECTION('',(0.,1.,0.));
#10782 = PLANE('',#10783);
#10783 = AXIS2_PLACEMENT_3D('',#10784,#10785,#10786);
#10784 = CARTESIAN_POINT('',(0.5,-0.4,0.));
#10785 = DIRECTION('',(0.,0.,1.));
#10786 = DIRECTION('',(1.,0.,-0.));
#10787 = ADVANCED_FACE('',(#10788),#10799,.T.);
#10788 = FACE_BOUND('',#10789,.T.);
#10789 = EDGE_LOOP('',(#10790,#10791,#10792,#10793));
#10790 = ORIENTED_EDGE('',*,*,#10594,.T.);
#10791 = ORIENTED_EDGE('',*,*,#10777,.T.);
#10792 = ORIENTED_EDGE('',*,*,#10718,.F.);
#10793 = ORIENTED_EDGE('',*,*,#10794,.F.);
#10794 = EDGE_CURVE('',#10587,#10711,#10795,.T.);
#10795 = LINE('',#10796,#10797);
#10796 = CARTESIAN_POINT('',(0.8,-0.4,4.5E-02));
#10797 = VECTOR('',#10798,1.);
#10798 = DIRECTION('',(0.,1.,0.));
#10799 = CYLINDRICAL_SURFACE('',#10800,4.5E-02);
#10800 = AXIS2_PLACEMENT_3D('',#10801,#10802,#10803);
#10801 = CARTESIAN_POINT('',(0.755,-0.4,4.5E-02));
#10802 = DIRECTION('',(0.,1.,0.));
#10803 = DIRECTION('',(1.,0.,0.));
#10804 = ADVANCED_FACE('',(#10805),#10816,.T.);
#10805 = FACE_BOUND('',#10806,.T.);
#10806 = EDGE_LOOP('',(#10807,#10808,#10809,#10810));
#10807 = ORIENTED_EDGE('',*,*,#10586,.F.);
#10808 = ORIENTED_EDGE('',*,*,#10794,.T.);
#10809 = ORIENTED_EDGE('',*,*,#10710,.T.);
#10810 = ORIENTED_EDGE('',*,*,#10811,.F.);
#10811 = EDGE_CURVE('',#10578,#10702,#10812,.T.);
#10812 = LINE('',#10813,#10814);
#10813 = CARTESIAN_POINT('',(0.8,-0.4,0.405));
#10814 = VECTOR('',#10815,1.);
#10815 = DIRECTION('',(0.,1.,0.));
#10816 = PLANE('',#10817);
#10817 = AXIS2_PLACEMENT_3D('',#10818,#10819,#10820);
#10818 = CARTESIAN_POINT('',(0.8,-0.4,0.));
#10819 = DIRECTION('',(1.,0.,0.));
#10820 = DIRECTION('',(0.,0.,1.));
#10821 = ADVANCED_FACE('',(#10822),#10833,.T.);
#10822 = FACE_BOUND('',#10823,.T.);
#10823 = EDGE_LOOP('',(#10824,#10825,#10826,#10832));
#10824 = ORIENTED_EDGE('',*,*,#10811,.T.);
#10825 = ORIENTED_EDGE('',*,*,#10701,.T.);
#10826 = ORIENTED_EDGE('',*,*,#10827,.F.);
#10827 = EDGE_CURVE('',#10570,#10694,#10828,.T.);
#10828 = LINE('',#10829,#10830);
#10829 = CARTESIAN_POINT('',(0.755,-0.4,0.45));
#10830 = VECTOR('',#10831,1.);
#10831 = DIRECTION('',(0.,1.,0.));
#10832 = ORIENTED_EDGE('',*,*,#10577,.F.);
#10833 = CYLINDRICAL_SURFACE('',#10834,4.5E-02);
#10834 = AXIS2_PLACEMENT_3D('',#10835,#10836,#10837);
#10835 = CARTESIAN_POINT('',(0.755,-0.4,0.405));
#10836 = DIRECTION('',(0.,1.,0.));
#10837 = DIRECTION('',(1.,0.,0.));
#10838 = ADVANCED_FACE('',(#10839),#10850,.T.);
#10839 = FACE_BOUND('',#10840,.T.);
#10840 = EDGE_LOOP('',(#10841,#10842,#10848,#10849));
#10841 = ORIENTED_EDGE('',*,*,#10693,.F.);
#10842 = ORIENTED_EDGE('',*,*,#10843,.F.);
#10843 = EDGE_CURVE('',#10561,#10685,#10844,.T.);
#10844 = LINE('',#10845,#10846);
#10845 = CARTESIAN_POINT('',(0.545,-0.4,0.45));
#10846 = VECTOR('',#10847,1.);
#10847 = DIRECTION('',(0.,1.,0.));
#10848 = ORIENTED_EDGE('',*,*,#10569,.T.);
#10849 = ORIENTED_EDGE('',*,*,#10827,.T.);
#10850 = PLANE('',#10851);
#10851 = AXIS2_PLACEMENT_3D('',#10852,#10853,#10854);
#10852 = CARTESIAN_POINT('',(0.5,-0.4,0.45));
#10853 = DIRECTION('',(0.,0.,1.));
#10854 = DIRECTION('',(1.,0.,-0.));
#10855 = ADVANCED_FACE('',(#10856),#10867,.T.);
#10856 = FACE_BOUND('',#10857,.T.);
#10857 = EDGE_LOOP('',(#10858,#10859,#10860,#10861));
#10858 = ORIENTED_EDGE('',*,*,#10560,.T.);
#10859 = ORIENTED_EDGE('',*,*,#10843,.T.);
#10860 = ORIENTED_EDGE('',*,*,#10684,.F.);
#10861 = ORIENTED_EDGE('',*,*,#10862,.F.);
#10862 = EDGE_CURVE('',#10395,#10478,#10863,.T.);
#10863 = LINE('',#10864,#10865);
#10864 = CARTESIAN_POINT('',(0.5,-0.4,0.405));
#10865 = VECTOR('',#10866,1.);
#10866 = DIRECTION('',(0.,1.,0.));
#10867 = CYLINDRICAL_SURFACE('',#10868,4.5E-02);
#10868 = AXIS2_PLACEMENT_3D('',#10869,#10870,#10871);
#10869 = CARTESIAN_POINT('',(0.545,-0.4,0.405));
#10870 = DIRECTION('',(0.,1.,0.));
#10871 = DIRECTION('',(-1.,0.,0.));
#10872 = ADVANCED_FACE('',(#10873),#10884,.T.);
#10873 = FACE_BOUND('',#10874,.T.);
#10874 = EDGE_LOOP('',(#10875,#10876,#10877,#10878));
#10875 = ORIENTED_EDGE('',*,*,#10626,.F.);
#10876 = ORIENTED_EDGE('',*,*,#10862,.T.);
#10877 = ORIENTED_EDGE('',*,*,#10743,.T.);
#10878 = ORIENTED_EDGE('',*,*,#10879,.F.);
#10879 = EDGE_CURVE('',#10619,#10736,#10880,.T.);
#10880 = LINE('',#10881,#10882);
#10881 = CARTESIAN_POINT('',(0.5,-0.4,0.45));
#10882 = VECTOR('',#10883,1.);
#10883 = DIRECTION('',(0.,1.,0.));
#10884 = PLANE('',#10885);
#10885 = AXIS2_PLACEMENT_3D('',#10886,#10887,#10888);
#10886 = CARTESIAN_POINT('',(0.5,-0.4,0.405));
#10887 = DIRECTION('',(1.,0.,0.));
#10888 = DIRECTION('',(0.,0.,1.));
#10889 = ADVANCED_FACE('',(#10890),#10896,.T.);
#10890 = FACE_BOUND('',#10891,.T.);
#10891 = EDGE_LOOP('',(#10892,#10893,#10894,#10895));
#10892 = ORIENTED_EDGE('',*,*,#10650,.F.);
#10893 = ORIENTED_EDGE('',*,*,#10618,.T.);
#10894 = ORIENTED_EDGE('',*,*,#10879,.T.);
#10895 = ORIENTED_EDGE('',*,*,#10735,.F.);
#10896 = PLANE('',#10897);
#10897 = AXIS2_PLACEMENT_3D('',#10898,#10899,#10900);
#10898 = CARTESIAN_POINT('',(-0.5,-0.4,0.45));
#10899 = DIRECTION('',(0.,0.,1.));
#10900 = DIRECTION('',(1.,0.,-0.));
#10901 = ( GEOMETRIC_REPRESENTATION_CONTEXT(3) 
GLOBAL_UNCERTAINTY_ASSIGNED_CONTEXT((#10905)) 
GLOBAL_UNIT_ASSIGNED_CONTEXT((#10902,#10903,#10904)) 
REPRESENTATION_CONTEXT('Context #1',
  '3D Context with UNIT and UNCERTAINTY') );
#10902 = ( LENGTH_UNIT() NAMED_UNIT(*) SI_UNIT(.MILLI.,.METRE.) );
#10903 = ( NAMED_UNIT(*) PLANE_ANGLE_UNIT() SI_UNIT($,.RADIAN.) );
#10904 = ( NAMED_UNIT(*) SI_UNIT($,.STERADIAN.) SOLID_ANGLE_UNIT() );
#10905 = UNCERTAINTY_MEASURE_WITH_UNIT(LENGTH_MEASURE(1.E-07),#10902,
  'distance_accuracy_value','confusion accuracy');
#10906 = CONTEXT_DEPENDENT_SHAPE_REPRESENTATION(#10907,#10909);
#10907 = ( REPRESENTATION_RELATIONSHIP('','',#10110,#10087) 
REPRESENTATION_RELATIONSHIP_WITH_TRANSFORMATION(#10908) 
SHAPE_REPRESENTATION_RELATIONSHIP() );
#10908 = ITEM_DEFINED_TRANSFORMATION('','',#11,#10088);
#10909 = PRODUCT_DEFINITION_SHAPE('Placement','Placement of an item',
  #10910);
#10910 = NEXT_ASSEMBLY_USAGE_OCCURRENCE('8','=>[0:1:1:7]','',#10082,
  #10105,$);
#10911 = PRODUCT_RELATED_PRODUCT_CATEGORY('part',$,(#10107));
#10912 = CONTEXT_DEPENDENT_SHAPE_REPRESENTATION(#10913,#10915);
#10913 = ( REPRESENTATION_RELATIONSHIP('','',#10087,#10) 
REPRESENTATION_RELATIONSHIP_WITH_TRANSFORMATION(#10914) 
SHAPE_REPRESENTATION_RELATIONSHIP() );
#10914 = ITEM_DEFINED_TRANSFORMATION('','',#11,#39);
#10915 = PRODUCT_DEFINITION_SHAPE('Placement','Placement of an item',
  #10916);
#10916 = NEXT_ASSEMBLY_USAGE_OCCURRENCE('10','R166','',#5,#10082,$);
#10917 = CONTEXT_DEPENDENT_SHAPE_REPRESENTATION(#10918,#10920);
#10918 = ( REPRESENTATION_RELATIONSHIP('','',#10087,#10) 
REPRESENTATION_RELATIONSHIP_WITH_TRANSFORMATION(#10919) 
SHAPE_REPRESENTATION_RELATIONSHIP() );
#10919 = ITEM_DEFINED_TRANSFORMATION('','',#11,#43);
#10920 = PRODUCT_DEFINITION_SHAPE('Placement','Placement of an item',
  #10921);
#10921 = NEXT_ASSEMBLY_USAGE_OCCURRENCE('11','R190','',#5,#10082,$);
#10922 = CONTEXT_DEPENDENT_SHAPE_REPRESENTATION(#10923,#10925);
#10923 = ( REPRESENTATION_RELATIONSHIP('','',#10087,#10) 
REPRESENTATION_RELATIONSHIP_WITH_TRANSFORMATION(#10924) 
SHAPE_REPRESENTATION_RELATIONSHIP() );
#10924 = ITEM_DEFINED_TRANSFORMATION('','',#11,#47);
#10925 = PRODUCT_DEFINITION_SHAPE('Placement','Placement of an item',
  #10926);
#10926 = NEXT_ASSEMBLY_USAGE_OCCURRENCE('12','R165','',#5,#10082,$);
#10927 = CONTEXT_DEPENDENT_SHAPE_REPRESENTATION(#10928,#10930);
#10928 = ( REPRESENTATION_RELATIONSHIP('','',#10087,#10) 
REPRESENTATION_RELATIONSHIP_WITH_TRANSFORMATION(#10929) 
SHAPE_REPRESENTATION_RELATIONSHIP() );
#10929 = ITEM_DEFINED_TRANSFORMATION('','',#11,#51);
#10930 = PRODUCT_DEFINITION_SHAPE('Placement','Placement of an item',
  #10931);
#10931 = NEXT_ASSEMBLY_USAGE_OCCURRENCE('13','R162','',#5,#10082,$);
#10932 = CONTEXT_DEPENDENT_SHAPE_REPRESENTATION(#10933,#10935);
#10933 = ( REPRESENTATION_RELATIONSHIP('','',#10087,#10) 
REPRESENTATION_RELATIONSHIP_WITH_TRANSFORMATION(#10934) 
SHAPE_REPRESENTATION_RELATIONSHIP() );
#10934 = ITEM_DEFINED_TRANSFORMATION('','',#11,#55);
#10935 = PRODUCT_DEFINITION_SHAPE('Placement','Placement of an item',
  #10936);
#10936 = NEXT_ASSEMBLY_USAGE_OCCURRENCE('14','R180','',#5,#10082,$);
#10937 = CONTEXT_DEPENDENT_SHAPE_REPRESENTATION(#10938,#10940);
#10938 = ( REPRESENTATION_RELATIONSHIP('','',#10087,#10) 
REPRESENTATION_RELATIONSHIP_WITH_TRANSFORMATION(#10939) 
SHAPE_REPRESENTATION_RELATIONSHIP() );
#10939 = ITEM_DEFINED_TRANSFORMATION('','',#11,#59);
#10940 = PRODUCT_DEFINITION_SHAPE('Placement','Placement of an item',
  #10941);
#10941 = NEXT_ASSEMBLY_USAGE_OCCURRENCE('15','R183','',#5,#10082,$);
#10942 = CONTEXT_DEPENDENT_SHAPE_REPRESENTATION(#10943,#10945);
#10943 = ( REPRESENTATION_RELATIONSHIP('','',#10087,#10) 
REPRESENTATION_RELATIONSHIP_WITH_TRANSFORMATION(#10944) 
SHAPE_REPRESENTATION_RELATIONSHIP() );
#10944 = ITEM_DEFINED_TRANSFORMATION('','',#11,#63);
#10945 = PRODUCT_DEFINITION_SHAPE('Placement','Placement of an item',
  #10946);
#10946 = NEXT_ASSEMBLY_USAGE_OCCURRENCE('16','R500','',#5,#10082,$);
#10947 = SHAPE_DEFINITION_REPRESENTATION(#10948,#10954);
#10948 = PRODUCT_DEFINITION_SHAPE('','',#10949);
#10949 = PRODUCT_DEFINITION('design','',#10950,#10953);
#10950 = PRODUCT_DEFINITION_FORMATION('','',#10951);
#10951 = PRODUCT('C_0603_1608Metric','C_0603_1608Metric','',(#10952));
#10952 = PRODUCT_CONTEXT('',#2,'mechanical');
#10953 = PRODUCT_DEFINITION_CONTEXT('part definition',#2,'design');
#10954 = SHAPE_REPRESENTATION('',(#11,#10955),#10959);
#10955 = AXIS2_PLACEMENT_3D('',#10956,#10957,#10958);
#10956 = CARTESIAN_POINT('',(0.,0.,0.));
#10957 = DIRECTION('',(0.,0.,1.));
#10958 = DIRECTION('',(1.,0.,-0.));
#10959 = ( GEOMETRIC_REPRESENTATION_CONTEXT(3) 
GLOBAL_UNCERTAINTY_ASSIGNED_CONTEXT((#10963)) 
GLOBAL_UNIT_ASSIGNED_CONTEXT((#10960,#10961,#10962)) 
REPRESENTATION_CONTEXT('Context #1',
  '3D Context with UNIT and UNCERTAINTY') );
#10960 = ( LENGTH_UNIT() NAMED_UNIT(*) SI_UNIT(.MILLI.,.METRE.) );
#10961 = ( NAMED_UNIT(*) PLANE_ANGLE_UNIT() SI_UNIT($,.RADIAN.) );
#10962 = ( NAMED_UNIT(*) SI_UNIT($,.STERADIAN.) SOLID_ANGLE_UNIT() );
#10963 = UNCERTAINTY_MEASURE_WITH_UNIT(LENGTH_MEASURE(1.E-07),#10960,
  'distance_accuracy_value','confusion accuracy');
#10964 = CONTEXT_DEPENDENT_SHAPE_REPRESENTATION(#10965,#10967);
#10965 = ( REPRESENTATION_RELATIONSHIP('','',#10954,#10) 
REPRESENTATION_RELATIONSHIP_WITH_TRANSFORMATION(#10966) 
SHAPE_REPRESENTATION_RELATIONSHIP() );
#10966 = ITEM_DEFINED_TRANSFORMATION('','',#11,#67);
#10967 = PRODUCT_DEFINITION_SHAPE('Placement','Placement of an item',
  #10968);
#10968 = NEXT_ASSEMBLY_USAGE_OCCURRENCE('18','C27','',#5,#10949,$);
#10969 = PRODUCT_RELATED_PRODUCT_CATEGORY('part',$,(#10951));
#10970 = SHAPE_DEFINITION_REPRESENTATION(#10971,#10977);
#10971 = PRODUCT_DEFINITION_SHAPE('','',#10972);
#10972 = PRODUCT_DEFINITION('design','',#10973,#10976);
#10973 = PRODUCT_DEFINITION_FORMATION('','',#10974);
#10974 = PRODUCT('C_0603_1608Metric','C_0603_1608Metric','',(#10975));
#10975 = PRODUCT_CONTEXT('',#2,'mechanical');
#10976 = PRODUCT_DEFINITION_CONTEXT('part definition',#2,'design');
#10977 = ADVANCED_BREP_SHAPE_REPRESENTATION('',(#11,#10978),#11832);
#10978 = MANIFOLD_SOLID_BREP('',#10979);
#10979 = CLOSED_SHELL('',(#10980,#11056,#11087,#11112,#11137,#11161,
    #11185,#11210,#11235,#11252,#11338,#11370,#11394,#11419,#11443,
    #11468,#11492,#11517,#11534,#11620,#11651,#11676,#11701,#11725,
    #11749,#11774,#11799,#11816));
#10980 = ADVANCED_FACE('',(#10981),#11051,.F.);
#10981 = FACE_BOUND('',#10982,.F.);
#10982 = EDGE_LOOP('',(#10983,#10993,#11002,#11010,#11019,#11027,#11036,
    #11044));
#10983 = ORIENTED_EDGE('',*,*,#10984,.F.);
#10984 = EDGE_CURVE('',#10985,#10987,#10989,.T.);
#10985 = VERTEX_POINT('',#10986);
#10986 = CARTESIAN_POINT('',(-0.8,-0.4,3.E-02));
#10987 = VERTEX_POINT('',#10988);
#10988 = CARTESIAN_POINT('',(-0.8,-0.4,0.77));
#10989 = LINE('',#10990,#10991);
#10990 = CARTESIAN_POINT('',(-0.8,-0.4,0.));
#10991 = VECTOR('',#10992,1.);
#10992 = DIRECTION('',(0.,0.,1.));
#10993 = ORIENTED_EDGE('',*,*,#10994,.T.);
#10994 = EDGE_CURVE('',#10985,#10995,#10997,.T.);
#10995 = VERTEX_POINT('',#10996);
#10996 = CARTESIAN_POINT('',(-0.8,-0.37,0.));
#10997 = CIRCLE('',#10998,3.E-02);
#10998 = AXIS2_PLACEMENT_3D('',#10999,#11000,#11001);
#10999 = CARTESIAN_POINT('',(-0.8,-0.37,3.E-02));
#11000 = DIRECTION('',(1.,0.,-0.));
#11001 = DIRECTION('',(0.,0.,1.));
#11002 = ORIENTED_EDGE('',*,*,#11003,.T.);
#11003 = EDGE_CURVE('',#10995,#11004,#11006,.T.);
#11004 = VERTEX_POINT('',#11005);
#11005 = CARTESIAN_POINT('',(-0.8,0.37,0.));
#11006 = LINE('',#11007,#11008);
#11007 = CARTESIAN_POINT('',(-0.8,-0.4,0.));
#11008 = VECTOR('',#11009,1.);
#11009 = DIRECTION('',(0.,1.,0.));
#11010 = ORIENTED_EDGE('',*,*,#11011,.F.);
#11011 = EDGE_CURVE('',#11012,#11004,#11014,.T.);
#11012 = VERTEX_POINT('',#11013);
#11013 = CARTESIAN_POINT('',(-0.8,0.4,3.E-02));
#11014 = CIRCLE('',#11015,3.E-02);
#11015 = AXIS2_PLACEMENT_3D('',#11016,#11017,#11018);
#11016 = CARTESIAN_POINT('',(-0.8,0.37,3.E-02));
#11017 = DIRECTION('',(-1.,0.,0.));
#11018 = DIRECTION('',(0.,0.,1.));
#11019 = ORIENTED_EDGE('',*,*,#11020,.T.);
#11020 = EDGE_CURVE('',#11012,#11021,#11023,.T.);
#11021 = VERTEX_POINT('',#11022);
#11022 = CARTESIAN_POINT('',(-0.8,0.4,0.77));
#11023 = LINE('',#11024,#11025);
#11024 = CARTESIAN_POINT('',(-0.8,0.4,0.));
#11025 = VECTOR('',#11026,1.);
#11026 = DIRECTION('',(0.,0.,1.));
#11027 = ORIENTED_EDGE('',*,*,#11028,.T.);
#11028 = EDGE_CURVE('',#11021,#11029,#11031,.T.);
#11029 = VERTEX_POINT('',#11030);
#11030 = CARTESIAN_POINT('',(-0.8,0.37,0.8));
#11031 = CIRCLE('',#11032,3.E-02);
#11032 = AXIS2_PLACEMENT_3D('',#11033,#11034,#11035);
#11033 = CARTESIAN_POINT('',(-0.8,0.37,0.77));
#11034 = DIRECTION('',(1.,0.,-0.));
#11035 = DIRECTION('',(0.,0.,1.));
#11036 = ORIENTED_EDGE('',*,*,#11037,.F.);
#11037 = EDGE_CURVE('',#11038,#11029,#11040,.T.);
#11038 = VERTEX_POINT('',#11039);
#11039 = CARTESIAN_POINT('',(-0.8,-0.37,0.8));
#11040 = LINE('',#11041,#11042);
#11041 = CARTESIAN_POINT('',(-0.8,-0.4,0.8));
#11042 = VECTOR('',#11043,1.);
#11043 = DIRECTION('',(0.,1.,0.));
#11044 = ORIENTED_EDGE('',*,*,#11045,.F.);
#11045 = EDGE_CURVE('',#10987,#11038,#11046,.T.);
#11046 = CIRCLE('',#11047,3.E-02);
#11047 = AXIS2_PLACEMENT_3D('',#11048,#11049,#11050);
#11048 = CARTESIAN_POINT('',(-0.8,-0.37,0.77));
#11049 = DIRECTION('',(-1.,0.,0.));
#11050 = DIRECTION('',(0.,0.,1.));
#11051 = PLANE('',#11052);
#11052 = AXIS2_PLACEMENT_3D('',#11053,#11054,#11055);
#11053 = CARTESIAN_POINT('',(-0.8,-0.4,0.));
#11054 = DIRECTION('',(1.,0.,0.));
#11055 = DIRECTION('',(0.,0.,1.));
#11056 = ADVANCED_FACE('',(#11057),#11082,.F.);
#11057 = FACE_BOUND('',#11058,.F.);
#11058 = EDGE_LOOP('',(#11059,#11069,#11075,#11076));
#11059 = ORIENTED_EDGE('',*,*,#11060,.F.);
#11060 = EDGE_CURVE('',#11061,#11063,#11065,.T.);
#11061 = VERTEX_POINT('',#11062);
#11062 = CARTESIAN_POINT('',(-0.5,-0.4,3.E-02));
#11063 = VERTEX_POINT('',#11064);
#11064 = CARTESIAN_POINT('',(-0.5,-0.4,0.77));
#11065 = LINE('',#11066,#11067);
#11066 = CARTESIAN_POINT('',(-0.5,-0.4,0.));
#11067 = VECTOR('',#11068,1.);
#11068 = DIRECTION('',(0.,0.,1.));
#11069 = ORIENTED_EDGE('',*,*,#11070,.F.);
#11070 = EDGE_CURVE('',#10985,#11061,#11071,.T.);
#11071 = LINE('',#11072,#11073);
#11072 = CARTESIAN_POINT('',(-0.8,-0.4,3.E-02));
#11073 = VECTOR('',#11074,1.);
#11074 = DIRECTION('',(1.,0.,0.));
#11075 = ORIENTED_EDGE('',*,*,#10984,.T.);
#11076 = ORIENTED_EDGE('',*,*,#11077,.T.);
#11077 = EDGE_CURVE('',#10987,#11063,#11078,.T.);
#11078 = LINE('',#11079,#11080);
#11079 = CARTESIAN_POINT('',(-0.8,-0.4,0.77));
#11080 = VECTOR('',#11081,1.);
#11081 = DIRECTION('',(1.,0.,0.));
#11082 = PLANE('',#11083);
#11083 = AXIS2_PLACEMENT_3D('',#11084,#11085,#11086);
#11084 = CARTESIAN_POINT('',(-0.8,-0.4,0.));
#11085 = DIRECTION('',(0.,1.,0.));
#11086 = DIRECTION('',(0.,-0.,1.));
#11087 = ADVANCED_FACE('',(#11088),#11107,.T.);
#11088 = FACE_BOUND('',#11089,.T.);
#11089 = EDGE_LOOP('',(#11090,#11091,#11099,#11106));
#11090 = ORIENTED_EDGE('',*,*,#10994,.T.);
#11091 = ORIENTED_EDGE('',*,*,#11092,.T.);
#11092 = EDGE_CURVE('',#10995,#11093,#11095,.T.);
#11093 = VERTEX_POINT('',#11094);
#11094 = CARTESIAN_POINT('',(-0.5,-0.37,0.));
#11095 = LINE('',#11096,#11097);
#11096 = CARTESIAN_POINT('',(-0.8,-0.37,0.));
#11097 = VECTOR('',#11098,1.);
#11098 = DIRECTION('',(1.,0.,0.));
#11099 = ORIENTED_EDGE('',*,*,#11100,.F.);
#11100 = EDGE_CURVE('',#11061,#11093,#11101,.T.);
#11101 = CIRCLE('',#11102,3.E-02);
#11102 = AXIS2_PLACEMENT_3D('',#11103,#11104,#11105);
#11103 = CARTESIAN_POINT('',(-0.5,-0.37,3.E-02));
#11104 = DIRECTION('',(1.,0.,-0.));
#11105 = DIRECTION('',(0.,0.,1.));
#11106 = ORIENTED_EDGE('',*,*,#11070,.F.);
#11107 = CYLINDRICAL_SURFACE('',#11108,3.E-02);
#11108 = AXIS2_PLACEMENT_3D('',#11109,#11110,#11111);
#11109 = CARTESIAN_POINT('',(-0.8,-0.37,3.E-02));
#11110 = DIRECTION('',(1.,0.,0.));
#11111 = DIRECTION('',(0.,-1.,0.));
#11112 = ADVANCED_FACE('',(#11113),#11132,.T.);
#11113 = FACE_BOUND('',#11114,.T.);
#11114 = EDGE_LOOP('',(#11115,#11116,#11125,#11131));
#11115 = ORIENTED_EDGE('',*,*,#11077,.T.);
#11116 = ORIENTED_EDGE('',*,*,#11117,.T.);
#11117 = EDGE_CURVE('',#11063,#11118,#11120,.T.);
#11118 = VERTEX_POINT('',#11119);
#11119 = CARTESIAN_POINT('',(-0.5,-0.37,0.8));
#11120 = CIRCLE('',#11121,3.E-02);
#11121 = AXIS2_PLACEMENT_3D('',#11122,#11123,#11124);
#11122 = CARTESIAN_POINT('',(-0.5,-0.37,0.77));
#11123 = DIRECTION('',(-1.,0.,0.));
#11124 = DIRECTION('',(0.,0.,1.));
#11125 = ORIENTED_EDGE('',*,*,#11126,.F.);
#11126 = EDGE_CURVE('',#11038,#11118,#11127,.T.);
#11127 = LINE('',#11128,#11129);
#11128 = CARTESIAN_POINT('',(-0.8,-0.37,0.8));
#11129 = VECTOR('',#11130,1.);
#11130 = DIRECTION('',(1.,0.,0.));
#11131 = ORIENTED_EDGE('',*,*,#11045,.F.);
#11132 = CYLINDRICAL_SURFACE('',#11133,3.E-02);
#11133 = AXIS2_PLACEMENT_3D('',#11134,#11135,#11136);
#11134 = CARTESIAN_POINT('',(-0.8,-0.37,0.77));
#11135 = DIRECTION('',(1.,0.,0.));
#11136 = DIRECTION('',(0.,-1.,0.));
#11137 = ADVANCED_FACE('',(#11138),#11156,.F.);
#11138 = FACE_BOUND('',#11139,.F.);
#11139 = EDGE_LOOP('',(#11140,#11141,#11142,#11150));
#11140 = ORIENTED_EDGE('',*,*,#11003,.F.);
#11141 = ORIENTED_EDGE('',*,*,#11092,.T.);
#11142 = ORIENTED_EDGE('',*,*,#11143,.T.);
#11143 = EDGE_CURVE('',#11093,#11144,#11146,.T.);
#11144 = VERTEX_POINT('',#11145);
#11145 = CARTESIAN_POINT('',(-0.5,0.37,0.));
#11146 = LINE('',#11147,#11148);
#11147 = CARTESIAN_POINT('',(-0.5,-0.4,0.));
#11148 = VECTOR('',#11149,1.);
#11149 = DIRECTION('',(0.,1.,0.));
#11150 = ORIENTED_EDGE('',*,*,#11151,.F.);
#11151 = EDGE_CURVE('',#11004,#11144,#11152,.T.);
#11152 = LINE('',#11153,#11154);
#11153 = CARTESIAN_POINT('',(-0.8,0.37,0.));
#11154 = VECTOR('',#11155,1.);
#11155 = DIRECTION('',(1.,0.,0.));
#11156 = PLANE('',#11157);
#11157 = AXIS2_PLACEMENT_3D('',#11158,#11159,#11160);
#11158 = CARTESIAN_POINT('',(-0.8,-0.4,0.));
#11159 = DIRECTION('',(0.,0.,1.));
#11160 = DIRECTION('',(1.,0.,-0.));
#11161 = ADVANCED_FACE('',(#11162),#11180,.T.);
#11162 = FACE_BOUND('',#11163,.T.);
#11163 = EDGE_LOOP('',(#11164,#11165,#11166,#11174));
#11164 = ORIENTED_EDGE('',*,*,#11037,.F.);
#11165 = ORIENTED_EDGE('',*,*,#11126,.T.);
#11166 = ORIENTED_EDGE('',*,*,#11167,.T.);
#11167 = EDGE_CURVE('',#11118,#11168,#11170,.T.);
#11168 = VERTEX_POINT('',#11169);
#11169 = CARTESIAN_POINT('',(-0.5,0.37,0.8));
#11170 = LINE('',#11171,#11172);
#11171 = CARTESIAN_POINT('',(-0.5,-0.4,0.8));
#11172 = VECTOR('',#11173,1.);
#11173 = DIRECTION('',(0.,1.,0.));
#11174 = ORIENTED_EDGE('',*,*,#11175,.F.);
#11175 = EDGE_CURVE('',#11029,#11168,#11176,.T.);
#11176 = LINE('',#11177,#11178);
#11177 = CARTESIAN_POINT('',(-0.8,0.37,0.8));
#11178 = VECTOR('',#11179,1.);
#11179 = DIRECTION('',(1.,0.,0.));
#11180 = PLANE('',#11181);
#11181 = AXIS2_PLACEMENT_3D('',#11182,#11183,#11184);
#11182 = CARTESIAN_POINT('',(-0.8,-0.4,0.8));
#11183 = DIRECTION('',(0.,0.,1.));
#11184 = DIRECTION('',(1.,0.,-0.));
#11185 = ADVANCED_FACE('',(#11186),#11205,.T.);
#11186 = FACE_BOUND('',#11187,.T.);
#11187 = EDGE_LOOP('',(#11188,#11196,#11203,#11204));
#11188 = ORIENTED_EDGE('',*,*,#11189,.T.);
#11189 = EDGE_CURVE('',#11012,#11190,#11192,.T.);
#11190 = VERTEX_POINT('',#11191);
#11191 = CARTESIAN_POINT('',(-0.5,0.4,3.E-02));
#11192 = LINE('',#11193,#11194);
#11193 = CARTESIAN_POINT('',(-0.8,0.4,3.E-02));
#11194 = VECTOR('',#11195,1.);
#11195 = DIRECTION('',(1.,0.,0.));
#11196 = ORIENTED_EDGE('',*,*,#11197,.T.);
#11197 = EDGE_CURVE('',#11190,#11144,#11198,.T.);
#11198 = CIRCLE('',#11199,3.E-02);
#11199 = AXIS2_PLACEMENT_3D('',#11200,#11201,#11202);
#11200 = CARTESIAN_POINT('',(-0.5,0.37,3.E-02));
#11201 = DIRECTION('',(-1.,0.,0.));
#11202 = DIRECTION('',(0.,0.,1.));
#11203 = ORIENTED_EDGE('',*,*,#11151,.F.);
#11204 = ORIENTED_EDGE('',*,*,#11011,.F.);
#11205 = CYLINDRICAL_SURFACE('',#11206,3.E-02);
#11206 = AXIS2_PLACEMENT_3D('',#11207,#11208,#11209);
#11207 = CARTESIAN_POINT('',(-0.8,0.37,3.E-02));
#11208 = DIRECTION('',(1.,0.,0.));
#11209 = DIRECTION('',(-0.,1.,0.));
#11210 = ADVANCED_FACE('',(#11211),#11230,.T.);
#11211 = FACE_BOUND('',#11212,.T.);
#11212 = EDGE_LOOP('',(#11213,#11214,#11215,#11224));
#11213 = ORIENTED_EDGE('',*,*,#11028,.T.);
#11214 = ORIENTED_EDGE('',*,*,#11175,.T.);
#11215 = ORIENTED_EDGE('',*,*,#11216,.F.);
#11216 = EDGE_CURVE('',#11217,#11168,#11219,.T.);
#11217 = VERTEX_POINT('',#11218);
#11218 = CARTESIAN_POINT('',(-0.5,0.4,0.77));
#11219 = CIRCLE('',#11220,3.E-02);
#11220 = AXIS2_PLACEMENT_3D('',#11221,#11222,#11223);
#11221 = CARTESIAN_POINT('',(-0.5,0.37,0.77));
#11222 = DIRECTION('',(1.,0.,-0.));
#11223 = DIRECTION('',(0.,0.,1.));
#11224 = ORIENTED_EDGE('',*,*,#11225,.F.);
#11225 = EDGE_CURVE('',#11021,#11217,#11226,.T.);
#11226 = LINE('',#11227,#11228);
#11227 = CARTESIAN_POINT('',(-0.8,0.4,0.77));
#11228 = VECTOR('',#11229,1.);
#11229 = DIRECTION('',(1.,0.,0.));
#11230 = CYLINDRICAL_SURFACE('',#11231,3.E-02);
#11231 = AXIS2_PLACEMENT_3D('',#11232,#11233,#11234);
#11232 = CARTESIAN_POINT('',(-0.8,0.37,0.77));
#11233 = DIRECTION('',(1.,0.,0.));
#11234 = DIRECTION('',(-0.,1.,0.));
#11235 = ADVANCED_FACE('',(#11236),#11247,.T.);
#11236 = FACE_BOUND('',#11237,.T.);
#11237 = EDGE_LOOP('',(#11238,#11244,#11245,#11246));
#11238 = ORIENTED_EDGE('',*,*,#11239,.F.);
#11239 = EDGE_CURVE('',#11190,#11217,#11240,.T.);
#11240 = LINE('',#11241,#11242);
#11241 = CARTESIAN_POINT('',(-0.5,0.4,0.));
#11242 = VECTOR('',#11243,1.);
#11243 = DIRECTION('',(0.,0.,1.));
#11244 = ORIENTED_EDGE('',*,*,#11189,.F.);
#11245 = ORIENTED_EDGE('',*,*,#11020,.T.);
#11246 = ORIENTED_EDGE('',*,*,#11225,.T.);
#11247 = PLANE('',#11248);
#11248 = AXIS2_PLACEMENT_3D('',#11249,#11250,#11251);
#11249 = CARTESIAN_POINT('',(-0.8,0.4,0.));
#11250 = DIRECTION('',(0.,1.,0.));
#11251 = DIRECTION('',(0.,-0.,1.));
#11252 = ADVANCED_FACE('',(#11253,#11263),#11333,.T.);
#11253 = FACE_BOUND('',#11254,.T.);
#11254 = EDGE_LOOP('',(#11255,#11256,#11257,#11258,#11259,#11260,#11261,
    #11262));
#11255 = ORIENTED_EDGE('',*,*,#11060,.F.);
#11256 = ORIENTED_EDGE('',*,*,#11100,.T.);
#11257 = ORIENTED_EDGE('',*,*,#11143,.T.);
#11258 = ORIENTED_EDGE('',*,*,#11197,.F.);
#11259 = ORIENTED_EDGE('',*,*,#11239,.T.);
#11260 = ORIENTED_EDGE('',*,*,#11216,.T.);
#11261 = ORIENTED_EDGE('',*,*,#11167,.F.);
#11262 = ORIENTED_EDGE('',*,*,#11117,.F.);
#11263 = FACE_BOUND('',#11264,.T.);
#11264 = EDGE_LOOP('',(#11265,#11276,#11284,#11293,#11301,#11310,#11318,
    #11327));
#11265 = ORIENTED_EDGE('',*,*,#11266,.F.);
#11266 = EDGE_CURVE('',#11267,#11269,#11271,.T.);
#11267 = VERTEX_POINT('',#11268);
#11268 = CARTESIAN_POINT('',(-0.5,-0.37,6.E-02));
#11269 = VERTEX_POINT('',#11270);
#11270 = CARTESIAN_POINT('',(-0.5,-0.34,3.E-02));
#11271 = CIRCLE('',#11272,3.E-02);
#11272 = AXIS2_PLACEMENT_3D('',#11273,#11274,#11275);
#11273 = CARTESIAN_POINT('',(-0.5,-0.34,6.E-02));
#11274 = DIRECTION('',(1.,0.,-0.));
#11275 = DIRECTION('',(0.,0.,1.));
#11276 = ORIENTED_EDGE('',*,*,#11277,.T.);
#11277 = EDGE_CURVE('',#11267,#11278,#11280,.T.);
#11278 = VERTEX_POINT('',#11279);
#11279 = CARTESIAN_POINT('',(-0.5,-0.37,0.74));
#11280 = LINE('',#11281,#11282);
#11281 = CARTESIAN_POINT('',(-0.5,-0.37,3.E-02));
#11282 = VECTOR('',#11283,1.);
#11283 = DIRECTION('',(0.,0.,1.));
#11284 = ORIENTED_EDGE('',*,*,#11285,.T.);
#11285 = EDGE_CURVE('',#11278,#11286,#11288,.T.);
#11286 = VERTEX_POINT('',#11287);
#11287 = CARTESIAN_POINT('',(-0.5,-0.34,0.77));
#11288 = CIRCLE('',#11289,3.E-02);
#11289 = AXIS2_PLACEMENT_3D('',#11290,#11291,#11292);
#11290 = CARTESIAN_POINT('',(-0.5,-0.34,0.74));
#11291 = DIRECTION('',(-1.,0.,0.));
#11292 = DIRECTION('',(0.,0.,1.));
#11293 = ORIENTED_EDGE('',*,*,#11294,.T.);
#11294 = EDGE_CURVE('',#11286,#11295,#11297,.T.);
#11295 = VERTEX_POINT('',#11296);
#11296 = CARTESIAN_POINT('',(-0.5,0.34,0.77));
#11297 = LINE('',#11298,#11299);
#11298 = CARTESIAN_POINT('',(-0.5,-0.37,0.77));
#11299 = VECTOR('',#11300,1.);
#11300 = DIRECTION('',(0.,1.,0.));
#11301 = ORIENTED_EDGE('',*,*,#11302,.F.);
#11302 = EDGE_CURVE('',#11303,#11295,#11305,.T.);
#11303 = VERTEX_POINT('',#11304);
#11304 = CARTESIAN_POINT('',(-0.5,0.37,0.74));
#11305 = CIRCLE('',#11306,3.E-02);
#11306 = AXIS2_PLACEMENT_3D('',#11307,#11308,#11309);
#11307 = CARTESIAN_POINT('',(-0.5,0.34,0.74));
#11308 = DIRECTION('',(1.,0.,-0.));
#11309 = DIRECTION('',(0.,0.,1.));
#11310 = ORIENTED_EDGE('',*,*,#11311,.F.);
#11311 = EDGE_CURVE('',#11312,#11303,#11314,.T.);
#11312 = VERTEX_POINT('',#11313);
#11313 = CARTESIAN_POINT('',(-0.5,0.37,6.E-02));
#11314 = LINE('',#11315,#11316);
#11315 = CARTESIAN_POINT('',(-0.5,0.37,3.E-02));
#11316 = VECTOR('',#11317,1.);
#11317 = DIRECTION('',(0.,0.,1.));
#11318 = ORIENTED_EDGE('',*,*,#11319,.T.);
#11319 = EDGE_CURVE('',#11312,#11320,#11322,.T.);
#11320 = VERTEX_POINT('',#11321);
#11321 = CARTESIAN_POINT('',(-0.5,0.34,3.E-02));
#11322 = CIRCLE('',#11323,3.E-02);
#11323 = AXIS2_PLACEMENT_3D('',#11324,#11325,#11326);
#11324 = CARTESIAN_POINT('',(-0.5,0.34,6.E-02));
#11325 = DIRECTION('',(-1.,0.,0.));
#11326 = DIRECTION('',(0.,0.,1.));
#11327 = ORIENTED_EDGE('',*,*,#11328,.F.);
#11328 = EDGE_CURVE('',#11269,#11320,#11329,.T.);
#11329 = LINE('',#11330,#11331);
#11330 = CARTESIAN_POINT('',(-0.5,-0.37,3.E-02));
#11331 = VECTOR('',#11332,1.);
#11332 = DIRECTION('',(0.,1.,0.));
#11333 = PLANE('',#11334);
#11334 = AXIS2_PLACEMENT_3D('',#11335,#11336,#11337);
#11335 = CARTESIAN_POINT('',(-0.5,-0.4,0.));
#11336 = DIRECTION('',(1.,0.,0.));
#11337 = DIRECTION('',(0.,0.,1.));
#11338 = ADVANCED_FACE('',(#11339),#11365,.T.);
#11339 = FACE_BOUND('',#11340,.T.);
#11340 = EDGE_LOOP('',(#11341,#11342,#11350,#11359));
#11341 = ORIENTED_EDGE('',*,*,#11266,.T.);
#11342 = ORIENTED_EDGE('',*,*,#11343,.T.);
#11343 = EDGE_CURVE('',#11269,#11344,#11346,.T.);
#11344 = VERTEX_POINT('',#11345);
#11345 = CARTESIAN_POINT('',(0.5,-0.34,3.E-02));
#11346 = LINE('',#11347,#11348);
#11347 = CARTESIAN_POINT('',(-0.5,-0.34,3.E-02));
#11348 = VECTOR('',#11349,1.);
#11349 = DIRECTION('',(1.,0.,0.));
#11350 = ORIENTED_EDGE('',*,*,#11351,.F.);
#11351 = EDGE_CURVE('',#11352,#11344,#11354,.T.);
#11352 = VERTEX_POINT('',#11353);
#11353 = CARTESIAN_POINT('',(0.5,-0.37,6.E-02));
#11354 = CIRCLE('',#11355,3.E-02);
#11355 = AXIS2_PLACEMENT_3D('',#11356,#11357,#11358);
#11356 = CARTESIAN_POINT('',(0.5,-0.34,6.E-02));
#11357 = DIRECTION('',(1.,0.,-0.));
#11358 = DIRECTION('',(0.,0.,1.));
#11359 = ORIENTED_EDGE('',*,*,#11360,.F.);
#11360 = EDGE_CURVE('',#11267,#11352,#11361,.T.);
#11361 = LINE('',#11362,#11363);
#11362 = CARTESIAN_POINT('',(-0.5,-0.37,6.E-02));
#11363 = VECTOR('',#11364,1.);
#11364 = DIRECTION('',(1.,0.,0.));
#11365 = CYLINDRICAL_SURFACE('',#11366,3.E-02);
#11366 = AXIS2_PLACEMENT_3D('',#11367,#11368,#11369);
#11367 = CARTESIAN_POINT('',(-0.5,-0.34,6.E-02));
#11368 = DIRECTION('',(1.,0.,0.));
#11369 = DIRECTION('',(0.,-1.,0.));
#11370 = ADVANCED_FACE('',(#11371),#11389,.F.);
#11371 = FACE_BOUND('',#11372,.F.);
#11372 = EDGE_LOOP('',(#11373,#11374,#11375,#11383));
#11373 = ORIENTED_EDGE('',*,*,#11328,.F.);
#11374 = ORIENTED_EDGE('',*,*,#11343,.T.);
#11375 = ORIENTED_EDGE('',*,*,#11376,.T.);
#11376 = EDGE_CURVE('',#11344,#11377,#11379,.T.);
#11377 = VERTEX_POINT('',#11378);
#11378 = CARTESIAN_POINT('',(0.5,0.34,3.E-02));
#11379 = LINE('',#11380,#11381);
#11380 = CARTESIAN_POINT('',(0.5,-0.37,3.E-02));
#11381 = VECTOR('',#11382,1.);
#11382 = DIRECTION('',(0.,1.,0.));
#11383 = ORIENTED_EDGE('',*,*,#11384,.F.);
#11384 = EDGE_CURVE('',#11320,#11377,#11385,.T.);
#11385 = LINE('',#11386,#11387);
#11386 = CARTESIAN_POINT('',(-0.5,0.34,3.E-02));
#11387 = VECTOR('',#11388,1.);
#11388 = DIRECTION('',(1.,0.,0.));
#11389 = PLANE('',#11390);
#11390 = AXIS2_PLACEMENT_3D('',#11391,#11392,#11393);
#11391 = CARTESIAN_POINT('',(-0.5,-0.37,3.E-02));
#11392 = DIRECTION('',(0.,0.,1.));
#11393 = DIRECTION('',(1.,0.,-0.));
#11394 = ADVANCED_FACE('',(#11395),#11414,.T.);
#11395 = FACE_BOUND('',#11396,.T.);
#11396 = EDGE_LOOP('',(#11397,#11405,#11412,#11413));
#11397 = ORIENTED_EDGE('',*,*,#11398,.T.);
#11398 = EDGE_CURVE('',#11312,#11399,#11401,.T.);
#11399 = VERTEX_POINT('',#11400);
#11400 = CARTESIAN_POINT('',(0.5,0.37,6.E-02));
#11401 = LINE('',#11402,#11403);
#11402 = CARTESIAN_POINT('',(-0.5,0.37,6.E-02));
#11403 = VECTOR('',#11404,1.);
#11404 = DIRECTION('',(1.,0.,0.));
#11405 = ORIENTED_EDGE('',*,*,#11406,.T.);
#11406 = EDGE_CURVE('',#11399,#11377,#11407,.T.);
#11407 = CIRCLE('',#11408,3.E-02);
#11408 = AXIS2_PLACEMENT_3D('',#11409,#11410,#11411);
#11409 = CARTESIAN_POINT('',(0.5,0.34,6.E-02));
#11410 = DIRECTION('',(-1.,0.,0.));
#11411 = DIRECTION('',(0.,0.,1.));
#11412 = ORIENTED_EDGE('',*,*,#11384,.F.);
#11413 = ORIENTED_EDGE('',*,*,#11319,.F.);
#11414 = CYLINDRICAL_SURFACE('',#11415,3.E-02);
#11415 = AXIS2_PLACEMENT_3D('',#11416,#11417,#11418);
#11416 = CARTESIAN_POINT('',(-0.5,0.34,6.E-02));
#11417 = DIRECTION('',(1.,0.,0.));
#11418 = DIRECTION('',(-0.,1.,0.));
#11419 = ADVANCED_FACE('',(#11420),#11438,.T.);
#11420 = FACE_BOUND('',#11421,.T.);
#11421 = EDGE_LOOP('',(#11422,#11430,#11431,#11432));
#11422 = ORIENTED_EDGE('',*,*,#11423,.F.);
#11423 = EDGE_CURVE('',#11399,#11424,#11426,.T.);
#11424 = VERTEX_POINT('',#11425);
#11425 = CARTESIAN_POINT('',(0.5,0.37,0.74));
#11426 = LINE('',#11427,#11428);
#11427 = CARTESIAN_POINT('',(0.5,0.37,3.E-02));
#11428 = VECTOR('',#11429,1.);
#11429 = DIRECTION('',(0.,0.,1.));
#11430 = ORIENTED_EDGE('',*,*,#11398,.F.);
#11431 = ORIENTED_EDGE('',*,*,#11311,.T.);
#11432 = ORIENTED_EDGE('',*,*,#11433,.T.);
#11433 = EDGE_CURVE('',#11303,#11424,#11434,.T.);
#11434 = LINE('',#11435,#11436);
#11435 = CARTESIAN_POINT('',(-0.5,0.37,0.74));
#11436 = VECTOR('',#11437,1.);
#11437 = DIRECTION('',(1.,0.,0.));
#11438 = PLANE('',#11439);
#11439 = AXIS2_PLACEMENT_3D('',#11440,#11441,#11442);
#11440 = CARTESIAN_POINT('',(-0.5,0.37,3.E-02));
#11441 = DIRECTION('',(0.,1.,0.));
#11442 = DIRECTION('',(0.,-0.,1.));
#11443 = ADVANCED_FACE('',(#11444),#11463,.T.);
#11444 = FACE_BOUND('',#11445,.T.);
#11445 = EDGE_LOOP('',(#11446,#11447,#11455,#11462));
#11446 = ORIENTED_EDGE('',*,*,#11302,.T.);
#11447 = ORIENTED_EDGE('',*,*,#11448,.T.);
#11448 = EDGE_CURVE('',#11295,#11449,#11451,.T.);
#11449 = VERTEX_POINT('',#11450);
#11450 = CARTESIAN_POINT('',(0.5,0.34,0.77));
#11451 = LINE('',#11452,#11453);
#11452 = CARTESIAN_POINT('',(-0.5,0.34,0.77));
#11453 = VECTOR('',#11454,1.);
#11454 = DIRECTION('',(1.,0.,0.));
#11455 = ORIENTED_EDGE('',*,*,#11456,.F.);
#11456 = EDGE_CURVE('',#11424,#11449,#11457,.T.);
#11457 = CIRCLE('',#11458,3.E-02);
#11458 = AXIS2_PLACEMENT_3D('',#11459,#11460,#11461);
#11459 = CARTESIAN_POINT('',(0.5,0.34,0.74));
#11460 = DIRECTION('',(1.,0.,-0.));
#11461 = DIRECTION('',(0.,0.,1.));
#11462 = ORIENTED_EDGE('',*,*,#11433,.F.);
#11463 = CYLINDRICAL_SURFACE('',#11464,3.E-02);
#11464 = AXIS2_PLACEMENT_3D('',#11465,#11466,#11467);
#11465 = CARTESIAN_POINT('',(-0.5,0.34,0.74));
#11466 = DIRECTION('',(1.,0.,0.));
#11467 = DIRECTION('',(-0.,1.,0.));
#11468 = ADVANCED_FACE('',(#11469),#11487,.T.);
#11469 = FACE_BOUND('',#11470,.T.);
#11470 = EDGE_LOOP('',(#11471,#11472,#11480,#11486));
#11471 = ORIENTED_EDGE('',*,*,#11294,.F.);
#11472 = ORIENTED_EDGE('',*,*,#11473,.T.);
#11473 = EDGE_CURVE('',#11286,#11474,#11476,.T.);
#11474 = VERTEX_POINT('',#11475);
#11475 = CARTESIAN_POINT('',(0.5,-0.34,0.77));
#11476 = LINE('',#11477,#11478);
#11477 = CARTESIAN_POINT('',(-0.5,-0.34,0.77));
#11478 = VECTOR('',#11479,1.);
#11479 = DIRECTION('',(1.,0.,0.));
#11480 = ORIENTED_EDGE('',*,*,#11481,.T.);
#11481 = EDGE_CURVE('',#11474,#11449,#11482,.T.);
#11482 = LINE('',#11483,#11484);
#11483 = CARTESIAN_POINT('',(0.5,-0.37,0.77));
#11484 = VECTOR('',#11485,1.);
#11485 = DIRECTION('',(0.,1.,0.));
#11486 = ORIENTED_EDGE('',*,*,#11448,.F.);
#11487 = PLANE('',#11488);
#11488 = AXIS2_PLACEMENT_3D('',#11489,#11490,#11491);
#11489 = CARTESIAN_POINT('',(-0.5,-0.37,0.77));
#11490 = DIRECTION('',(0.,0.,1.));
#11491 = DIRECTION('',(1.,0.,-0.));
#11492 = ADVANCED_FACE('',(#11493),#11512,.T.);
#11493 = FACE_BOUND('',#11494,.T.);
#11494 = EDGE_LOOP('',(#11495,#11503,#11510,#11511));
#11495 = ORIENTED_EDGE('',*,*,#11496,.T.);
#11496 = EDGE_CURVE('',#11278,#11497,#11499,.T.);
#11497 = VERTEX_POINT('',#11498);
#11498 = CARTESIAN_POINT('',(0.5,-0.37,0.74));
#11499 = LINE('',#11500,#11501);
#11500 = CARTESIAN_POINT('',(-0.5,-0.37,0.74));
#11501 = VECTOR('',#11502,1.);
#11502 = DIRECTION('',(1.,0.,0.));
#11503 = ORIENTED_EDGE('',*,*,#11504,.T.);
#11504 = EDGE_CURVE('',#11497,#11474,#11505,.T.);
#11505 = CIRCLE('',#11506,3.E-02);
#11506 = AXIS2_PLACEMENT_3D('',#11507,#11508,#11509);
#11507 = CARTESIAN_POINT('',(0.5,-0.34,0.74));
#11508 = DIRECTION('',(-1.,0.,0.));
#11509 = DIRECTION('',(0.,0.,1.));
#11510 = ORIENTED_EDGE('',*,*,#11473,.F.);
#11511 = ORIENTED_EDGE('',*,*,#11285,.F.);
#11512 = CYLINDRICAL_SURFACE('',#11513,3.E-02);
#11513 = AXIS2_PLACEMENT_3D('',#11514,#11515,#11516);
#11514 = CARTESIAN_POINT('',(-0.5,-0.34,0.74));
#11515 = DIRECTION('',(1.,0.,0.));
#11516 = DIRECTION('',(0.,-1.,0.));
#11517 = ADVANCED_FACE('',(#11518),#11529,.F.);
#11518 = FACE_BOUND('',#11519,.F.);
#11519 = EDGE_LOOP('',(#11520,#11526,#11527,#11528));
#11520 = ORIENTED_EDGE('',*,*,#11521,.F.);
#11521 = EDGE_CURVE('',#11352,#11497,#11522,.T.);
#11522 = LINE('',#11523,#11524);
#11523 = CARTESIAN_POINT('',(0.5,-0.37,3.E-02));
#11524 = VECTOR('',#11525,1.);
#11525 = DIRECTION('',(0.,0.,1.));
#11526 = ORIENTED_EDGE('',*,*,#11360,.F.);
#11527 = ORIENTED_EDGE('',*,*,#11277,.T.);
#11528 = ORIENTED_EDGE('',*,*,#11496,.T.);
#11529 = PLANE('',#11530);
#11530 = AXIS2_PLACEMENT_3D('',#11531,#11532,#11533);
#11531 = CARTESIAN_POINT('',(-0.5,-0.37,3.E-02));
#11532 = DIRECTION('',(0.,1.,0.));
#11533 = DIRECTION('',(0.,-0.,1.));
#11534 = ADVANCED_FACE('',(#11535,#11605),#11615,.F.);
#11535 = FACE_BOUND('',#11536,.F.);
#11536 = EDGE_LOOP('',(#11537,#11547,#11556,#11564,#11573,#11581,#11590,
    #11598));
#11537 = ORIENTED_EDGE('',*,*,#11538,.F.);
#11538 = EDGE_CURVE('',#11539,#11541,#11543,.T.);
#11539 = VERTEX_POINT('',#11540);
#11540 = CARTESIAN_POINT('',(0.5,-0.4,3.E-02));
#11541 = VERTEX_POINT('',#11542);
#11542 = CARTESIAN_POINT('',(0.5,-0.4,0.77));
#11543 = LINE('',#11544,#11545);
#11544 = CARTESIAN_POINT('',(0.5,-0.4,0.));
#11545 = VECTOR('',#11546,1.);
#11546 = DIRECTION('',(0.,0.,1.));
#11547 = ORIENTED_EDGE('',*,*,#11548,.T.);
#11548 = EDGE_CURVE('',#11539,#11549,#11551,.T.);
#11549 = VERTEX_POINT('',#11550);
#11550 = CARTESIAN_POINT('',(0.5,-0.37,0.));
#11551 = CIRCLE('',#11552,3.E-02);
#11552 = AXIS2_PLACEMENT_3D('',#11553,#11554,#11555);
#11553 = CARTESIAN_POINT('',(0.5,-0.37,3.E-02));
#11554 = DIRECTION('',(1.,0.,-0.));
#11555 = DIRECTION('',(0.,0.,1.));
#11556 = ORIENTED_EDGE('',*,*,#11557,.T.);
#11557 = EDGE_CURVE('',#11549,#11558,#11560,.T.);
#11558 = VERTEX_POINT('',#11559);
#11559 = CARTESIAN_POINT('',(0.5,0.37,0.));
#11560 = LINE('',#11561,#11562);
#11561 = CARTESIAN_POINT('',(0.5,-0.4,0.));
#11562 = VECTOR('',#11563,1.);
#11563 = DIRECTION('',(0.,1.,0.));
#11564 = ORIENTED_EDGE('',*,*,#11565,.F.);
#11565 = EDGE_CURVE('',#11566,#11558,#11568,.T.);
#11566 = VERTEX_POINT('',#11567);
#11567 = CARTESIAN_POINT('',(0.5,0.4,3.E-02));
#11568 = CIRCLE('',#11569,3.E-02);
#11569 = AXIS2_PLACEMENT_3D('',#11570,#11571,#11572);
#11570 = CARTESIAN_POINT('',(0.5,0.37,3.E-02));
#11571 = DIRECTION('',(-1.,0.,0.));
#11572 = DIRECTION('',(0.,0.,1.));
#11573 = ORIENTED_EDGE('',*,*,#11574,.T.);
#11574 = EDGE_CURVE('',#11566,#11575,#11577,.T.);
#11575 = VERTEX_POINT('',#11576);
#11576 = CARTESIAN_POINT('',(0.5,0.4,0.77));
#11577 = LINE('',#11578,#11579);
#11578 = CARTESIAN_POINT('',(0.5,0.4,0.));
#11579 = VECTOR('',#11580,1.);
#11580 = DIRECTION('',(0.,0.,1.));
#11581 = ORIENTED_EDGE('',*,*,#11582,.T.);
#11582 = EDGE_CURVE('',#11575,#11583,#11585,.T.);
#11583 = VERTEX_POINT('',#11584);
#11584 = CARTESIAN_POINT('',(0.5,0.37,0.8));
#11585 = CIRCLE('',#11586,3.E-02);
#11586 = AXIS2_PLACEMENT_3D('',#11587,#11588,#11589);
#11587 = CARTESIAN_POINT('',(0.5,0.37,0.77));
#11588 = DIRECTION('',(1.,0.,-0.));
#11589 = DIRECTION('',(0.,0.,1.));
#11590 = ORIENTED_EDGE('',*,*,#11591,.F.);
#11591 = EDGE_CURVE('',#11592,#11583,#11594,.T.);
#11592 = VERTEX_POINT('',#11593);
#11593 = CARTESIAN_POINT('',(0.5,-0.37,0.8));
#11594 = LINE('',#11595,#11596);
#11595 = CARTESIAN_POINT('',(0.5,-0.4,0.8));
#11596 = VECTOR('',#11597,1.);
#11597 = DIRECTION('',(0.,1.,0.));
#11598 = ORIENTED_EDGE('',*,*,#11599,.F.);
#11599 = EDGE_CURVE('',#11541,#11592,#11600,.T.);
#11600 = CIRCLE('',#11601,3.E-02);
#11601 = AXIS2_PLACEMENT_3D('',#11602,#11603,#11604);
#11602 = CARTESIAN_POINT('',(0.5,-0.37,0.77));
#11603 = DIRECTION('',(-1.,0.,0.));
#11604 = DIRECTION('',(0.,0.,1.));
#11605 = FACE_BOUND('',#11606,.F.);
#11606 = EDGE_LOOP('',(#11607,#11608,#11609,#11610,#11611,#11612,#11613,
    #11614));
#11607 = ORIENTED_EDGE('',*,*,#11351,.F.);
#11608 = ORIENTED_EDGE('',*,*,#11521,.T.);
#11609 = ORIENTED_EDGE('',*,*,#11504,.T.);
#11610 = ORIENTED_EDGE('',*,*,#11481,.T.);
#11611 = ORIENTED_EDGE('',*,*,#11456,.F.);
#11612 = ORIENTED_EDGE('',*,*,#11423,.F.);
#11613 = ORIENTED_EDGE('',*,*,#11406,.T.);
#11614 = ORIENTED_EDGE('',*,*,#11376,.F.);
#11615 = PLANE('',#11616);
#11616 = AXIS2_PLACEMENT_3D('',#11617,#11618,#11619);
#11617 = CARTESIAN_POINT('',(0.5,-0.4,0.));
#11618 = DIRECTION('',(1.,0.,0.));
#11619 = DIRECTION('',(0.,0.,1.));
#11620 = ADVANCED_FACE('',(#11621),#11646,.F.);
#11621 = FACE_BOUND('',#11622,.F.);
#11622 = EDGE_LOOP('',(#11623,#11633,#11639,#11640));
#11623 = ORIENTED_EDGE('',*,*,#11624,.F.);
#11624 = EDGE_CURVE('',#11625,#11627,#11629,.T.);
#11625 = VERTEX_POINT('',#11626);
#11626 = CARTESIAN_POINT('',(0.8,-0.4,3.E-02));
#11627 = VERTEX_POINT('',#11628);
#11628 = CARTESIAN_POINT('',(0.8,-0.4,0.77));
#11629 = LINE('',#11630,#11631);
#11630 = CARTESIAN_POINT('',(0.8,-0.4,0.));
#11631 = VECTOR('',#11632,1.);
#11632 = DIRECTION('',(0.,0.,1.));
#11633 = ORIENTED_EDGE('',*,*,#11634,.F.);
#11634 = EDGE_CURVE('',#11539,#11625,#11635,.T.);
#11635 = LINE('',#11636,#11637);
#11636 = CARTESIAN_POINT('',(0.5,-0.4,3.E-02));
#11637 = VECTOR('',#11638,1.);
#11638 = DIRECTION('',(1.,0.,0.));
#11639 = ORIENTED_EDGE('',*,*,#11538,.T.);
#11640 = ORIENTED_EDGE('',*,*,#11641,.T.);
#11641 = EDGE_CURVE('',#11541,#11627,#11642,.T.);
#11642 = LINE('',#11643,#11644);
#11643 = CARTESIAN_POINT('',(0.5,-0.4,0.77));
#11644 = VECTOR('',#11645,1.);
#11645 = DIRECTION('',(1.,0.,0.));
#11646 = PLANE('',#11647);
#11647 = AXIS2_PLACEMENT_3D('',#11648,#11649,#11650);
#11648 = CARTESIAN_POINT('',(0.5,-0.4,0.));
#11649 = DIRECTION('',(0.,1.,0.));
#11650 = DIRECTION('',(0.,-0.,1.));
#11651 = ADVANCED_FACE('',(#11652),#11671,.T.);
#11652 = FACE_BOUND('',#11653,.T.);
#11653 = EDGE_LOOP('',(#11654,#11655,#11663,#11670));
#11654 = ORIENTED_EDGE('',*,*,#11548,.T.);
#11655 = ORIENTED_EDGE('',*,*,#11656,.T.);
#11656 = EDGE_CURVE('',#11549,#11657,#11659,.T.);
#11657 = VERTEX_POINT('',#11658);
#11658 = CARTESIAN_POINT('',(0.8,-0.37,0.));
#11659 = LINE('',#11660,#11661);
#11660 = CARTESIAN_POINT('',(0.5,-0.37,0.));
#11661 = VECTOR('',#11662,1.);
#11662 = DIRECTION('',(1.,0.,0.));
#11663 = ORIENTED_EDGE('',*,*,#11664,.F.);
#11664 = EDGE_CURVE('',#11625,#11657,#11665,.T.);
#11665 = CIRCLE('',#11666,3.E-02);
#11666 = AXIS2_PLACEMENT_3D('',#11667,#11668,#11669);
#11667 = CARTESIAN_POINT('',(0.8,-0.37,3.E-02));
#11668 = DIRECTION('',(1.,0.,-0.));
#11669 = DIRECTION('',(0.,0.,1.));
#11670 = ORIENTED_EDGE('',*,*,#11634,.F.);
#11671 = CYLINDRICAL_SURFACE('',#11672,3.E-02);
#11672 = AXIS2_PLACEMENT_3D('',#11673,#11674,#11675);
#11673 = CARTESIAN_POINT('',(0.5,-0.37,3.E-02));
#11674 = DIRECTION('',(1.,0.,0.));
#11675 = DIRECTION('',(0.,-1.,0.));
#11676 = ADVANCED_FACE('',(#11677),#11696,.T.);
#11677 = FACE_BOUND('',#11678,.T.);
#11678 = EDGE_LOOP('',(#11679,#11680,#11689,#11695));
#11679 = ORIENTED_EDGE('',*,*,#11641,.T.);
#11680 = ORIENTED_EDGE('',*,*,#11681,.T.);
#11681 = EDGE_CURVE('',#11627,#11682,#11684,.T.);
#11682 = VERTEX_POINT('',#11683);
#11683 = CARTESIAN_POINT('',(0.8,-0.37,0.8));
#11684 = CIRCLE('',#11685,3.E-02);
#11685 = AXIS2_PLACEMENT_3D('',#11686,#11687,#11688);
#11686 = CARTESIAN_POINT('',(0.8,-0.37,0.77));
#11687 = DIRECTION('',(-1.,0.,0.));
#11688 = DIRECTION('',(0.,0.,1.));
#11689 = ORIENTED_EDGE('',*,*,#11690,.F.);
#11690 = EDGE_CURVE('',#11592,#11682,#11691,.T.);
#11691 = LINE('',#11692,#11693);
#11692 = CARTESIAN_POINT('',(0.5,-0.37,0.8));
#11693 = VECTOR('',#11694,1.);
#11694 = DIRECTION('',(1.,0.,0.));
#11695 = ORIENTED_EDGE('',*,*,#11599,.F.);
#11696 = CYLINDRICAL_SURFACE('',#11697,3.E-02);
#11697 = AXIS2_PLACEMENT_3D('',#11698,#11699,#11700);
#11698 = CARTESIAN_POINT('',(0.5,-0.37,0.77));
#11699 = DIRECTION('',(1.,0.,0.));
#11700 = DIRECTION('',(0.,-1.,0.));
#11701 = ADVANCED_FACE('',(#11702),#11720,.F.);
#11702 = FACE_BOUND('',#11703,.F.);
#11703 = EDGE_LOOP('',(#11704,#11705,#11706,#11714));
#11704 = ORIENTED_EDGE('',*,*,#11557,.F.);
#11705 = ORIENTED_EDGE('',*,*,#11656,.T.);
#11706 = ORIENTED_EDGE('',*,*,#11707,.T.);
#11707 = EDGE_CURVE('',#11657,#11708,#11710,.T.);
#11708 = VERTEX_POINT('',#11709);
#11709 = CARTESIAN_POINT('',(0.8,0.37,0.));
#11710 = LINE('',#11711,#11712);
#11711 = CARTESIAN_POINT('',(0.8,-0.4,0.));
#11712 = VECTOR('',#11713,1.);
#11713 = DIRECTION('',(0.,1.,0.));
#11714 = ORIENTED_EDGE('',*,*,#11715,.F.);
#11715 = EDGE_CURVE('',#11558,#11708,#11716,.T.);
#11716 = LINE('',#11717,#11718);
#11717 = CARTESIAN_POINT('',(0.5,0.37,0.));
#11718 = VECTOR('',#11719,1.);
#11719 = DIRECTION('',(1.,0.,0.));
#11720 = PLANE('',#11721);
#11721 = AXIS2_PLACEMENT_3D('',#11722,#11723,#11724);
#11722 = CARTESIAN_POINT('',(0.5,-0.4,0.));
#11723 = DIRECTION('',(0.,0.,1.));
#11724 = DIRECTION('',(1.,0.,-0.));
#11725 = ADVANCED_FACE('',(#11726),#11744,.T.);
#11726 = FACE_BOUND('',#11727,.T.);
#11727 = EDGE_LOOP('',(#11728,#11729,#11730,#11738));
#11728 = ORIENTED_EDGE('',*,*,#11591,.F.);
#11729 = ORIENTED_EDGE('',*,*,#11690,.T.);
#11730 = ORIENTED_EDGE('',*,*,#11731,.T.);
#11731 = EDGE_CURVE('',#11682,#11732,#11734,.T.);
#11732 = VERTEX_POINT('',#11733);
#11733 = CARTESIAN_POINT('',(0.8,0.37,0.8));
#11734 = LINE('',#11735,#11736);
#11735 = CARTESIAN_POINT('',(0.8,-0.4,0.8));
#11736 = VECTOR('',#11737,1.);
#11737 = DIRECTION('',(0.,1.,0.));
#11738 = ORIENTED_EDGE('',*,*,#11739,.F.);
#11739 = EDGE_CURVE('',#11583,#11732,#11740,.T.);
#11740 = LINE('',#11741,#11742);
#11741 = CARTESIAN_POINT('',(0.5,0.37,0.8));
#11742 = VECTOR('',#11743,1.);
#11743 = DIRECTION('',(1.,0.,0.));
#11744 = PLANE('',#11745);
#11745 = AXIS2_PLACEMENT_3D('',#11746,#11747,#11748);
#11746 = CARTESIAN_POINT('',(0.5,-0.4,0.8));
#11747 = DIRECTION('',(0.,0.,1.));
#11748 = DIRECTION('',(1.,0.,-0.));
#11749 = ADVANCED_FACE('',(#11750),#11769,.T.);
#11750 = FACE_BOUND('',#11751,.T.);
#11751 = EDGE_LOOP('',(#11752,#11760,#11767,#11768));
#11752 = ORIENTED_EDGE('',*,*,#11753,.T.);
#11753 = EDGE_CURVE('',#11566,#11754,#11756,.T.);
#11754 = VERTEX_POINT('',#11755);
#11755 = CARTESIAN_POINT('',(0.8,0.4,3.E-02));
#11756 = LINE('',#11757,#11758);
#11757 = CARTESIAN_POINT('',(0.5,0.4,3.E-02));
#11758 = VECTOR('',#11759,1.);
#11759 = DIRECTION('',(1.,0.,0.));
#11760 = ORIENTED_EDGE('',*,*,#11761,.T.);
#11761 = EDGE_CURVE('',#11754,#11708,#11762,.T.);
#11762 = CIRCLE('',#11763,3.E-02);
#11763 = AXIS2_PLACEMENT_3D('',#11764,#11765,#11766);
#11764 = CARTESIAN_POINT('',(0.8,0.37,3.E-02));
#11765 = DIRECTION('',(-1.,0.,0.));
#11766 = DIRECTION('',(0.,0.,1.));
#11767 = ORIENTED_EDGE('',*,*,#11715,.F.);
#11768 = ORIENTED_EDGE('',*,*,#11565,.F.);
#11769 = CYLINDRICAL_SURFACE('',#11770,3.E-02);
#11770 = AXIS2_PLACEMENT_3D('',#11771,#11772,#11773);
#11771 = CARTESIAN_POINT('',(0.5,0.37,3.E-02));
#11772 = DIRECTION('',(1.,0.,0.));
#11773 = DIRECTION('',(-0.,1.,0.));
#11774 = ADVANCED_FACE('',(#11775),#11794,.T.);
#11775 = FACE_BOUND('',#11776,.T.);
#11776 = EDGE_LOOP('',(#11777,#11778,#11779,#11788));
#11777 = ORIENTED_EDGE('',*,*,#11582,.T.);
#11778 = ORIENTED_EDGE('',*,*,#11739,.T.);
#11779 = ORIENTED_EDGE('',*,*,#11780,.F.);
#11780 = EDGE_CURVE('',#11781,#11732,#11783,.T.);
#11781 = VERTEX_POINT('',#11782);
#11782 = CARTESIAN_POINT('',(0.8,0.4,0.77));
#11783 = CIRCLE('',#11784,3.E-02);
#11784 = AXIS2_PLACEMENT_3D('',#11785,#11786,#11787);
#11785 = CARTESIAN_POINT('',(0.8,0.37,0.77));
#11786 = DIRECTION('',(1.,0.,-0.));
#11787 = DIRECTION('',(0.,0.,1.));
#11788 = ORIENTED_EDGE('',*,*,#11789,.F.);
#11789 = EDGE_CURVE('',#11575,#11781,#11790,.T.);
#11790 = LINE('',#11791,#11792);
#11791 = CARTESIAN_POINT('',(0.5,0.4,0.77));
#11792 = VECTOR('',#11793,1.);
#11793 = DIRECTION('',(1.,0.,0.));
#11794 = CYLINDRICAL_SURFACE('',#11795,3.E-02);
#11795 = AXIS2_PLACEMENT_3D('',#11796,#11797,#11798);
#11796 = CARTESIAN_POINT('',(0.5,0.37,0.77));
#11797 = DIRECTION('',(1.,0.,0.));
#11798 = DIRECTION('',(-0.,1.,0.));
#11799 = ADVANCED_FACE('',(#11800),#11811,.T.);
#11800 = FACE_BOUND('',#11801,.T.);
#11801 = EDGE_LOOP('',(#11802,#11808,#11809,#11810));
#11802 = ORIENTED_EDGE('',*,*,#11803,.F.);
#11803 = EDGE_CURVE('',#11754,#11781,#11804,.T.);
#11804 = LINE('',#11805,#11806);
#11805 = CARTESIAN_POINT('',(0.8,0.4,0.));
#11806 = VECTOR('',#11807,1.);
#11807 = DIRECTION('',(0.,0.,1.));
#11808 = ORIENTED_EDGE('',*,*,#11753,.F.);
#11809 = ORIENTED_EDGE('',*,*,#11574,.T.);
#11810 = ORIENTED_EDGE('',*,*,#11789,.T.);
#11811 = PLANE('',#11812);
#11812 = AXIS2_PLACEMENT_3D('',#11813,#11814,#11815);
#11813 = CARTESIAN_POINT('',(0.5,0.4,0.));
#11814 = DIRECTION('',(0.,1.,0.));
#11815 = DIRECTION('',(0.,-0.,1.));
#11816 = ADVANCED_FACE('',(#11817),#11827,.T.);
#11817 = FACE_BOUND('',#11818,.T.);
#11818 = EDGE_LOOP('',(#11819,#11820,#11821,#11822,#11823,#11824,#11825,
    #11826));
#11819 = ORIENTED_EDGE('',*,*,#11624,.F.);
#11820 = ORIENTED_EDGE('',*,*,#11664,.T.);
#11821 = ORIENTED_EDGE('',*,*,#11707,.T.);
#11822 = ORIENTED_EDGE('',*,*,#11761,.F.);
#11823 = ORIENTED_EDGE('',*,*,#11803,.T.);
#11824 = ORIENTED_EDGE('',*,*,#11780,.T.);
#11825 = ORIENTED_EDGE('',*,*,#11731,.F.);
#11826 = ORIENTED_EDGE('',*,*,#11681,.F.);
#11827 = PLANE('',#11828);
#11828 = AXIS2_PLACEMENT_3D('',#11829,#11830,#11831);
#11829 = CARTESIAN_POINT('',(0.8,-0.4,0.));
#11830 = DIRECTION('',(1.,0.,0.));
#11831 = DIRECTION('',(0.,0.,1.));
#11832 = ( GEOMETRIC_REPRESENTATION_CONTEXT(3) 
GLOBAL_UNCERTAINTY_ASSIGNED_CONTEXT((#11836)) 
GLOBAL_UNIT_ASSIGNED_CONTEXT((#11833,#11834,#11835)) 
REPRESENTATION_CONTEXT('Context #1',
  '3D Context with UNIT and UNCERTAINTY') );
#11833 = ( LENGTH_UNIT() NAMED_UNIT(*) SI_UNIT(.MILLI.,.METRE.) );
#11834 = ( NAMED_UNIT(*) PLANE_ANGLE_UNIT() SI_UNIT($,.RADIAN.) );
#11835 = ( NAMED_UNIT(*) SI_UNIT($,.STERADIAN.) SOLID_ANGLE_UNIT() );
#11836 = UNCERTAINTY_MEASURE_WITH_UNIT(LENGTH_MEASURE(1.E-07),#11833,
  'distance_accuracy_value','confusion accuracy');
#11837 = CONTEXT_DEPENDENT_SHAPE_REPRESENTATION(#11838,#11840);
#11838 = ( REPRESENTATION_RELATIONSHIP('','',#10977,#10954) 
REPRESENTATION_RELATIONSHIP_WITH_TRANSFORMATION(#11839) 
SHAPE_REPRESENTATION_RELATIONSHIP() );
#11839 = ITEM_DEFINED_TRANSFORMATION('','',#11,#10955);
#11840 = PRODUCT_DEFINITION_SHAPE('Placement','Placement of an item',
  #11841);
#11841 = NEXT_ASSEMBLY_USAGE_OCCURRENCE('17','=>[0:1:1:9]','',#10949,
  #10972,$);
#11842 = PRODUCT_RELATED_PRODUCT_CATEGORY('part',$,(#10974));
#11843 = CONTEXT_DEPENDENT_SHAPE_REPRESENTATION(#11844,#11846);
#11844 = ( REPRESENTATION_RELATIONSHIP('','',#10087,#10) 
REPRESENTATION_RELATIONSHIP_WITH_TRANSFORMATION(#11845) 
SHAPE_REPRESENTATION_RELATIONSHIP() );
#11845 = ITEM_DEFINED_TRANSFORMATION('','',#11,#71);
#11846 = PRODUCT_DEFINITION_SHAPE('Placement','Placement of an item',
  #11847);
#11847 = NEXT_ASSEMBLY_USAGE_OCCURRENCE('19','R181','',#5,#10082,$);
#11848 = CONTEXT_DEPENDENT_SHAPE_REPRESENTATION(#11849,#11851);
#11849 = ( REPRESENTATION_RELATIONSHIP('','',#10954,#10) 
REPRESENTATION_RELATIONSHIP_WITH_TRANSFORMATION(#11850) 
SHAPE_REPRESENTATION_RELATIONSHIP() );
#11850 = ITEM_DEFINED_TRANSFORMATION('','',#11,#75);
#11851 = PRODUCT_DEFINITION_SHAPE('Placement','Placement of an item',
  #11852);
#11852 = NEXT_ASSEMBLY_USAGE_OCCURRENCE('20','C50','',#5,#10949,$);
#11853 = CONTEXT_DEPENDENT_SHAPE_REPRESENTATION(#11854,#11856);
#11854 = ( REPRESENTATION_RELATIONSHIP('','',#10087,#10) 
REPRESENTATION_RELATIONSHIP_WITH_TRANSFORMATION(#11855) 
SHAPE_REPRESENTATION_RELATIONSHIP() );
#11855 = ITEM_DEFINED_TRANSFORMATION('','',#11,#79);
#11856 = PRODUCT_DEFINITION_SHAPE('Placement','Placement of an item',
  #11857);
#11857 = NEXT_ASSEMBLY_USAGE_OCCURRENCE('21','R176','',#5,#10082,$);
#11858 = CONTEXT_DEPENDENT_SHAPE_REPRESENTATION(#11859,#11861);
#11859 = ( REPRESENTATION_RELATIONSHIP('','',#10087,#10) 
REPRESENTATION_RELATIONSHIP_WITH_TRANSFORMATION(#11860) 
SHAPE_REPRESENTATION_RELATIONSHIP() );
#11860 = ITEM_DEFINED_TRANSFORMATION('','',#11,#83);
#11861 = PRODUCT_DEFINITION_SHAPE('Placement','Placement of an item',
  #11862);
#11862 = NEXT_ASSEMBLY_USAGE_OCCURRENCE('22','R163','',#5,#10082,$);
#11863 = CONTEXT_DEPENDENT_SHAPE_REPRESENTATION(#11864,#11866);
#11864 = ( REPRESENTATION_RELATIONSHIP('','',#10087,#10) 
REPRESENTATION_RELATIONSHIP_WITH_TRANSFORMATION(#11865) 
SHAPE_REPRESENTATION_RELATIONSHIP() );
#11865 = ITEM_DEFINED_TRANSFORMATION('','',#11,#87);
#11866 = PRODUCT_DEFINITION_SHAPE('Placement','Placement of an item',
  #11867);
#11867 = NEXT_ASSEMBLY_USAGE_OCCURRENCE('23','R184','',#5,#10082,$);
#11868 = CONTEXT_DEPENDENT_SHAPE_REPRESENTATION(#11869,#11871);
#11869 = ( REPRESENTATION_RELATIONSHIP('','',#10087,#10) 
REPRESENTATION_RELATIONSHIP_WITH_TRANSFORMATION(#11870) 
SHAPE_REPRESENTATION_RELATIONSHIP() );
#11870 = ITEM_DEFINED_TRANSFORMATION('','',#11,#91);
#11871 = PRODUCT_DEFINITION_SHAPE('Placement','Placement of an item',
  #11872);
#11872 = NEXT_ASSEMBLY_USAGE_OCCURRENCE('24','R197','',#5,#10082,$);
#11873 = CONTEXT_DEPENDENT_SHAPE_REPRESENTATION(#11874,#11876);
#11874 = ( REPRESENTATION_RELATIONSHIP('','',#10087,#10) 
REPRESENTATION_RELATIONSHIP_WITH_TRANSFORMATION(#11875) 
SHAPE_REPRESENTATION_RELATIONSHIP() );
#11875 = ITEM_DEFINED_TRANSFORMATION('','',#11,#95);
#11876 = PRODUCT_DEFINITION_SHAPE('Placement','Placement of an item',
  #11877);
#11877 = NEXT_ASSEMBLY_USAGE_OCCURRENCE('25','R196','',#5,#10082,$);
#11878 = CONTEXT_DEPENDENT_SHAPE_REPRESENTATION(#11879,#11881);
#11879 = ( REPRESENTATION_RELATIONSHIP('','',#10954,#10) 
REPRESENTATION_RELATIONSHIP_WITH_TRANSFORMATION(#11880) 
SHAPE_REPRESENTATION_RELATIONSHIP() );
#11880 = ITEM_DEFINED_TRANSFORMATION('','',#11,#99);
#11881 = PRODUCT_DEFINITION_SHAPE('Placement','Placement of an item',
  #11882);
#11882 = NEXT_ASSEMBLY_USAGE_OCCURRENCE('26','C26','',#5,#10949,$);
#11883 = CONTEXT_DEPENDENT_SHAPE_REPRESENTATION(#11884,#11886);
#11884 = ( REPRESENTATION_RELATIONSHIP('','',#10087,#10) 
REPRESENTATION_RELATIONSHIP_WITH_TRANSFORMATION(#11885) 
SHAPE_REPRESENTATION_RELATIONSHIP() );
#11885 = ITEM_DEFINED_TRANSFORMATION('','',#11,#103);
#11886 = PRODUCT_DEFINITION_SHAPE('Placement','Placement of an item',
  #11887);
#11887 = NEXT_ASSEMBLY_USAGE_OCCURRENCE('27','R177','',#5,#10082,$);
#11888 = CONTEXT_DEPENDENT_SHAPE_REPRESENTATION(#11889,#11891);
#11889 = ( REPRESENTATION_RELATIONSHIP('','',#10087,#10) 
REPRESENTATION_RELATIONSHIP_WITH_TRANSFORMATION(#11890) 
SHAPE_REPRESENTATION_RELATIONSHIP() );
#11890 = ITEM_DEFINED_TRANSFORMATION('','',#11,#107);
#11891 = PRODUCT_DEFINITION_SHAPE('Placement','Placement of an item',
  #11892);
#11892 = NEXT_ASSEMBLY_USAGE_OCCURRENCE('28','R172','',#5,#10082,$);
#11893 = CONTEXT_DEPENDENT_SHAPE_REPRESENTATION(#11894,#11896);
#11894 = ( REPRESENTATION_RELATIONSHIP('','',#10087,#10) 
REPRESENTATION_RELATIONSHIP_WITH_TRANSFORMATION(#11895) 
SHAPE_REPRESENTATION_RELATIONSHIP() );
#11895 = ITEM_DEFINED_TRANSFORMATION('','',#11,#111);
#11896 = PRODUCT_DEFINITION_SHAPE('Placement','Placement of an item',
  #11897);
#11897 = NEXT_ASSEMBLY_USAGE_OCCURRENCE('29','R186','',#5,#10082,$);
#11898 = CONTEXT_DEPENDENT_SHAPE_REPRESENTATION(#11899,#11901);
#11899 = ( REPRESENTATION_RELATIONSHIP('','',#10087,#10) 
REPRESENTATION_RELATIONSHIP_WITH_TRANSFORMATION(#11900) 
SHAPE_REPRESENTATION_RELATIONSHIP() );
#11900 = ITEM_DEFINED_TRANSFORMATION('','',#11,#115);
#11901 = PRODUCT_DEFINITION_SHAPE('Placement','Placement of an item',
  #11902);
#11902 = NEXT_ASSEMBLY_USAGE_OCCURRENCE('30','R171','',#5,#10082,$);
#11903 = CONTEXT_DEPENDENT_SHAPE_REPRESENTATION(#11904,#11906);
#11904 = ( REPRESENTATION_RELATIONSHIP('','',#10087,#10) 
REPRESENTATION_RELATIONSHIP_WITH_TRANSFORMATION(#11905) 
SHAPE_REPRESENTATION_RELATIONSHIP() );
#11905 = ITEM_DEFINED_TRANSFORMATION('','',#11,#119);
#11906 = PRODUCT_DEFINITION_SHAPE('Placement','Placement of an item',
  #11907);
#11907 = NEXT_ASSEMBLY_USAGE_OCCURRENCE('31','R167','',#5,#10082,$);
#11908 = CONTEXT_DEPENDENT_SHAPE_REPRESENTATION(#11909,#11911);
#11909 = ( REPRESENTATION_RELATIONSHIP('','',#10087,#10) 
REPRESENTATION_RELATIONSHIP_WITH_TRANSFORMATION(#11910) 
SHAPE_REPRESENTATION_RELATIONSHIP() );
#11910 = ITEM_DEFINED_TRANSFORMATION('','',#11,#123);
#11911 = PRODUCT_DEFINITION_SHAPE('Placement','Placement of an item',
  #11912);
#11912 = NEXT_ASSEMBLY_USAGE_OCCURRENCE('32','R191','',#5,#10082,$);
#11913 = CONTEXT_DEPENDENT_SHAPE_REPRESENTATION(#11914,#11916);
#11914 = ( REPRESENTATION_RELATIONSHIP('','',#10087,#10) 
REPRESENTATION_RELATIONSHIP_WITH_TRANSFORMATION(#11915) 
SHAPE_REPRESENTATION_RELATIONSHIP() );
#11915 = ITEM_DEFINED_TRANSFORMATION('','',#11,#127);
#11916 = PRODUCT_DEFINITION_SHAPE('Placement','Placement of an item',
  #11917);
#11917 = NEXT_ASSEMBLY_USAGE_OCCURRENCE('33','R173','',#5,#10082,$);
#11918 = CONTEXT_DEPENDENT_SHAPE_REPRESENTATION(#11919,#11921);
#11919 = ( REPRESENTATION_RELATIONSHIP('','',#10087,#10) 
REPRESENTATION_RELATIONSHIP_WITH_TRANSFORMATION(#11920) 
SHAPE_REPRESENTATION_RELATIONSHIP() );
#11920 = ITEM_DEFINED_TRANSFORMATION('','',#11,#131);
#11921 = PRODUCT_DEFINITION_SHAPE('Placement','Placement of an item',
  #11922);
#11922 = NEXT_ASSEMBLY_USAGE_OCCURRENCE('34','R194','',#5,#10082,$);
#11923 = CONTEXT_DEPENDENT_SHAPE_REPRESENTATION(#11924,#11926);
#11924 = ( REPRESENTATION_RELATIONSHIP('','',#10954,#10) 
REPRESENTATION_RELATIONSHIP_WITH_TRANSFORMATION(#11925) 
SHAPE_REPRESENTATION_RELATIONSHIP() );
#11925 = ITEM_DEFINED_TRANSFORMATION('','',#11,#135);
#11926 = PRODUCT_DEFINITION_SHAPE('Placement','Placement of an item',
  #11927);
#11927 = NEXT_ASSEMBLY_USAGE_OCCURRENCE('35','C28','',#5,#10949,$);
#11928 = CONTEXT_DEPENDENT_SHAPE_REPRESENTATION(#11929,#11931);
#11929 = ( REPRESENTATION_RELATIONSHIP('','',#10087,#10) 
REPRESENTATION_RELATIONSHIP_WITH_TRANSFORMATION(#11930) 
SHAPE_REPRESENTATION_RELATIONSHIP() );
#11930 = ITEM_DEFINED_TRANSFORMATION('','',#11,#139);
#11931 = PRODUCT_DEFINITION_SHAPE('Placement','Placement of an item',
  #11932);
#11932 = NEXT_ASSEMBLY_USAGE_OCCURRENCE('36','R193','',#5,#10082,$);
#11933 = CONTEXT_DEPENDENT_SHAPE_REPRESENTATION(#11934,#11936);
#11934 = ( REPRESENTATION_RELATIONSHIP('','',#10087,#10) 
REPRESENTATION_RELATIONSHIP_WITH_TRANSFORMATION(#11935) 
SHAPE_REPRESENTATION_RELATIONSHIP() );
#11935 = ITEM_DEFINED_TRANSFORMATION('','',#11,#143);
#11936 = PRODUCT_DEFINITION_SHAPE('Placement','Placement of an item',
  #11937);
#11937 = NEXT_ASSEMBLY_USAGE_OCCURRENCE('37','R175','',#5,#10082,$);
#11938 = CONTEXT_DEPENDENT_SHAPE_REPRESENTATION(#11939,#11941);
#11939 = ( REPRESENTATION_RELATIONSHIP('','',#10954,#10) 
REPRESENTATION_RELATIONSHIP_WITH_TRANSFORMATION(#11940) 
SHAPE_REPRESENTATION_RELATIONSHIP() );
#11940 = ITEM_DEFINED_TRANSFORMATION('','',#11,#147);
#11941 = PRODUCT_DEFINITION_SHAPE('Placement','Placement of an item',
  #11942);
#11942 = NEXT_ASSEMBLY_USAGE_OCCURRENCE('38','C29','',#5,#10949,$);
#11943 = CONTEXT_DEPENDENT_SHAPE_REPRESENTATION(#11944,#11946);
#11944 = ( REPRESENTATION_RELATIONSHIP('','',#10087,#10) 
REPRESENTATION_RELATIONSHIP_WITH_TRANSFORMATION(#11945) 
SHAPE_REPRESENTATION_RELATIONSHIP() );
#11945 = ITEM_DEFINED_TRANSFORMATION('','',#11,#151);
#11946 = PRODUCT_DEFINITION_SHAPE('Placement','Placement of an item',
  #11947);
#11947 = NEXT_ASSEMBLY_USAGE_OCCURRENCE('39','R192','',#5,#10082,$);
#11948 = CONTEXT_DEPENDENT_SHAPE_REPRESENTATION(#11949,#11951);
#11949 = ( REPRESENTATION_RELATIONSHIP('','',#10087,#10) 
REPRESENTATION_RELATIONSHIP_WITH_TRANSFORMATION(#11950) 
SHAPE_REPRESENTATION_RELATIONSHIP() );
#11950 = ITEM_DEFINED_TRANSFORMATION('','',#11,#155);
#11951 = PRODUCT_DEFINITION_SHAPE('Placement','Placement of an item',
  #11952);
#11952 = NEXT_ASSEMBLY_USAGE_OCCURRENCE('40','R174','',#5,#10082,$);
#11953 = CONTEXT_DEPENDENT_SHAPE_REPRESENTATION(#11954,#11956);
#11954 = ( REPRESENTATION_RELATIONSHIP('','',#10087,#10) 
REPRESENTATION_RELATIONSHIP_WITH_TRANSFORMATION(#11955) 
SHAPE_REPRESENTATION_RELATIONSHIP() );
#11955 = ITEM_DEFINED_TRANSFORMATION('','',#11,#159);
#11956 = PRODUCT_DEFINITION_SHAPE('Placement','Placement of an item',
  #11957);
#11957 = NEXT_ASSEMBLY_USAGE_OCCURRENCE('41','R160','',#5,#10082,$);
#11958 = CONTEXT_DEPENDENT_SHAPE_REPRESENTATION(#11959,#11961);
#11959 = ( REPRESENTATION_RELATIONSHIP('','',#10087,#10) 
REPRESENTATION_RELATIONSHIP_WITH_TRANSFORMATION(#11960) 
SHAPE_REPRESENTATION_RELATIONSHIP() );
#11960 = ITEM_DEFINED_TRANSFORMATION('','',#11,#163);
#11961 = PRODUCT_DEFINITION_SHAPE('Placement','Placement of an item',
  #11962);
#11962 = NEXT_ASSEMBLY_USAGE_OCCURRENCE('42','R164','',#5,#10082,$);
#11963 = CONTEXT_DEPENDENT_SHAPE_REPRESENTATION(#11964,#11966);
#11964 = ( REPRESENTATION_RELATIONSHIP('','',#10087,#10) 
REPRESENTATION_RELATIONSHIP_WITH_TRANSFORMATION(#11965) 
SHAPE_REPRESENTATION_RELATIONSHIP() );
#11965 = ITEM_DEFINED_TRANSFORMATION('','',#11,#167);
#11966 = PRODUCT_DEFINITION_SHAPE('Placement','Placement of an item',
  #11967);
#11967 = NEXT_ASSEMBLY_USAGE_OCCURRENCE('43','R182','',#5,#10082,$);
#11968 = CONTEXT_DEPENDENT_SHAPE_REPRESENTATION(#11969,#11971);
#11969 = ( REPRESENTATION_RELATIONSHIP('','',#10087,#10) 
REPRESENTATION_RELATIONSHIP_WITH_TRANSFORMATION(#11970) 
SHAPE_REPRESENTATION_RELATIONSHIP() );
#11970 = ITEM_DEFINED_TRANSFORMATION('','',#11,#171);
#11971 = PRODUCT_DEFINITION_SHAPE('Placement','Placement of an item',
  #11972);
#11972 = NEXT_ASSEMBLY_USAGE_OCCURRENCE('44','R170','',#5,#10082,$);
#11973 = CONTEXT_DEPENDENT_SHAPE_REPRESENTATION(#11974,#11976);
#11974 = ( REPRESENTATION_RELATIONSHIP('','',#10087,#10) 
REPRESENTATION_RELATIONSHIP_WITH_TRANSFORMATION(#11975) 
SHAPE_REPRESENTATION_RELATIONSHIP() );
#11975 = ITEM_DEFINED_TRANSFORMATION('','',#11,#175);
#11976 = PRODUCT_DEFINITION_SHAPE('Placement','Placement of an item',
  #11977);
#11977 = NEXT_ASSEMBLY_USAGE_OCCURRENCE('45','R187','',#5,#10082,$);
#11978 = CONTEXT_DEPENDENT_SHAPE_REPRESENTATION(#11979,#11981);
#11979 = ( REPRESENTATION_RELATIONSHIP('','',#10087,#10) 
REPRESENTATION_RELATIONSHIP_WITH_TRANSFORMATION(#11980) 
SHAPE_REPRESENTATION_RELATIONSHIP() );
#11980 = ITEM_DEFINED_TRANSFORMATION('','',#11,#179);
#11981 = PRODUCT_DEFINITION_SHAPE('Placement','Placement of an item',
  #11982);
#11982 = NEXT_ASSEMBLY_USAGE_OCCURRENCE('46','R161','',#5,#10082,$);
#11983 = CONTEXT_DEPENDENT_SHAPE_REPRESENTATION(#11984,#11986);
#11984 = ( REPRESENTATION_RELATIONSHIP('','',#10087,#10) 
REPRESENTATION_RELATIONSHIP_WITH_TRANSFORMATION(#11985) 
SHAPE_REPRESENTATION_RELATIONSHIP() );
#11985 = ITEM_DEFINED_TRANSFORMATION('','',#11,#183);
#11986 = PRODUCT_DEFINITION_SHAPE('Placement','Placement of an item',
  #11987);
#11987 = NEXT_ASSEMBLY_USAGE_OCCURRENCE('47','R185','',#5,#10082,$);
#11988 = SHAPE_DEFINITION_REPRESENTATION(#11989,#11995);
#11989 = PRODUCT_DEFINITION_SHAPE('','',#11990);
#11990 = PRODUCT_DEFINITION('design','',#11991,#11994);
#11991 = PRODUCT_DEFINITION_FORMATION('','',#11992);
#11992 = PRODUCT('PoseDoll_RevO3_distal4_side_PCB',
  'PoseDoll_RevO3_distal4_side_PCB','',(#11993));
#11993 = PRODUCT_CONTEXT('',#2,'mechanical');
#11994 = PRODUCT_DEFINITION_CONTEXT('part definition',#2,'design');
#11995 = ADVANCED_BREP_SHAPE_REPRESENTATION('',(#11,#11996),#12146);
#11996 = MANIFOLD_SOLID_BREP('',#11997);
#11997 = CLOSED_SHELL('',(#11998,#12038,#12069,#12100,#12122,#12134));
#11998 = ADVANCED_FACE('',(#11999),#12033,.T.);
#11999 = FACE_BOUND('',#12000,.T.);
#12000 = EDGE_LOOP('',(#12001,#12011,#12019,#12027));
#12001 = ORIENTED_EDGE('',*,*,#12002,.T.);
#12002 = EDGE_CURVE('',#12003,#12005,#12007,.T.);
#12003 = VERTEX_POINT('',#12004);
#12004 = CARTESIAN_POINT('',(26.,-30.,0.));
#12005 = VERTEX_POINT('',#12006);
#12006 = CARTESIAN_POINT('',(26.,-30.,1.109998));
#12007 = LINE('',#12008,#12009);
#12008 = CARTESIAN_POINT('',(26.,-30.,0.));
#12009 = VECTOR('',#12010,1.);
#12010 = DIRECTION('',(0.,0.,1.));
#12011 = ORIENTED_EDGE('',*,*,#12012,.T.);
#12012 = EDGE_CURVE('',#12005,#12013,#12015,.T.);
#12013 = VERTEX_POINT('',#12014);
#12014 = CARTESIAN_POINT('',(0.,-30.,1.109998));
#12015 = LINE('',#12016,#12017);
#12016 = CARTESIAN_POINT('',(26.,-30.,1.109998));
#12017 = VECTOR('',#12018,1.);
#12018 = DIRECTION('',(-1.,0.,0.));
#12019 = ORIENTED_EDGE('',*,*,#12020,.F.);
#12020 = EDGE_CURVE('',#12021,#12013,#12023,.T.);
#12021 = VERTEX_POINT('',#12022);
#12022 = CARTESIAN_POINT('',(0.,-30.,0.));
#12023 = LINE('',#12024,#12025);
#12024 = CARTESIAN_POINT('',(0.,-30.,0.));
#12025 = VECTOR('',#12026,1.);
#12026 = DIRECTION('',(0.,0.,1.));
#12027 = ORIENTED_EDGE('',*,*,#12028,.F.);
#12028 = EDGE_CURVE('',#12003,#12021,#12029,.T.);
#12029 = LINE('',#12030,#12031);
#12030 = CARTESIAN_POINT('',(26.,-30.,0.));
#12031 = VECTOR('',#12032,1.);
#12032 = DIRECTION('',(-1.,0.,0.));
#12033 = PLANE('',#12034);
#12034 = AXIS2_PLACEMENT_3D('',#12035,#12036,#12037);
#12035 = CARTESIAN_POINT('',(26.,-30.,0.));
#12036 = DIRECTION('',(0.,-1.,0.));
#12037 = DIRECTION('',(-1.,0.,0.));
#12038 = ADVANCED_FACE('',(#12039),#12064,.T.);
#12039 = FACE_BOUND('',#12040,.T.);
#12040 = EDGE_LOOP('',(#12041,#12042,#12050,#12058));
#12041 = ORIENTED_EDGE('',*,*,#12020,.T.);
#12042 = ORIENTED_EDGE('',*,*,#12043,.T.);
#12043 = EDGE_CURVE('',#12013,#12044,#12046,.T.);
#12044 = VERTEX_POINT('',#12045);
#12045 = CARTESIAN_POINT('',(0.,0.,1.109998));
#12046 = LINE('',#12047,#12048);
#12047 = CARTESIAN_POINT('',(0.,-30.,1.109998));
#12048 = VECTOR('',#12049,1.);
#12049 = DIRECTION('',(0.,1.,0.));
#12050 = ORIENTED_EDGE('',*,*,#12051,.F.);
#12051 = EDGE_CURVE('',#12052,#12044,#12054,.T.);
#12052 = VERTEX_POINT('',#12053);
#12053 = CARTESIAN_POINT('',(0.,-0.,0.));
#12054 = LINE('',#12055,#12056);
#12055 = CARTESIAN_POINT('',(0.,-0.,0.));
#12056 = VECTOR('',#12057,1.);
#12057 = DIRECTION('',(0.,0.,1.));
#12058 = ORIENTED_EDGE('',*,*,#12059,.F.);
#12059 = EDGE_CURVE('',#12021,#12052,#12060,.T.);
#12060 = LINE('',#12061,#12062);
#12061 = CARTESIAN_POINT('',(0.,-30.,0.));
#12062 = VECTOR('',#12063,1.);
#12063 = DIRECTION('',(0.,1.,0.));
#12064 = PLANE('',#12065);
#12065 = AXIS2_PLACEMENT_3D('',#12066,#12067,#12068);
#12066 = CARTESIAN_POINT('',(0.,-30.,0.));
#12067 = DIRECTION('',(-1.,0.,0.));
#12068 = DIRECTION('',(0.,1.,0.));
#12069 = ADVANCED_FACE('',(#12070),#12095,.T.);
#12070 = FACE_BOUND('',#12071,.T.);
#12071 = EDGE_LOOP('',(#12072,#12073,#12081,#12089));
#12072 = ORIENTED_EDGE('',*,*,#12051,.T.);
#12073 = ORIENTED_EDGE('',*,*,#12074,.T.);
#12074 = EDGE_CURVE('',#12044,#12075,#12077,.T.);
#12075 = VERTEX_POINT('',#12076);
#12076 = CARTESIAN_POINT('',(26.,0.,1.109998));
#12077 = LINE('',#12078,#12079);
#12078 = CARTESIAN_POINT('',(0.,0.,1.109998));
#12079 = VECTOR('',#12080,1.);
#12080 = DIRECTION('',(1.,0.,0.));
#12081 = ORIENTED_EDGE('',*,*,#12082,.F.);
#12082 = EDGE_CURVE('',#12083,#12075,#12085,.T.);
#12083 = VERTEX_POINT('',#12084);
#12084 = CARTESIAN_POINT('',(26.,-0.,0.));
#12085 = LINE('',#12086,#12087);
#12086 = CARTESIAN_POINT('',(26.,-0.,0.));
#12087 = VECTOR('',#12088,1.);
#12088 = DIRECTION('',(0.,0.,1.));
#12089 = ORIENTED_EDGE('',*,*,#12090,.F.);
#12090 = EDGE_CURVE('',#12052,#12083,#12091,.T.);
#12091 = LINE('',#12092,#12093);
#12092 = CARTESIAN_POINT('',(0.,-0.,0.));
#12093 = VECTOR('',#12094,1.);
#12094 = DIRECTION('',(1.,0.,0.));
#12095 = PLANE('',#12096);
#12096 = AXIS2_PLACEMENT_3D('',#12097,#12098,#12099);
#12097 = CARTESIAN_POINT('',(0.,0.,0.));
#12098 = DIRECTION('',(0.,1.,0.));
#12099 = DIRECTION('',(1.,0.,0.));
#12100 = ADVANCED_FACE('',(#12101),#12117,.T.);
#12101 = FACE_BOUND('',#12102,.T.);
#12102 = EDGE_LOOP('',(#12103,#12104,#12110,#12111));
#12103 = ORIENTED_EDGE('',*,*,#12082,.T.);
#12104 = ORIENTED_EDGE('',*,*,#12105,.T.);
#12105 = EDGE_CURVE('',#12075,#12005,#12106,.T.);
#12106 = LINE('',#12107,#12108);
#12107 = CARTESIAN_POINT('',(26.,0.,1.109998));
#12108 = VECTOR('',#12109,1.);
#12109 = DIRECTION('',(0.,-1.,0.));
#12110 = ORIENTED_EDGE('',*,*,#12002,.F.);
#12111 = ORIENTED_EDGE('',*,*,#12112,.F.);
#12112 = EDGE_CURVE('',#12083,#12003,#12113,.T.);
#12113 = LINE('',#12114,#12115);
#12114 = CARTESIAN_POINT('',(26.,-0.,0.));
#12115 = VECTOR('',#12116,1.);
#12116 = DIRECTION('',(0.,-1.,0.));
#12117 = PLANE('',#12118);
#12118 = AXIS2_PLACEMENT_3D('',#12119,#12120,#12121);
#12119 = CARTESIAN_POINT('',(26.,-0.,0.));
#12120 = DIRECTION('',(1.,0.,-0.));
#12121 = DIRECTION('',(0.,-1.,0.));
#12122 = ADVANCED_FACE('',(#12123),#12129,.F.);
#12123 = FACE_BOUND('',#12124,.T.);
#12124 = EDGE_LOOP('',(#12125,#12126,#12127,#12128));
#12125 = ORIENTED_EDGE('',*,*,#12028,.T.);
#12126 = ORIENTED_EDGE('',*,*,#12059,.T.);
#12127 = ORIENTED_EDGE('',*,*,#12090,.T.);
#12128 = ORIENTED_EDGE('',*,*,#12112,.T.);
#12129 = PLANE('',#12130);
#12130 = AXIS2_PLACEMENT_3D('',#12131,#12132,#12133);
#12131 = CARTESIAN_POINT('',(0.,0.,0.));
#12132 = DIRECTION('',(0.,0.,1.));
#12133 = DIRECTION('',(1.,0.,-0.));
#12134 = ADVANCED_FACE('',(#12135),#12141,.T.);
#12135 = FACE_BOUND('',#12136,.F.);
#12136 = EDGE_LOOP('',(#12137,#12138,#12139,#12140));
#12137 = ORIENTED_EDGE('',*,*,#12012,.T.);
#12138 = ORIENTED_EDGE('',*,*,#12043,.T.);
#12139 = ORIENTED_EDGE('',*,*,#12074,.T.);
#12140 = ORIENTED_EDGE('',*,*,#12105,.T.);
#12141 = PLANE('',#12142);
#12142 = AXIS2_PLACEMENT_3D('',#12143,#12144,#12145);
#12143 = CARTESIAN_POINT('',(0.,0.,1.109998));
#12144 = DIRECTION('',(0.,0.,1.));
#12145 = DIRECTION('',(1.,0.,-0.));
#12146 = ( GEOMETRIC_REPRESENTATION_CONTEXT(3) 
GLOBAL_UNCERTAINTY_ASSIGNED_CONTEXT((#12150)) 
GLOBAL_UNIT_ASSIGNED_CONTEXT((#12147,#12148,#12149)) 
REPRESENTATION_CONTEXT('Context #1',
  '3D Context with UNIT and UNCERTAINTY') );
#12147 = ( LENGTH_UNIT() NAMED_UNIT(*) SI_UNIT(.MILLI.,.METRE.) );
#12148 = ( NAMED_UNIT(*) PLANE_ANGLE_UNIT() SI_UNIT($,.RADIAN.) );
#12149 = ( NAMED_UNIT(*) SI_UNIT($,.STERADIAN.) SOLID_ANGLE_UNIT() );
#12150 = UNCERTAINTY_MEASURE_WITH_UNIT(LENGTH_MEASURE(1.E-07),#12147,
  'distance_accuracy_value','confusion accuracy');
#12151 = CONTEXT_DEPENDENT_SHAPE_REPRESENTATION(#12152,#12154);
#12152 = ( REPRESENTATION_RELATIONSHIP('','',#11995,#10) 
REPRESENTATION_RELATIONSHIP_WITH_TRANSFORMATION(#12153) 
SHAPE_REPRESENTATION_RELATIONSHIP() );
#12153 = ITEM_DEFINED_TRANSFORMATION('','',#11,#187);
#12154 = PRODUCT_DEFINITION_SHAPE('Placement','Placement of an item',
  #12155);
#12155 = NEXT_ASSEMBLY_USAGE_OCCURRENCE('48','=>[0:1:1:10]','',#5,#11990
  ,$);
#12156 = PRODUCT_RELATED_PRODUCT_CATEGORY('part',$,(#11992));
#12157 = MECHANICAL_DESIGN_GEOMETRIC_PRESENTATION_REPRESENTATION('',(
    #12158,#12166,#12173,#12180,#12187,#12194,#12201,#12208,#12215,
    #12222,#12229,#12237,#12244,#12251,#12258,#12265,#12272,#12279,
    #12286,#12293,#12300,#12307,#12314,#12321,#12328,#12335,#12342,
    #12349),#11832);
#12158 = STYLED_ITEM('color',(#12159),#10980);
#12159 = PRESENTATION_STYLE_ASSIGNMENT((#12160));
#12160 = SURFACE_STYLE_USAGE(.BOTH.,#12161);
#12161 = SURFACE_SIDE_STYLE('',(#12162));
#12162 = SURFACE_STYLE_FILL_AREA(#12163);
#12163 = FILL_AREA_STYLE('',(#12164));
#12164 = FILL_AREA_STYLE_COLOUR('',#12165);
#12165 = COLOUR_RGB('',0.823999987314,0.819999987296,0.781000009244);
#12166 = STYLED_ITEM('color',(#12167),#11056);
#12167 = PRESENTATION_STYLE_ASSIGNMENT((#12168));
#12168 = SURFACE_STYLE_USAGE(.BOTH.,#12169);
#12169 = SURFACE_SIDE_STYLE('',(#12170));
#12170 = SURFACE_STYLE_FILL_AREA(#12171);
#12171 = FILL_AREA_STYLE('',(#12172));
#12172 = FILL_AREA_STYLE_COLOUR('',#12165);
#12173 = STYLED_ITEM('color',(#12174),#11087);
#12174 = PRESENTATION_STYLE_ASSIGNMENT((#12175));
#12175 = SURFACE_STYLE_USAGE(.BOTH.,#12176);
#12176 = SURFACE_SIDE_STYLE('',(#12177));
#12177 = SURFACE_STYLE_FILL_AREA(#12178);
#12178 = FILL_AREA_STYLE('',(#12179));
#12179 = FILL_AREA_STYLE_COLOUR('',#12165);
#12180 = STYLED_ITEM('color',(#12181),#11112);
#12181 = PRESENTATION_STYLE_ASSIGNMENT((#12182));
#12182 = SURFACE_STYLE_USAGE(.BOTH.,#12183);
#12183 = SURFACE_SIDE_STYLE('',(#12184));
#12184 = SURFACE_STYLE_FILL_AREA(#12185);
#12185 = FILL_AREA_STYLE('',(#12186));
#12186 = FILL_AREA_STYLE_COLOUR('',#12165);
#12187 = STYLED_ITEM('color',(#12188),#11137);
#12188 = PRESENTATION_STYLE_ASSIGNMENT((#12189));
#12189 = SURFACE_STYLE_USAGE(.BOTH.,#12190);
#12190 = SURFACE_SIDE_STYLE('',(#12191));
#12191 = SURFACE_STYLE_FILL_AREA(#12192);
#12192 = FILL_AREA_STYLE('',(#12193));
#12193 = FILL_AREA_STYLE_COLOUR('',#12165);
#12194 = STYLED_ITEM('color',(#12195),#11161);
#12195 = PRESENTATION_STYLE_ASSIGNMENT((#12196));
#12196 = SURFACE_STYLE_USAGE(.BOTH.,#12197);
#12197 = SURFACE_SIDE_STYLE('',(#12198));
#12198 = SURFACE_STYLE_FILL_AREA(#12199);
#12199 = FILL_AREA_STYLE('',(#12200));
#12200 = FILL_AREA_STYLE_COLOUR('',#12165);
#12201 = STYLED_ITEM('color',(#12202),#11185);
#12202 = PRESENTATION_STYLE_ASSIGNMENT((#12203));
#12203 = SURFACE_STYLE_USAGE(.BOTH.,#12204);
#12204 = SURFACE_SIDE_STYLE('',(#12205));
#12205 = SURFACE_STYLE_FILL_AREA(#12206);
#12206 = FILL_AREA_STYLE('',(#12207));
#12207 = FILL_AREA_STYLE_COLOUR('',#12165);
#12208 = STYLED_ITEM('color',(#12209),#11210);
#12209 = PRESENTATION_STYLE_ASSIGNMENT((#12210));
#12210 = SURFACE_STYLE_USAGE(.BOTH.,#12211);
#12211 = SURFACE_SIDE_STYLE('',(#12212));
#12212 = SURFACE_STYLE_FILL_AREA(#12213);
#12213 = FILL_AREA_STYLE('',(#12214));
#12214 = FILL_AREA_STYLE_COLOUR('',#12165);
#12215 = STYLED_ITEM('color',(#12216),#11235);
#12216 = PRESENTATION_STYLE_ASSIGNMENT((#12217));
#12217 = SURFACE_STYLE_USAGE(.BOTH.,#12218);
#12218 = SURFACE_SIDE_STYLE('',(#12219));
#12219 = SURFACE_STYLE_FILL_AREA(#12220);
#12220 = FILL_AREA_STYLE('',(#12221));
#12221 = FILL_AREA_STYLE_COLOUR('',#12165);
#12222 = STYLED_ITEM('color',(#12223),#11252);
#12223 = PRESENTATION_STYLE_ASSIGNMENT((#12224));
#12224 = SURFACE_STYLE_USAGE(.BOTH.,#12225);
#12225 = SURFACE_SIDE_STYLE('',(#12226));
#12226 = SURFACE_STYLE_FILL_AREA(#12227);
#12227 = FILL_AREA_STYLE('',(#12228));
#12228 = FILL_AREA_STYLE_COLOUR('',#12165);
#12229 = STYLED_ITEM('color',(#12230),#11338);
#12230 = PRESENTATION_STYLE_ASSIGNMENT((#12231));
#12231 = SURFACE_STYLE_USAGE(.BOTH.,#12232);
#12232 = SURFACE_SIDE_STYLE('',(#12233));
#12233 = SURFACE_STYLE_FILL_AREA(#12234);
#12234 = FILL_AREA_STYLE('',(#12235));
#12235 = FILL_AREA_STYLE_COLOUR('',#12236);
#12236 = COLOUR_RGB('',0.379000005575,0.270000008848,0.214999999939);
#12237 = STYLED_ITEM('color',(#12238),#11370);
#12238 = PRESENTATION_STYLE_ASSIGNMENT((#12239));
#12239 = SURFACE_STYLE_USAGE(.BOTH.,#12240);
#12240 = SURFACE_SIDE_STYLE('',(#12241));
#12241 = SURFACE_STYLE_FILL_AREA(#12242);
#12242 = FILL_AREA_STYLE('',(#12243));
#12243 = FILL_AREA_STYLE_COLOUR('',#12236);
#12244 = STYLED_ITEM('color',(#12245),#11394);
#12245 = PRESENTATION_STYLE_ASSIGNMENT((#12246));
#12246 = SURFACE_STYLE_USAGE(.BOTH.,#12247);
#12247 = SURFACE_SIDE_STYLE('',(#12248));
#12248 = SURFACE_STYLE_FILL_AREA(#12249);
#12249 = FILL_AREA_STYLE('',(#12250));
#12250 = FILL_AREA_STYLE_COLOUR('',#12236);
#12251 = STYLED_ITEM('color',(#12252),#11419);
#12252 = PRESENTATION_STYLE_ASSIGNMENT((#12253));
#12253 = SURFACE_STYLE_USAGE(.BOTH.,#12254);
#12254 = SURFACE_SIDE_STYLE('',(#12255));
#12255 = SURFACE_STYLE_FILL_AREA(#12256);
#12256 = FILL_AREA_STYLE('',(#12257));
#12257 = FILL_AREA_STYLE_COLOUR('',#12236);
#12258 = STYLED_ITEM('color',(#12259),#11443);
#12259 = PRESENTATION_STYLE_ASSIGNMENT((#12260));
#12260 = SURFACE_STYLE_USAGE(.BOTH.,#12261);
#12261 = SURFACE_SIDE_STYLE('',(#12262));
#12262 = SURFACE_STYLE_FILL_AREA(#12263);
#12263 = FILL_AREA_STYLE('',(#12264));
#12264 = FILL_AREA_STYLE_COLOUR('',#12236);
#12265 = STYLED_ITEM('color',(#12266),#11468);
#12266 = PRESENTATION_STYLE_ASSIGNMENT((#12267));
#12267 = SURFACE_STYLE_USAGE(.BOTH.,#12268);
#12268 = SURFACE_SIDE_STYLE('',(#12269));
#12269 = SURFACE_STYLE_FILL_AREA(#12270);
#12270 = FILL_AREA_STYLE('',(#12271));
#12271 = FILL_AREA_STYLE_COLOUR('',#12236);
#12272 = STYLED_ITEM('color',(#12273),#11492);
#12273 = PRESENTATION_STYLE_ASSIGNMENT((#12274));
#12274 = SURFACE_STYLE_USAGE(.BOTH.,#12275);
#12275 = SURFACE_SIDE_STYLE('',(#12276));
#12276 = SURFACE_STYLE_FILL_AREA(#12277);
#12277 = FILL_AREA_STYLE('',(#12278));
#12278 = FILL_AREA_STYLE_COLOUR('',#12236);
#12279 = STYLED_ITEM('color',(#12280),#11517);
#12280 = PRESENTATION_STYLE_ASSIGNMENT((#12281));
#12281 = SURFACE_STYLE_USAGE(.BOTH.,#12282);
#12282 = SURFACE_SIDE_STYLE('',(#12283));
#12283 = SURFACE_STYLE_FILL_AREA(#12284);
#12284 = FILL_AREA_STYLE('',(#12285));
#12285 = FILL_AREA_STYLE_COLOUR('',#12236);
#12286 = STYLED_ITEM('color',(#12287),#11534);
#12287 = PRESENTATION_STYLE_ASSIGNMENT((#12288));
#12288 = SURFACE_STYLE_USAGE(.BOTH.,#12289);
#12289 = SURFACE_SIDE_STYLE('',(#12290));
#12290 = SURFACE_STYLE_FILL_AREA(#12291);
#12291 = FILL_AREA_STYLE('',(#12292));
#12292 = FILL_AREA_STYLE_COLOUR('',#12165);
#12293 = STYLED_ITEM('color',(#12294),#11620);
#12294 = PRESENTATION_STYLE_ASSIGNMENT((#12295));
#12295 = SURFACE_STYLE_USAGE(.BOTH.,#12296);
#12296 = SURFACE_SIDE_STYLE('',(#12297));
#12297 = SURFACE_STYLE_FILL_AREA(#12298);
#12298 = FILL_AREA_STYLE('',(#12299));
#12299 = FILL_AREA_STYLE_COLOUR('',#12165);
#12300 = STYLED_ITEM('color',(#12301),#11651);
#12301 = PRESENTATION_STYLE_ASSIGNMENT((#12302));
#12302 = SURFACE_STYLE_USAGE(.BOTH.,#12303);
#12303 = SURFACE_SIDE_STYLE('',(#12304));
#12304 = SURFACE_STYLE_FILL_AREA(#12305);
#12305 = FILL_AREA_STYLE('',(#12306));
#12306 = FILL_AREA_STYLE_COLOUR('',#12165);
#12307 = STYLED_ITEM('color',(#12308),#11676);
#12308 = PRESENTATION_STYLE_ASSIGNMENT((#12309));
#12309 = SURFACE_STYLE_USAGE(.BOTH.,#12310);
#12310 = SURFACE_SIDE_STYLE('',(#12311));
#12311 = SURFACE_STYLE_FILL_AREA(#12312);
#12312 = FILL_AREA_STYLE('',(#12313));
#12313 = FILL_AREA_STYLE_COLOUR('',#12165);
#12314 = STYLED_ITEM('color',(#12315),#11701);
#12315 = PRESENTATION_STYLE_ASSIGNMENT((#12316));
#12316 = SURFACE_STYLE_USAGE(.BOTH.,#12317);
#12317 = SURFACE_SIDE_STYLE('',(#12318));
#12318 = SURFACE_STYLE_FILL_AREA(#12319);
#12319 = FILL_AREA_STYLE('',(#12320));
#12320 = FILL_AREA_STYLE_COLOUR('',#12165);
#12321 = STYLED_ITEM('color',(#12322),#11725);
#12322 = PRESENTATION_STYLE_ASSIGNMENT((#12323));
#12323 = SURFACE_STYLE_USAGE(.BOTH.,#12324);
#12324 = SURFACE_SIDE_STYLE('',(#12325));
#12325 = SURFACE_STYLE_FILL_AREA(#12326);
#12326 = FILL_AREA_STYLE('',(#12327));
#12327 = FILL_AREA_STYLE_COLOUR('',#12165);
#12328 = STYLED_ITEM('color',(#12329),#11749);
#12329 = PRESENTATION_STYLE_ASSIGNMENT((#12330));
#12330 = SURFACE_STYLE_USAGE(.BOTH.,#12331);
#12331 = SURFACE_SIDE_STYLE('',(#12332));
#12332 = SURFACE_STYLE_FILL_AREA(#12333);
#12333 = FILL_AREA_STYLE('',(#12334));
#12334 = FILL_AREA_STYLE_COLOUR('',#12165);
#12335 = STYLED_ITEM('color',(#12336),#11774);
#12336 = PRESENTATION_STYLE_ASSIGNMENT((#12337));
#12337 = SURFACE_STYLE_USAGE(.BOTH.,#12338);
#12338 = SURFACE_SIDE_STYLE('',(#12339));
#12339 = SURFACE_STYLE_FILL_AREA(#12340);
#12340 = FILL_AREA_STYLE('',(#12341));
#12341 = FILL_AREA_STYLE_COLOUR('',#12165);
#12342 = STYLED_ITEM('color',(#12343),#11799);
#12343 = PRESENTATION_STYLE_ASSIGNMENT((#12344));
#12344 = SURFACE_STYLE_USAGE(.BOTH.,#12345);
#12345 = SURFACE_SIDE_STYLE('',(#12346));
#12346 = SURFACE_STYLE_FILL_AREA(#12347);
#12347 = FILL_AREA_STYLE('',(#12348));
#12348 = FILL_AREA_STYLE_COLOUR('',#12165);
#12349 = STYLED_ITEM('color',(#12350),#11816);
#12350 = PRESENTATION_STYLE_ASSIGNMENT((#12351));
#12351 = SURFACE_STYLE_USAGE(.BOTH.,#12352);
#12352 = SURFACE_SIDE_STYLE('',(#12353));
#12353 = SURFACE_STYLE_FILL_AREA(#12354);
#12354 = FILL_AREA_STYLE('',(#12355));
#12355 = FILL_AREA_STYLE_COLOUR('',#12165);
#12356 = MECHANICAL_DESIGN_GEOMETRIC_PRESENTATION_REPRESENTATION('',(
    #12357),#12146);
#12357 = STYLED_ITEM('color',(#12358),#11996);
#12358 = PRESENTATION_STYLE_ASSIGNMENT((#12359));
#12359 = SURFACE_STYLE_USAGE(.BOTH.,#12360);
#12360 = SURFACE_SIDE_STYLE('',(#12361));
#12361 = SURFACE_STYLE_FILL_AREA(#12362);
#12362 = FILL_AREA_STYLE('',(#12363));
#12363 = FILL_AREA_STYLE_COLOUR('',#12364);
#12364 = COLOUR_RGB('',0.313304153717,0.484529207832,0.410020903123);
#12365 = MECHANICAL_DESIGN_GEOMETRIC_PRESENTATION_REPRESENTATION('',(
    #12366,#12376,#12385,#12394,#12403,#12412,#12421,#12430,#12439,
    #12448,#12457,#12466,#12475,#12484,#12493,#12502,#12511,#12520,
    #12529,#12538,#12547,#12556,#12565,#12574,#12583,#12592,#12601,
    #12610,#12619,#12628,#12637,#12646,#12655,#12664,#12673,#12682,
    #12691,#12700,#12709,#12718,#12727,#12736,#12745,#12754,#12763,
    #12772,#12781,#12790,#12799,#12808,#12817,#12826,#12835,#12844,
    #12853,#12862,#12871,#12880,#12889,#12898,#12907,#12916,#12925,
    #12934,#12943,#12952,#12961,#12970,#12979,#12988,#12997,#13006,
    #13015,#13024,#13033,#13042,#13051,#13060,#13069,#13078,#13087,
    #13096,#13105,#13114,#13123,#13132,#13141,#13150,#13159,#13168,
    #13177,#13186,#13195,#13204,#13213,#13222,#13231,#13240,#13249,
    #13258,#13267,#13276,#13285,#13294,#13303,#13312,#13321,#13330,
    #13339,#13348,#13357,#13366,#13375,#13384,#13393,#13402,#13411,
    #13420,#13429,#13438,#13447,#13456,#13465,#13474,#13483,#13492,
    #13501,#13510,#13519,#13528,#13537,#13546,#13555,#13564,#13573,
    #13582,#13591,#13600,#13609,#13618,#13627,#13636,#13645,#13654,
    #13663,#13672,#13681,#13690,#13699,#13708,#13717,#13726,#13735,
    #13744,#13753,#13762,#13771,#13780,#13789,#13798,#13807,#13816,
    #13825,#13834,#13843,#13852,#13861,#13870,#13879,#13888,#13897,
    #13906,#13915,#13924,#13933,#13942,#13951,#13960,#13969,#13978,
    #13987,#13996,#14005,#14014,#14023,#14032,#14041,#14050,#14059,
    #14068,#14077,#14086,#14095,#14104,#14113,#14122,#14131,#14140,
    #14149,#14158,#14167),#10059);
#12366 = STYLED_ITEM('color',(#12367),#3857);
#12367 = PRESENTATION_STYLE_ASSIGNMENT((#12368,#12374));
#12368 = SURFACE_STYLE_USAGE(.BOTH.,#12369);
#12369 = SURFACE_SIDE_STYLE('',(#12370));
#12370 = SURFACE_STYLE_FILL_AREA(#12371);
#12371 = FILL_AREA_STYLE('',(#12372));
#12372 = FILL_AREA_STYLE_COLOUR('',#12373);
#12373 = COLOUR_RGB('',0.894999996726,0.890999991539,0.812999995914);
#12374 = CURVE_STYLE('',#12375,POSITIVE_LENGTH_MEASURE(0.1),#12373);
#12375 = DRAUGHTING_PRE_DEFINED_CURVE_FONT('continuous');
#12376 = STYLED_ITEM('color',(#12377),#3961);
#12377 = PRESENTATION_STYLE_ASSIGNMENT((#12378,#12383));
#12378 = SURFACE_STYLE_USAGE(.BOTH.,#12379);
#12379 = SURFACE_SIDE_STYLE('',(#12380));
#12380 = SURFACE_STYLE_FILL_AREA(#12381);
#12381 = FILL_AREA_STYLE('',(#12382));
#12382 = FILL_AREA_STYLE_COLOUR('',#12373);
#12383 = CURVE_STYLE('',#12384,POSITIVE_LENGTH_MEASURE(0.1),#12373);
#12384 = DRAUGHTING_PRE_DEFINED_CURVE_FONT('continuous');
#12385 = STYLED_ITEM('color',(#12386),#4488);
#12386 = PRESENTATION_STYLE_ASSIGNMENT((#12387,#12392));
#12387 = SURFACE_STYLE_USAGE(.BOTH.,#12388);
#12388 = SURFACE_SIDE_STYLE('',(#12389));
#12389 = SURFACE_STYLE_FILL_AREA(#12390);
#12390 = FILL_AREA_STYLE('',(#12391));
#12391 = FILL_AREA_STYLE_COLOUR('',#12373);
#12392 = CURVE_STYLE('',#12393,POSITIVE_LENGTH_MEASURE(0.1),#12373);
#12393 = DRAUGHTING_PRE_DEFINED_CURVE_FONT('continuous');
#12394 = STYLED_ITEM('color',(#12395),#4512);
#12395 = PRESENTATION_STYLE_ASSIGNMENT((#12396,#12401));
#12396 = SURFACE_STYLE_USAGE(.BOTH.,#12397);
#12397 = SURFACE_SIDE_STYLE('',(#12398));
#12398 = SURFACE_STYLE_FILL_AREA(#12399);
#12399 = FILL_AREA_STYLE('',(#12400));
#12400 = FILL_AREA_STYLE_COLOUR('',#12373);
#12401 = CURVE_STYLE('',#12402,POSITIVE_LENGTH_MEASURE(0.1),#12373);
#12402 = DRAUGHTING_PRE_DEFINED_CURVE_FONT('continuous');
#12403 = STYLED_ITEM('color',(#12404),#4536);
#12404 = PRESENTATION_STYLE_ASSIGNMENT((#12405,#12410));
#12405 = SURFACE_STYLE_USAGE(.BOTH.,#12406);
#12406 = SURFACE_SIDE_STYLE('',(#12407));
#12407 = SURFACE_STYLE_FILL_AREA(#12408);
#12408 = FILL_AREA_STYLE('',(#12409));
#12409 = FILL_AREA_STYLE_COLOUR('',#12373);
#12410 = CURVE_STYLE('',#12411,POSITIVE_LENGTH_MEASURE(0.1),#12373);
#12411 = DRAUGHTING_PRE_DEFINED_CURVE_FONT('continuous');
#12412 = STYLED_ITEM('color',(#12413),#4560);
#12413 = PRESENTATION_STYLE_ASSIGNMENT((#12414,#12419));
#12414 = SURFACE_STYLE_USAGE(.BOTH.,#12415);
#12415 = SURFACE_SIDE_STYLE('',(#12416));
#12416 = SURFACE_STYLE_FILL_AREA(#12417);
#12417 = FILL_AREA_STYLE('',(#12418));
#12418 = FILL_AREA_STYLE_COLOUR('',#12373);
#12419 = CURVE_STYLE('',#12420,POSITIVE_LENGTH_MEASURE(0.1),#12373);
#12420 = DRAUGHTING_PRE_DEFINED_CURVE_FONT('continuous');
#12421 = STYLED_ITEM('color',(#12422),#4584);
#12422 = PRESENTATION_STYLE_ASSIGNMENT((#12423,#12428));
#12423 = SURFACE_STYLE_USAGE(.BOTH.,#12424);
#12424 = SURFACE_SIDE_STYLE('',(#12425));
#12425 = SURFACE_STYLE_FILL_AREA(#12426);
#12426 = FILL_AREA_STYLE('',(#12427));
#12427 = FILL_AREA_STYLE_COLOUR('',#12373);
#12428 = CURVE_STYLE('',#12429,POSITIVE_LENGTH_MEASURE(0.1),#12373);
#12429 = DRAUGHTING_PRE_DEFINED_CURVE_FONT('continuous');
#12430 = STYLED_ITEM('color',(#12431),#4745);
#12431 = PRESENTATION_STYLE_ASSIGNMENT((#12432,#12437));
#12432 = SURFACE_STYLE_USAGE(.BOTH.,#12433);
#12433 = SURFACE_SIDE_STYLE('',(#12434));
#12434 = SURFACE_STYLE_FILL_AREA(#12435);
#12435 = FILL_AREA_STYLE('',(#12436));
#12436 = FILL_AREA_STYLE_COLOUR('',#12373);
#12437 = CURVE_STYLE('',#12438,POSITIVE_LENGTH_MEASURE(0.1),#12373);
#12438 = DRAUGHTING_PRE_DEFINED_CURVE_FONT('continuous');
#12439 = STYLED_ITEM('color',(#12440),#4801);
#12440 = PRESENTATION_STYLE_ASSIGNMENT((#12441,#12446));
#12441 = SURFACE_STYLE_USAGE(.BOTH.,#12442);
#12442 = SURFACE_SIDE_STYLE('',(#12443));
#12443 = SURFACE_STYLE_FILL_AREA(#12444);
#12444 = FILL_AREA_STYLE('',(#12445));
#12445 = FILL_AREA_STYLE_COLOUR('',#12373);
#12446 = CURVE_STYLE('',#12447,POSITIVE_LENGTH_MEASURE(0.1),#12373);
#12447 = DRAUGHTING_PRE_DEFINED_CURVE_FONT('continuous');
#12448 = STYLED_ITEM('color',(#12449),#4825);
#12449 = PRESENTATION_STYLE_ASSIGNMENT((#12450,#12455));
#12450 = SURFACE_STYLE_USAGE(.BOTH.,#12451);
#12451 = SURFACE_SIDE_STYLE('',(#12452));
#12452 = SURFACE_STYLE_FILL_AREA(#12453);
#12453 = FILL_AREA_STYLE('',(#12454));
#12454 = FILL_AREA_STYLE_COLOUR('',#12373);
#12455 = CURVE_STYLE('',#12456,POSITIVE_LENGTH_MEASURE(0.1),#12373);
#12456 = DRAUGHTING_PRE_DEFINED_CURVE_FONT('continuous');
#12457 = STYLED_ITEM('color',(#12458),#4849);
#12458 = PRESENTATION_STYLE_ASSIGNMENT((#12459,#12464));
#12459 = SURFACE_STYLE_USAGE(.BOTH.,#12460);
#12460 = SURFACE_SIDE_STYLE('',(#12461));
#12461 = SURFACE_STYLE_FILL_AREA(#12462);
#12462 = FILL_AREA_STYLE('',(#12463));
#12463 = FILL_AREA_STYLE_COLOUR('',#12373);
#12464 = CURVE_STYLE('',#12465,POSITIVE_LENGTH_MEASURE(0.1),#12373);
#12465 = DRAUGHTING_PRE_DEFINED_CURVE_FONT('continuous');
#12466 = STYLED_ITEM('color',(#12467),#4873);
#12467 = PRESENTATION_STYLE_ASSIGNMENT((#12468,#12473));
#12468 = SURFACE_STYLE_USAGE(.BOTH.,#12469);
#12469 = SURFACE_SIDE_STYLE('',(#12470));
#12470 = SURFACE_STYLE_FILL_AREA(#12471);
#12471 = FILL_AREA_STYLE('',(#12472));
#12472 = FILL_AREA_STYLE_COLOUR('',#12373);
#12473 = CURVE_STYLE('',#12474,POSITIVE_LENGTH_MEASURE(0.1),#12373);
#12474 = DRAUGHTING_PRE_DEFINED_CURVE_FONT('continuous');
#12475 = STYLED_ITEM('color',(#12476),#4897);
#12476 = PRESENTATION_STYLE_ASSIGNMENT((#12477,#12482));
#12477 = SURFACE_STYLE_USAGE(.BOTH.,#12478);
#12478 = SURFACE_SIDE_STYLE('',(#12479));
#12479 = SURFACE_STYLE_FILL_AREA(#12480);
#12480 = FILL_AREA_STYLE('',(#12481));
#12481 = FILL_AREA_STYLE_COLOUR('',#12373);
#12482 = CURVE_STYLE('',#12483,POSITIVE_LENGTH_MEASURE(0.1),#12373);
#12483 = DRAUGHTING_PRE_DEFINED_CURVE_FONT('continuous');
#12484 = STYLED_ITEM('color',(#12485),#5259);
#12485 = PRESENTATION_STYLE_ASSIGNMENT((#12486,#12491));
#12486 = SURFACE_STYLE_USAGE(.BOTH.,#12487);
#12487 = SURFACE_SIDE_STYLE('',(#12488));
#12488 = SURFACE_STYLE_FILL_AREA(#12489);
#12489 = FILL_AREA_STYLE('',(#12490));
#12490 = FILL_AREA_STYLE_COLOUR('',#12373);
#12491 = CURVE_STYLE('',#12492,POSITIVE_LENGTH_MEASURE(0.1),#12373);
#12492 = DRAUGHTING_PRE_DEFINED_CURVE_FONT('continuous');
#12493 = STYLED_ITEM('color',(#12494),#5331);
#12494 = PRESENTATION_STYLE_ASSIGNMENT((#12495,#12500));
#12495 = SURFACE_STYLE_USAGE(.BOTH.,#12496);
#12496 = SURFACE_SIDE_STYLE('',(#12497));
#12497 = SURFACE_STYLE_FILL_AREA(#12498);
#12498 = FILL_AREA_STYLE('',(#12499));
#12499 = FILL_AREA_STYLE_COLOUR('',#12373);
#12500 = CURVE_STYLE('',#12501,POSITIVE_LENGTH_MEASURE(0.1),#12373);
#12501 = DRAUGHTING_PRE_DEFINED_CURVE_FONT('continuous');
#12502 = STYLED_ITEM('color',(#12503),#5355);
#12503 = PRESENTATION_STYLE_ASSIGNMENT((#12504,#12509));
#12504 = SURFACE_STYLE_USAGE(.BOTH.,#12505);
#12505 = SURFACE_SIDE_STYLE('',(#12506));
#12506 = SURFACE_STYLE_FILL_AREA(#12507);
#12507 = FILL_AREA_STYLE('',(#12508));
#12508 = FILL_AREA_STYLE_COLOUR('',#12165);
#12509 = CURVE_STYLE('',#12510,POSITIVE_LENGTH_MEASURE(0.1),#12165);
#12510 = DRAUGHTING_PRE_DEFINED_CURVE_FONT('continuous');
#12511 = STYLED_ITEM('color',(#12512),#5386);
#12512 = PRESENTATION_STYLE_ASSIGNMENT((#12513,#12518));
#12513 = SURFACE_STYLE_USAGE(.BOTH.,#12514);
#12514 = SURFACE_SIDE_STYLE('',(#12515));
#12515 = SURFACE_STYLE_FILL_AREA(#12516);
#12516 = FILL_AREA_STYLE('',(#12517));
#12517 = FILL_AREA_STYLE_COLOUR('',#12165);
#12518 = CURVE_STYLE('',#12519,POSITIVE_LENGTH_MEASURE(0.1),#12165);
#12519 = DRAUGHTING_PRE_DEFINED_CURVE_FONT('continuous');
#12520 = STYLED_ITEM('color',(#12521),#5410);
#12521 = PRESENTATION_STYLE_ASSIGNMENT((#12522,#12527));
#12522 = SURFACE_STYLE_USAGE(.BOTH.,#12523);
#12523 = SURFACE_SIDE_STYLE('',(#12524));
#12524 = SURFACE_STYLE_FILL_AREA(#12525);
#12525 = FILL_AREA_STYLE('',(#12526));
#12526 = FILL_AREA_STYLE_COLOUR('',#12165);
#12527 = CURVE_STYLE('',#12528,POSITIVE_LENGTH_MEASURE(0.1),#12165);
#12528 = DRAUGHTING_PRE_DEFINED_CURVE_FONT('continuous');
#12529 = STYLED_ITEM('color',(#12530),#5441);
#12530 = PRESENTATION_STYLE_ASSIGNMENT((#12531,#12536));
#12531 = SURFACE_STYLE_USAGE(.BOTH.,#12532);
#12532 = SURFACE_SIDE_STYLE('',(#12533));
#12533 = SURFACE_STYLE_FILL_AREA(#12534);
#12534 = FILL_AREA_STYLE('',(#12535));
#12535 = FILL_AREA_STYLE_COLOUR('',#12165);
#12536 = CURVE_STYLE('',#12537,POSITIVE_LENGTH_MEASURE(0.1),#12165);
#12537 = DRAUGHTING_PRE_DEFINED_CURVE_FONT('continuous');
#12538 = STYLED_ITEM('color',(#12539),#5465);
#12539 = PRESENTATION_STYLE_ASSIGNMENT((#12540,#12545));
#12540 = SURFACE_STYLE_USAGE(.BOTH.,#12541);
#12541 = SURFACE_SIDE_STYLE('',(#12542));
#12542 = SURFACE_STYLE_FILL_AREA(#12543);
#12543 = FILL_AREA_STYLE('',(#12544));
#12544 = FILL_AREA_STYLE_COLOUR('',#12165);
#12545 = CURVE_STYLE('',#12546,POSITIVE_LENGTH_MEASURE(0.1),#12165);
#12546 = DRAUGHTING_PRE_DEFINED_CURVE_FONT('continuous');
#12547 = STYLED_ITEM('color',(#12548),#5505);
#12548 = PRESENTATION_STYLE_ASSIGNMENT((#12549,#12554));
#12549 = SURFACE_STYLE_USAGE(.BOTH.,#12550);
#12550 = SURFACE_SIDE_STYLE('',(#12551));
#12551 = SURFACE_STYLE_FILL_AREA(#12552);
#12552 = FILL_AREA_STYLE('',(#12553));
#12553 = FILL_AREA_STYLE_COLOUR('',#12165);
#12554 = CURVE_STYLE('',#12555,POSITIVE_LENGTH_MEASURE(0.1),#12165);
#12555 = DRAUGHTING_PRE_DEFINED_CURVE_FONT('continuous');
#12556 = STYLED_ITEM('color',(#12557),#5529);
#12557 = PRESENTATION_STYLE_ASSIGNMENT((#12558,#12563));
#12558 = SURFACE_STYLE_USAGE(.BOTH.,#12559);
#12559 = SURFACE_SIDE_STYLE('',(#12560));
#12560 = SURFACE_STYLE_FILL_AREA(#12561);
#12561 = FILL_AREA_STYLE('',(#12562));
#12562 = FILL_AREA_STYLE_COLOUR('',#12165);
#12563 = CURVE_STYLE('',#12564,POSITIVE_LENGTH_MEASURE(0.1),#12165);
#12564 = DRAUGHTING_PRE_DEFINED_CURVE_FONT('continuous');
#12565 = STYLED_ITEM('color',(#12566),#5562);
#12566 = PRESENTATION_STYLE_ASSIGNMENT((#12567,#12572));
#12567 = SURFACE_STYLE_USAGE(.BOTH.,#12568);
#12568 = SURFACE_SIDE_STYLE('',(#12569));
#12569 = SURFACE_STYLE_FILL_AREA(#12570);
#12570 = FILL_AREA_STYLE('',(#12571));
#12571 = FILL_AREA_STYLE_COLOUR('',#12165);
#12572 = CURVE_STYLE('',#12573,POSITIVE_LENGTH_MEASURE(0.1),#12165);
#12573 = DRAUGHTING_PRE_DEFINED_CURVE_FONT('continuous');
#12574 = STYLED_ITEM('color',(#12575),#5602);
#12575 = PRESENTATION_STYLE_ASSIGNMENT((#12576,#12581));
#12576 = SURFACE_STYLE_USAGE(.BOTH.,#12577);
#12577 = SURFACE_SIDE_STYLE('',(#12578));
#12578 = SURFACE_STYLE_FILL_AREA(#12579);
#12579 = FILL_AREA_STYLE('',(#12580));
#12580 = FILL_AREA_STYLE_COLOUR('',#12165);
#12581 = CURVE_STYLE('',#12582,POSITIVE_LENGTH_MEASURE(0.1),#12165);
#12582 = DRAUGHTING_PRE_DEFINED_CURVE_FONT('continuous');
#12583 = STYLED_ITEM('color',(#12584),#5626);
#12584 = PRESENTATION_STYLE_ASSIGNMENT((#12585,#12590));
#12585 = SURFACE_STYLE_USAGE(.BOTH.,#12586);
#12586 = SURFACE_SIDE_STYLE('',(#12587));
#12587 = SURFACE_STYLE_FILL_AREA(#12588);
#12588 = FILL_AREA_STYLE('',(#12589));
#12589 = FILL_AREA_STYLE_COLOUR('',#12165);
#12590 = CURVE_STYLE('',#12591,POSITIVE_LENGTH_MEASURE(0.1),#12165);
#12591 = DRAUGHTING_PRE_DEFINED_CURVE_FONT('continuous');
#12592 = STYLED_ITEM('color',(#12593),#5659);
#12593 = PRESENTATION_STYLE_ASSIGNMENT((#12594,#12599));
#12594 = SURFACE_STYLE_USAGE(.BOTH.,#12595);
#12595 = SURFACE_SIDE_STYLE('',(#12596));
#12596 = SURFACE_STYLE_FILL_AREA(#12597);
#12597 = FILL_AREA_STYLE('',(#12598));
#12598 = FILL_AREA_STYLE_COLOUR('',#12165);
#12599 = CURVE_STYLE('',#12600,POSITIVE_LENGTH_MEASURE(0.1),#12165);
#12600 = DRAUGHTING_PRE_DEFINED_CURVE_FONT('continuous');
#12601 = STYLED_ITEM('color',(#12602),#5699);
#12602 = PRESENTATION_STYLE_ASSIGNMENT((#12603,#12608));
#12603 = SURFACE_STYLE_USAGE(.BOTH.,#12604);
#12604 = SURFACE_SIDE_STYLE('',(#12605));
#12605 = SURFACE_STYLE_FILL_AREA(#12606);
#12606 = FILL_AREA_STYLE('',(#12607));
#12607 = FILL_AREA_STYLE_COLOUR('',#12165);
#12608 = CURVE_STYLE('',#12609,POSITIVE_LENGTH_MEASURE(0.1),#12165);
#12609 = DRAUGHTING_PRE_DEFINED_CURVE_FONT('continuous');
#12610 = STYLED_ITEM('color',(#12611),#5723);
#12611 = PRESENTATION_STYLE_ASSIGNMENT((#12612,#12617));
#12612 = SURFACE_STYLE_USAGE(.BOTH.,#12613);
#12613 = SURFACE_SIDE_STYLE('',(#12614));
#12614 = SURFACE_STYLE_FILL_AREA(#12615);
#12615 = FILL_AREA_STYLE('',(#12616));
#12616 = FILL_AREA_STYLE_COLOUR('',#12165);
#12617 = CURVE_STYLE('',#12618,POSITIVE_LENGTH_MEASURE(0.1),#12165);
#12618 = DRAUGHTING_PRE_DEFINED_CURVE_FONT('continuous');
#12619 = STYLED_ITEM('color',(#12620),#5756);
#12620 = PRESENTATION_STYLE_ASSIGNMENT((#12621,#12626));
#12621 = SURFACE_STYLE_USAGE(.BOTH.,#12622);
#12622 = SURFACE_SIDE_STYLE('',(#12623));
#12623 = SURFACE_STYLE_FILL_AREA(#12624);
#12624 = FILL_AREA_STYLE('',(#12625));
#12625 = FILL_AREA_STYLE_COLOUR('',#12165);
#12626 = CURVE_STYLE('',#12627,POSITIVE_LENGTH_MEASURE(0.1),#12165);
#12627 = DRAUGHTING_PRE_DEFINED_CURVE_FONT('continuous');
#12628 = STYLED_ITEM('color',(#12629),#5796);
#12629 = PRESENTATION_STYLE_ASSIGNMENT((#12630,#12635));
#12630 = SURFACE_STYLE_USAGE(.BOTH.,#12631);
#12631 = SURFACE_SIDE_STYLE('',(#12632));
#12632 = SURFACE_STYLE_FILL_AREA(#12633);
#12633 = FILL_AREA_STYLE('',(#12634));
#12634 = FILL_AREA_STYLE_COLOUR('',#12165);
#12635 = CURVE_STYLE('',#12636,POSITIVE_LENGTH_MEASURE(0.1),#12165);
#12636 = DRAUGHTING_PRE_DEFINED_CURVE_FONT('continuous');
#12637 = STYLED_ITEM('color',(#12638),#5820);
#12638 = PRESENTATION_STYLE_ASSIGNMENT((#12639,#12644));
#12639 = SURFACE_STYLE_USAGE(.BOTH.,#12640);
#12640 = SURFACE_SIDE_STYLE('',(#12641));
#12641 = SURFACE_STYLE_FILL_AREA(#12642);
#12642 = FILL_AREA_STYLE('',(#12643));
#12643 = FILL_AREA_STYLE_COLOUR('',#12165);
#12644 = CURVE_STYLE('',#12645,POSITIVE_LENGTH_MEASURE(0.1),#12165);
#12645 = DRAUGHTING_PRE_DEFINED_CURVE_FONT('continuous');
#12646 = STYLED_ITEM('color',(#12647),#5853);
#12647 = PRESENTATION_STYLE_ASSIGNMENT((#12648,#12653));
#12648 = SURFACE_STYLE_USAGE(.BOTH.,#12649);
#12649 = SURFACE_SIDE_STYLE('',(#12650));
#12650 = SURFACE_STYLE_FILL_AREA(#12651);
#12651 = FILL_AREA_STYLE('',(#12652));
#12652 = FILL_AREA_STYLE_COLOUR('',#12165);
#12653 = CURVE_STYLE('',#12654,POSITIVE_LENGTH_MEASURE(0.1),#12165);
#12654 = DRAUGHTING_PRE_DEFINED_CURVE_FONT('continuous');
#12655 = STYLED_ITEM('color',(#12656),#5893);
#12656 = PRESENTATION_STYLE_ASSIGNMENT((#12657,#12662));
#12657 = SURFACE_STYLE_USAGE(.BOTH.,#12658);
#12658 = SURFACE_SIDE_STYLE('',(#12659));
#12659 = SURFACE_STYLE_FILL_AREA(#12660);
#12660 = FILL_AREA_STYLE('',(#12661));
#12661 = FILL_AREA_STYLE_COLOUR('',#12165);
#12662 = CURVE_STYLE('',#12663,POSITIVE_LENGTH_MEASURE(0.1),#12165);
#12663 = DRAUGHTING_PRE_DEFINED_CURVE_FONT('continuous');
#12664 = STYLED_ITEM('color',(#12665),#5917);
#12665 = PRESENTATION_STYLE_ASSIGNMENT((#12666,#12671));
#12666 = SURFACE_STYLE_USAGE(.BOTH.,#12667);
#12667 = SURFACE_SIDE_STYLE('',(#12668));
#12668 = SURFACE_STYLE_FILL_AREA(#12669);
#12669 = FILL_AREA_STYLE('',(#12670));
#12670 = FILL_AREA_STYLE_COLOUR('',#12165);
#12671 = CURVE_STYLE('',#12672,POSITIVE_LENGTH_MEASURE(0.1),#12165);
#12672 = DRAUGHTING_PRE_DEFINED_CURVE_FONT('continuous');
#12673 = STYLED_ITEM('color',(#12674),#5950);
#12674 = PRESENTATION_STYLE_ASSIGNMENT((#12675,#12680));
#12675 = SURFACE_STYLE_USAGE(.BOTH.,#12676);
#12676 = SURFACE_SIDE_STYLE('',(#12677));
#12677 = SURFACE_STYLE_FILL_AREA(#12678);
#12678 = FILL_AREA_STYLE('',(#12679));
#12679 = FILL_AREA_STYLE_COLOUR('',#12165);
#12680 = CURVE_STYLE('',#12681,POSITIVE_LENGTH_MEASURE(0.1),#12165);
#12681 = DRAUGHTING_PRE_DEFINED_CURVE_FONT('continuous');
#12682 = STYLED_ITEM('color',(#12683),#5990);
#12683 = PRESENTATION_STYLE_ASSIGNMENT((#12684,#12689));
#12684 = SURFACE_STYLE_USAGE(.BOTH.,#12685);
#12685 = SURFACE_SIDE_STYLE('',(#12686));
#12686 = SURFACE_STYLE_FILL_AREA(#12687);
#12687 = FILL_AREA_STYLE('',(#12688));
#12688 = FILL_AREA_STYLE_COLOUR('',#12165);
#12689 = CURVE_STYLE('',#12690,POSITIVE_LENGTH_MEASURE(0.1),#12165);
#12690 = DRAUGHTING_PRE_DEFINED_CURVE_FONT('continuous');
#12691 = STYLED_ITEM('color',(#12692),#6014);
#12692 = PRESENTATION_STYLE_ASSIGNMENT((#12693,#12698));
#12693 = SURFACE_STYLE_USAGE(.BOTH.,#12694);
#12694 = SURFACE_SIDE_STYLE('',(#12695));
#12695 = SURFACE_STYLE_FILL_AREA(#12696);
#12696 = FILL_AREA_STYLE('',(#12697));
#12697 = FILL_AREA_STYLE_COLOUR('',#12165);
#12698 = CURVE_STYLE('',#12699,POSITIVE_LENGTH_MEASURE(0.1),#12165);
#12699 = DRAUGHTING_PRE_DEFINED_CURVE_FONT('continuous');
#12700 = STYLED_ITEM('color',(#12701),#6047);
#12701 = PRESENTATION_STYLE_ASSIGNMENT((#12702,#12707));
#12702 = SURFACE_STYLE_USAGE(.BOTH.,#12703);
#12703 = SURFACE_SIDE_STYLE('',(#12704));
#12704 = SURFACE_STYLE_FILL_AREA(#12705);
#12705 = FILL_AREA_STYLE('',(#12706));
#12706 = FILL_AREA_STYLE_COLOUR('',#12165);
#12707 = CURVE_STYLE('',#12708,POSITIVE_LENGTH_MEASURE(0.1),#12165);
#12708 = DRAUGHTING_PRE_DEFINED_CURVE_FONT('continuous');
#12709 = STYLED_ITEM('color',(#12710),#6087);
#12710 = PRESENTATION_STYLE_ASSIGNMENT((#12711,#12716));
#12711 = SURFACE_STYLE_USAGE(.BOTH.,#12712);
#12712 = SURFACE_SIDE_STYLE('',(#12713));
#12713 = SURFACE_STYLE_FILL_AREA(#12714);
#12714 = FILL_AREA_STYLE('',(#12715));
#12715 = FILL_AREA_STYLE_COLOUR('',#12165);
#12716 = CURVE_STYLE('',#12717,POSITIVE_LENGTH_MEASURE(0.1),#12165);
#12717 = DRAUGHTING_PRE_DEFINED_CURVE_FONT('continuous');
#12718 = STYLED_ITEM('color',(#12719),#6111);
#12719 = PRESENTATION_STYLE_ASSIGNMENT((#12720,#12725));
#12720 = SURFACE_STYLE_USAGE(.BOTH.,#12721);
#12721 = SURFACE_SIDE_STYLE('',(#12722));
#12722 = SURFACE_STYLE_FILL_AREA(#12723);
#12723 = FILL_AREA_STYLE('',(#12724));
#12724 = FILL_AREA_STYLE_COLOUR('',#12165);
#12725 = CURVE_STYLE('',#12726,POSITIVE_LENGTH_MEASURE(0.1),#12165);
#12726 = DRAUGHTING_PRE_DEFINED_CURVE_FONT('continuous');
#12727 = STYLED_ITEM('color',(#12728),#6144);
#12728 = PRESENTATION_STYLE_ASSIGNMENT((#12729,#12734));
#12729 = SURFACE_STYLE_USAGE(.BOTH.,#12730);
#12730 = SURFACE_SIDE_STYLE('',(#12731));
#12731 = SURFACE_STYLE_FILL_AREA(#12732);
#12732 = FILL_AREA_STYLE('',(#12733));
#12733 = FILL_AREA_STYLE_COLOUR('',#12165);
#12734 = CURVE_STYLE('',#12735,POSITIVE_LENGTH_MEASURE(0.1),#12165);
#12735 = DRAUGHTING_PRE_DEFINED_CURVE_FONT('continuous');
#12736 = STYLED_ITEM('color',(#12737),#6184);
#12737 = PRESENTATION_STYLE_ASSIGNMENT((#12738,#12743));
#12738 = SURFACE_STYLE_USAGE(.BOTH.,#12739);
#12739 = SURFACE_SIDE_STYLE('',(#12740));
#12740 = SURFACE_STYLE_FILL_AREA(#12741);
#12741 = FILL_AREA_STYLE('',(#12742));
#12742 = FILL_AREA_STYLE_COLOUR('',#12165);
#12743 = CURVE_STYLE('',#12744,POSITIVE_LENGTH_MEASURE(0.1),#12165);
#12744 = DRAUGHTING_PRE_DEFINED_CURVE_FONT('continuous');
#12745 = STYLED_ITEM('color',(#12746),#6208);
#12746 = PRESENTATION_STYLE_ASSIGNMENT((#12747,#12752));
#12747 = SURFACE_STYLE_USAGE(.BOTH.,#12748);
#12748 = SURFACE_SIDE_STYLE('',(#12749));
#12749 = SURFACE_STYLE_FILL_AREA(#12750);
#12750 = FILL_AREA_STYLE('',(#12751));
#12751 = FILL_AREA_STYLE_COLOUR('',#12165);
#12752 = CURVE_STYLE('',#12753,POSITIVE_LENGTH_MEASURE(0.1),#12165);
#12753 = DRAUGHTING_PRE_DEFINED_CURVE_FONT('continuous');
#12754 = STYLED_ITEM('color',(#12755),#6241);
#12755 = PRESENTATION_STYLE_ASSIGNMENT((#12756,#12761));
#12756 = SURFACE_STYLE_USAGE(.BOTH.,#12757);
#12757 = SURFACE_SIDE_STYLE('',(#12758));
#12758 = SURFACE_STYLE_FILL_AREA(#12759);
#12759 = FILL_AREA_STYLE('',(#12760));
#12760 = FILL_AREA_STYLE_COLOUR('',#12165);
#12761 = CURVE_STYLE('',#12762,POSITIVE_LENGTH_MEASURE(0.1),#12165);
#12762 = DRAUGHTING_PRE_DEFINED_CURVE_FONT('continuous');
#12763 = STYLED_ITEM('color',(#12764),#6281);
#12764 = PRESENTATION_STYLE_ASSIGNMENT((#12765,#12770));
#12765 = SURFACE_STYLE_USAGE(.BOTH.,#12766);
#12766 = SURFACE_SIDE_STYLE('',(#12767));
#12767 = SURFACE_STYLE_FILL_AREA(#12768);
#12768 = FILL_AREA_STYLE('',(#12769));
#12769 = FILL_AREA_STYLE_COLOUR('',#12165);
#12770 = CURVE_STYLE('',#12771,POSITIVE_LENGTH_MEASURE(0.1),#12165);
#12771 = DRAUGHTING_PRE_DEFINED_CURVE_FONT('continuous');
#12772 = STYLED_ITEM('color',(#12773),#6305);
#12773 = PRESENTATION_STYLE_ASSIGNMENT((#12774,#12779));
#12774 = SURFACE_STYLE_USAGE(.BOTH.,#12775);
#12775 = SURFACE_SIDE_STYLE('',(#12776));
#12776 = SURFACE_STYLE_FILL_AREA(#12777);
#12777 = FILL_AREA_STYLE('',(#12778));
#12778 = FILL_AREA_STYLE_COLOUR('',#12165);
#12779 = CURVE_STYLE('',#12780,POSITIVE_LENGTH_MEASURE(0.1),#12165);
#12780 = DRAUGHTING_PRE_DEFINED_CURVE_FONT('continuous');
#12781 = STYLED_ITEM('color',(#12782),#6338);
#12782 = PRESENTATION_STYLE_ASSIGNMENT((#12783,#12788));
#12783 = SURFACE_STYLE_USAGE(.BOTH.,#12784);
#12784 = SURFACE_SIDE_STYLE('',(#12785));
#12785 = SURFACE_STYLE_FILL_AREA(#12786);
#12786 = FILL_AREA_STYLE('',(#12787));
#12787 = FILL_AREA_STYLE_COLOUR('',#12165);
#12788 = CURVE_STYLE('',#12789,POSITIVE_LENGTH_MEASURE(0.1),#12165);
#12789 = DRAUGHTING_PRE_DEFINED_CURVE_FONT('continuous');
#12790 = STYLED_ITEM('color',(#12791),#6378);
#12791 = PRESENTATION_STYLE_ASSIGNMENT((#12792,#12797));
#12792 = SURFACE_STYLE_USAGE(.BOTH.,#12793);
#12793 = SURFACE_SIDE_STYLE('',(#12794));
#12794 = SURFACE_STYLE_FILL_AREA(#12795);
#12795 = FILL_AREA_STYLE('',(#12796));
#12796 = FILL_AREA_STYLE_COLOUR('',#12165);
#12797 = CURVE_STYLE('',#12798,POSITIVE_LENGTH_MEASURE(0.1),#12165);
#12798 = DRAUGHTING_PRE_DEFINED_CURVE_FONT('continuous');
#12799 = STYLED_ITEM('color',(#12800),#6402);
#12800 = PRESENTATION_STYLE_ASSIGNMENT((#12801,#12806));
#12801 = SURFACE_STYLE_USAGE(.BOTH.,#12802);
#12802 = SURFACE_SIDE_STYLE('',(#12803));
#12803 = SURFACE_STYLE_FILL_AREA(#12804);
#12804 = FILL_AREA_STYLE('',(#12805));
#12805 = FILL_AREA_STYLE_COLOUR('',#12165);
#12806 = CURVE_STYLE('',#12807,POSITIVE_LENGTH_MEASURE(0.1),#12165);
#12807 = DRAUGHTING_PRE_DEFINED_CURVE_FONT('continuous');
#12808 = STYLED_ITEM('color',(#12809),#6435);
#12809 = PRESENTATION_STYLE_ASSIGNMENT((#12810,#12815));
#12810 = SURFACE_STYLE_USAGE(.BOTH.,#12811);
#12811 = SURFACE_SIDE_STYLE('',(#12812));
#12812 = SURFACE_STYLE_FILL_AREA(#12813);
#12813 = FILL_AREA_STYLE('',(#12814));
#12814 = FILL_AREA_STYLE_COLOUR('',#12165);
#12815 = CURVE_STYLE('',#12816,POSITIVE_LENGTH_MEASURE(0.1),#12165);
#12816 = DRAUGHTING_PRE_DEFINED_CURVE_FONT('continuous');
#12817 = STYLED_ITEM('color',(#12818),#6475);
#12818 = PRESENTATION_STYLE_ASSIGNMENT((#12819,#12824));
#12819 = SURFACE_STYLE_USAGE(.BOTH.,#12820);
#12820 = SURFACE_SIDE_STYLE('',(#12821));
#12821 = SURFACE_STYLE_FILL_AREA(#12822);
#12822 = FILL_AREA_STYLE('',(#12823));
#12823 = FILL_AREA_STYLE_COLOUR('',#12165);
#12824 = CURVE_STYLE('',#12825,POSITIVE_LENGTH_MEASURE(0.1),#12165);
#12825 = DRAUGHTING_PRE_DEFINED_CURVE_FONT('continuous');
#12826 = STYLED_ITEM('color',(#12827),#6499);
#12827 = PRESENTATION_STYLE_ASSIGNMENT((#12828,#12833));
#12828 = SURFACE_STYLE_USAGE(.BOTH.,#12829);
#12829 = SURFACE_SIDE_STYLE('',(#12830));
#12830 = SURFACE_STYLE_FILL_AREA(#12831);
#12831 = FILL_AREA_STYLE('',(#12832));
#12832 = FILL_AREA_STYLE_COLOUR('',#12165);
#12833 = CURVE_STYLE('',#12834,POSITIVE_LENGTH_MEASURE(0.1),#12165);
#12834 = DRAUGHTING_PRE_DEFINED_CURVE_FONT('continuous');
#12835 = STYLED_ITEM('color',(#12836),#6532);
#12836 = PRESENTATION_STYLE_ASSIGNMENT((#12837,#12842));
#12837 = SURFACE_STYLE_USAGE(.BOTH.,#12838);
#12838 = SURFACE_SIDE_STYLE('',(#12839));
#12839 = SURFACE_STYLE_FILL_AREA(#12840);
#12840 = FILL_AREA_STYLE('',(#12841));
#12841 = FILL_AREA_STYLE_COLOUR('',#12165);
#12842 = CURVE_STYLE('',#12843,POSITIVE_LENGTH_MEASURE(0.1),#12165);
#12843 = DRAUGHTING_PRE_DEFINED_CURVE_FONT('continuous');
#12844 = STYLED_ITEM('color',(#12845),#6572);
#12845 = PRESENTATION_STYLE_ASSIGNMENT((#12846,#12851));
#12846 = SURFACE_STYLE_USAGE(.BOTH.,#12847);
#12847 = SURFACE_SIDE_STYLE('',(#12848));
#12848 = SURFACE_STYLE_FILL_AREA(#12849);
#12849 = FILL_AREA_STYLE('',(#12850));
#12850 = FILL_AREA_STYLE_COLOUR('',#12165);
#12851 = CURVE_STYLE('',#12852,POSITIVE_LENGTH_MEASURE(0.1),#12165);
#12852 = DRAUGHTING_PRE_DEFINED_CURVE_FONT('continuous');
#12853 = STYLED_ITEM('color',(#12854),#6596);
#12854 = PRESENTATION_STYLE_ASSIGNMENT((#12855,#12860));
#12855 = SURFACE_STYLE_USAGE(.BOTH.,#12856);
#12856 = SURFACE_SIDE_STYLE('',(#12857));
#12857 = SURFACE_STYLE_FILL_AREA(#12858);
#12858 = FILL_AREA_STYLE('',(#12859));
#12859 = FILL_AREA_STYLE_COLOUR('',#12165);
#12860 = CURVE_STYLE('',#12861,POSITIVE_LENGTH_MEASURE(0.1),#12165);
#12861 = DRAUGHTING_PRE_DEFINED_CURVE_FONT('continuous');
#12862 = STYLED_ITEM('color',(#12863),#6629);
#12863 = PRESENTATION_STYLE_ASSIGNMENT((#12864,#12869));
#12864 = SURFACE_STYLE_USAGE(.BOTH.,#12865);
#12865 = SURFACE_SIDE_STYLE('',(#12866));
#12866 = SURFACE_STYLE_FILL_AREA(#12867);
#12867 = FILL_AREA_STYLE('',(#12868));
#12868 = FILL_AREA_STYLE_COLOUR('',#12165);
#12869 = CURVE_STYLE('',#12870,POSITIVE_LENGTH_MEASURE(0.1),#12165);
#12870 = DRAUGHTING_PRE_DEFINED_CURVE_FONT('continuous');
#12871 = STYLED_ITEM('color',(#12872),#6669);
#12872 = PRESENTATION_STYLE_ASSIGNMENT((#12873,#12878));
#12873 = SURFACE_STYLE_USAGE(.BOTH.,#12874);
#12874 = SURFACE_SIDE_STYLE('',(#12875));
#12875 = SURFACE_STYLE_FILL_AREA(#12876);
#12876 = FILL_AREA_STYLE('',(#12877));
#12877 = FILL_AREA_STYLE_COLOUR('',#12165);
#12878 = CURVE_STYLE('',#12879,POSITIVE_LENGTH_MEASURE(0.1),#12165);
#12879 = DRAUGHTING_PRE_DEFINED_CURVE_FONT('continuous');
#12880 = STYLED_ITEM('color',(#12881),#6693);
#12881 = PRESENTATION_STYLE_ASSIGNMENT((#12882,#12887));
#12882 = SURFACE_STYLE_USAGE(.BOTH.,#12883);
#12883 = SURFACE_SIDE_STYLE('',(#12884));
#12884 = SURFACE_STYLE_FILL_AREA(#12885);
#12885 = FILL_AREA_STYLE('',(#12886));
#12886 = FILL_AREA_STYLE_COLOUR('',#12165);
#12887 = CURVE_STYLE('',#12888,POSITIVE_LENGTH_MEASURE(0.1),#12165);
#12888 = DRAUGHTING_PRE_DEFINED_CURVE_FONT('continuous');
#12889 = STYLED_ITEM('color',(#12890),#6726);
#12890 = PRESENTATION_STYLE_ASSIGNMENT((#12891,#12896));
#12891 = SURFACE_STYLE_USAGE(.BOTH.,#12892);
#12892 = SURFACE_SIDE_STYLE('',(#12893));
#12893 = SURFACE_STYLE_FILL_AREA(#12894);
#12894 = FILL_AREA_STYLE('',(#12895));
#12895 = FILL_AREA_STYLE_COLOUR('',#12165);
#12896 = CURVE_STYLE('',#12897,POSITIVE_LENGTH_MEASURE(0.1),#12165);
#12897 = DRAUGHTING_PRE_DEFINED_CURVE_FONT('continuous');
#12898 = STYLED_ITEM('color',(#12899),#6766);
#12899 = PRESENTATION_STYLE_ASSIGNMENT((#12900,#12905));
#12900 = SURFACE_STYLE_USAGE(.BOTH.,#12901);
#12901 = SURFACE_SIDE_STYLE('',(#12902));
#12902 = SURFACE_STYLE_FILL_AREA(#12903);
#12903 = FILL_AREA_STYLE('',(#12904));
#12904 = FILL_AREA_STYLE_COLOUR('',#12165);
#12905 = CURVE_STYLE('',#12906,POSITIVE_LENGTH_MEASURE(0.1),#12165);
#12906 = DRAUGHTING_PRE_DEFINED_CURVE_FONT('continuous');
#12907 = STYLED_ITEM('color',(#12908),#6790);
#12908 = PRESENTATION_STYLE_ASSIGNMENT((#12909,#12914));
#12909 = SURFACE_STYLE_USAGE(.BOTH.,#12910);
#12910 = SURFACE_SIDE_STYLE('',(#12911));
#12911 = SURFACE_STYLE_FILL_AREA(#12912);
#12912 = FILL_AREA_STYLE('',(#12913));
#12913 = FILL_AREA_STYLE_COLOUR('',#12165);
#12914 = CURVE_STYLE('',#12915,POSITIVE_LENGTH_MEASURE(0.1),#12165);
#12915 = DRAUGHTING_PRE_DEFINED_CURVE_FONT('continuous');
#12916 = STYLED_ITEM('color',(#12917),#6823);
#12917 = PRESENTATION_STYLE_ASSIGNMENT((#12918,#12923));
#12918 = SURFACE_STYLE_USAGE(.BOTH.,#12919);
#12919 = SURFACE_SIDE_STYLE('',(#12920));
#12920 = SURFACE_STYLE_FILL_AREA(#12921);
#12921 = FILL_AREA_STYLE('',(#12922));
#12922 = FILL_AREA_STYLE_COLOUR('',#12165);
#12923 = CURVE_STYLE('',#12924,POSITIVE_LENGTH_MEASURE(0.1),#12165);
#12924 = DRAUGHTING_PRE_DEFINED_CURVE_FONT('continuous');
#12925 = STYLED_ITEM('color',(#12926),#6850);
#12926 = PRESENTATION_STYLE_ASSIGNMENT((#12927,#12932));
#12927 = SURFACE_STYLE_USAGE(.BOTH.,#12928);
#12928 = SURFACE_SIDE_STYLE('',(#12929));
#12929 = SURFACE_STYLE_FILL_AREA(#12930);
#12930 = FILL_AREA_STYLE('',(#12931));
#12931 = FILL_AREA_STYLE_COLOUR('',#12165);
#12932 = CURVE_STYLE('',#12933,POSITIVE_LENGTH_MEASURE(0.1),#12165);
#12933 = DRAUGHTING_PRE_DEFINED_CURVE_FONT('continuous');
#12934 = STYLED_ITEM('color',(#12935),#6868);
#12935 = PRESENTATION_STYLE_ASSIGNMENT((#12936,#12941));
#12936 = SURFACE_STYLE_USAGE(.BOTH.,#12937);
#12937 = SURFACE_SIDE_STYLE('',(#12938));
#12938 = SURFACE_STYLE_FILL_AREA(#12939);
#12939 = FILL_AREA_STYLE('',(#12940));
#12940 = FILL_AREA_STYLE_COLOUR('',#12165);
#12941 = CURVE_STYLE('',#12942,POSITIVE_LENGTH_MEASURE(0.1),#12165);
#12942 = DRAUGHTING_PRE_DEFINED_CURVE_FONT('continuous');
#12943 = STYLED_ITEM('color',(#12944),#6893);
#12944 = PRESENTATION_STYLE_ASSIGNMENT((#12945,#12950));
#12945 = SURFACE_STYLE_USAGE(.BOTH.,#12946);
#12946 = SURFACE_SIDE_STYLE('',(#12947));
#12947 = SURFACE_STYLE_FILL_AREA(#12948);
#12948 = FILL_AREA_STYLE('',(#12949));
#12949 = FILL_AREA_STYLE_COLOUR('',#12373);
#12950 = CURVE_STYLE('',#12951,POSITIVE_LENGTH_MEASURE(0.1),#12373);
#12951 = DRAUGHTING_PRE_DEFINED_CURVE_FONT('continuous');
#12952 = STYLED_ITEM('color',(#12953),#6917);
#12953 = PRESENTATION_STYLE_ASSIGNMENT((#12954,#12959));
#12954 = SURFACE_STYLE_USAGE(.BOTH.,#12955);
#12955 = SURFACE_SIDE_STYLE('',(#12956));
#12956 = SURFACE_STYLE_FILL_AREA(#12957);
#12957 = FILL_AREA_STYLE('',(#12958));
#12958 = FILL_AREA_STYLE_COLOUR('',#12373);
#12959 = CURVE_STYLE('',#12960,POSITIVE_LENGTH_MEASURE(0.1),#12373);
#12960 = DRAUGHTING_PRE_DEFINED_CURVE_FONT('continuous');
#12961 = STYLED_ITEM('color',(#12962),#6971);
#12962 = PRESENTATION_STYLE_ASSIGNMENT((#12963,#12968));
#12963 = SURFACE_STYLE_USAGE(.BOTH.,#12964);
#12964 = SURFACE_SIDE_STYLE('',(#12965));
#12965 = SURFACE_STYLE_FILL_AREA(#12966);
#12966 = FILL_AREA_STYLE('',(#12967));
#12967 = FILL_AREA_STYLE_COLOUR('',#12373);
#12968 = CURVE_STYLE('',#12969,POSITIVE_LENGTH_MEASURE(0.1),#12373);
#12969 = DRAUGHTING_PRE_DEFINED_CURVE_FONT('continuous');
#12970 = STYLED_ITEM('color',(#12971),#6995);
#12971 = PRESENTATION_STYLE_ASSIGNMENT((#12972,#12977));
#12972 = SURFACE_STYLE_USAGE(.BOTH.,#12973);
#12973 = SURFACE_SIDE_STYLE('',(#12974));
#12974 = SURFACE_STYLE_FILL_AREA(#12975);
#12975 = FILL_AREA_STYLE('',(#12976));
#12976 = FILL_AREA_STYLE_COLOUR('',#12373);
#12977 = CURVE_STYLE('',#12978,POSITIVE_LENGTH_MEASURE(0.1),#12373);
#12978 = DRAUGHTING_PRE_DEFINED_CURVE_FONT('continuous');
#12979 = STYLED_ITEM('color',(#12980),#7019);
#12980 = PRESENTATION_STYLE_ASSIGNMENT((#12981,#12986));
#12981 = SURFACE_STYLE_USAGE(.BOTH.,#12982);
#12982 = SURFACE_SIDE_STYLE('',(#12983));
#12983 = SURFACE_STYLE_FILL_AREA(#12984);
#12984 = FILL_AREA_STYLE('',(#12985));
#12985 = FILL_AREA_STYLE_COLOUR('',#12373);
#12986 = CURVE_STYLE('',#12987,POSITIVE_LENGTH_MEASURE(0.1),#12373);
#12987 = DRAUGHTING_PRE_DEFINED_CURVE_FONT('continuous');
#12988 = STYLED_ITEM('color',(#12989),#7036);
#12989 = PRESENTATION_STYLE_ASSIGNMENT((#12990,#12995));
#12990 = SURFACE_STYLE_USAGE(.BOTH.,#12991);
#12991 = SURFACE_SIDE_STYLE('',(#12992));
#12992 = SURFACE_STYLE_FILL_AREA(#12993);
#12993 = FILL_AREA_STYLE('',(#12994));
#12994 = FILL_AREA_STYLE_COLOUR('',#12373);
#12995 = CURVE_STYLE('',#12996,POSITIVE_LENGTH_MEASURE(0.1),#12373);
#12996 = DRAUGHTING_PRE_DEFINED_CURVE_FONT('continuous');
#12997 = STYLED_ITEM('color',(#12998),#7060);
#12998 = PRESENTATION_STYLE_ASSIGNMENT((#12999,#13004));
#12999 = SURFACE_STYLE_USAGE(.BOTH.,#13000);
#13000 = SURFACE_SIDE_STYLE('',(#13001));
#13001 = SURFACE_STYLE_FILL_AREA(#13002);
#13002 = FILL_AREA_STYLE('',(#13003));
#13003 = FILL_AREA_STYLE_COLOUR('',#12373);
#13004 = CURVE_STYLE('',#13005,POSITIVE_LENGTH_MEASURE(0.1),#12373);
#13005 = DRAUGHTING_PRE_DEFINED_CURVE_FONT('continuous');
#13006 = STYLED_ITEM('color',(#13007),#7107);
#13007 = PRESENTATION_STYLE_ASSIGNMENT((#13008,#13013));
#13008 = SURFACE_STYLE_USAGE(.BOTH.,#13009);
#13009 = SURFACE_SIDE_STYLE('',(#13010));
#13010 = SURFACE_STYLE_FILL_AREA(#13011);
#13011 = FILL_AREA_STYLE('',(#13012));
#13012 = FILL_AREA_STYLE_COLOUR('',#12373);
#13013 = CURVE_STYLE('',#13014,POSITIVE_LENGTH_MEASURE(0.1),#12373);
#13014 = DRAUGHTING_PRE_DEFINED_CURVE_FONT('continuous');
#13015 = STYLED_ITEM('color',(#13016),#7131);
#13016 = PRESENTATION_STYLE_ASSIGNMENT((#13017,#13022));
#13017 = SURFACE_STYLE_USAGE(.BOTH.,#13018);
#13018 = SURFACE_SIDE_STYLE('',(#13019));
#13019 = SURFACE_STYLE_FILL_AREA(#13020);
#13020 = FILL_AREA_STYLE('',(#13021));
#13021 = FILL_AREA_STYLE_COLOUR('',#12373);
#13022 = CURVE_STYLE('',#13023,POSITIVE_LENGTH_MEASURE(0.1),#12373);
#13023 = DRAUGHTING_PRE_DEFINED_CURVE_FONT('continuous');
#13024 = STYLED_ITEM('color',(#13025),#7155);
#13025 = PRESENTATION_STYLE_ASSIGNMENT((#13026,#13031));
#13026 = SURFACE_STYLE_USAGE(.BOTH.,#13027);
#13027 = SURFACE_SIDE_STYLE('',(#13028));
#13028 = SURFACE_STYLE_FILL_AREA(#13029);
#13029 = FILL_AREA_STYLE('',(#13030));
#13030 = FILL_AREA_STYLE_COLOUR('',#12373);
#13031 = CURVE_STYLE('',#13032,POSITIVE_LENGTH_MEASURE(0.1),#12373);
#13032 = DRAUGHTING_PRE_DEFINED_CURVE_FONT('continuous');
#13033 = STYLED_ITEM('color',(#13034),#7172);
#13034 = PRESENTATION_STYLE_ASSIGNMENT((#13035,#13040));
#13035 = SURFACE_STYLE_USAGE(.BOTH.,#13036);
#13036 = SURFACE_SIDE_STYLE('',(#13037));
#13037 = SURFACE_STYLE_FILL_AREA(#13038);
#13038 = FILL_AREA_STYLE('',(#13039));
#13039 = FILL_AREA_STYLE_COLOUR('',#12373);
#13040 = CURVE_STYLE('',#13041,POSITIVE_LENGTH_MEASURE(0.1),#12373);
#13041 = DRAUGHTING_PRE_DEFINED_CURVE_FONT('continuous');
#13042 = STYLED_ITEM('color',(#13043),#7189);
#13043 = PRESENTATION_STYLE_ASSIGNMENT((#13044,#13049));
#13044 = SURFACE_STYLE_USAGE(.BOTH.,#13045);
#13045 = SURFACE_SIDE_STYLE('',(#13046));
#13046 = SURFACE_STYLE_FILL_AREA(#13047);
#13047 = FILL_AREA_STYLE('',(#13048));
#13048 = FILL_AREA_STYLE_COLOUR('',#12373);
#13049 = CURVE_STYLE('',#13050,POSITIVE_LENGTH_MEASURE(0.1),#12373);
#13050 = DRAUGHTING_PRE_DEFINED_CURVE_FONT('continuous');
#13051 = STYLED_ITEM('color',(#13052),#7229);
#13052 = PRESENTATION_STYLE_ASSIGNMENT((#13053,#13058));
#13053 = SURFACE_STYLE_USAGE(.BOTH.,#13054);
#13054 = SURFACE_SIDE_STYLE('',(#13055));
#13055 = SURFACE_STYLE_FILL_AREA(#13056);
#13056 = FILL_AREA_STYLE('',(#13057));
#13057 = FILL_AREA_STYLE_COLOUR('',#12373);
#13058 = CURVE_STYLE('',#13059,POSITIVE_LENGTH_MEASURE(0.1),#12373);
#13059 = DRAUGHTING_PRE_DEFINED_CURVE_FONT('continuous');
#13060 = STYLED_ITEM('color',(#13061),#7246);
#13061 = PRESENTATION_STYLE_ASSIGNMENT((#13062,#13067));
#13062 = SURFACE_STYLE_USAGE(.BOTH.,#13063);
#13063 = SURFACE_SIDE_STYLE('',(#13064));
#13064 = SURFACE_STYLE_FILL_AREA(#13065);
#13065 = FILL_AREA_STYLE('',(#13066));
#13066 = FILL_AREA_STYLE_COLOUR('',#12373);
#13067 = CURVE_STYLE('',#13068,POSITIVE_LENGTH_MEASURE(0.1),#12373);
#13068 = DRAUGHTING_PRE_DEFINED_CURVE_FONT('continuous');
#13069 = STYLED_ITEM('color',(#13070),#7260);
#13070 = PRESENTATION_STYLE_ASSIGNMENT((#13071,#13076));
#13071 = SURFACE_STYLE_USAGE(.BOTH.,#13072);
#13072 = SURFACE_SIDE_STYLE('',(#13073));
#13073 = SURFACE_STYLE_FILL_AREA(#13074);
#13074 = FILL_AREA_STYLE('',(#13075));
#13075 = FILL_AREA_STYLE_COLOUR('',#12373);
#13076 = CURVE_STYLE('',#13077,POSITIVE_LENGTH_MEASURE(0.1),#12373);
#13077 = DRAUGHTING_PRE_DEFINED_CURVE_FONT('continuous');
#13078 = STYLED_ITEM('color',(#13079),#7277);
#13079 = PRESENTATION_STYLE_ASSIGNMENT((#13080,#13085));
#13080 = SURFACE_STYLE_USAGE(.BOTH.,#13081);
#13081 = SURFACE_SIDE_STYLE('',(#13082));
#13082 = SURFACE_STYLE_FILL_AREA(#13083);
#13083 = FILL_AREA_STYLE('',(#13084));
#13084 = FILL_AREA_STYLE_COLOUR('',#12165);
#13085 = CURVE_STYLE('',#13086,POSITIVE_LENGTH_MEASURE(0.1),#12165);
#13086 = DRAUGHTING_PRE_DEFINED_CURVE_FONT('continuous');
#13087 = STYLED_ITEM('color',(#13088),#7294);
#13088 = PRESENTATION_STYLE_ASSIGNMENT((#13089,#13094));
#13089 = SURFACE_STYLE_USAGE(.BOTH.,#13090);
#13090 = SURFACE_SIDE_STYLE('',(#13091));
#13091 = SURFACE_STYLE_FILL_AREA(#13092);
#13092 = FILL_AREA_STYLE('',(#13093));
#13093 = FILL_AREA_STYLE_COLOUR('',#12165);
#13094 = CURVE_STYLE('',#13095,POSITIVE_LENGTH_MEASURE(0.1),#12165);
#13095 = DRAUGHTING_PRE_DEFINED_CURVE_FONT('continuous');
#13096 = STYLED_ITEM('color',(#13097),#7311);
#13097 = PRESENTATION_STYLE_ASSIGNMENT((#13098,#13103));
#13098 = SURFACE_STYLE_USAGE(.BOTH.,#13099);
#13099 = SURFACE_SIDE_STYLE('',(#13100));
#13100 = SURFACE_STYLE_FILL_AREA(#13101);
#13101 = FILL_AREA_STYLE('',(#13102));
#13102 = FILL_AREA_STYLE_COLOUR('',#12165);
#13103 = CURVE_STYLE('',#13104,POSITIVE_LENGTH_MEASURE(0.1),#12165);
#13104 = DRAUGHTING_PRE_DEFINED_CURVE_FONT('continuous');
#13105 = STYLED_ITEM('color',(#13106),#7328);
#13106 = PRESENTATION_STYLE_ASSIGNMENT((#13107,#13112));
#13107 = SURFACE_STYLE_USAGE(.BOTH.,#13108);
#13108 = SURFACE_SIDE_STYLE('',(#13109));
#13109 = SURFACE_STYLE_FILL_AREA(#13110);
#13110 = FILL_AREA_STYLE('',(#13111));
#13111 = FILL_AREA_STYLE_COLOUR('',#12165);
#13112 = CURVE_STYLE('',#13113,POSITIVE_LENGTH_MEASURE(0.1),#12165);
#13113 = DRAUGHTING_PRE_DEFINED_CURVE_FONT('continuous');
#13114 = STYLED_ITEM('color',(#13115),#7345);
#13115 = PRESENTATION_STYLE_ASSIGNMENT((#13116,#13121));
#13116 = SURFACE_STYLE_USAGE(.BOTH.,#13117);
#13117 = SURFACE_SIDE_STYLE('',(#13118));
#13118 = SURFACE_STYLE_FILL_AREA(#13119);
#13119 = FILL_AREA_STYLE('',(#13120));
#13120 = FILL_AREA_STYLE_COLOUR('',#12165);
#13121 = CURVE_STYLE('',#13122,POSITIVE_LENGTH_MEASURE(0.1),#12165);
#13122 = DRAUGHTING_PRE_DEFINED_CURVE_FONT('continuous');
#13123 = STYLED_ITEM('color',(#13124),#7362);
#13124 = PRESENTATION_STYLE_ASSIGNMENT((#13125,#13130));
#13125 = SURFACE_STYLE_USAGE(.BOTH.,#13126);
#13126 = SURFACE_SIDE_STYLE('',(#13127));
#13127 = SURFACE_STYLE_FILL_AREA(#13128);
#13128 = FILL_AREA_STYLE('',(#13129));
#13129 = FILL_AREA_STYLE_COLOUR('',#12165);
#13130 = CURVE_STYLE('',#13131,POSITIVE_LENGTH_MEASURE(0.1),#12165);
#13131 = DRAUGHTING_PRE_DEFINED_CURVE_FONT('continuous');
#13132 = STYLED_ITEM('color',(#13133),#7379);
#13133 = PRESENTATION_STYLE_ASSIGNMENT((#13134,#13139));
#13134 = SURFACE_STYLE_USAGE(.BOTH.,#13135);
#13135 = SURFACE_SIDE_STYLE('',(#13136));
#13136 = SURFACE_STYLE_FILL_AREA(#13137);
#13137 = FILL_AREA_STYLE('',(#13138));
#13138 = FILL_AREA_STYLE_COLOUR('',#12165);
#13139 = CURVE_STYLE('',#13140,POSITIVE_LENGTH_MEASURE(0.1),#12165);
#13140 = DRAUGHTING_PRE_DEFINED_CURVE_FONT('continuous');
#13141 = STYLED_ITEM('color',(#13142),#7396);
#13142 = PRESENTATION_STYLE_ASSIGNMENT((#13143,#13148));
#13143 = SURFACE_STYLE_USAGE(.BOTH.,#13144);
#13144 = SURFACE_SIDE_STYLE('',(#13145));
#13145 = SURFACE_STYLE_FILL_AREA(#13146);
#13146 = FILL_AREA_STYLE('',(#13147));
#13147 = FILL_AREA_STYLE_COLOUR('',#12165);
#13148 = CURVE_STYLE('',#13149,POSITIVE_LENGTH_MEASURE(0.1),#12165);
#13149 = DRAUGHTING_PRE_DEFINED_CURVE_FONT('continuous');
#13150 = STYLED_ITEM('color',(#13151),#7413);
#13151 = PRESENTATION_STYLE_ASSIGNMENT((#13152,#13157));
#13152 = SURFACE_STYLE_USAGE(.BOTH.,#13153);
#13153 = SURFACE_SIDE_STYLE('',(#13154));
#13154 = SURFACE_STYLE_FILL_AREA(#13155);
#13155 = FILL_AREA_STYLE('',(#13156));
#13156 = FILL_AREA_STYLE_COLOUR('',#12165);
#13157 = CURVE_STYLE('',#13158,POSITIVE_LENGTH_MEASURE(0.1),#12165);
#13158 = DRAUGHTING_PRE_DEFINED_CURVE_FONT('continuous');
#13159 = STYLED_ITEM('color',(#13160),#7430);
#13160 = PRESENTATION_STYLE_ASSIGNMENT((#13161,#13166));
#13161 = SURFACE_STYLE_USAGE(.BOTH.,#13162);
#13162 = SURFACE_SIDE_STYLE('',(#13163));
#13163 = SURFACE_STYLE_FILL_AREA(#13164);
#13164 = FILL_AREA_STYLE('',(#13165));
#13165 = FILL_AREA_STYLE_COLOUR('',#12165);
#13166 = CURVE_STYLE('',#13167,POSITIVE_LENGTH_MEASURE(0.1),#12165);
#13167 = DRAUGHTING_PRE_DEFINED_CURVE_FONT('continuous');
#13168 = STYLED_ITEM('color',(#13169),#7447);
#13169 = PRESENTATION_STYLE_ASSIGNMENT((#13170,#13175));
#13170 = SURFACE_STYLE_USAGE(.BOTH.,#13171);
#13171 = SURFACE_SIDE_STYLE('',(#13172));
#13172 = SURFACE_STYLE_FILL_AREA(#13173);
#13173 = FILL_AREA_STYLE('',(#13174));
#13174 = FILL_AREA_STYLE_COLOUR('',#12165);
#13175 = CURVE_STYLE('',#13176,POSITIVE_LENGTH_MEASURE(0.1),#12165);
#13176 = DRAUGHTING_PRE_DEFINED_CURVE_FONT('continuous');
#13177 = STYLED_ITEM('color',(#13178),#7464);
#13178 = PRESENTATION_STYLE_ASSIGNMENT((#13179,#13184));
#13179 = SURFACE_STYLE_USAGE(.BOTH.,#13180);
#13180 = SURFACE_SIDE_STYLE('',(#13181));
#13181 = SURFACE_STYLE_FILL_AREA(#13182);
#13182 = FILL_AREA_STYLE('',(#13183));
#13183 = FILL_AREA_STYLE_COLOUR('',#12165);
#13184 = CURVE_STYLE('',#13185,POSITIVE_LENGTH_MEASURE(0.1),#12165);
#13185 = DRAUGHTING_PRE_DEFINED_CURVE_FONT('continuous');
#13186 = STYLED_ITEM('color',(#13187),#7481);
#13187 = PRESENTATION_STYLE_ASSIGNMENT((#13188,#13193));
#13188 = SURFACE_STYLE_USAGE(.BOTH.,#13189);
#13189 = SURFACE_SIDE_STYLE('',(#13190));
#13190 = SURFACE_STYLE_FILL_AREA(#13191);
#13191 = FILL_AREA_STYLE('',(#13192));
#13192 = FILL_AREA_STYLE_COLOUR('',#12165);
#13193 = CURVE_STYLE('',#13194,POSITIVE_LENGTH_MEASURE(0.1),#12165);
#13194 = DRAUGHTING_PRE_DEFINED_CURVE_FONT('continuous');
#13195 = STYLED_ITEM('color',(#13196),#7498);
#13196 = PRESENTATION_STYLE_ASSIGNMENT((#13197,#13202));
#13197 = SURFACE_STYLE_USAGE(.BOTH.,#13198);
#13198 = SURFACE_SIDE_STYLE('',(#13199));
#13199 = SURFACE_STYLE_FILL_AREA(#13200);
#13200 = FILL_AREA_STYLE('',(#13201));
#13201 = FILL_AREA_STYLE_COLOUR('',#12165);
#13202 = CURVE_STYLE('',#13203,POSITIVE_LENGTH_MEASURE(0.1),#12165);
#13203 = DRAUGHTING_PRE_DEFINED_CURVE_FONT('continuous');
#13204 = STYLED_ITEM('color',(#13205),#7515);
#13205 = PRESENTATION_STYLE_ASSIGNMENT((#13206,#13211));
#13206 = SURFACE_STYLE_USAGE(.BOTH.,#13207);
#13207 = SURFACE_SIDE_STYLE('',(#13208));
#13208 = SURFACE_STYLE_FILL_AREA(#13209);
#13209 = FILL_AREA_STYLE('',(#13210));
#13210 = FILL_AREA_STYLE_COLOUR('',#12373);
#13211 = CURVE_STYLE('',#13212,POSITIVE_LENGTH_MEASURE(0.1),#12373);
#13212 = DRAUGHTING_PRE_DEFINED_CURVE_FONT('continuous');
#13213 = STYLED_ITEM('color',(#13214),#7539);
#13214 = PRESENTATION_STYLE_ASSIGNMENT((#13215,#13220));
#13215 = SURFACE_STYLE_USAGE(.BOTH.,#13216);
#13216 = SURFACE_SIDE_STYLE('',(#13217));
#13217 = SURFACE_STYLE_FILL_AREA(#13218);
#13218 = FILL_AREA_STYLE('',(#13219));
#13219 = FILL_AREA_STYLE_COLOUR('',#12373);
#13220 = CURVE_STYLE('',#13221,POSITIVE_LENGTH_MEASURE(0.1),#12373);
#13221 = DRAUGHTING_PRE_DEFINED_CURVE_FONT('continuous');
#13222 = STYLED_ITEM('color',(#13223),#7556);
#13223 = PRESENTATION_STYLE_ASSIGNMENT((#13224,#13229));
#13224 = SURFACE_STYLE_USAGE(.BOTH.,#13225);
#13225 = SURFACE_SIDE_STYLE('',(#13226));
#13226 = SURFACE_STYLE_FILL_AREA(#13227);
#13227 = FILL_AREA_STYLE('',(#13228));
#13228 = FILL_AREA_STYLE_COLOUR('',#12373);
#13229 = CURVE_STYLE('',#13230,POSITIVE_LENGTH_MEASURE(0.1),#12373);
#13230 = DRAUGHTING_PRE_DEFINED_CURVE_FONT('continuous');
#13231 = STYLED_ITEM('color',(#13232),#7573);
#13232 = PRESENTATION_STYLE_ASSIGNMENT((#13233,#13238));
#13233 = SURFACE_STYLE_USAGE(.BOTH.,#13234);
#13234 = SURFACE_SIDE_STYLE('',(#13235));
#13235 = SURFACE_STYLE_FILL_AREA(#13236);
#13236 = FILL_AREA_STYLE('',(#13237));
#13237 = FILL_AREA_STYLE_COLOUR('',#12373);
#13238 = CURVE_STYLE('',#13239,POSITIVE_LENGTH_MEASURE(0.1),#12373);
#13239 = DRAUGHTING_PRE_DEFINED_CURVE_FONT('continuous');
#13240 = STYLED_ITEM('color',(#13241),#7585);
#13241 = PRESENTATION_STYLE_ASSIGNMENT((#13242,#13247));
#13242 = SURFACE_STYLE_USAGE(.BOTH.,#13243);
#13243 = SURFACE_SIDE_STYLE('',(#13244));
#13244 = SURFACE_STYLE_FILL_AREA(#13245);
#13245 = FILL_AREA_STYLE('',(#13246));
#13246 = FILL_AREA_STYLE_COLOUR('',#12165);
#13247 = CURVE_STYLE('',#13248,POSITIVE_LENGTH_MEASURE(0.1),#12165);
#13248 = DRAUGHTING_PRE_DEFINED_CURVE_FONT('continuous');
#13249 = STYLED_ITEM('color',(#13250),#7605);
#13250 = PRESENTATION_STYLE_ASSIGNMENT((#13251,#13256));
#13251 = SURFACE_STYLE_USAGE(.BOTH.,#13252);
#13252 = SURFACE_SIDE_STYLE('',(#13253));
#13253 = SURFACE_STYLE_FILL_AREA(#13254);
#13254 = FILL_AREA_STYLE('',(#13255));
#13255 = FILL_AREA_STYLE_COLOUR('',#12165);
#13256 = CURVE_STYLE('',#13257,POSITIVE_LENGTH_MEASURE(0.1),#12165);
#13257 = DRAUGHTING_PRE_DEFINED_CURVE_FONT('continuous');
#13258 = STYLED_ITEM('color',(#13259),#7617);
#13259 = PRESENTATION_STYLE_ASSIGNMENT((#13260,#13265));
#13260 = SURFACE_STYLE_USAGE(.BOTH.,#13261);
#13261 = SURFACE_SIDE_STYLE('',(#13262));
#13262 = SURFACE_STYLE_FILL_AREA(#13263);
#13263 = FILL_AREA_STYLE('',(#13264));
#13264 = FILL_AREA_STYLE_COLOUR('',#12165);
#13265 = CURVE_STYLE('',#13266,POSITIVE_LENGTH_MEASURE(0.1),#12165);
#13266 = DRAUGHTING_PRE_DEFINED_CURVE_FONT('continuous');
#13267 = STYLED_ITEM('color',(#13268),#7629);
#13268 = PRESENTATION_STYLE_ASSIGNMENT((#13269,#13274));
#13269 = SURFACE_STYLE_USAGE(.BOTH.,#13270);
#13270 = SURFACE_SIDE_STYLE('',(#13271));
#13271 = SURFACE_STYLE_FILL_AREA(#13272);
#13272 = FILL_AREA_STYLE('',(#13273));
#13273 = FILL_AREA_STYLE_COLOUR('',#12165);
#13274 = CURVE_STYLE('',#13275,POSITIVE_LENGTH_MEASURE(0.1),#12165);
#13275 = DRAUGHTING_PRE_DEFINED_CURVE_FONT('continuous');
#13276 = STYLED_ITEM('color',(#13277),#7646);
#13277 = PRESENTATION_STYLE_ASSIGNMENT((#13278,#13283));
#13278 = SURFACE_STYLE_USAGE(.BOTH.,#13279);
#13279 = SURFACE_SIDE_STYLE('',(#13280));
#13280 = SURFACE_STYLE_FILL_AREA(#13281);
#13281 = FILL_AREA_STYLE('',(#13282));
#13282 = FILL_AREA_STYLE_COLOUR('',#12165);
#13283 = CURVE_STYLE('',#13284,POSITIVE_LENGTH_MEASURE(0.1),#12165);
#13284 = DRAUGHTING_PRE_DEFINED_CURVE_FONT('continuous');
#13285 = STYLED_ITEM('color',(#13286),#7658);
#13286 = PRESENTATION_STYLE_ASSIGNMENT((#13287,#13292));
#13287 = SURFACE_STYLE_USAGE(.BOTH.,#13288);
#13288 = SURFACE_SIDE_STYLE('',(#13289));
#13289 = SURFACE_STYLE_FILL_AREA(#13290);
#13290 = FILL_AREA_STYLE('',(#13291));
#13291 = FILL_AREA_STYLE_COLOUR('',#12165);
#13292 = CURVE_STYLE('',#13293,POSITIVE_LENGTH_MEASURE(0.1),#12165);
#13293 = DRAUGHTING_PRE_DEFINED_CURVE_FONT('continuous');
#13294 = STYLED_ITEM('color',(#13295),#7675);
#13295 = PRESENTATION_STYLE_ASSIGNMENT((#13296,#13301));
#13296 = SURFACE_STYLE_USAGE(.BOTH.,#13297);
#13297 = SURFACE_SIDE_STYLE('',(#13298));
#13298 = SURFACE_STYLE_FILL_AREA(#13299);
#13299 = FILL_AREA_STYLE('',(#13300));
#13300 = FILL_AREA_STYLE_COLOUR('',#12165);
#13301 = CURVE_STYLE('',#13302,POSITIVE_LENGTH_MEASURE(0.1),#12165);
#13302 = DRAUGHTING_PRE_DEFINED_CURVE_FONT('continuous');
#13303 = STYLED_ITEM('color',(#13304),#7687);
#13304 = PRESENTATION_STYLE_ASSIGNMENT((#13305,#13310));
#13305 = SURFACE_STYLE_USAGE(.BOTH.,#13306);
#13306 = SURFACE_SIDE_STYLE('',(#13307));
#13307 = SURFACE_STYLE_FILL_AREA(#13308);
#13308 = FILL_AREA_STYLE('',(#13309));
#13309 = FILL_AREA_STYLE_COLOUR('',#12165);
#13310 = CURVE_STYLE('',#13311,POSITIVE_LENGTH_MEASURE(0.1),#12165);
#13311 = DRAUGHTING_PRE_DEFINED_CURVE_FONT('continuous');
#13312 = STYLED_ITEM('color',(#13313),#7704);
#13313 = PRESENTATION_STYLE_ASSIGNMENT((#13314,#13319));
#13314 = SURFACE_STYLE_USAGE(.BOTH.,#13315);
#13315 = SURFACE_SIDE_STYLE('',(#13316));
#13316 = SURFACE_STYLE_FILL_AREA(#13317);
#13317 = FILL_AREA_STYLE('',(#13318));
#13318 = FILL_AREA_STYLE_COLOUR('',#12165);
#13319 = CURVE_STYLE('',#13320,POSITIVE_LENGTH_MEASURE(0.1),#12165);
#13320 = DRAUGHTING_PRE_DEFINED_CURVE_FONT('continuous');
#13321 = STYLED_ITEM('color',(#13322),#7716);
#13322 = PRESENTATION_STYLE_ASSIGNMENT((#13323,#13328));
#13323 = SURFACE_STYLE_USAGE(.BOTH.,#13324);
#13324 = SURFACE_SIDE_STYLE('',(#13325));
#13325 = SURFACE_STYLE_FILL_AREA(#13326);
#13326 = FILL_AREA_STYLE('',(#13327));
#13327 = FILL_AREA_STYLE_COLOUR('',#12165);
#13328 = CURVE_STYLE('',#13329,POSITIVE_LENGTH_MEASURE(0.1),#12165);
#13329 = DRAUGHTING_PRE_DEFINED_CURVE_FONT('continuous');
#13330 = STYLED_ITEM('color',(#13331),#7733);
#13331 = PRESENTATION_STYLE_ASSIGNMENT((#13332,#13337));
#13332 = SURFACE_STYLE_USAGE(.BOTH.,#13333);
#13333 = SURFACE_SIDE_STYLE('',(#13334));
#13334 = SURFACE_STYLE_FILL_AREA(#13335);
#13335 = FILL_AREA_STYLE('',(#13336));
#13336 = FILL_AREA_STYLE_COLOUR('',#12165);
#13337 = CURVE_STYLE('',#13338,POSITIVE_LENGTH_MEASURE(0.1),#12165);
#13338 = DRAUGHTING_PRE_DEFINED_CURVE_FONT('continuous');
#13339 = STYLED_ITEM('color',(#13340),#7745);
#13340 = PRESENTATION_STYLE_ASSIGNMENT((#13341,#13346));
#13341 = SURFACE_STYLE_USAGE(.BOTH.,#13342);
#13342 = SURFACE_SIDE_STYLE('',(#13343));
#13343 = SURFACE_STYLE_FILL_AREA(#13344);
#13344 = FILL_AREA_STYLE('',(#13345));
#13345 = FILL_AREA_STYLE_COLOUR('',#12165);
#13346 = CURVE_STYLE('',#13347,POSITIVE_LENGTH_MEASURE(0.1),#12165);
#13347 = DRAUGHTING_PRE_DEFINED_CURVE_FONT('continuous');
#13348 = STYLED_ITEM('color',(#13349),#7762);
#13349 = PRESENTATION_STYLE_ASSIGNMENT((#13350,#13355));
#13350 = SURFACE_STYLE_USAGE(.BOTH.,#13351);
#13351 = SURFACE_SIDE_STYLE('',(#13352));
#13352 = SURFACE_STYLE_FILL_AREA(#13353);
#13353 = FILL_AREA_STYLE('',(#13354));
#13354 = FILL_AREA_STYLE_COLOUR('',#12165);
#13355 = CURVE_STYLE('',#13356,POSITIVE_LENGTH_MEASURE(0.1),#12165);
#13356 = DRAUGHTING_PRE_DEFINED_CURVE_FONT('continuous');
#13357 = STYLED_ITEM('color',(#13358),#7774);
#13358 = PRESENTATION_STYLE_ASSIGNMENT((#13359,#13364));
#13359 = SURFACE_STYLE_USAGE(.BOTH.,#13360);
#13360 = SURFACE_SIDE_STYLE('',(#13361));
#13361 = SURFACE_STYLE_FILL_AREA(#13362);
#13362 = FILL_AREA_STYLE('',(#13363));
#13363 = FILL_AREA_STYLE_COLOUR('',#12165);
#13364 = CURVE_STYLE('',#13365,POSITIVE_LENGTH_MEASURE(0.1),#12165);
#13365 = DRAUGHTING_PRE_DEFINED_CURVE_FONT('continuous');
#13366 = STYLED_ITEM('color',(#13367),#7791);
#13367 = PRESENTATION_STYLE_ASSIGNMENT((#13368,#13373));
#13368 = SURFACE_STYLE_USAGE(.BOTH.,#13369);
#13369 = SURFACE_SIDE_STYLE('',(#13370));
#13370 = SURFACE_STYLE_FILL_AREA(#13371);
#13371 = FILL_AREA_STYLE('',(#13372));
#13372 = FILL_AREA_STYLE_COLOUR('',#12165);
#13373 = CURVE_STYLE('',#13374,POSITIVE_LENGTH_MEASURE(0.1),#12165);
#13374 = DRAUGHTING_PRE_DEFINED_CURVE_FONT('continuous');
#13375 = STYLED_ITEM('color',(#13376),#7803);
#13376 = PRESENTATION_STYLE_ASSIGNMENT((#13377,#13382));
#13377 = SURFACE_STYLE_USAGE(.BOTH.,#13378);
#13378 = SURFACE_SIDE_STYLE('',(#13379));
#13379 = SURFACE_STYLE_FILL_AREA(#13380);
#13380 = FILL_AREA_STYLE('',(#13381));
#13381 = FILL_AREA_STYLE_COLOUR('',#12165);
#13382 = CURVE_STYLE('',#13383,POSITIVE_LENGTH_MEASURE(0.1),#12165);
#13383 = DRAUGHTING_PRE_DEFINED_CURVE_FONT('continuous');
#13384 = STYLED_ITEM('color',(#13385),#7820);
#13385 = PRESENTATION_STYLE_ASSIGNMENT((#13386,#13391));
#13386 = SURFACE_STYLE_USAGE(.BOTH.,#13387);
#13387 = SURFACE_SIDE_STYLE('',(#13388));
#13388 = SURFACE_STYLE_FILL_AREA(#13389);
#13389 = FILL_AREA_STYLE('',(#13390));
#13390 = FILL_AREA_STYLE_COLOUR('',#12165);
#13391 = CURVE_STYLE('',#13392,POSITIVE_LENGTH_MEASURE(0.1),#12165);
#13392 = DRAUGHTING_PRE_DEFINED_CURVE_FONT('continuous');
#13393 = STYLED_ITEM('color',(#13394),#7832);
#13394 = PRESENTATION_STYLE_ASSIGNMENT((#13395,#13400));
#13395 = SURFACE_STYLE_USAGE(.BOTH.,#13396);
#13396 = SURFACE_SIDE_STYLE('',(#13397));
#13397 = SURFACE_STYLE_FILL_AREA(#13398);
#13398 = FILL_AREA_STYLE('',(#13399));
#13399 = FILL_AREA_STYLE_COLOUR('',#12165);
#13400 = CURVE_STYLE('',#13401,POSITIVE_LENGTH_MEASURE(0.1),#12165);
#13401 = DRAUGHTING_PRE_DEFINED_CURVE_FONT('continuous');
#13402 = STYLED_ITEM('color',(#13403),#7849);
#13403 = PRESENTATION_STYLE_ASSIGNMENT((#13404,#13409));
#13404 = SURFACE_STYLE_USAGE(.BOTH.,#13405);
#13405 = SURFACE_SIDE_STYLE('',(#13406));
#13406 = SURFACE_STYLE_FILL_AREA(#13407);
#13407 = FILL_AREA_STYLE('',(#13408));
#13408 = FILL_AREA_STYLE_COLOUR('',#12165);
#13409 = CURVE_STYLE('',#13410,POSITIVE_LENGTH_MEASURE(0.1),#12165);
#13410 = DRAUGHTING_PRE_DEFINED_CURVE_FONT('continuous');
#13411 = STYLED_ITEM('color',(#13412),#7861);
#13412 = PRESENTATION_STYLE_ASSIGNMENT((#13413,#13418));
#13413 = SURFACE_STYLE_USAGE(.BOTH.,#13414);
#13414 = SURFACE_SIDE_STYLE('',(#13415));
#13415 = SURFACE_STYLE_FILL_AREA(#13416);
#13416 = FILL_AREA_STYLE('',(#13417));
#13417 = FILL_AREA_STYLE_COLOUR('',#12165);
#13418 = CURVE_STYLE('',#13419,POSITIVE_LENGTH_MEASURE(0.1),#12165);
#13419 = DRAUGHTING_PRE_DEFINED_CURVE_FONT('continuous');
#13420 = STYLED_ITEM('color',(#13421),#7878);
#13421 = PRESENTATION_STYLE_ASSIGNMENT((#13422,#13427));
#13422 = SURFACE_STYLE_USAGE(.BOTH.,#13423);
#13423 = SURFACE_SIDE_STYLE('',(#13424));
#13424 = SURFACE_STYLE_FILL_AREA(#13425);
#13425 = FILL_AREA_STYLE('',(#13426));
#13426 = FILL_AREA_STYLE_COLOUR('',#12165);
#13427 = CURVE_STYLE('',#13428,POSITIVE_LENGTH_MEASURE(0.1),#12165);
#13428 = DRAUGHTING_PRE_DEFINED_CURVE_FONT('continuous');
#13429 = STYLED_ITEM('color',(#13430),#7890);
#13430 = PRESENTATION_STYLE_ASSIGNMENT((#13431,#13436));
#13431 = SURFACE_STYLE_USAGE(.BOTH.,#13432);
#13432 = SURFACE_SIDE_STYLE('',(#13433));
#13433 = SURFACE_STYLE_FILL_AREA(#13434);
#13434 = FILL_AREA_STYLE('',(#13435));
#13435 = FILL_AREA_STYLE_COLOUR('',#12165);
#13436 = CURVE_STYLE('',#13437,POSITIVE_LENGTH_MEASURE(0.1),#12165);
#13437 = DRAUGHTING_PRE_DEFINED_CURVE_FONT('continuous');
#13438 = STYLED_ITEM('color',(#13439),#7907);
#13439 = PRESENTATION_STYLE_ASSIGNMENT((#13440,#13445));
#13440 = SURFACE_STYLE_USAGE(.BOTH.,#13441);
#13441 = SURFACE_SIDE_STYLE('',(#13442));
#13442 = SURFACE_STYLE_FILL_AREA(#13443);
#13443 = FILL_AREA_STYLE('',(#13444));
#13444 = FILL_AREA_STYLE_COLOUR('',#12165);
#13445 = CURVE_STYLE('',#13446,POSITIVE_LENGTH_MEASURE(0.1),#12165);
#13446 = DRAUGHTING_PRE_DEFINED_CURVE_FONT('continuous');
#13447 = STYLED_ITEM('color',(#13448),#7919);
#13448 = PRESENTATION_STYLE_ASSIGNMENT((#13449,#13454));
#13449 = SURFACE_STYLE_USAGE(.BOTH.,#13450);
#13450 = SURFACE_SIDE_STYLE('',(#13451));
#13451 = SURFACE_STYLE_FILL_AREA(#13452);
#13452 = FILL_AREA_STYLE('',(#13453));
#13453 = FILL_AREA_STYLE_COLOUR('',#12165);
#13454 = CURVE_STYLE('',#13455,POSITIVE_LENGTH_MEASURE(0.1),#12165);
#13455 = DRAUGHTING_PRE_DEFINED_CURVE_FONT('continuous');
#13456 = STYLED_ITEM('color',(#13457),#7936);
#13457 = PRESENTATION_STYLE_ASSIGNMENT((#13458,#13463));
#13458 = SURFACE_STYLE_USAGE(.BOTH.,#13459);
#13459 = SURFACE_SIDE_STYLE('',(#13460));
#13460 = SURFACE_STYLE_FILL_AREA(#13461);
#13461 = FILL_AREA_STYLE('',(#13462));
#13462 = FILL_AREA_STYLE_COLOUR('',#12165);
#13463 = CURVE_STYLE('',#13464,POSITIVE_LENGTH_MEASURE(0.1),#12165);
#13464 = DRAUGHTING_PRE_DEFINED_CURVE_FONT('continuous');
#13465 = STYLED_ITEM('color',(#13466),#7948);
#13466 = PRESENTATION_STYLE_ASSIGNMENT((#13467,#13472));
#13467 = SURFACE_STYLE_USAGE(.BOTH.,#13468);
#13468 = SURFACE_SIDE_STYLE('',(#13469));
#13469 = SURFACE_STYLE_FILL_AREA(#13470);
#13470 = FILL_AREA_STYLE('',(#13471));
#13471 = FILL_AREA_STYLE_COLOUR('',#12165);
#13472 = CURVE_STYLE('',#13473,POSITIVE_LENGTH_MEASURE(0.1),#12165);
#13473 = DRAUGHTING_PRE_DEFINED_CURVE_FONT('continuous');
#13474 = STYLED_ITEM('color',(#13475),#7965);
#13475 = PRESENTATION_STYLE_ASSIGNMENT((#13476,#13481));
#13476 = SURFACE_STYLE_USAGE(.BOTH.,#13477);
#13477 = SURFACE_SIDE_STYLE('',(#13478));
#13478 = SURFACE_STYLE_FILL_AREA(#13479);
#13479 = FILL_AREA_STYLE('',(#13480));
#13480 = FILL_AREA_STYLE_COLOUR('',#12165);
#13481 = CURVE_STYLE('',#13482,POSITIVE_LENGTH_MEASURE(0.1),#12165);
#13482 = DRAUGHTING_PRE_DEFINED_CURVE_FONT('continuous');
#13483 = STYLED_ITEM('color',(#13484),#7977);
#13484 = PRESENTATION_STYLE_ASSIGNMENT((#13485,#13490));
#13485 = SURFACE_STYLE_USAGE(.BOTH.,#13486);
#13486 = SURFACE_SIDE_STYLE('',(#13487));
#13487 = SURFACE_STYLE_FILL_AREA(#13488);
#13488 = FILL_AREA_STYLE('',(#13489));
#13489 = FILL_AREA_STYLE_COLOUR('',#12165);
#13490 = CURVE_STYLE('',#13491,POSITIVE_LENGTH_MEASURE(0.1),#12165);
#13491 = DRAUGHTING_PRE_DEFINED_CURVE_FONT('continuous');
#13492 = STYLED_ITEM('color',(#13493),#7994);
#13493 = PRESENTATION_STYLE_ASSIGNMENT((#13494,#13499));
#13494 = SURFACE_STYLE_USAGE(.BOTH.,#13495);
#13495 = SURFACE_SIDE_STYLE('',(#13496));
#13496 = SURFACE_STYLE_FILL_AREA(#13497);
#13497 = FILL_AREA_STYLE('',(#13498));
#13498 = FILL_AREA_STYLE_COLOUR('',#12165);
#13499 = CURVE_STYLE('',#13500,POSITIVE_LENGTH_MEASURE(0.1),#12165);
#13500 = DRAUGHTING_PRE_DEFINED_CURVE_FONT('continuous');
#13501 = STYLED_ITEM('color',(#13502),#8006);
#13502 = PRESENTATION_STYLE_ASSIGNMENT((#13503,#13508));
#13503 = SURFACE_STYLE_USAGE(.BOTH.,#13504);
#13504 = SURFACE_SIDE_STYLE('',(#13505));
#13505 = SURFACE_STYLE_FILL_AREA(#13506);
#13506 = FILL_AREA_STYLE('',(#13507));
#13507 = FILL_AREA_STYLE_COLOUR('',#12165);
#13508 = CURVE_STYLE('',#13509,POSITIVE_LENGTH_MEASURE(0.1),#12165);
#13509 = DRAUGHTING_PRE_DEFINED_CURVE_FONT('continuous');
#13510 = STYLED_ITEM('color',(#13511),#8023);
#13511 = PRESENTATION_STYLE_ASSIGNMENT((#13512,#13517));
#13512 = SURFACE_STYLE_USAGE(.BOTH.,#13513);
#13513 = SURFACE_SIDE_STYLE('',(#13514));
#13514 = SURFACE_STYLE_FILL_AREA(#13515);
#13515 = FILL_AREA_STYLE('',(#13516));
#13516 = FILL_AREA_STYLE_COLOUR('',#12165);
#13517 = CURVE_STYLE('',#13518,POSITIVE_LENGTH_MEASURE(0.1),#12165);
#13518 = DRAUGHTING_PRE_DEFINED_CURVE_FONT('continuous');
#13519 = STYLED_ITEM('color',(#13520),#8035);
#13520 = PRESENTATION_STYLE_ASSIGNMENT((#13521,#13526));
#13521 = SURFACE_STYLE_USAGE(.BOTH.,#13522);
#13522 = SURFACE_SIDE_STYLE('',(#13523));
#13523 = SURFACE_STYLE_FILL_AREA(#13524);
#13524 = FILL_AREA_STYLE('',(#13525));
#13525 = FILL_AREA_STYLE_COLOUR('',#12373);
#13526 = CURVE_STYLE('',#13527,POSITIVE_LENGTH_MEASURE(0.1),#12373);
#13527 = DRAUGHTING_PRE_DEFINED_CURVE_FONT('continuous');
#13528 = STYLED_ITEM('color',(#13529),#8047);
#13529 = PRESENTATION_STYLE_ASSIGNMENT((#13530,#13535));
#13530 = SURFACE_STYLE_USAGE(.BOTH.,#13531);
#13531 = SURFACE_SIDE_STYLE('',(#13532));
#13532 = SURFACE_STYLE_FILL_AREA(#13533);
#13533 = FILL_AREA_STYLE('',(#13534));
#13534 = FILL_AREA_STYLE_COLOUR('',#12373);
#13535 = CURVE_STYLE('',#13536,POSITIVE_LENGTH_MEASURE(0.1),#12373);
#13536 = DRAUGHTING_PRE_DEFINED_CURVE_FONT('continuous');
#13537 = STYLED_ITEM('color',(#13538),#8535);
#13538 = PRESENTATION_STYLE_ASSIGNMENT((#13539,#13544));
#13539 = SURFACE_STYLE_USAGE(.BOTH.,#13540);
#13540 = SURFACE_SIDE_STYLE('',(#13541));
#13541 = SURFACE_STYLE_FILL_AREA(#13542);
#13542 = FILL_AREA_STYLE('',(#13543));
#13543 = FILL_AREA_STYLE_COLOUR('',#12373);
#13544 = CURVE_STYLE('',#13545,POSITIVE_LENGTH_MEASURE(0.1),#12373);
#13545 = DRAUGHTING_PRE_DEFINED_CURVE_FONT('continuous');
#13546 = STYLED_ITEM('color',(#13547),#8547);
#13547 = PRESENTATION_STYLE_ASSIGNMENT((#13548,#13553));
#13548 = SURFACE_STYLE_USAGE(.BOTH.,#13549);
#13549 = SURFACE_SIDE_STYLE('',(#13550));
#13550 = SURFACE_STYLE_FILL_AREA(#13551);
#13551 = FILL_AREA_STYLE('',(#13552));
#13552 = FILL_AREA_STYLE_COLOUR('',#12165);
#13553 = CURVE_STYLE('',#13554,POSITIVE_LENGTH_MEASURE(0.1),#12165);
#13554 = DRAUGHTING_PRE_DEFINED_CURVE_FONT('continuous');
#13555 = STYLED_ITEM('color',(#13556),#8578);
#13556 = PRESENTATION_STYLE_ASSIGNMENT((#13557,#13562));
#13557 = SURFACE_STYLE_USAGE(.BOTH.,#13558);
#13558 = SURFACE_SIDE_STYLE('',(#13559));
#13559 = SURFACE_STYLE_FILL_AREA(#13560);
#13560 = FILL_AREA_STYLE('',(#13561));
#13561 = FILL_AREA_STYLE_COLOUR('',#12165);
#13562 = CURVE_STYLE('',#13563,POSITIVE_LENGTH_MEASURE(0.1),#12165);
#13563 = DRAUGHTING_PRE_DEFINED_CURVE_FONT('continuous');
#13564 = STYLED_ITEM('color',(#13565),#8602);
#13565 = PRESENTATION_STYLE_ASSIGNMENT((#13566,#13571));
#13566 = SURFACE_STYLE_USAGE(.BOTH.,#13567);
#13567 = SURFACE_SIDE_STYLE('',(#13568));
#13568 = SURFACE_STYLE_FILL_AREA(#13569);
#13569 = FILL_AREA_STYLE('',(#13570));
#13570 = FILL_AREA_STYLE_COLOUR('',#12165);
#13571 = CURVE_STYLE('',#13572,POSITIVE_LENGTH_MEASURE(0.1),#12165);
#13572 = DRAUGHTING_PRE_DEFINED_CURVE_FONT('continuous');
#13573 = STYLED_ITEM('color',(#13574),#8626);
#13574 = PRESENTATION_STYLE_ASSIGNMENT((#13575,#13580));
#13575 = SURFACE_STYLE_USAGE(.BOTH.,#13576);
#13576 = SURFACE_SIDE_STYLE('',(#13577));
#13577 = SURFACE_STYLE_FILL_AREA(#13578);
#13578 = FILL_AREA_STYLE('',(#13579));
#13579 = FILL_AREA_STYLE_COLOUR('',#12165);
#13580 = CURVE_STYLE('',#13581,POSITIVE_LENGTH_MEASURE(0.1),#12165);
#13581 = DRAUGHTING_PRE_DEFINED_CURVE_FONT('continuous');
#13582 = STYLED_ITEM('color',(#13583),#8643);
#13583 = PRESENTATION_STYLE_ASSIGNMENT((#13584,#13589));
#13584 = SURFACE_STYLE_USAGE(.BOTH.,#13585);
#13585 = SURFACE_SIDE_STYLE('',(#13586));
#13586 = SURFACE_STYLE_FILL_AREA(#13587);
#13587 = FILL_AREA_STYLE('',(#13588));
#13588 = FILL_AREA_STYLE_COLOUR('',#12165);
#13589 = CURVE_STYLE('',#13590,POSITIVE_LENGTH_MEASURE(0.1),#12165);
#13590 = DRAUGHTING_PRE_DEFINED_CURVE_FONT('continuous');
#13591 = STYLED_ITEM('color',(#13592),#8674);
#13592 = PRESENTATION_STYLE_ASSIGNMENT((#13593,#13598));
#13593 = SURFACE_STYLE_USAGE(.BOTH.,#13594);
#13594 = SURFACE_SIDE_STYLE('',(#13595));
#13595 = SURFACE_STYLE_FILL_AREA(#13596);
#13596 = FILL_AREA_STYLE('',(#13597));
#13597 = FILL_AREA_STYLE_COLOUR('',#12165);
#13598 = CURVE_STYLE('',#13599,POSITIVE_LENGTH_MEASURE(0.1),#12165);
#13599 = DRAUGHTING_PRE_DEFINED_CURVE_FONT('continuous');
#13600 = STYLED_ITEM('color',(#13601),#8698);
#13601 = PRESENTATION_STYLE_ASSIGNMENT((#13602,#13607));
#13602 = SURFACE_STYLE_USAGE(.BOTH.,#13603);
#13603 = SURFACE_SIDE_STYLE('',(#13604));
#13604 = SURFACE_STYLE_FILL_AREA(#13605);
#13605 = FILL_AREA_STYLE('',(#13606));
#13606 = FILL_AREA_STYLE_COLOUR('',#12165);
#13607 = CURVE_STYLE('',#13608,POSITIVE_LENGTH_MEASURE(0.1),#12165);
#13608 = DRAUGHTING_PRE_DEFINED_CURVE_FONT('continuous');
#13609 = STYLED_ITEM('color',(#13610),#8722);
#13610 = PRESENTATION_STYLE_ASSIGNMENT((#13611,#13616));
#13611 = SURFACE_STYLE_USAGE(.BOTH.,#13612);
#13612 = SURFACE_SIDE_STYLE('',(#13613));
#13613 = SURFACE_STYLE_FILL_AREA(#13614);
#13614 = FILL_AREA_STYLE('',(#13615));
#13615 = FILL_AREA_STYLE_COLOUR('',#12165);
#13616 = CURVE_STYLE('',#13617,POSITIVE_LENGTH_MEASURE(0.1),#12165);
#13617 = DRAUGHTING_PRE_DEFINED_CURVE_FONT('continuous');
#13618 = STYLED_ITEM('color',(#13619),#8739);
#13619 = PRESENTATION_STYLE_ASSIGNMENT((#13620,#13625));
#13620 = SURFACE_STYLE_USAGE(.BOTH.,#13621);
#13621 = SURFACE_SIDE_STYLE('',(#13622));
#13622 = SURFACE_STYLE_FILL_AREA(#13623);
#13623 = FILL_AREA_STYLE('',(#13624));
#13624 = FILL_AREA_STYLE_COLOUR('',#12165);
#13625 = CURVE_STYLE('',#13626,POSITIVE_LENGTH_MEASURE(0.1),#12165);
#13626 = DRAUGHTING_PRE_DEFINED_CURVE_FONT('continuous');
#13627 = STYLED_ITEM('color',(#13628),#8770);
#13628 = PRESENTATION_STYLE_ASSIGNMENT((#13629,#13634));
#13629 = SURFACE_STYLE_USAGE(.BOTH.,#13630);
#13630 = SURFACE_SIDE_STYLE('',(#13631));
#13631 = SURFACE_STYLE_FILL_AREA(#13632);
#13632 = FILL_AREA_STYLE('',(#13633));
#13633 = FILL_AREA_STYLE_COLOUR('',#12165);
#13634 = CURVE_STYLE('',#13635,POSITIVE_LENGTH_MEASURE(0.1),#12165);
#13635 = DRAUGHTING_PRE_DEFINED_CURVE_FONT('continuous');
#13636 = STYLED_ITEM('color',(#13637),#8794);
#13637 = PRESENTATION_STYLE_ASSIGNMENT((#13638,#13643));
#13638 = SURFACE_STYLE_USAGE(.BOTH.,#13639);
#13639 = SURFACE_SIDE_STYLE('',(#13640));
#13640 = SURFACE_STYLE_FILL_AREA(#13641);
#13641 = FILL_AREA_STYLE('',(#13642));
#13642 = FILL_AREA_STYLE_COLOUR('',#12165);
#13643 = CURVE_STYLE('',#13644,POSITIVE_LENGTH_MEASURE(0.1),#12165);
#13644 = DRAUGHTING_PRE_DEFINED_CURVE_FONT('continuous');
#13645 = STYLED_ITEM('color',(#13646),#8818);
#13646 = PRESENTATION_STYLE_ASSIGNMENT((#13647,#13652));
#13647 = SURFACE_STYLE_USAGE(.BOTH.,#13648);
#13648 = SURFACE_SIDE_STYLE('',(#13649));
#13649 = SURFACE_STYLE_FILL_AREA(#13650);
#13650 = FILL_AREA_STYLE('',(#13651));
#13651 = FILL_AREA_STYLE_COLOUR('',#12165);
#13652 = CURVE_STYLE('',#13653,POSITIVE_LENGTH_MEASURE(0.1),#12165);
#13653 = DRAUGHTING_PRE_DEFINED_CURVE_FONT('continuous');
#13654 = STYLED_ITEM('color',(#13655),#8835);
#13655 = PRESENTATION_STYLE_ASSIGNMENT((#13656,#13661));
#13656 = SURFACE_STYLE_USAGE(.BOTH.,#13657);
#13657 = SURFACE_SIDE_STYLE('',(#13658));
#13658 = SURFACE_STYLE_FILL_AREA(#13659);
#13659 = FILL_AREA_STYLE('',(#13660));
#13660 = FILL_AREA_STYLE_COLOUR('',#12165);
#13661 = CURVE_STYLE('',#13662,POSITIVE_LENGTH_MEASURE(0.1),#12165);
#13662 = DRAUGHTING_PRE_DEFINED_CURVE_FONT('continuous');
#13663 = STYLED_ITEM('color',(#13664),#8866);
#13664 = PRESENTATION_STYLE_ASSIGNMENT((#13665,#13670));
#13665 = SURFACE_STYLE_USAGE(.BOTH.,#13666);
#13666 = SURFACE_SIDE_STYLE('',(#13667));
#13667 = SURFACE_STYLE_FILL_AREA(#13668);
#13668 = FILL_AREA_STYLE('',(#13669));
#13669 = FILL_AREA_STYLE_COLOUR('',#12165);
#13670 = CURVE_STYLE('',#13671,POSITIVE_LENGTH_MEASURE(0.1),#12165);
#13671 = DRAUGHTING_PRE_DEFINED_CURVE_FONT('continuous');
#13672 = STYLED_ITEM('color',(#13673),#8890);
#13673 = PRESENTATION_STYLE_ASSIGNMENT((#13674,#13679));
#13674 = SURFACE_STYLE_USAGE(.BOTH.,#13675);
#13675 = SURFACE_SIDE_STYLE('',(#13676));
#13676 = SURFACE_STYLE_FILL_AREA(#13677);
#13677 = FILL_AREA_STYLE('',(#13678));
#13678 = FILL_AREA_STYLE_COLOUR('',#12165);
#13679 = CURVE_STYLE('',#13680,POSITIVE_LENGTH_MEASURE(0.1),#12165);
#13680 = DRAUGHTING_PRE_DEFINED_CURVE_FONT('continuous');
#13681 = STYLED_ITEM('color',(#13682),#8914);
#13682 = PRESENTATION_STYLE_ASSIGNMENT((#13683,#13688));
#13683 = SURFACE_STYLE_USAGE(.BOTH.,#13684);
#13684 = SURFACE_SIDE_STYLE('',(#13685));
#13685 = SURFACE_STYLE_FILL_AREA(#13686);
#13686 = FILL_AREA_STYLE('',(#13687));
#13687 = FILL_AREA_STYLE_COLOUR('',#12165);
#13688 = CURVE_STYLE('',#13689,POSITIVE_LENGTH_MEASURE(0.1),#12165);
#13689 = DRAUGHTING_PRE_DEFINED_CURVE_FONT('continuous');
#13690 = STYLED_ITEM('color',(#13691),#8931);
#13691 = PRESENTATION_STYLE_ASSIGNMENT((#13692,#13697));
#13692 = SURFACE_STYLE_USAGE(.BOTH.,#13693);
#13693 = SURFACE_SIDE_STYLE('',(#13694));
#13694 = SURFACE_STYLE_FILL_AREA(#13695);
#13695 = FILL_AREA_STYLE('',(#13696));
#13696 = FILL_AREA_STYLE_COLOUR('',#12165);
#13697 = CURVE_STYLE('',#13698,POSITIVE_LENGTH_MEASURE(0.1),#12165);
#13698 = DRAUGHTING_PRE_DEFINED_CURVE_FONT('continuous');
#13699 = STYLED_ITEM('color',(#13700),#8962);
#13700 = PRESENTATION_STYLE_ASSIGNMENT((#13701,#13706));
#13701 = SURFACE_STYLE_USAGE(.BOTH.,#13702);
#13702 = SURFACE_SIDE_STYLE('',(#13703));
#13703 = SURFACE_STYLE_FILL_AREA(#13704);
#13704 = FILL_AREA_STYLE('',(#13705));
#13705 = FILL_AREA_STYLE_COLOUR('',#12165);
#13706 = CURVE_STYLE('',#13707,POSITIVE_LENGTH_MEASURE(0.1),#12165);
#13707 = DRAUGHTING_PRE_DEFINED_CURVE_FONT('continuous');
#13708 = STYLED_ITEM('color',(#13709),#8986);
#13709 = PRESENTATION_STYLE_ASSIGNMENT((#13710,#13715));
#13710 = SURFACE_STYLE_USAGE(.BOTH.,#13711);
#13711 = SURFACE_SIDE_STYLE('',(#13712));
#13712 = SURFACE_STYLE_FILL_AREA(#13713);
#13713 = FILL_AREA_STYLE('',(#13714));
#13714 = FILL_AREA_STYLE_COLOUR('',#12165);
#13715 = CURVE_STYLE('',#13716,POSITIVE_LENGTH_MEASURE(0.1),#12165);
#13716 = DRAUGHTING_PRE_DEFINED_CURVE_FONT('continuous');
#13717 = STYLED_ITEM('color',(#13718),#9010);
#13718 = PRESENTATION_STYLE_ASSIGNMENT((#13719,#13724));
#13719 = SURFACE_STYLE_USAGE(.BOTH.,#13720);
#13720 = SURFACE_SIDE_STYLE('',(#13721));
#13721 = SURFACE_STYLE_FILL_AREA(#13722);
#13722 = FILL_AREA_STYLE('',(#13723));
#13723 = FILL_AREA_STYLE_COLOUR('',#12165);
#13724 = CURVE_STYLE('',#13725,POSITIVE_LENGTH_MEASURE(0.1),#12165);
#13725 = DRAUGHTING_PRE_DEFINED_CURVE_FONT('continuous');
#13726 = STYLED_ITEM('color',(#13727),#9027);
#13727 = PRESENTATION_STYLE_ASSIGNMENT((#13728,#13733));
#13728 = SURFACE_STYLE_USAGE(.BOTH.,#13729);
#13729 = SURFACE_SIDE_STYLE('',(#13730));
#13730 = SURFACE_STYLE_FILL_AREA(#13731);
#13731 = FILL_AREA_STYLE('',(#13732));
#13732 = FILL_AREA_STYLE_COLOUR('',#12165);
#13733 = CURVE_STYLE('',#13734,POSITIVE_LENGTH_MEASURE(0.1),#12165);
#13734 = DRAUGHTING_PRE_DEFINED_CURVE_FONT('continuous');
#13735 = STYLED_ITEM('color',(#13736),#9058);
#13736 = PRESENTATION_STYLE_ASSIGNMENT((#13737,#13742));
#13737 = SURFACE_STYLE_USAGE(.BOTH.,#13738);
#13738 = SURFACE_SIDE_STYLE('',(#13739));
#13739 = SURFACE_STYLE_FILL_AREA(#13740);
#13740 = FILL_AREA_STYLE('',(#13741));
#13741 = FILL_AREA_STYLE_COLOUR('',#12165);
#13742 = CURVE_STYLE('',#13743,POSITIVE_LENGTH_MEASURE(0.1),#12165);
#13743 = DRAUGHTING_PRE_DEFINED_CURVE_FONT('continuous');
#13744 = STYLED_ITEM('color',(#13745),#9082);
#13745 = PRESENTATION_STYLE_ASSIGNMENT((#13746,#13751));
#13746 = SURFACE_STYLE_USAGE(.BOTH.,#13747);
#13747 = SURFACE_SIDE_STYLE('',(#13748));
#13748 = SURFACE_STYLE_FILL_AREA(#13749);
#13749 = FILL_AREA_STYLE('',(#13750));
#13750 = FILL_AREA_STYLE_COLOUR('',#12165);
#13751 = CURVE_STYLE('',#13752,POSITIVE_LENGTH_MEASURE(0.1),#12165);
#13752 = DRAUGHTING_PRE_DEFINED_CURVE_FONT('continuous');
#13753 = STYLED_ITEM('color',(#13754),#9106);
#13754 = PRESENTATION_STYLE_ASSIGNMENT((#13755,#13760));
#13755 = SURFACE_STYLE_USAGE(.BOTH.,#13756);
#13756 = SURFACE_SIDE_STYLE('',(#13757));
#13757 = SURFACE_STYLE_FILL_AREA(#13758);
#13758 = FILL_AREA_STYLE('',(#13759));
#13759 = FILL_AREA_STYLE_COLOUR('',#12165);
#13760 = CURVE_STYLE('',#13761,POSITIVE_LENGTH_MEASURE(0.1),#12165);
#13761 = DRAUGHTING_PRE_DEFINED_CURVE_FONT('continuous');
#13762 = STYLED_ITEM('color',(#13763),#9123);
#13763 = PRESENTATION_STYLE_ASSIGNMENT((#13764,#13769));
#13764 = SURFACE_STYLE_USAGE(.BOTH.,#13765);
#13765 = SURFACE_SIDE_STYLE('',(#13766));
#13766 = SURFACE_STYLE_FILL_AREA(#13767);
#13767 = FILL_AREA_STYLE('',(#13768));
#13768 = FILL_AREA_STYLE_COLOUR('',#12165);
#13769 = CURVE_STYLE('',#13770,POSITIVE_LENGTH_MEASURE(0.1),#12165);
#13770 = DRAUGHTING_PRE_DEFINED_CURVE_FONT('continuous');
#13771 = STYLED_ITEM('color',(#13772),#9154);
#13772 = PRESENTATION_STYLE_ASSIGNMENT((#13773,#13778));
#13773 = SURFACE_STYLE_USAGE(.BOTH.,#13774);
#13774 = SURFACE_SIDE_STYLE('',(#13775));
#13775 = SURFACE_STYLE_FILL_AREA(#13776);
#13776 = FILL_AREA_STYLE('',(#13777));
#13777 = FILL_AREA_STYLE_COLOUR('',#12165);
#13778 = CURVE_STYLE('',#13779,POSITIVE_LENGTH_MEASURE(0.1),#12165);
#13779 = DRAUGHTING_PRE_DEFINED_CURVE_FONT('continuous');
#13780 = STYLED_ITEM('color',(#13781),#9178);
#13781 = PRESENTATION_STYLE_ASSIGNMENT((#13782,#13787));
#13782 = SURFACE_STYLE_USAGE(.BOTH.,#13783);
#13783 = SURFACE_SIDE_STYLE('',(#13784));
#13784 = SURFACE_STYLE_FILL_AREA(#13785);
#13785 = FILL_AREA_STYLE('',(#13786));
#13786 = FILL_AREA_STYLE_COLOUR('',#12165);
#13787 = CURVE_STYLE('',#13788,POSITIVE_LENGTH_MEASURE(0.1),#12165);
#13788 = DRAUGHTING_PRE_DEFINED_CURVE_FONT('continuous');
#13789 = STYLED_ITEM('color',(#13790),#9202);
#13790 = PRESENTATION_STYLE_ASSIGNMENT((#13791,#13796));
#13791 = SURFACE_STYLE_USAGE(.BOTH.,#13792);
#13792 = SURFACE_SIDE_STYLE('',(#13793));
#13793 = SURFACE_STYLE_FILL_AREA(#13794);
#13794 = FILL_AREA_STYLE('',(#13795));
#13795 = FILL_AREA_STYLE_COLOUR('',#12165);
#13796 = CURVE_STYLE('',#13797,POSITIVE_LENGTH_MEASURE(0.1),#12165);
#13797 = DRAUGHTING_PRE_DEFINED_CURVE_FONT('continuous');
#13798 = STYLED_ITEM('color',(#13799),#9219);
#13799 = PRESENTATION_STYLE_ASSIGNMENT((#13800,#13805));
#13800 = SURFACE_STYLE_USAGE(.BOTH.,#13801);
#13801 = SURFACE_SIDE_STYLE('',(#13802));
#13802 = SURFACE_STYLE_FILL_AREA(#13803);
#13803 = FILL_AREA_STYLE('',(#13804));
#13804 = FILL_AREA_STYLE_COLOUR('',#12165);
#13805 = CURVE_STYLE('',#13806,POSITIVE_LENGTH_MEASURE(0.1),#12165);
#13806 = DRAUGHTING_PRE_DEFINED_CURVE_FONT('continuous');
#13807 = STYLED_ITEM('color',(#13808),#9250);
#13808 = PRESENTATION_STYLE_ASSIGNMENT((#13809,#13814));
#13809 = SURFACE_STYLE_USAGE(.BOTH.,#13810);
#13810 = SURFACE_SIDE_STYLE('',(#13811));
#13811 = SURFACE_STYLE_FILL_AREA(#13812);
#13812 = FILL_AREA_STYLE('',(#13813));
#13813 = FILL_AREA_STYLE_COLOUR('',#12165);
#13814 = CURVE_STYLE('',#13815,POSITIVE_LENGTH_MEASURE(0.1),#12165);
#13815 = DRAUGHTING_PRE_DEFINED_CURVE_FONT('continuous');
#13816 = STYLED_ITEM('color',(#13817),#9274);
#13817 = PRESENTATION_STYLE_ASSIGNMENT((#13818,#13823));
#13818 = SURFACE_STYLE_USAGE(.BOTH.,#13819);
#13819 = SURFACE_SIDE_STYLE('',(#13820));
#13820 = SURFACE_STYLE_FILL_AREA(#13821);
#13821 = FILL_AREA_STYLE('',(#13822));
#13822 = FILL_AREA_STYLE_COLOUR('',#12165);
#13823 = CURVE_STYLE('',#13824,POSITIVE_LENGTH_MEASURE(0.1),#12165);
#13824 = DRAUGHTING_PRE_DEFINED_CURVE_FONT('continuous');
#13825 = STYLED_ITEM('color',(#13826),#9298);
#13826 = PRESENTATION_STYLE_ASSIGNMENT((#13827,#13832));
#13827 = SURFACE_STYLE_USAGE(.BOTH.,#13828);
#13828 = SURFACE_SIDE_STYLE('',(#13829));
#13829 = SURFACE_STYLE_FILL_AREA(#13830);
#13830 = FILL_AREA_STYLE('',(#13831));
#13831 = FILL_AREA_STYLE_COLOUR('',#12165);
#13832 = CURVE_STYLE('',#13833,POSITIVE_LENGTH_MEASURE(0.1),#12165);
#13833 = DRAUGHTING_PRE_DEFINED_CURVE_FONT('continuous');
#13834 = STYLED_ITEM('color',(#13835),#9315);
#13835 = PRESENTATION_STYLE_ASSIGNMENT((#13836,#13841));
#13836 = SURFACE_STYLE_USAGE(.BOTH.,#13837);
#13837 = SURFACE_SIDE_STYLE('',(#13838));
#13838 = SURFACE_STYLE_FILL_AREA(#13839);
#13839 = FILL_AREA_STYLE('',(#13840));
#13840 = FILL_AREA_STYLE_COLOUR('',#12165);
#13841 = CURVE_STYLE('',#13842,POSITIVE_LENGTH_MEASURE(0.1),#12165);
#13842 = DRAUGHTING_PRE_DEFINED_CURVE_FONT('continuous');
#13843 = STYLED_ITEM('color',(#13844),#9346);
#13844 = PRESENTATION_STYLE_ASSIGNMENT((#13845,#13850));
#13845 = SURFACE_STYLE_USAGE(.BOTH.,#13846);
#13846 = SURFACE_SIDE_STYLE('',(#13847));
#13847 = SURFACE_STYLE_FILL_AREA(#13848);
#13848 = FILL_AREA_STYLE('',(#13849));
#13849 = FILL_AREA_STYLE_COLOUR('',#12165);
#13850 = CURVE_STYLE('',#13851,POSITIVE_LENGTH_MEASURE(0.1),#12165);
#13851 = DRAUGHTING_PRE_DEFINED_CURVE_FONT('continuous');
#13852 = STYLED_ITEM('color',(#13853),#9370);
#13853 = PRESENTATION_STYLE_ASSIGNMENT((#13854,#13859));
#13854 = SURFACE_STYLE_USAGE(.BOTH.,#13855);
#13855 = SURFACE_SIDE_STYLE('',(#13856));
#13856 = SURFACE_STYLE_FILL_AREA(#13857);
#13857 = FILL_AREA_STYLE('',(#13858));
#13858 = FILL_AREA_STYLE_COLOUR('',#12165);
#13859 = CURVE_STYLE('',#13860,POSITIVE_LENGTH_MEASURE(0.1),#12165);
#13860 = DRAUGHTING_PRE_DEFINED_CURVE_FONT('continuous');
#13861 = STYLED_ITEM('color',(#13862),#9394);
#13862 = PRESENTATION_STYLE_ASSIGNMENT((#13863,#13868));
#13863 = SURFACE_STYLE_USAGE(.BOTH.,#13864);
#13864 = SURFACE_SIDE_STYLE('',(#13865));
#13865 = SURFACE_STYLE_FILL_AREA(#13866);
#13866 = FILL_AREA_STYLE('',(#13867));
#13867 = FILL_AREA_STYLE_COLOUR('',#12165);
#13868 = CURVE_STYLE('',#13869,POSITIVE_LENGTH_MEASURE(0.1),#12165);
#13869 = DRAUGHTING_PRE_DEFINED_CURVE_FONT('continuous');
#13870 = STYLED_ITEM('color',(#13871),#9411);
#13871 = PRESENTATION_STYLE_ASSIGNMENT((#13872,#13877));
#13872 = SURFACE_STYLE_USAGE(.BOTH.,#13873);
#13873 = SURFACE_SIDE_STYLE('',(#13874));
#13874 = SURFACE_STYLE_FILL_AREA(#13875);
#13875 = FILL_AREA_STYLE('',(#13876));
#13876 = FILL_AREA_STYLE_COLOUR('',#12165);
#13877 = CURVE_STYLE('',#13878,POSITIVE_LENGTH_MEASURE(0.1),#12165);
#13878 = DRAUGHTING_PRE_DEFINED_CURVE_FONT('continuous');
#13879 = STYLED_ITEM('color',(#13880),#9442);
#13880 = PRESENTATION_STYLE_ASSIGNMENT((#13881,#13886));
#13881 = SURFACE_STYLE_USAGE(.BOTH.,#13882);
#13882 = SURFACE_SIDE_STYLE('',(#13883));
#13883 = SURFACE_STYLE_FILL_AREA(#13884);
#13884 = FILL_AREA_STYLE('',(#13885));
#13885 = FILL_AREA_STYLE_COLOUR('',#12165);
#13886 = CURVE_STYLE('',#13887,POSITIVE_LENGTH_MEASURE(0.1),#12165);
#13887 = DRAUGHTING_PRE_DEFINED_CURVE_FONT('continuous');
#13888 = STYLED_ITEM('color',(#13889),#9466);
#13889 = PRESENTATION_STYLE_ASSIGNMENT((#13890,#13895));
#13890 = SURFACE_STYLE_USAGE(.BOTH.,#13891);
#13891 = SURFACE_SIDE_STYLE('',(#13892));
#13892 = SURFACE_STYLE_FILL_AREA(#13893);
#13893 = FILL_AREA_STYLE('',(#13894));
#13894 = FILL_AREA_STYLE_COLOUR('',#12165);
#13895 = CURVE_STYLE('',#13896,POSITIVE_LENGTH_MEASURE(0.1),#12165);
#13896 = DRAUGHTING_PRE_DEFINED_CURVE_FONT('continuous');
#13897 = STYLED_ITEM('color',(#13898),#9490);
#13898 = PRESENTATION_STYLE_ASSIGNMENT((#13899,#13904));
#13899 = SURFACE_STYLE_USAGE(.BOTH.,#13900);
#13900 = SURFACE_SIDE_STYLE('',(#13901));
#13901 = SURFACE_STYLE_FILL_AREA(#13902);
#13902 = FILL_AREA_STYLE('',(#13903));
#13903 = FILL_AREA_STYLE_COLOUR('',#12165);
#13904 = CURVE_STYLE('',#13905,POSITIVE_LENGTH_MEASURE(0.1),#12165);
#13905 = DRAUGHTING_PRE_DEFINED_CURVE_FONT('continuous');
#13906 = STYLED_ITEM('color',(#13907),#9507);
#13907 = PRESENTATION_STYLE_ASSIGNMENT((#13908,#13913));
#13908 = SURFACE_STYLE_USAGE(.BOTH.,#13909);
#13909 = SURFACE_SIDE_STYLE('',(#13910));
#13910 = SURFACE_STYLE_FILL_AREA(#13911);
#13911 = FILL_AREA_STYLE('',(#13912));
#13912 = FILL_AREA_STYLE_COLOUR('',#12165);
#13913 = CURVE_STYLE('',#13914,POSITIVE_LENGTH_MEASURE(0.1),#12165);
#13914 = DRAUGHTING_PRE_DEFINED_CURVE_FONT('continuous');
#13915 = STYLED_ITEM('color',(#13916),#9538);
#13916 = PRESENTATION_STYLE_ASSIGNMENT((#13917,#13922));
#13917 = SURFACE_STYLE_USAGE(.BOTH.,#13918);
#13918 = SURFACE_SIDE_STYLE('',(#13919));
#13919 = SURFACE_STYLE_FILL_AREA(#13920);
#13920 = FILL_AREA_STYLE('',(#13921));
#13921 = FILL_AREA_STYLE_COLOUR('',#12165);
#13922 = CURVE_STYLE('',#13923,POSITIVE_LENGTH_MEASURE(0.1),#12165);
#13923 = DRAUGHTING_PRE_DEFINED_CURVE_FONT('continuous');
#13924 = STYLED_ITEM('color',(#13925),#9562);
#13925 = PRESENTATION_STYLE_ASSIGNMENT((#13926,#13931));
#13926 = SURFACE_STYLE_USAGE(.BOTH.,#13927);
#13927 = SURFACE_SIDE_STYLE('',(#13928));
#13928 = SURFACE_STYLE_FILL_AREA(#13929);
#13929 = FILL_AREA_STYLE('',(#13930));
#13930 = FILL_AREA_STYLE_COLOUR('',#12165);
#13931 = CURVE_STYLE('',#13932,POSITIVE_LENGTH_MEASURE(0.1),#12165);
#13932 = DRAUGHTING_PRE_DEFINED_CURVE_FONT('continuous');
#13933 = STYLED_ITEM('color',(#13934),#9586);
#13934 = PRESENTATION_STYLE_ASSIGNMENT((#13935,#13940));
#13935 = SURFACE_STYLE_USAGE(.BOTH.,#13936);
#13936 = SURFACE_SIDE_STYLE('',(#13937));
#13937 = SURFACE_STYLE_FILL_AREA(#13938);
#13938 = FILL_AREA_STYLE('',(#13939));
#13939 = FILL_AREA_STYLE_COLOUR('',#12165);
#13940 = CURVE_STYLE('',#13941,POSITIVE_LENGTH_MEASURE(0.1),#12165);
#13941 = DRAUGHTING_PRE_DEFINED_CURVE_FONT('continuous');
#13942 = STYLED_ITEM('color',(#13943),#9603);
#13943 = PRESENTATION_STYLE_ASSIGNMENT((#13944,#13949));
#13944 = SURFACE_STYLE_USAGE(.BOTH.,#13945);
#13945 = SURFACE_SIDE_STYLE('',(#13946));
#13946 = SURFACE_STYLE_FILL_AREA(#13947);
#13947 = FILL_AREA_STYLE('',(#13948));
#13948 = FILL_AREA_STYLE_COLOUR('',#12165);
#13949 = CURVE_STYLE('',#13950,POSITIVE_LENGTH_MEASURE(0.1),#12165);
#13950 = DRAUGHTING_PRE_DEFINED_CURVE_FONT('continuous');
#13951 = STYLED_ITEM('color',(#13952),#9634);
#13952 = PRESENTATION_STYLE_ASSIGNMENT((#13953,#13958));
#13953 = SURFACE_STYLE_USAGE(.BOTH.,#13954);
#13954 = SURFACE_SIDE_STYLE('',(#13955));
#13955 = SURFACE_STYLE_FILL_AREA(#13956);
#13956 = FILL_AREA_STYLE('',(#13957));
#13957 = FILL_AREA_STYLE_COLOUR('',#12165);
#13958 = CURVE_STYLE('',#13959,POSITIVE_LENGTH_MEASURE(0.1),#12165);
#13959 = DRAUGHTING_PRE_DEFINED_CURVE_FONT('continuous');
#13960 = STYLED_ITEM('color',(#13961),#9658);
#13961 = PRESENTATION_STYLE_ASSIGNMENT((#13962,#13967));
#13962 = SURFACE_STYLE_USAGE(.BOTH.,#13963);
#13963 = SURFACE_SIDE_STYLE('',(#13964));
#13964 = SURFACE_STYLE_FILL_AREA(#13965);
#13965 = FILL_AREA_STYLE('',(#13966));
#13966 = FILL_AREA_STYLE_COLOUR('',#12165);
#13967 = CURVE_STYLE('',#13968,POSITIVE_LENGTH_MEASURE(0.1),#12165);
#13968 = DRAUGHTING_PRE_DEFINED_CURVE_FONT('continuous');
#13969 = STYLED_ITEM('color',(#13970),#9682);
#13970 = PRESENTATION_STYLE_ASSIGNMENT((#13971,#13976));
#13971 = SURFACE_STYLE_USAGE(.BOTH.,#13972);
#13972 = SURFACE_SIDE_STYLE('',(#13973));
#13973 = SURFACE_STYLE_FILL_AREA(#13974);
#13974 = FILL_AREA_STYLE('',(#13975));
#13975 = FILL_AREA_STYLE_COLOUR('',#12165);
#13976 = CURVE_STYLE('',#13977,POSITIVE_LENGTH_MEASURE(0.1),#12165);
#13977 = DRAUGHTING_PRE_DEFINED_CURVE_FONT('continuous');
#13978 = STYLED_ITEM('color',(#13979),#9699);
#13979 = PRESENTATION_STYLE_ASSIGNMENT((#13980,#13985));
#13980 = SURFACE_STYLE_USAGE(.BOTH.,#13981);
#13981 = SURFACE_SIDE_STYLE('',(#13982));
#13982 = SURFACE_STYLE_FILL_AREA(#13983);
#13983 = FILL_AREA_STYLE('',(#13984));
#13984 = FILL_AREA_STYLE_COLOUR('',#12165);
#13985 = CURVE_STYLE('',#13986,POSITIVE_LENGTH_MEASURE(0.1),#12165);
#13986 = DRAUGHTING_PRE_DEFINED_CURVE_FONT('continuous');
#13987 = STYLED_ITEM('color',(#13988),#9730);
#13988 = PRESENTATION_STYLE_ASSIGNMENT((#13989,#13994));
#13989 = SURFACE_STYLE_USAGE(.BOTH.,#13990);
#13990 = SURFACE_SIDE_STYLE('',(#13991));
#13991 = SURFACE_STYLE_FILL_AREA(#13992);
#13992 = FILL_AREA_STYLE('',(#13993));
#13993 = FILL_AREA_STYLE_COLOUR('',#12165);
#13994 = CURVE_STYLE('',#13995,POSITIVE_LENGTH_MEASURE(0.1),#12165);
#13995 = DRAUGHTING_PRE_DEFINED_CURVE_FONT('continuous');
#13996 = STYLED_ITEM('color',(#13997),#9754);
#13997 = PRESENTATION_STYLE_ASSIGNMENT((#13998,#14003));
#13998 = SURFACE_STYLE_USAGE(.BOTH.,#13999);
#13999 = SURFACE_SIDE_STYLE('',(#14000));
#14000 = SURFACE_STYLE_FILL_AREA(#14001);
#14001 = FILL_AREA_STYLE('',(#14002));
#14002 = FILL_AREA_STYLE_COLOUR('',#12165);
#14003 = CURVE_STYLE('',#14004,POSITIVE_LENGTH_MEASURE(0.1),#12165);
#14004 = DRAUGHTING_PRE_DEFINED_CURVE_FONT('continuous');
#14005 = STYLED_ITEM('color',(#14006),#9778);
#14006 = PRESENTATION_STYLE_ASSIGNMENT((#14007,#14012));
#14007 = SURFACE_STYLE_USAGE(.BOTH.,#14008);
#14008 = SURFACE_SIDE_STYLE('',(#14009));
#14009 = SURFACE_STYLE_FILL_AREA(#14010);
#14010 = FILL_AREA_STYLE('',(#14011));
#14011 = FILL_AREA_STYLE_COLOUR('',#12165);
#14012 = CURVE_STYLE('',#14013,POSITIVE_LENGTH_MEASURE(0.1),#12165);
#14013 = DRAUGHTING_PRE_DEFINED_CURVE_FONT('continuous');
#14014 = STYLED_ITEM('color',(#14015),#9795);
#14015 = PRESENTATION_STYLE_ASSIGNMENT((#14016,#14021));
#14016 = SURFACE_STYLE_USAGE(.BOTH.,#14017);
#14017 = SURFACE_SIDE_STYLE('',(#14018));
#14018 = SURFACE_STYLE_FILL_AREA(#14019);
#14019 = FILL_AREA_STYLE('',(#14020));
#14020 = FILL_AREA_STYLE_COLOUR('',#12165);
#14021 = CURVE_STYLE('',#14022,POSITIVE_LENGTH_MEASURE(0.1),#12165);
#14022 = DRAUGHTING_PRE_DEFINED_CURVE_FONT('continuous');
#14023 = STYLED_ITEM('color',(#14024),#9826);
#14024 = PRESENTATION_STYLE_ASSIGNMENT((#14025,#14030));
#14025 = SURFACE_STYLE_USAGE(.BOTH.,#14026);
#14026 = SURFACE_SIDE_STYLE('',(#14027));
#14027 = SURFACE_STYLE_FILL_AREA(#14028);
#14028 = FILL_AREA_STYLE('',(#14029));
#14029 = FILL_AREA_STYLE_COLOUR('',#12165);
#14030 = CURVE_STYLE('',#14031,POSITIVE_LENGTH_MEASURE(0.1),#12165);
#14031 = DRAUGHTING_PRE_DEFINED_CURVE_FONT('continuous');
#14032 = STYLED_ITEM('color',(#14033),#9850);
#14033 = PRESENTATION_STYLE_ASSIGNMENT((#14034,#14039));
#14034 = SURFACE_STYLE_USAGE(.BOTH.,#14035);
#14035 = SURFACE_SIDE_STYLE('',(#14036));
#14036 = SURFACE_STYLE_FILL_AREA(#14037);
#14037 = FILL_AREA_STYLE('',(#14038));
#14038 = FILL_AREA_STYLE_COLOUR('',#12165);
#14039 = CURVE_STYLE('',#14040,POSITIVE_LENGTH_MEASURE(0.1),#12165);
#14040 = DRAUGHTING_PRE_DEFINED_CURVE_FONT('continuous');
#14041 = STYLED_ITEM('color',(#14042),#9874);
#14042 = PRESENTATION_STYLE_ASSIGNMENT((#14043,#14048));
#14043 = SURFACE_STYLE_USAGE(.BOTH.,#14044);
#14044 = SURFACE_SIDE_STYLE('',(#14045));
#14045 = SURFACE_STYLE_FILL_AREA(#14046);
#14046 = FILL_AREA_STYLE('',(#14047));
#14047 = FILL_AREA_STYLE_COLOUR('',#12165);
#14048 = CURVE_STYLE('',#14049,POSITIVE_LENGTH_MEASURE(0.1),#12165);
#14049 = DRAUGHTING_PRE_DEFINED_CURVE_FONT('continuous');
#14050 = STYLED_ITEM('color',(#14051),#9891);
#14051 = PRESENTATION_STYLE_ASSIGNMENT((#14052,#14057));
#14052 = SURFACE_STYLE_USAGE(.BOTH.,#14053);
#14053 = SURFACE_SIDE_STYLE('',(#14054));
#14054 = SURFACE_STYLE_FILL_AREA(#14055);
#14055 = FILL_AREA_STYLE('',(#14056));
#14056 = FILL_AREA_STYLE_COLOUR('',#12165);
#14057 = CURVE_STYLE('',#14058,POSITIVE_LENGTH_MEASURE(0.1),#12165);
#14058 = DRAUGHTING_PRE_DEFINED_CURVE_FONT('continuous');
#14059 = STYLED_ITEM('color',(#14060),#9903);
#14060 = PRESENTATION_STYLE_ASSIGNMENT((#14061,#14066));
#14061 = SURFACE_STYLE_USAGE(.BOTH.,#14062);
#14062 = SURFACE_SIDE_STYLE('',(#14063));
#14063 = SURFACE_STYLE_FILL_AREA(#14064);
#14064 = FILL_AREA_STYLE('',(#14065));
#14065 = FILL_AREA_STYLE_COLOUR('',#12165);
#14066 = CURVE_STYLE('',#14067,POSITIVE_LENGTH_MEASURE(0.1),#12165);
#14067 = DRAUGHTING_PRE_DEFINED_CURVE_FONT('continuous');
#14068 = STYLED_ITEM('color',(#14069),#9915);
#14069 = PRESENTATION_STYLE_ASSIGNMENT((#14070,#14075));
#14070 = SURFACE_STYLE_USAGE(.BOTH.,#14071);
#14071 = SURFACE_SIDE_STYLE('',(#14072));
#14072 = SURFACE_STYLE_FILL_AREA(#14073);
#14073 = FILL_AREA_STYLE('',(#14074));
#14074 = FILL_AREA_STYLE_COLOUR('',#12165);
#14075 = CURVE_STYLE('',#14076,POSITIVE_LENGTH_MEASURE(0.1),#12165);
#14076 = DRAUGHTING_PRE_DEFINED_CURVE_FONT('continuous');
#14077 = STYLED_ITEM('color',(#14078),#9927);
#14078 = PRESENTATION_STYLE_ASSIGNMENT((#14079,#14084));
#14079 = SURFACE_STYLE_USAGE(.BOTH.,#14080);
#14080 = SURFACE_SIDE_STYLE('',(#14081));
#14081 = SURFACE_STYLE_FILL_AREA(#14082);
#14082 = FILL_AREA_STYLE('',(#14083));
#14083 = FILL_AREA_STYLE_COLOUR('',#12165);
#14084 = CURVE_STYLE('',#14085,POSITIVE_LENGTH_MEASURE(0.1),#12165);
#14085 = DRAUGHTING_PRE_DEFINED_CURVE_FONT('continuous');
#14086 = STYLED_ITEM('color',(#14087),#9939);
#14087 = PRESENTATION_STYLE_ASSIGNMENT((#14088,#14093));
#14088 = SURFACE_STYLE_USAGE(.BOTH.,#14089);
#14089 = SURFACE_SIDE_STYLE('',(#14090));
#14090 = SURFACE_STYLE_FILL_AREA(#14091);
#14091 = FILL_AREA_STYLE('',(#14092));
#14092 = FILL_AREA_STYLE_COLOUR('',#12165);
#14093 = CURVE_STYLE('',#14094,POSITIVE_LENGTH_MEASURE(0.1),#12165);
#14094 = DRAUGHTING_PRE_DEFINED_CURVE_FONT('continuous');
#14095 = STYLED_ITEM('color',(#14096),#9951);
#14096 = PRESENTATION_STYLE_ASSIGNMENT((#14097,#14102));
#14097 = SURFACE_STYLE_USAGE(.BOTH.,#14098);
#14098 = SURFACE_SIDE_STYLE('',(#14099));
#14099 = SURFACE_STYLE_FILL_AREA(#14100);
#14100 = FILL_AREA_STYLE('',(#14101));
#14101 = FILL_AREA_STYLE_COLOUR('',#12165);
#14102 = CURVE_STYLE('',#14103,POSITIVE_LENGTH_MEASURE(0.1),#12165);
#14103 = DRAUGHTING_PRE_DEFINED_CURVE_FONT('continuous');
#14104 = STYLED_ITEM('color',(#14105),#9963);
#14105 = PRESENTATION_STYLE_ASSIGNMENT((#14106,#14111));
#14106 = SURFACE_STYLE_USAGE(.BOTH.,#14107);
#14107 = SURFACE_SIDE_STYLE('',(#14108));
#14108 = SURFACE_STYLE_FILL_AREA(#14109);
#14109 = FILL_AREA_STYLE('',(#14110));
#14110 = FILL_AREA_STYLE_COLOUR('',#12165);
#14111 = CURVE_STYLE('',#14112,POSITIVE_LENGTH_MEASURE(0.1),#12165);
#14112 = DRAUGHTING_PRE_DEFINED_CURVE_FONT('continuous');
#14113 = STYLED_ITEM('color',(#14114),#9975);
#14114 = PRESENTATION_STYLE_ASSIGNMENT((#14115,#14120));
#14115 = SURFACE_STYLE_USAGE(.BOTH.,#14116);
#14116 = SURFACE_SIDE_STYLE('',(#14117));
#14117 = SURFACE_STYLE_FILL_AREA(#14118);
#14118 = FILL_AREA_STYLE('',(#14119));
#14119 = FILL_AREA_STYLE_COLOUR('',#12165);
#14120 = CURVE_STYLE('',#14121,POSITIVE_LENGTH_MEASURE(0.1),#12165);
#14121 = DRAUGHTING_PRE_DEFINED_CURVE_FONT('continuous');
#14122 = STYLED_ITEM('color',(#14123),#9987);
#14123 = PRESENTATION_STYLE_ASSIGNMENT((#14124,#14129));
#14124 = SURFACE_STYLE_USAGE(.BOTH.,#14125);
#14125 = SURFACE_SIDE_STYLE('',(#14126));
#14126 = SURFACE_STYLE_FILL_AREA(#14127);
#14127 = FILL_AREA_STYLE('',(#14128));
#14128 = FILL_AREA_STYLE_COLOUR('',#12165);
#14129 = CURVE_STYLE('',#14130,POSITIVE_LENGTH_MEASURE(0.1),#12165);
#14130 = DRAUGHTING_PRE_DEFINED_CURVE_FONT('continuous');
#14131 = STYLED_ITEM('color',(#14132),#9999);
#14132 = PRESENTATION_STYLE_ASSIGNMENT((#14133,#14138));
#14133 = SURFACE_STYLE_USAGE(.BOTH.,#14134);
#14134 = SURFACE_SIDE_STYLE('',(#14135));
#14135 = SURFACE_STYLE_FILL_AREA(#14136);
#14136 = FILL_AREA_STYLE('',(#14137));
#14137 = FILL_AREA_STYLE_COLOUR('',#12165);
#14138 = CURVE_STYLE('',#14139,POSITIVE_LENGTH_MEASURE(0.1),#12165);
#14139 = DRAUGHTING_PRE_DEFINED_CURVE_FONT('continuous');
#14140 = STYLED_ITEM('color',(#14141),#10011);
#14141 = PRESENTATION_STYLE_ASSIGNMENT((#14142,#14147));
#14142 = SURFACE_STYLE_USAGE(.BOTH.,#14143);
#14143 = SURFACE_SIDE_STYLE('',(#14144));
#14144 = SURFACE_STYLE_FILL_AREA(#14145);
#14145 = FILL_AREA_STYLE('',(#14146));
#14146 = FILL_AREA_STYLE_COLOUR('',#12165);
#14147 = CURVE_STYLE('',#14148,POSITIVE_LENGTH_MEASURE(0.1),#12165);
#14148 = DRAUGHTING_PRE_DEFINED_CURVE_FONT('continuous');
#14149 = STYLED_ITEM('color',(#14150),#10023);
#14150 = PRESENTATION_STYLE_ASSIGNMENT((#14151,#14156));
#14151 = SURFACE_STYLE_USAGE(.BOTH.,#14152);
#14152 = SURFACE_SIDE_STYLE('',(#14153));
#14153 = SURFACE_STYLE_FILL_AREA(#14154);
#14154 = FILL_AREA_STYLE('',(#14155));
#14155 = FILL_AREA_STYLE_COLOUR('',#12165);
#14156 = CURVE_STYLE('',#14157,POSITIVE_LENGTH_MEASURE(0.1),#12165);
#14157 = DRAUGHTING_PRE_DEFINED_CURVE_FONT('continuous');
#14158 = STYLED_ITEM('color',(#14159),#10035);
#14159 = PRESENTATION_STYLE_ASSIGNMENT((#14160,#14165));
#14160 = SURFACE_STYLE_USAGE(.BOTH.,#14161);
#14161 = SURFACE_SIDE_STYLE('',(#14162));
#14162 = SURFACE_STYLE_FILL_AREA(#14163);
#14163 = FILL_AREA_STYLE('',(#14164));
#14164 = FILL_AREA_STYLE_COLOUR('',#12165);
#14165 = CURVE_STYLE('',#14166,POSITIVE_LENGTH_MEASURE(0.1),#12165);
#14166 = DRAUGHTING_PRE_DEFINED_CURVE_FONT('continuous');
#14167 = STYLED_ITEM('color',(#14168),#10047);
#14168 = PRESENTATION_STYLE_ASSIGNMENT((#14169,#14174));
#14169 = SURFACE_STYLE_USAGE(.BOTH.,#14170);
#14170 = SURFACE_SIDE_STYLE('',(#14171));
#14171 = SURFACE_STYLE_FILL_AREA(#14172);
#14172 = FILL_AREA_STYLE('',(#14173));
#14173 = FILL_AREA_STYLE_COLOUR('',#12165);
#14174 = CURVE_STYLE('',#14175,POSITIVE_LENGTH_MEASURE(0.1),#12165);
#14175 = DRAUGHTING_PRE_DEFINED_CURVE_FONT('continuous');
#14176 = MECHANICAL_DESIGN_GEOMETRIC_PRESENTATION_REPRESENTATION('',(
    #14177,#14184,#14191,#14198,#14205,#14212,#14219,#14226,#14233,
    #14240,#14247,#14254,#14261,#14268,#14276,#14283,#14290,#14297,
    #14304,#14311,#14318,#14325,#14332,#14339,#14346,#14353),#10901);
#14177 = STYLED_ITEM('color',(#14178),#10113);
#14178 = PRESENTATION_STYLE_ASSIGNMENT((#14179));
#14179 = SURFACE_STYLE_USAGE(.BOTH.,#14180);
#14180 = SURFACE_SIDE_STYLE('',(#14181));
#14181 = SURFACE_STYLE_FILL_AREA(#14182);
#14182 = FILL_AREA_STYLE('',(#14183));
#14183 = FILL_AREA_STYLE_COLOUR('',#12165);
#14184 = STYLED_ITEM('color',(#14185),#10153);
#14185 = PRESENTATION_STYLE_ASSIGNMENT((#14186));
#14186 = SURFACE_STYLE_USAGE(.BOTH.,#14187);
#14187 = SURFACE_SIDE_STYLE('',(#14188));
#14188 = SURFACE_STYLE_FILL_AREA(#14189);
#14189 = FILL_AREA_STYLE('',(#14190));
#14190 = FILL_AREA_STYLE_COLOUR('',#12165);
#14191 = STYLED_ITEM('color',(#14192),#10236);
#14192 = PRESENTATION_STYLE_ASSIGNMENT((#14193));
#14193 = SURFACE_STYLE_USAGE(.BOTH.,#14194);
#14194 = SURFACE_SIDE_STYLE('',(#14195));
#14195 = SURFACE_STYLE_FILL_AREA(#14196);
#14196 = FILL_AREA_STYLE('',(#14197));
#14197 = FILL_AREA_STYLE_COLOUR('',#12165);
#14198 = STYLED_ITEM('color',(#14199),#10261);
#14199 = PRESENTATION_STYLE_ASSIGNMENT((#14200));
#14200 = SURFACE_STYLE_USAGE(.BOTH.,#14201);
#14201 = SURFACE_SIDE_STYLE('',(#14202));
#14202 = SURFACE_STYLE_FILL_AREA(#14203);
#14203 = FILL_AREA_STYLE('',(#14204));
#14204 = FILL_AREA_STYLE_COLOUR('',#12165);
#14205 = STYLED_ITEM('color',(#14206),#10286);
#14206 = PRESENTATION_STYLE_ASSIGNMENT((#14207));
#14207 = SURFACE_STYLE_USAGE(.BOTH.,#14208);
#14208 = SURFACE_SIDE_STYLE('',(#14209));
#14209 = SURFACE_STYLE_FILL_AREA(#14210);
#14210 = FILL_AREA_STYLE('',(#14211));
#14211 = FILL_AREA_STYLE_COLOUR('',#12165);
#14212 = STYLED_ITEM('color',(#14213),#10353);
#14213 = PRESENTATION_STYLE_ASSIGNMENT((#14214));
#14214 = SURFACE_STYLE_USAGE(.BOTH.,#14215);
#14215 = SURFACE_SIDE_STYLE('',(#14216));
#14216 = SURFACE_STYLE_FILL_AREA(#14217);
#14217 = FILL_AREA_STYLE('',(#14218));
#14218 = FILL_AREA_STYLE_COLOUR('',#12165);
#14219 = STYLED_ITEM('color',(#14220),#10370);
#14220 = PRESENTATION_STYLE_ASSIGNMENT((#14221));
#14221 = SURFACE_STYLE_USAGE(.BOTH.,#14222);
#14222 = SURFACE_SIDE_STYLE('',(#14223));
#14223 = SURFACE_STYLE_FILL_AREA(#14224);
#14224 = FILL_AREA_STYLE('',(#14225));
#14225 = FILL_AREA_STYLE_COLOUR('',#12165);
#14226 = STYLED_ITEM('color',(#14227),#10387);
#14227 = PRESENTATION_STYLE_ASSIGNMENT((#14228));
#14228 = SURFACE_STYLE_USAGE(.BOTH.,#14229);
#14229 = SURFACE_SIDE_STYLE('',(#14230));
#14230 = SURFACE_STYLE_FILL_AREA(#14231);
#14231 = FILL_AREA_STYLE('',(#14232));
#14232 = FILL_AREA_STYLE_COLOUR('',#12373);
#14233 = STYLED_ITEM('color',(#14234),#10436);
#14234 = PRESENTATION_STYLE_ASSIGNMENT((#14235));
#14235 = SURFACE_STYLE_USAGE(.BOTH.,#14236);
#14236 = SURFACE_SIDE_STYLE('',(#14237));
#14237 = SURFACE_STYLE_FILL_AREA(#14238);
#14238 = FILL_AREA_STYLE('',(#14239));
#14239 = FILL_AREA_STYLE_COLOUR('',#12165);
#14240 = STYLED_ITEM('color',(#14241),#10453);
#14241 = PRESENTATION_STYLE_ASSIGNMENT((#14242));
#14242 = SURFACE_STYLE_USAGE(.BOTH.,#14243);
#14243 = SURFACE_SIDE_STYLE('',(#14244));
#14244 = SURFACE_STYLE_FILL_AREA(#14245);
#14245 = FILL_AREA_STYLE('',(#14246));
#14246 = FILL_AREA_STYLE_COLOUR('',#12165);
#14247 = STYLED_ITEM('color',(#14248),#10470);
#14248 = PRESENTATION_STYLE_ASSIGNMENT((#14249));
#14249 = SURFACE_STYLE_USAGE(.BOTH.,#14250);
#14250 = SURFACE_SIDE_STYLE('',(#14251));
#14251 = SURFACE_STYLE_FILL_AREA(#14252);
#14252 = FILL_AREA_STYLE('',(#14253));
#14253 = FILL_AREA_STYLE_COLOUR('',#12373);
#14254 = STYLED_ITEM('color',(#14255),#10519);
#14255 = PRESENTATION_STYLE_ASSIGNMENT((#14256));
#14256 = SURFACE_STYLE_USAGE(.BOTH.,#14257);
#14257 = SURFACE_SIDE_STYLE('',(#14258));
#14258 = SURFACE_STYLE_FILL_AREA(#14259);
#14259 = FILL_AREA_STYLE('',(#14260));
#14260 = FILL_AREA_STYLE_COLOUR('',#12373);
#14261 = STYLED_ITEM('color',(#14262),#10536);
#14262 = PRESENTATION_STYLE_ASSIGNMENT((#14263));
#14263 = SURFACE_STYLE_USAGE(.BOTH.,#14264);
#14264 = SURFACE_SIDE_STYLE('',(#14265));
#14265 = SURFACE_STYLE_FILL_AREA(#14266);
#14266 = FILL_AREA_STYLE('',(#14267));
#14267 = FILL_AREA_STYLE_COLOUR('',#12165);
#14268 = STYLED_ITEM('color',(#14269),#10605);
#14269 = PRESENTATION_STYLE_ASSIGNMENT((#14270));
#14270 = SURFACE_STYLE_USAGE(.BOTH.,#14271);
#14271 = SURFACE_SIDE_STYLE('',(#14272));
#14272 = SURFACE_STYLE_FILL_AREA(#14273);
#14273 = FILL_AREA_STYLE('',(#14274));
#14274 = FILL_AREA_STYLE_COLOUR('',#14275);
#14275 = COLOUR_RGB('',8.200000279077E-02,8.600000121357E-02,
  9.399999706163E-02);
#14276 = STYLED_ITEM('color',(#14277),#10636);
#14277 = PRESENTATION_STYLE_ASSIGNMENT((#14278));
#14278 = SURFACE_STYLE_USAGE(.BOTH.,#14279);
#14279 = SURFACE_SIDE_STYLE('',(#14280));
#14280 = SURFACE_STYLE_FILL_AREA(#14281);
#14281 = FILL_AREA_STYLE('',(#14282));
#14282 = FILL_AREA_STYLE_COLOUR('',#14275);
#14283 = STYLED_ITEM('color',(#14284),#10660);
#14284 = PRESENTATION_STYLE_ASSIGNMENT((#14285));
#14285 = SURFACE_STYLE_USAGE(.BOTH.,#14286);
#14286 = SURFACE_SIDE_STYLE('',(#14287));
#14287 = SURFACE_STYLE_FILL_AREA(#14288);
#14288 = FILL_AREA_STYLE('',(#14289));
#14289 = FILL_AREA_STYLE_COLOUR('',#12165);
#14290 = STYLED_ITEM('color',(#14291),#10729);
#14291 = PRESENTATION_STYLE_ASSIGNMENT((#14292));
#14292 = SURFACE_STYLE_USAGE(.BOTH.,#14293);
#14293 = SURFACE_SIDE_STYLE('',(#14294));
#14294 = SURFACE_STYLE_FILL_AREA(#14295);
#14295 = FILL_AREA_STYLE('',(#14296));
#14296 = FILL_AREA_STYLE_COLOUR('',#14275);
#14297 = STYLED_ITEM('color',(#14298),#10753);
#14298 = PRESENTATION_STYLE_ASSIGNMENT((#14299));
#14299 = SURFACE_STYLE_USAGE(.BOTH.,#14300);
#14300 = SURFACE_SIDE_STYLE('',(#14301));
#14301 = SURFACE_STYLE_FILL_AREA(#14302);
#14302 = FILL_AREA_STYLE('',(#14303));
#14303 = FILL_AREA_STYLE_COLOUR('',#12165);
#14304 = STYLED_ITEM('color',(#14305),#10770);
#14305 = PRESENTATION_STYLE_ASSIGNMENT((#14306));
#14306 = SURFACE_STYLE_USAGE(.BOTH.,#14307);
#14307 = SURFACE_SIDE_STYLE('',(#14308));
#14308 = SURFACE_STYLE_FILL_AREA(#14309);
#14309 = FILL_AREA_STYLE('',(#14310));
#14310 = FILL_AREA_STYLE_COLOUR('',#12165);
#14311 = STYLED_ITEM('color',(#14312),#10787);
#14312 = PRESENTATION_STYLE_ASSIGNMENT((#14313));
#14313 = SURFACE_STYLE_USAGE(.BOTH.,#14314);
#14314 = SURFACE_SIDE_STYLE('',(#14315));
#14315 = SURFACE_STYLE_FILL_AREA(#14316);
#14316 = FILL_AREA_STYLE('',(#14317));
#14317 = FILL_AREA_STYLE_COLOUR('',#12165);
#14318 = STYLED_ITEM('color',(#14319),#10804);
#14319 = PRESENTATION_STYLE_ASSIGNMENT((#14320));
#14320 = SURFACE_STYLE_USAGE(.BOTH.,#14321);
#14321 = SURFACE_SIDE_STYLE('',(#14322));
#14322 = SURFACE_STYLE_FILL_AREA(#14323);
#14323 = FILL_AREA_STYLE('',(#14324));
#14324 = FILL_AREA_STYLE_COLOUR('',#12165);
#14325 = STYLED_ITEM('color',(#14326),#10821);
#14326 = PRESENTATION_STYLE_ASSIGNMENT((#14327));
#14327 = SURFACE_STYLE_USAGE(.BOTH.,#14328);
#14328 = SURFACE_SIDE_STYLE('',(#14329));
#14329 = SURFACE_STYLE_FILL_AREA(#14330);
#14330 = FILL_AREA_STYLE('',(#14331));
#14331 = FILL_AREA_STYLE_COLOUR('',#12165);
#14332 = STYLED_ITEM('color',(#14333),#10838);
#14333 = PRESENTATION_STYLE_ASSIGNMENT((#14334));
#14334 = SURFACE_STYLE_USAGE(.BOTH.,#14335);
#14335 = SURFACE_SIDE_STYLE('',(#14336));
#14336 = SURFACE_STYLE_FILL_AREA(#14337);
#14337 = FILL_AREA_STYLE('',(#14338));
#14338 = FILL_AREA_STYLE_COLOUR('',#12165);
#14339 = STYLED_ITEM('color',(#14340),#10855);
#14340 = PRESENTATION_STYLE_ASSIGNMENT((#14341));
#14341 = SURFACE_STYLE_USAGE(.BOTH.,#14342);
#14342 = SURFACE_SIDE_STYLE('',(#14343));
#14343 = SURFACE_STYLE_FILL_AREA(#14344);
#14344 = FILL_AREA_STYLE('',(#14345));
#14345 = FILL_AREA_STYLE_COLOUR('',#12165);
#14346 = STYLED_ITEM('color',(#14347),#10872);
#14347 = PRESENTATION_STYLE_ASSIGNMENT((#14348));
#14348 = SURFACE_STYLE_USAGE(.BOTH.,#14349);
#14349 = SURFACE_SIDE_STYLE('',(#14350));
#14350 = SURFACE_STYLE_FILL_AREA(#14351);
#14351 = FILL_AREA_STYLE('',(#14352));
#14352 = FILL_AREA_STYLE_COLOUR('',#14275);
#14353 = STYLED_ITEM('color',(#14354),#10889);
#14354 = PRESENTATION_STYLE_ASSIGNMENT((#14355));
#14355 = SURFACE_STYLE_USAGE(.BOTH.,#14356);
#14356 = SURFACE_SIDE_STYLE('',(#14357));
#14357 = SURFACE_STYLE_FILL_AREA(#14358);
#14358 = FILL_AREA_STYLE('',(#14359));
#14359 = FILL_AREA_STYLE_COLOUR('',#14275);
#14360 = MECHANICAL_DESIGN_GEOMETRIC_PRESENTATION_REPRESENTATION('',(
    #14361,#14370,#14379,#14388,#14397,#14406,#14415,#14424,#14433,
    #14442,#14451,#14460,#14469,#14478,#14487,#14496,#14505,#14514,
    #14523,#14532,#14541,#14550,#14559,#14568,#14577,#14586,#14595,
    #14604,#14613,#14622,#14631,#14640,#14649,#14658,#14667,#14676,
    #14685,#14694,#14703,#14712,#14721,#14730,#14739,#14748,#14757,
    #14766,#14775,#14784,#14793,#14802,#14811,#14820,#14829,#14838,
    #14847,#14856,#14865,#14874,#14883,#14892,#14901,#14910,#14919,
    #14928,#14937,#14946,#14955,#14964,#14973,#14982,#14991,#15000,
    #15009,#15018,#15027,#15036,#15045,#15054,#15063,#15072,#15081,
    #15090,#15099,#15108,#15117,#15126,#15135,#15144,#15153,#15162,
    #15171,#15180,#15189,#15198,#15207,#15216,#15225,#15234,#15243,
    #15252,#15261,#15270,#15279,#15288,#15297,#15306,#15315,#15324,
    #15333,#15342,#15351,#15360,#15369,#15378,#15387,#15396,#15405),
  #3808);
#14361 = STYLED_ITEM('color',(#14362),#230);
#14362 = PRESENTATION_STYLE_ASSIGNMENT((#14363,#14368));
#14363 = SURFACE_STYLE_USAGE(.BOTH.,#14364);
#14364 = SURFACE_SIDE_STYLE('',(#14365));
#14365 = SURFACE_STYLE_FILL_AREA(#14366);
#14366 = FILL_AREA_STYLE('',(#14367));
#14367 = FILL_AREA_STYLE_COLOUR('',#12373);
#14368 = CURVE_STYLE('',#14369,POSITIVE_LENGTH_MEASURE(0.1),#12373);
#14369 = DRAUGHTING_PRE_DEFINED_CURVE_FONT('continuous');
#14370 = STYLED_ITEM('color',(#14371),#334);
#14371 = PRESENTATION_STYLE_ASSIGNMENT((#14372,#14377));
#14372 = SURFACE_STYLE_USAGE(.BOTH.,#14373);
#14373 = SURFACE_SIDE_STYLE('',(#14374));
#14374 = SURFACE_STYLE_FILL_AREA(#14375);
#14375 = FILL_AREA_STYLE('',(#14376));
#14376 = FILL_AREA_STYLE_COLOUR('',#12373);
#14377 = CURVE_STYLE('',#14378,POSITIVE_LENGTH_MEASURE(0.1),#12373);
#14378 = DRAUGHTING_PRE_DEFINED_CURVE_FONT('continuous');
#14379 = STYLED_ITEM('color',(#14380),#589);
#14380 = PRESENTATION_STYLE_ASSIGNMENT((#14381,#14386));
#14381 = SURFACE_STYLE_USAGE(.BOTH.,#14382);
#14382 = SURFACE_SIDE_STYLE('',(#14383));
#14383 = SURFACE_STYLE_FILL_AREA(#14384);
#14384 = FILL_AREA_STYLE('',(#14385));
#14385 = FILL_AREA_STYLE_COLOUR('',#12373);
#14386 = CURVE_STYLE('',#14387,POSITIVE_LENGTH_MEASURE(0.1),#12373);
#14387 = DRAUGHTING_PRE_DEFINED_CURVE_FONT('continuous');
#14388 = STYLED_ITEM('color',(#14389),#613);
#14389 = PRESENTATION_STYLE_ASSIGNMENT((#14390,#14395));
#14390 = SURFACE_STYLE_USAGE(.BOTH.,#14391);
#14391 = SURFACE_SIDE_STYLE('',(#14392));
#14392 = SURFACE_STYLE_FILL_AREA(#14393);
#14393 = FILL_AREA_STYLE('',(#14394));
#14394 = FILL_AREA_STYLE_COLOUR('',#12373);
#14395 = CURVE_STYLE('',#14396,POSITIVE_LENGTH_MEASURE(0.1),#12373);
#14396 = DRAUGHTING_PRE_DEFINED_CURVE_FONT('continuous');
#14397 = STYLED_ITEM('color',(#14398),#637);
#14398 = PRESENTATION_STYLE_ASSIGNMENT((#14399,#14404));
#14399 = SURFACE_STYLE_USAGE(.BOTH.,#14400);
#14400 = SURFACE_SIDE_STYLE('',(#14401));
#14401 = SURFACE_STYLE_FILL_AREA(#14402);
#14402 = FILL_AREA_STYLE('',(#14403));
#14403 = FILL_AREA_STYLE_COLOUR('',#12373);
#14404 = CURVE_STYLE('',#14405,POSITIVE_LENGTH_MEASURE(0.1),#12373);
#14405 = DRAUGHTING_PRE_DEFINED_CURVE_FONT('continuous');
#14406 = STYLED_ITEM('color',(#14407),#661);
#14407 = PRESENTATION_STYLE_ASSIGNMENT((#14408,#14413));
#14408 = SURFACE_STYLE_USAGE(.BOTH.,#14409);
#14409 = SURFACE_SIDE_STYLE('',(#14410));
#14410 = SURFACE_STYLE_FILL_AREA(#14411);
#14411 = FILL_AREA_STYLE('',(#14412));
#14412 = FILL_AREA_STYLE_COLOUR('',#12373);
#14413 = CURVE_STYLE('',#14414,POSITIVE_LENGTH_MEASURE(0.1),#12373);
#14414 = DRAUGHTING_PRE_DEFINED_CURVE_FONT('continuous');
#14415 = STYLED_ITEM('color',(#14416),#685);
#14416 = PRESENTATION_STYLE_ASSIGNMENT((#14417,#14422));
#14417 = SURFACE_STYLE_USAGE(.BOTH.,#14418);
#14418 = SURFACE_SIDE_STYLE('',(#14419));
#14419 = SURFACE_STYLE_FILL_AREA(#14420);
#14420 = FILL_AREA_STYLE('',(#14421));
#14421 = FILL_AREA_STYLE_COLOUR('',#12373);
#14422 = CURVE_STYLE('',#14423,POSITIVE_LENGTH_MEASURE(0.1),#12373);
#14423 = DRAUGHTING_PRE_DEFINED_CURVE_FONT('continuous');
#14424 = STYLED_ITEM('color',(#14425),#830);
#14425 = PRESENTATION_STYLE_ASSIGNMENT((#14426,#14431));
#14426 = SURFACE_STYLE_USAGE(.BOTH.,#14427);
#14427 = SURFACE_SIDE_STYLE('',(#14428));
#14428 = SURFACE_STYLE_FILL_AREA(#14429);
#14429 = FILL_AREA_STYLE('',(#14430));
#14430 = FILL_AREA_STYLE_COLOUR('',#12373);
#14431 = CURVE_STYLE('',#14432,POSITIVE_LENGTH_MEASURE(0.1),#12373);
#14432 = DRAUGHTING_PRE_DEFINED_CURVE_FONT('continuous');
#14433 = STYLED_ITEM('color',(#14434),#902);
#14434 = PRESENTATION_STYLE_ASSIGNMENT((#14435,#14440));
#14435 = SURFACE_STYLE_USAGE(.BOTH.,#14436);
#14436 = SURFACE_SIDE_STYLE('',(#14437));
#14437 = SURFACE_STYLE_FILL_AREA(#14438);
#14438 = FILL_AREA_STYLE('',(#14439));
#14439 = FILL_AREA_STYLE_COLOUR('',#12373);
#14440 = CURVE_STYLE('',#14441,POSITIVE_LENGTH_MEASURE(0.1),#12373);
#14441 = DRAUGHTING_PRE_DEFINED_CURVE_FONT('continuous');
#14442 = STYLED_ITEM('color',(#14443),#934);
#14443 = PRESENTATION_STYLE_ASSIGNMENT((#14444,#14449));
#14444 = SURFACE_STYLE_USAGE(.BOTH.,#14445);
#14445 = SURFACE_SIDE_STYLE('',(#14446));
#14446 = SURFACE_STYLE_FILL_AREA(#14447);
#14447 = FILL_AREA_STYLE('',(#14448));
#14448 = FILL_AREA_STYLE_COLOUR('',#12373);
#14449 = CURVE_STYLE('',#14450,POSITIVE_LENGTH_MEASURE(0.1),#12373);
#14450 = DRAUGHTING_PRE_DEFINED_CURVE_FONT('continuous');
#14451 = STYLED_ITEM('color',(#14452),#958);
#14452 = PRESENTATION_STYLE_ASSIGNMENT((#14453,#14458));
#14453 = SURFACE_STYLE_USAGE(.BOTH.,#14454);
#14454 = SURFACE_SIDE_STYLE('',(#14455));
#14455 = SURFACE_STYLE_FILL_AREA(#14456);
#14456 = FILL_AREA_STYLE('',(#14457));
#14457 = FILL_AREA_STYLE_COLOUR('',#12373);
#14458 = CURVE_STYLE('',#14459,POSITIVE_LENGTH_MEASURE(0.1),#12373);
#14459 = DRAUGHTING_PRE_DEFINED_CURVE_FONT('continuous');
#14460 = STYLED_ITEM('color',(#14461),#982);
#14461 = PRESENTATION_STYLE_ASSIGNMENT((#14462,#14467));
#14462 = SURFACE_STYLE_USAGE(.BOTH.,#14463);
#14463 = SURFACE_SIDE_STYLE('',(#14464));
#14464 = SURFACE_STYLE_FILL_AREA(#14465);
#14465 = FILL_AREA_STYLE('',(#14466));
#14466 = FILL_AREA_STYLE_COLOUR('',#12373);
#14467 = CURVE_STYLE('',#14468,POSITIVE_LENGTH_MEASURE(0.1),#12373);
#14468 = DRAUGHTING_PRE_DEFINED_CURVE_FONT('continuous');
#14469 = STYLED_ITEM('color',(#14470),#1006);
#14470 = PRESENTATION_STYLE_ASSIGNMENT((#14471,#14476));
#14471 = SURFACE_STYLE_USAGE(.BOTH.,#14472);
#14472 = SURFACE_SIDE_STYLE('',(#14473));
#14473 = SURFACE_STYLE_FILL_AREA(#14474);
#14474 = FILL_AREA_STYLE('',(#14475));
#14475 = FILL_AREA_STYLE_COLOUR('',#12373);
#14476 = CURVE_STYLE('',#14477,POSITIVE_LENGTH_MEASURE(0.1),#12373);
#14477 = DRAUGHTING_PRE_DEFINED_CURVE_FONT('continuous');
#14478 = STYLED_ITEM('color',(#14479),#1200);
#14479 = PRESENTATION_STYLE_ASSIGNMENT((#14480,#14485));
#14480 = SURFACE_STYLE_USAGE(.BOTH.,#14481);
#14481 = SURFACE_SIDE_STYLE('',(#14482));
#14482 = SURFACE_STYLE_FILL_AREA(#14483);
#14483 = FILL_AREA_STYLE('',(#14484));
#14484 = FILL_AREA_STYLE_COLOUR('',#12373);
#14485 = CURVE_STYLE('',#14486,POSITIVE_LENGTH_MEASURE(0.1),#12373);
#14486 = DRAUGHTING_PRE_DEFINED_CURVE_FONT('continuous');
#14487 = STYLED_ITEM('color',(#14488),#1272);
#14488 = PRESENTATION_STYLE_ASSIGNMENT((#14489,#14494));
#14489 = SURFACE_STYLE_USAGE(.BOTH.,#14490);
#14490 = SURFACE_SIDE_STYLE('',(#14491));
#14491 = SURFACE_STYLE_FILL_AREA(#14492);
#14492 = FILL_AREA_STYLE('',(#14493));
#14493 = FILL_AREA_STYLE_COLOUR('',#12373);
#14494 = CURVE_STYLE('',#14495,POSITIVE_LENGTH_MEASURE(0.1),#12373);
#14495 = DRAUGHTING_PRE_DEFINED_CURVE_FONT('continuous');
#14496 = STYLED_ITEM('color',(#14497),#1296);
#14497 = PRESENTATION_STYLE_ASSIGNMENT((#14498,#14503));
#14498 = SURFACE_STYLE_USAGE(.BOTH.,#14499);
#14499 = SURFACE_SIDE_STYLE('',(#14500));
#14500 = SURFACE_STYLE_FILL_AREA(#14501);
#14501 = FILL_AREA_STYLE('',(#14502));
#14502 = FILL_AREA_STYLE_COLOUR('',#12373);
#14503 = CURVE_STYLE('',#14504,POSITIVE_LENGTH_MEASURE(0.1),#12373);
#14504 = DRAUGHTING_PRE_DEFINED_CURVE_FONT('continuous');
#14505 = STYLED_ITEM('color',(#14506),#1329);
#14506 = PRESENTATION_STYLE_ASSIGNMENT((#14507,#14512));
#14507 = SURFACE_STYLE_USAGE(.BOTH.,#14508);
#14508 = SURFACE_SIDE_STYLE('',(#14509));
#14509 = SURFACE_STYLE_FILL_AREA(#14510);
#14510 = FILL_AREA_STYLE('',(#14511));
#14511 = FILL_AREA_STYLE_COLOUR('',#12373);
#14512 = CURVE_STYLE('',#14513,POSITIVE_LENGTH_MEASURE(0.1),#12373);
#14513 = DRAUGHTING_PRE_DEFINED_CURVE_FONT('continuous');
#14514 = STYLED_ITEM('color',(#14515),#1343);
#14515 = PRESENTATION_STYLE_ASSIGNMENT((#14516,#14521));
#14516 = SURFACE_STYLE_USAGE(.BOTH.,#14517);
#14517 = SURFACE_SIDE_STYLE('',(#14518));
#14518 = SURFACE_STYLE_FILL_AREA(#14519);
#14519 = FILL_AREA_STYLE('',(#14520));
#14520 = FILL_AREA_STYLE_COLOUR('',#12165);
#14521 = CURVE_STYLE('',#14522,POSITIVE_LENGTH_MEASURE(0.1),#12165);
#14522 = DRAUGHTING_PRE_DEFINED_CURVE_FONT('continuous');
#14523 = STYLED_ITEM('color',(#14524),#1383);
#14524 = PRESENTATION_STYLE_ASSIGNMENT((#14525,#14530));
#14525 = SURFACE_STYLE_USAGE(.BOTH.,#14526);
#14526 = SURFACE_SIDE_STYLE('',(#14527));
#14527 = SURFACE_STYLE_FILL_AREA(#14528);
#14528 = FILL_AREA_STYLE('',(#14529));
#14529 = FILL_AREA_STYLE_COLOUR('',#12165);
#14530 = CURVE_STYLE('',#14531,POSITIVE_LENGTH_MEASURE(0.1),#12165);
#14531 = DRAUGHTING_PRE_DEFINED_CURVE_FONT('continuous');
#14532 = STYLED_ITEM('color',(#14533),#1407);
#14533 = PRESENTATION_STYLE_ASSIGNMENT((#14534,#14539));
#14534 = SURFACE_STYLE_USAGE(.BOTH.,#14535);
#14535 = SURFACE_SIDE_STYLE('',(#14536));
#14536 = SURFACE_STYLE_FILL_AREA(#14537);
#14537 = FILL_AREA_STYLE('',(#14538));
#14538 = FILL_AREA_STYLE_COLOUR('',#12165);
#14539 = CURVE_STYLE('',#14540,POSITIVE_LENGTH_MEASURE(0.1),#12165);
#14540 = DRAUGHTING_PRE_DEFINED_CURVE_FONT('continuous');
#14541 = STYLED_ITEM('color',(#14542),#1440);
#14542 = PRESENTATION_STYLE_ASSIGNMENT((#14543,#14548));
#14543 = SURFACE_STYLE_USAGE(.BOTH.,#14544);
#14544 = SURFACE_SIDE_STYLE('',(#14545));
#14545 = SURFACE_STYLE_FILL_AREA(#14546);
#14546 = FILL_AREA_STYLE('',(#14547));
#14547 = FILL_AREA_STYLE_COLOUR('',#12165);
#14548 = CURVE_STYLE('',#14549,POSITIVE_LENGTH_MEASURE(0.1),#12165);
#14549 = DRAUGHTING_PRE_DEFINED_CURVE_FONT('continuous');
#14550 = STYLED_ITEM('color',(#14551),#1480);
#14551 = PRESENTATION_STYLE_ASSIGNMENT((#14552,#14557));
#14552 = SURFACE_STYLE_USAGE(.BOTH.,#14553);
#14553 = SURFACE_SIDE_STYLE('',(#14554));
#14554 = SURFACE_STYLE_FILL_AREA(#14555);
#14555 = FILL_AREA_STYLE('',(#14556));
#14556 = FILL_AREA_STYLE_COLOUR('',#12165);
#14557 = CURVE_STYLE('',#14558,POSITIVE_LENGTH_MEASURE(0.1),#12165);
#14558 = DRAUGHTING_PRE_DEFINED_CURVE_FONT('continuous');
#14559 = STYLED_ITEM('color',(#14560),#1504);
#14560 = PRESENTATION_STYLE_ASSIGNMENT((#14561,#14566));
#14561 = SURFACE_STYLE_USAGE(.BOTH.,#14562);
#14562 = SURFACE_SIDE_STYLE('',(#14563));
#14563 = SURFACE_STYLE_FILL_AREA(#14564);
#14564 = FILL_AREA_STYLE('',(#14565));
#14565 = FILL_AREA_STYLE_COLOUR('',#12165);
#14566 = CURVE_STYLE('',#14567,POSITIVE_LENGTH_MEASURE(0.1),#12165);
#14567 = DRAUGHTING_PRE_DEFINED_CURVE_FONT('continuous');
#14568 = STYLED_ITEM('color',(#14569),#1537);
#14569 = PRESENTATION_STYLE_ASSIGNMENT((#14570,#14575));
#14570 = SURFACE_STYLE_USAGE(.BOTH.,#14571);
#14571 = SURFACE_SIDE_STYLE('',(#14572));
#14572 = SURFACE_STYLE_FILL_AREA(#14573);
#14573 = FILL_AREA_STYLE('',(#14574));
#14574 = FILL_AREA_STYLE_COLOUR('',#12165);
#14575 = CURVE_STYLE('',#14576,POSITIVE_LENGTH_MEASURE(0.1),#12165);
#14576 = DRAUGHTING_PRE_DEFINED_CURVE_FONT('continuous');
#14577 = STYLED_ITEM('color',(#14578),#1577);
#14578 = PRESENTATION_STYLE_ASSIGNMENT((#14579,#14584));
#14579 = SURFACE_STYLE_USAGE(.BOTH.,#14580);
#14580 = SURFACE_SIDE_STYLE('',(#14581));
#14581 = SURFACE_STYLE_FILL_AREA(#14582);
#14582 = FILL_AREA_STYLE('',(#14583));
#14583 = FILL_AREA_STYLE_COLOUR('',#12165);
#14584 = CURVE_STYLE('',#14585,POSITIVE_LENGTH_MEASURE(0.1),#12165);
#14585 = DRAUGHTING_PRE_DEFINED_CURVE_FONT('continuous');
#14586 = STYLED_ITEM('color',(#14587),#1601);
#14587 = PRESENTATION_STYLE_ASSIGNMENT((#14588,#14593));
#14588 = SURFACE_STYLE_USAGE(.BOTH.,#14589);
#14589 = SURFACE_SIDE_STYLE('',(#14590));
#14590 = SURFACE_STYLE_FILL_AREA(#14591);
#14591 = FILL_AREA_STYLE('',(#14592));
#14592 = FILL_AREA_STYLE_COLOUR('',#12165);
#14593 = CURVE_STYLE('',#14594,POSITIVE_LENGTH_MEASURE(0.1),#12165);
#14594 = DRAUGHTING_PRE_DEFINED_CURVE_FONT('continuous');
#14595 = STYLED_ITEM('color',(#14596),#1634);
#14596 = PRESENTATION_STYLE_ASSIGNMENT((#14597,#14602));
#14597 = SURFACE_STYLE_USAGE(.BOTH.,#14598);
#14598 = SURFACE_SIDE_STYLE('',(#14599));
#14599 = SURFACE_STYLE_FILL_AREA(#14600);
#14600 = FILL_AREA_STYLE('',(#14601));
#14601 = FILL_AREA_STYLE_COLOUR('',#12165);
#14602 = CURVE_STYLE('',#14603,POSITIVE_LENGTH_MEASURE(0.1),#12165);
#14603 = DRAUGHTING_PRE_DEFINED_CURVE_FONT('continuous');
#14604 = STYLED_ITEM('color',(#14605),#1674);
#14605 = PRESENTATION_STYLE_ASSIGNMENT((#14606,#14611));
#14606 = SURFACE_STYLE_USAGE(.BOTH.,#14607);
#14607 = SURFACE_SIDE_STYLE('',(#14608));
#14608 = SURFACE_STYLE_FILL_AREA(#14609);
#14609 = FILL_AREA_STYLE('',(#14610));
#14610 = FILL_AREA_STYLE_COLOUR('',#12165);
#14611 = CURVE_STYLE('',#14612,POSITIVE_LENGTH_MEASURE(0.1),#12165);
#14612 = DRAUGHTING_PRE_DEFINED_CURVE_FONT('continuous');
#14613 = STYLED_ITEM('color',(#14614),#1698);
#14614 = PRESENTATION_STYLE_ASSIGNMENT((#14615,#14620));
#14615 = SURFACE_STYLE_USAGE(.BOTH.,#14616);
#14616 = SURFACE_SIDE_STYLE('',(#14617));
#14617 = SURFACE_STYLE_FILL_AREA(#14618);
#14618 = FILL_AREA_STYLE('',(#14619));
#14619 = FILL_AREA_STYLE_COLOUR('',#12165);
#14620 = CURVE_STYLE('',#14621,POSITIVE_LENGTH_MEASURE(0.1),#12165);
#14621 = DRAUGHTING_PRE_DEFINED_CURVE_FONT('continuous');
#14622 = STYLED_ITEM('color',(#14623),#1731);
#14623 = PRESENTATION_STYLE_ASSIGNMENT((#14624,#14629));
#14624 = SURFACE_STYLE_USAGE(.BOTH.,#14625);
#14625 = SURFACE_SIDE_STYLE('',(#14626));
#14626 = SURFACE_STYLE_FILL_AREA(#14627);
#14627 = FILL_AREA_STYLE('',(#14628));
#14628 = FILL_AREA_STYLE_COLOUR('',#12165);
#14629 = CURVE_STYLE('',#14630,POSITIVE_LENGTH_MEASURE(0.1),#12165);
#14630 = DRAUGHTING_PRE_DEFINED_CURVE_FONT('continuous');
#14631 = STYLED_ITEM('color',(#14632),#1771);
#14632 = PRESENTATION_STYLE_ASSIGNMENT((#14633,#14638));
#14633 = SURFACE_STYLE_USAGE(.BOTH.,#14634);
#14634 = SURFACE_SIDE_STYLE('',(#14635));
#14635 = SURFACE_STYLE_FILL_AREA(#14636);
#14636 = FILL_AREA_STYLE('',(#14637));
#14637 = FILL_AREA_STYLE_COLOUR('',#12165);
#14638 = CURVE_STYLE('',#14639,POSITIVE_LENGTH_MEASURE(0.1),#12165);
#14639 = DRAUGHTING_PRE_DEFINED_CURVE_FONT('continuous');
#14640 = STYLED_ITEM('color',(#14641),#1795);
#14641 = PRESENTATION_STYLE_ASSIGNMENT((#14642,#14647));
#14642 = SURFACE_STYLE_USAGE(.BOTH.,#14643);
#14643 = SURFACE_SIDE_STYLE('',(#14644));
#14644 = SURFACE_STYLE_FILL_AREA(#14645);
#14645 = FILL_AREA_STYLE('',(#14646));
#14646 = FILL_AREA_STYLE_COLOUR('',#12165);
#14647 = CURVE_STYLE('',#14648,POSITIVE_LENGTH_MEASURE(0.1),#12165);
#14648 = DRAUGHTING_PRE_DEFINED_CURVE_FONT('continuous');
#14649 = STYLED_ITEM('color',(#14650),#1828);
#14650 = PRESENTATION_STYLE_ASSIGNMENT((#14651,#14656));
#14651 = SURFACE_STYLE_USAGE(.BOTH.,#14652);
#14652 = SURFACE_SIDE_STYLE('',(#14653));
#14653 = SURFACE_STYLE_FILL_AREA(#14654);
#14654 = FILL_AREA_STYLE('',(#14655));
#14655 = FILL_AREA_STYLE_COLOUR('',#12165);
#14656 = CURVE_STYLE('',#14657,POSITIVE_LENGTH_MEASURE(0.1),#12165);
#14657 = DRAUGHTING_PRE_DEFINED_CURVE_FONT('continuous');
#14658 = STYLED_ITEM('color',(#14659),#1868);
#14659 = PRESENTATION_STYLE_ASSIGNMENT((#14660,#14665));
#14660 = SURFACE_STYLE_USAGE(.BOTH.,#14661);
#14661 = SURFACE_SIDE_STYLE('',(#14662));
#14662 = SURFACE_STYLE_FILL_AREA(#14663);
#14663 = FILL_AREA_STYLE('',(#14664));
#14664 = FILL_AREA_STYLE_COLOUR('',#12165);
#14665 = CURVE_STYLE('',#14666,POSITIVE_LENGTH_MEASURE(0.1),#12165);
#14666 = DRAUGHTING_PRE_DEFINED_CURVE_FONT('continuous');
#14667 = STYLED_ITEM('color',(#14668),#1892);
#14668 = PRESENTATION_STYLE_ASSIGNMENT((#14669,#14674));
#14669 = SURFACE_STYLE_USAGE(.BOTH.,#14670);
#14670 = SURFACE_SIDE_STYLE('',(#14671));
#14671 = SURFACE_STYLE_FILL_AREA(#14672);
#14672 = FILL_AREA_STYLE('',(#14673));
#14673 = FILL_AREA_STYLE_COLOUR('',#12165);
#14674 = CURVE_STYLE('',#14675,POSITIVE_LENGTH_MEASURE(0.1),#12165);
#14675 = DRAUGHTING_PRE_DEFINED_CURVE_FONT('continuous');
#14676 = STYLED_ITEM('color',(#14677),#1925);
#14677 = PRESENTATION_STYLE_ASSIGNMENT((#14678,#14683));
#14678 = SURFACE_STYLE_USAGE(.BOTH.,#14679);
#14679 = SURFACE_SIDE_STYLE('',(#14680));
#14680 = SURFACE_STYLE_FILL_AREA(#14681);
#14681 = FILL_AREA_STYLE('',(#14682));
#14682 = FILL_AREA_STYLE_COLOUR('',#12373);
#14683 = CURVE_STYLE('',#14684,POSITIVE_LENGTH_MEASURE(0.1),#12373);
#14684 = DRAUGHTING_PRE_DEFINED_CURVE_FONT('continuous');
#14685 = STYLED_ITEM('color',(#14686),#1942);
#14686 = PRESENTATION_STYLE_ASSIGNMENT((#14687,#14692));
#14687 = SURFACE_STYLE_USAGE(.BOTH.,#14688);
#14688 = SURFACE_SIDE_STYLE('',(#14689));
#14689 = SURFACE_STYLE_FILL_AREA(#14690);
#14690 = FILL_AREA_STYLE('',(#14691));
#14691 = FILL_AREA_STYLE_COLOUR('',#12373);
#14692 = CURVE_STYLE('',#14693,POSITIVE_LENGTH_MEASURE(0.1),#12373);
#14693 = DRAUGHTING_PRE_DEFINED_CURVE_FONT('continuous');
#14694 = STYLED_ITEM('color',(#14695),#1996);
#14695 = PRESENTATION_STYLE_ASSIGNMENT((#14696,#14701));
#14696 = SURFACE_STYLE_USAGE(.BOTH.,#14697);
#14697 = SURFACE_SIDE_STYLE('',(#14698));
#14698 = SURFACE_STYLE_FILL_AREA(#14699);
#14699 = FILL_AREA_STYLE('',(#14700));
#14700 = FILL_AREA_STYLE_COLOUR('',#12373);
#14701 = CURVE_STYLE('',#14702,POSITIVE_LENGTH_MEASURE(0.1),#12373);
#14702 = DRAUGHTING_PRE_DEFINED_CURVE_FONT('continuous');
#14703 = STYLED_ITEM('color',(#14704),#2020);
#14704 = PRESENTATION_STYLE_ASSIGNMENT((#14705,#14710));
#14705 = SURFACE_STYLE_USAGE(.BOTH.,#14706);
#14706 = SURFACE_SIDE_STYLE('',(#14707));
#14707 = SURFACE_STYLE_FILL_AREA(#14708);
#14708 = FILL_AREA_STYLE('',(#14709));
#14709 = FILL_AREA_STYLE_COLOUR('',#12373);
#14710 = CURVE_STYLE('',#14711,POSITIVE_LENGTH_MEASURE(0.1),#12373);
#14711 = DRAUGHTING_PRE_DEFINED_CURVE_FONT('continuous');
#14712 = STYLED_ITEM('color',(#14713),#2044);
#14713 = PRESENTATION_STYLE_ASSIGNMENT((#14714,#14719));
#14714 = SURFACE_STYLE_USAGE(.BOTH.,#14715);
#14715 = SURFACE_SIDE_STYLE('',(#14716));
#14716 = SURFACE_STYLE_FILL_AREA(#14717);
#14717 = FILL_AREA_STYLE('',(#14718));
#14718 = FILL_AREA_STYLE_COLOUR('',#12373);
#14719 = CURVE_STYLE('',#14720,POSITIVE_LENGTH_MEASURE(0.1),#12373);
#14720 = DRAUGHTING_PRE_DEFINED_CURVE_FONT('continuous');
#14721 = STYLED_ITEM('color',(#14722),#2061);
#14722 = PRESENTATION_STYLE_ASSIGNMENT((#14723,#14728));
#14723 = SURFACE_STYLE_USAGE(.BOTH.,#14724);
#14724 = SURFACE_SIDE_STYLE('',(#14725));
#14725 = SURFACE_STYLE_FILL_AREA(#14726);
#14726 = FILL_AREA_STYLE('',(#14727));
#14727 = FILL_AREA_STYLE_COLOUR('',#12373);
#14728 = CURVE_STYLE('',#14729,POSITIVE_LENGTH_MEASURE(0.1),#12373);
#14729 = DRAUGHTING_PRE_DEFINED_CURVE_FONT('continuous');
#14730 = STYLED_ITEM('color',(#14731),#2085);
#14731 = PRESENTATION_STYLE_ASSIGNMENT((#14732,#14737));
#14732 = SURFACE_STYLE_USAGE(.BOTH.,#14733);
#14733 = SURFACE_SIDE_STYLE('',(#14734));
#14734 = SURFACE_STYLE_FILL_AREA(#14735);
#14735 = FILL_AREA_STYLE('',(#14736));
#14736 = FILL_AREA_STYLE_COLOUR('',#12373);
#14737 = CURVE_STYLE('',#14738,POSITIVE_LENGTH_MEASURE(0.1),#12373);
#14738 = DRAUGHTING_PRE_DEFINED_CURVE_FONT('continuous');
#14739 = STYLED_ITEM('color',(#14740),#2132);
#14740 = PRESENTATION_STYLE_ASSIGNMENT((#14741,#14746));
#14741 = SURFACE_STYLE_USAGE(.BOTH.,#14742);
#14742 = SURFACE_SIDE_STYLE('',(#14743));
#14743 = SURFACE_STYLE_FILL_AREA(#14744);
#14744 = FILL_AREA_STYLE('',(#14745));
#14745 = FILL_AREA_STYLE_COLOUR('',#12373);
#14746 = CURVE_STYLE('',#14747,POSITIVE_LENGTH_MEASURE(0.1),#12373);
#14747 = DRAUGHTING_PRE_DEFINED_CURVE_FONT('continuous');
#14748 = STYLED_ITEM('color',(#14749),#2156);
#14749 = PRESENTATION_STYLE_ASSIGNMENT((#14750,#14755));
#14750 = SURFACE_STYLE_USAGE(.BOTH.,#14751);
#14751 = SURFACE_SIDE_STYLE('',(#14752));
#14752 = SURFACE_STYLE_FILL_AREA(#14753);
#14753 = FILL_AREA_STYLE('',(#14754));
#14754 = FILL_AREA_STYLE_COLOUR('',#12373);
#14755 = CURVE_STYLE('',#14756,POSITIVE_LENGTH_MEASURE(0.1),#12373);
#14756 = DRAUGHTING_PRE_DEFINED_CURVE_FONT('continuous');
#14757 = STYLED_ITEM('color',(#14758),#2180);
#14758 = PRESENTATION_STYLE_ASSIGNMENT((#14759,#14764));
#14759 = SURFACE_STYLE_USAGE(.BOTH.,#14760);
#14760 = SURFACE_SIDE_STYLE('',(#14761));
#14761 = SURFACE_STYLE_FILL_AREA(#14762);
#14762 = FILL_AREA_STYLE('',(#14763));
#14763 = FILL_AREA_STYLE_COLOUR('',#12373);
#14764 = CURVE_STYLE('',#14765,POSITIVE_LENGTH_MEASURE(0.1),#12373);
#14765 = DRAUGHTING_PRE_DEFINED_CURVE_FONT('continuous');
#14766 = STYLED_ITEM('color',(#14767),#2197);
#14767 = PRESENTATION_STYLE_ASSIGNMENT((#14768,#14773));
#14768 = SURFACE_STYLE_USAGE(.BOTH.,#14769);
#14769 = SURFACE_SIDE_STYLE('',(#14770));
#14770 = SURFACE_STYLE_FILL_AREA(#14771);
#14771 = FILL_AREA_STYLE('',(#14772));
#14772 = FILL_AREA_STYLE_COLOUR('',#12373);
#14773 = CURVE_STYLE('',#14774,POSITIVE_LENGTH_MEASURE(0.1),#12373);
#14774 = DRAUGHTING_PRE_DEFINED_CURVE_FONT('continuous');
#14775 = STYLED_ITEM('color',(#14776),#2214);
#14776 = PRESENTATION_STYLE_ASSIGNMENT((#14777,#14782));
#14777 = SURFACE_STYLE_USAGE(.BOTH.,#14778);
#14778 = SURFACE_SIDE_STYLE('',(#14779));
#14779 = SURFACE_STYLE_FILL_AREA(#14780);
#14780 = FILL_AREA_STYLE('',(#14781));
#14781 = FILL_AREA_STYLE_COLOUR('',#12373);
#14782 = CURVE_STYLE('',#14783,POSITIVE_LENGTH_MEASURE(0.1),#12373);
#14783 = DRAUGHTING_PRE_DEFINED_CURVE_FONT('continuous');
#14784 = STYLED_ITEM('color',(#14785),#2237);
#14785 = PRESENTATION_STYLE_ASSIGNMENT((#14786,#14791));
#14786 = SURFACE_STYLE_USAGE(.BOTH.,#14787);
#14787 = SURFACE_SIDE_STYLE('',(#14788));
#14788 = SURFACE_STYLE_FILL_AREA(#14789);
#14789 = FILL_AREA_STYLE('',(#14790));
#14790 = FILL_AREA_STYLE_COLOUR('',#12165);
#14791 = CURVE_STYLE('',#14792,POSITIVE_LENGTH_MEASURE(0.1),#12165);
#14792 = DRAUGHTING_PRE_DEFINED_CURVE_FONT('continuous');
#14793 = STYLED_ITEM('color',(#14794),#2276);
#14794 = PRESENTATION_STYLE_ASSIGNMENT((#14795,#14800));
#14795 = SURFACE_STYLE_USAGE(.BOTH.,#14796);
#14796 = SURFACE_SIDE_STYLE('',(#14797));
#14797 = SURFACE_STYLE_FILL_AREA(#14798);
#14798 = FILL_AREA_STYLE('',(#14799));
#14799 = FILL_AREA_STYLE_COLOUR('',#12373);
#14800 = CURVE_STYLE('',#14801,POSITIVE_LENGTH_MEASURE(0.1),#12373);
#14801 = DRAUGHTING_PRE_DEFINED_CURVE_FONT('continuous');
#14802 = STYLED_ITEM('color',(#14803),#2301);
#14803 = PRESENTATION_STYLE_ASSIGNMENT((#14804,#14809));
#14804 = SURFACE_STYLE_USAGE(.BOTH.,#14805);
#14805 = SURFACE_SIDE_STYLE('',(#14806));
#14806 = SURFACE_STYLE_FILL_AREA(#14807);
#14807 = FILL_AREA_STYLE('',(#14808));
#14808 = FILL_AREA_STYLE_COLOUR('',#12373);
#14809 = CURVE_STYLE('',#14810,POSITIVE_LENGTH_MEASURE(0.1),#12373);
#14810 = DRAUGHTING_PRE_DEFINED_CURVE_FONT('continuous');
#14811 = STYLED_ITEM('color',(#14812),#2317);
#14812 = PRESENTATION_STYLE_ASSIGNMENT((#14813,#14818));
#14813 = SURFACE_STYLE_USAGE(.BOTH.,#14814);
#14814 = SURFACE_SIDE_STYLE('',(#14815));
#14815 = SURFACE_STYLE_FILL_AREA(#14816);
#14816 = FILL_AREA_STYLE('',(#14817));
#14817 = FILL_AREA_STYLE_COLOUR('',#12165);
#14818 = CURVE_STYLE('',#14819,POSITIVE_LENGTH_MEASURE(0.1),#12165);
#14819 = DRAUGHTING_PRE_DEFINED_CURVE_FONT('continuous');
#14820 = STYLED_ITEM('color',(#14821),#2356);
#14821 = PRESENTATION_STYLE_ASSIGNMENT((#14822,#14827));
#14822 = SURFACE_STYLE_USAGE(.BOTH.,#14823);
#14823 = SURFACE_SIDE_STYLE('',(#14824));
#14824 = SURFACE_STYLE_FILL_AREA(#14825);
#14825 = FILL_AREA_STYLE('',(#14826));
#14826 = FILL_AREA_STYLE_COLOUR('',#12165);
#14827 = CURVE_STYLE('',#14828,POSITIVE_LENGTH_MEASURE(0.1),#12165);
#14828 = DRAUGHTING_PRE_DEFINED_CURVE_FONT('continuous');
#14829 = STYLED_ITEM('color',(#14830),#2373);
#14830 = PRESENTATION_STYLE_ASSIGNMENT((#14831,#14836));
#14831 = SURFACE_STYLE_USAGE(.BOTH.,#14832);
#14832 = SURFACE_SIDE_STYLE('',(#14833));
#14833 = SURFACE_STYLE_FILL_AREA(#14834);
#14834 = FILL_AREA_STYLE('',(#14835));
#14835 = FILL_AREA_STYLE_COLOUR('',#12165);
#14836 = CURVE_STYLE('',#14837,POSITIVE_LENGTH_MEASURE(0.1),#12165);
#14837 = DRAUGHTING_PRE_DEFINED_CURVE_FONT('continuous');
#14838 = STYLED_ITEM('color',(#14839),#2400);
#14839 = PRESENTATION_STYLE_ASSIGNMENT((#14840,#14845));
#14840 = SURFACE_STYLE_USAGE(.BOTH.,#14841);
#14841 = SURFACE_SIDE_STYLE('',(#14842));
#14842 = SURFACE_STYLE_FILL_AREA(#14843);
#14843 = FILL_AREA_STYLE('',(#14844));
#14844 = FILL_AREA_STYLE_COLOUR('',#12165);
#14845 = CURVE_STYLE('',#14846,POSITIVE_LENGTH_MEASURE(0.1),#12165);
#14846 = DRAUGHTING_PRE_DEFINED_CURVE_FONT('continuous');
#14847 = STYLED_ITEM('color',(#14848),#2424);
#14848 = PRESENTATION_STYLE_ASSIGNMENT((#14849,#14854));
#14849 = SURFACE_STYLE_USAGE(.BOTH.,#14850);
#14850 = SURFACE_SIDE_STYLE('',(#14851));
#14851 = SURFACE_STYLE_FILL_AREA(#14852);
#14852 = FILL_AREA_STYLE('',(#14853));
#14853 = FILL_AREA_STYLE_COLOUR('',#12165);
#14854 = CURVE_STYLE('',#14855,POSITIVE_LENGTH_MEASURE(0.1),#12165);
#14855 = DRAUGHTING_PRE_DEFINED_CURVE_FONT('continuous');
#14856 = STYLED_ITEM('color',(#14857),#2441);
#14857 = PRESENTATION_STYLE_ASSIGNMENT((#14858,#14863));
#14858 = SURFACE_STYLE_USAGE(.BOTH.,#14859);
#14859 = SURFACE_SIDE_STYLE('',(#14860));
#14860 = SURFACE_STYLE_FILL_AREA(#14861);
#14861 = FILL_AREA_STYLE('',(#14862));
#14862 = FILL_AREA_STYLE_COLOUR('',#12165);
#14863 = CURVE_STYLE('',#14864,POSITIVE_LENGTH_MEASURE(0.1),#12165);
#14864 = DRAUGHTING_PRE_DEFINED_CURVE_FONT('continuous');
#14865 = STYLED_ITEM('color',(#14866),#2465);
#14866 = PRESENTATION_STYLE_ASSIGNMENT((#14867,#14872));
#14867 = SURFACE_STYLE_USAGE(.BOTH.,#14868);
#14868 = SURFACE_SIDE_STYLE('',(#14869));
#14869 = SURFACE_STYLE_FILL_AREA(#14870);
#14870 = FILL_AREA_STYLE('',(#14871));
#14871 = FILL_AREA_STYLE_COLOUR('',#12165);
#14872 = CURVE_STYLE('',#14873,POSITIVE_LENGTH_MEASURE(0.1),#12165);
#14873 = DRAUGHTING_PRE_DEFINED_CURVE_FONT('continuous');
#14874 = STYLED_ITEM('color',(#14875),#2489);
#14875 = PRESENTATION_STYLE_ASSIGNMENT((#14876,#14881));
#14876 = SURFACE_STYLE_USAGE(.BOTH.,#14877);
#14877 = SURFACE_SIDE_STYLE('',(#14878));
#14878 = SURFACE_STYLE_FILL_AREA(#14879);
#14879 = FILL_AREA_STYLE('',(#14880));
#14880 = FILL_AREA_STYLE_COLOUR('',#12373);
#14881 = CURVE_STYLE('',#14882,POSITIVE_LENGTH_MEASURE(0.1),#12373);
#14882 = DRAUGHTING_PRE_DEFINED_CURVE_FONT('continuous');
#14883 = STYLED_ITEM('color',(#14884),#2513);
#14884 = PRESENTATION_STYLE_ASSIGNMENT((#14885,#14890));
#14885 = SURFACE_STYLE_USAGE(.BOTH.,#14886);
#14886 = SURFACE_SIDE_STYLE('',(#14887));
#14887 = SURFACE_STYLE_FILL_AREA(#14888);
#14888 = FILL_AREA_STYLE('',(#14889));
#14889 = FILL_AREA_STYLE_COLOUR('',#12165);
#14890 = CURVE_STYLE('',#14891,POSITIVE_LENGTH_MEASURE(0.1),#12165);
#14891 = DRAUGHTING_PRE_DEFINED_CURVE_FONT('continuous');
#14892 = STYLED_ITEM('color',(#14893),#2530);
#14893 = PRESENTATION_STYLE_ASSIGNMENT((#14894,#14899));
#14894 = SURFACE_STYLE_USAGE(.BOTH.,#14895);
#14895 = SURFACE_SIDE_STYLE('',(#14896));
#14896 = SURFACE_STYLE_FILL_AREA(#14897);
#14897 = FILL_AREA_STYLE('',(#14898));
#14898 = FILL_AREA_STYLE_COLOUR('',#12165);
#14899 = CURVE_STYLE('',#14900,POSITIVE_LENGTH_MEASURE(0.1),#12165);
#14900 = DRAUGHTING_PRE_DEFINED_CURVE_FONT('continuous');
#14901 = STYLED_ITEM('color',(#14902),#2547);
#14902 = PRESENTATION_STYLE_ASSIGNMENT((#14903,#14908));
#14903 = SURFACE_STYLE_USAGE(.BOTH.,#14904);
#14904 = SURFACE_SIDE_STYLE('',(#14905));
#14905 = SURFACE_STYLE_FILL_AREA(#14906);
#14906 = FILL_AREA_STYLE('',(#14907));
#14907 = FILL_AREA_STYLE_COLOUR('',#12165);
#14908 = CURVE_STYLE('',#14909,POSITIVE_LENGTH_MEASURE(0.1),#12165);
#14909 = DRAUGHTING_PRE_DEFINED_CURVE_FONT('continuous');
#14910 = STYLED_ITEM('color',(#14911),#2564);
#14911 = PRESENTATION_STYLE_ASSIGNMENT((#14912,#14917));
#14912 = SURFACE_STYLE_USAGE(.BOTH.,#14913);
#14913 = SURFACE_SIDE_STYLE('',(#14914));
#14914 = SURFACE_STYLE_FILL_AREA(#14915);
#14915 = FILL_AREA_STYLE('',(#14916));
#14916 = FILL_AREA_STYLE_COLOUR('',#12165);
#14917 = CURVE_STYLE('',#14918,POSITIVE_LENGTH_MEASURE(0.1),#12165);
#14918 = DRAUGHTING_PRE_DEFINED_CURVE_FONT('continuous');
#14919 = STYLED_ITEM('color',(#14920),#2581);
#14920 = PRESENTATION_STYLE_ASSIGNMENT((#14921,#14926));
#14921 = SURFACE_STYLE_USAGE(.BOTH.,#14922);
#14922 = SURFACE_SIDE_STYLE('',(#14923));
#14923 = SURFACE_STYLE_FILL_AREA(#14924);
#14924 = FILL_AREA_STYLE('',(#14925));
#14925 = FILL_AREA_STYLE_COLOUR('',#12165);
#14926 = CURVE_STYLE('',#14927,POSITIVE_LENGTH_MEASURE(0.1),#12165);
#14927 = DRAUGHTING_PRE_DEFINED_CURVE_FONT('continuous');
#14928 = STYLED_ITEM('color',(#14929),#2598);
#14929 = PRESENTATION_STYLE_ASSIGNMENT((#14930,#14935));
#14930 = SURFACE_STYLE_USAGE(.BOTH.,#14931);
#14931 = SURFACE_SIDE_STYLE('',(#14932));
#14932 = SURFACE_STYLE_FILL_AREA(#14933);
#14933 = FILL_AREA_STYLE('',(#14934));
#14934 = FILL_AREA_STYLE_COLOUR('',#12165);
#14935 = CURVE_STYLE('',#14936,POSITIVE_LENGTH_MEASURE(0.1),#12165);
#14936 = DRAUGHTING_PRE_DEFINED_CURVE_FONT('continuous');
#14937 = STYLED_ITEM('color',(#14938),#2615);
#14938 = PRESENTATION_STYLE_ASSIGNMENT((#14939,#14944));
#14939 = SURFACE_STYLE_USAGE(.BOTH.,#14940);
#14940 = SURFACE_SIDE_STYLE('',(#14941));
#14941 = SURFACE_STYLE_FILL_AREA(#14942);
#14942 = FILL_AREA_STYLE('',(#14943));
#14943 = FILL_AREA_STYLE_COLOUR('',#12373);
#14944 = CURVE_STYLE('',#14945,POSITIVE_LENGTH_MEASURE(0.1),#12373);
#14945 = DRAUGHTING_PRE_DEFINED_CURVE_FONT('continuous');
#14946 = STYLED_ITEM('color',(#14947),#2632);
#14947 = PRESENTATION_STYLE_ASSIGNMENT((#14948,#14953));
#14948 = SURFACE_STYLE_USAGE(.BOTH.,#14949);
#14949 = SURFACE_SIDE_STYLE('',(#14950));
#14950 = SURFACE_STYLE_FILL_AREA(#14951);
#14951 = FILL_AREA_STYLE('',(#14952));
#14952 = FILL_AREA_STYLE_COLOUR('',#12373);
#14953 = CURVE_STYLE('',#14954,POSITIVE_LENGTH_MEASURE(0.1),#12373);
#14954 = DRAUGHTING_PRE_DEFINED_CURVE_FONT('continuous');
#14955 = STYLED_ITEM('color',(#14956),#2644);
#14956 = PRESENTATION_STYLE_ASSIGNMENT((#14957,#14962));
#14957 = SURFACE_STYLE_USAGE(.BOTH.,#14958);
#14958 = SURFACE_SIDE_STYLE('',(#14959));
#14959 = SURFACE_STYLE_FILL_AREA(#14960);
#14960 = FILL_AREA_STYLE('',(#14961));
#14961 = FILL_AREA_STYLE_COLOUR('',#12373);
#14962 = CURVE_STYLE('',#14963,POSITIVE_LENGTH_MEASURE(0.1),#12373);
#14963 = DRAUGHTING_PRE_DEFINED_CURVE_FONT('continuous');
#14964 = STYLED_ITEM('color',(#14965),#2668);
#14965 = PRESENTATION_STYLE_ASSIGNMENT((#14966,#14971));
#14966 = SURFACE_STYLE_USAGE(.BOTH.,#14967);
#14967 = SURFACE_SIDE_STYLE('',(#14968));
#14968 = SURFACE_STYLE_FILL_AREA(#14969);
#14969 = FILL_AREA_STYLE('',(#14970));
#14970 = FILL_AREA_STYLE_COLOUR('',#12373);
#14971 = CURVE_STYLE('',#14972,POSITIVE_LENGTH_MEASURE(0.1),#12373);
#14972 = DRAUGHTING_PRE_DEFINED_CURVE_FONT('continuous');
#14973 = STYLED_ITEM('color',(#14974),#2685);
#14974 = PRESENTATION_STYLE_ASSIGNMENT((#14975,#14980));
#14975 = SURFACE_STYLE_USAGE(.BOTH.,#14976);
#14976 = SURFACE_SIDE_STYLE('',(#14977));
#14977 = SURFACE_STYLE_FILL_AREA(#14978);
#14978 = FILL_AREA_STYLE('',(#14979));
#14979 = FILL_AREA_STYLE_COLOUR('',#12165);
#14980 = CURVE_STYLE('',#14981,POSITIVE_LENGTH_MEASURE(0.1),#12165);
#14981 = DRAUGHTING_PRE_DEFINED_CURVE_FONT('continuous');
#14982 = STYLED_ITEM('color',(#14983),#2702);
#14983 = PRESENTATION_STYLE_ASSIGNMENT((#14984,#14989));
#14984 = SURFACE_STYLE_USAGE(.BOTH.,#14985);
#14985 = SURFACE_SIDE_STYLE('',(#14986));
#14986 = SURFACE_STYLE_FILL_AREA(#14987);
#14987 = FILL_AREA_STYLE('',(#14988));
#14988 = FILL_AREA_STYLE_COLOUR('',#12165);
#14989 = CURVE_STYLE('',#14990,POSITIVE_LENGTH_MEASURE(0.1),#12165);
#14990 = DRAUGHTING_PRE_DEFINED_CURVE_FONT('continuous');
#14991 = STYLED_ITEM('color',(#14992),#2714);
#14992 = PRESENTATION_STYLE_ASSIGNMENT((#14993,#14998));
#14993 = SURFACE_STYLE_USAGE(.BOTH.,#14994);
#14994 = SURFACE_SIDE_STYLE('',(#14995));
#14995 = SURFACE_STYLE_FILL_AREA(#14996);
#14996 = FILL_AREA_STYLE('',(#14997));
#14997 = FILL_AREA_STYLE_COLOUR('',#12165);
#14998 = CURVE_STYLE('',#14999,POSITIVE_LENGTH_MEASURE(0.1),#12165);
#14999 = DRAUGHTING_PRE_DEFINED_CURVE_FONT('continuous');
#15000 = STYLED_ITEM('color',(#15001),#2731);
#15001 = PRESENTATION_STYLE_ASSIGNMENT((#15002,#15007));
#15002 = SURFACE_STYLE_USAGE(.BOTH.,#15003);
#15003 = SURFACE_SIDE_STYLE('',(#15004));
#15004 = SURFACE_STYLE_FILL_AREA(#15005);
#15005 = FILL_AREA_STYLE('',(#15006));
#15006 = FILL_AREA_STYLE_COLOUR('',#12165);
#15007 = CURVE_STYLE('',#15008,POSITIVE_LENGTH_MEASURE(0.1),#12165);
#15008 = DRAUGHTING_PRE_DEFINED_CURVE_FONT('continuous');
#15009 = STYLED_ITEM('color',(#15010),#2743);
#15010 = PRESENTATION_STYLE_ASSIGNMENT((#15011,#15016));
#15011 = SURFACE_STYLE_USAGE(.BOTH.,#15012);
#15012 = SURFACE_SIDE_STYLE('',(#15013));
#15013 = SURFACE_STYLE_FILL_AREA(#15014);
#15014 = FILL_AREA_STYLE('',(#15015));
#15015 = FILL_AREA_STYLE_COLOUR('',#12165);
#15016 = CURVE_STYLE('',#15017,POSITIVE_LENGTH_MEASURE(0.1),#12165);
#15017 = DRAUGHTING_PRE_DEFINED_CURVE_FONT('continuous');
#15018 = STYLED_ITEM('color',(#15019),#2760);
#15019 = PRESENTATION_STYLE_ASSIGNMENT((#15020,#15025));
#15020 = SURFACE_STYLE_USAGE(.BOTH.,#15021);
#15021 = SURFACE_SIDE_STYLE('',(#15022));
#15022 = SURFACE_STYLE_FILL_AREA(#15023);
#15023 = FILL_AREA_STYLE('',(#15024));
#15024 = FILL_AREA_STYLE_COLOUR('',#12165);
#15025 = CURVE_STYLE('',#15026,POSITIVE_LENGTH_MEASURE(0.1),#12165);
#15026 = DRAUGHTING_PRE_DEFINED_CURVE_FONT('continuous');
#15027 = STYLED_ITEM('color',(#15028),#2772);
#15028 = PRESENTATION_STYLE_ASSIGNMENT((#15029,#15034));
#15029 = SURFACE_STYLE_USAGE(.BOTH.,#15030);
#15030 = SURFACE_SIDE_STYLE('',(#15031));
#15031 = SURFACE_STYLE_FILL_AREA(#15032);
#15032 = FILL_AREA_STYLE('',(#15033));
#15033 = FILL_AREA_STYLE_COLOUR('',#12165);
#15034 = CURVE_STYLE('',#15035,POSITIVE_LENGTH_MEASURE(0.1),#12165);
#15035 = DRAUGHTING_PRE_DEFINED_CURVE_FONT('continuous');
#15036 = STYLED_ITEM('color',(#15037),#2789);
#15037 = PRESENTATION_STYLE_ASSIGNMENT((#15038,#15043));
#15038 = SURFACE_STYLE_USAGE(.BOTH.,#15039);
#15039 = SURFACE_SIDE_STYLE('',(#15040));
#15040 = SURFACE_STYLE_FILL_AREA(#15041);
#15041 = FILL_AREA_STYLE('',(#15042));
#15042 = FILL_AREA_STYLE_COLOUR('',#12165);
#15043 = CURVE_STYLE('',#15044,POSITIVE_LENGTH_MEASURE(0.1),#12165);
#15044 = DRAUGHTING_PRE_DEFINED_CURVE_FONT('continuous');
#15045 = STYLED_ITEM('color',(#15046),#2801);
#15046 = PRESENTATION_STYLE_ASSIGNMENT((#15047,#15052));
#15047 = SURFACE_STYLE_USAGE(.BOTH.,#15048);
#15048 = SURFACE_SIDE_STYLE('',(#15049));
#15049 = SURFACE_STYLE_FILL_AREA(#15050);
#15050 = FILL_AREA_STYLE('',(#15051));
#15051 = FILL_AREA_STYLE_COLOUR('',#12165);
#15052 = CURVE_STYLE('',#15053,POSITIVE_LENGTH_MEASURE(0.1),#12165);
#15053 = DRAUGHTING_PRE_DEFINED_CURVE_FONT('continuous');
#15054 = STYLED_ITEM('color',(#15055),#2818);
#15055 = PRESENTATION_STYLE_ASSIGNMENT((#15056,#15061));
#15056 = SURFACE_STYLE_USAGE(.BOTH.,#15057);
#15057 = SURFACE_SIDE_STYLE('',(#15058));
#15058 = SURFACE_STYLE_FILL_AREA(#15059);
#15059 = FILL_AREA_STYLE('',(#15060));
#15060 = FILL_AREA_STYLE_COLOUR('',#12165);
#15061 = CURVE_STYLE('',#15062,POSITIVE_LENGTH_MEASURE(0.1),#12165);
#15062 = DRAUGHTING_PRE_DEFINED_CURVE_FONT('continuous');
#15063 = STYLED_ITEM('color',(#15064),#2830);
#15064 = PRESENTATION_STYLE_ASSIGNMENT((#15065,#15070));
#15065 = SURFACE_STYLE_USAGE(.BOTH.,#15066);
#15066 = SURFACE_SIDE_STYLE('',(#15067));
#15067 = SURFACE_STYLE_FILL_AREA(#15068);
#15068 = FILL_AREA_STYLE('',(#15069));
#15069 = FILL_AREA_STYLE_COLOUR('',#12165);
#15070 = CURVE_STYLE('',#15071,POSITIVE_LENGTH_MEASURE(0.1),#12165);
#15071 = DRAUGHTING_PRE_DEFINED_CURVE_FONT('continuous');
#15072 = STYLED_ITEM('color',(#15073),#2847);
#15073 = PRESENTATION_STYLE_ASSIGNMENT((#15074,#15079));
#15074 = SURFACE_STYLE_USAGE(.BOTH.,#15075);
#15075 = SURFACE_SIDE_STYLE('',(#15076));
#15076 = SURFACE_STYLE_FILL_AREA(#15077);
#15077 = FILL_AREA_STYLE('',(#15078));
#15078 = FILL_AREA_STYLE_COLOUR('',#12165);
#15079 = CURVE_STYLE('',#15080,POSITIVE_LENGTH_MEASURE(0.1),#12165);
#15080 = DRAUGHTING_PRE_DEFINED_CURVE_FONT('continuous');
#15081 = STYLED_ITEM('color',(#15082),#2859);
#15082 = PRESENTATION_STYLE_ASSIGNMENT((#15083,#15088));
#15083 = SURFACE_STYLE_USAGE(.BOTH.,#15084);
#15084 = SURFACE_SIDE_STYLE('',(#15085));
#15085 = SURFACE_STYLE_FILL_AREA(#15086);
#15086 = FILL_AREA_STYLE('',(#15087));
#15087 = FILL_AREA_STYLE_COLOUR('',#12373);
#15088 = CURVE_STYLE('',#15089,POSITIVE_LENGTH_MEASURE(0.1),#12373);
#15089 = DRAUGHTING_PRE_DEFINED_CURVE_FONT('continuous');
#15090 = STYLED_ITEM('color',(#15091),#2871);
#15091 = PRESENTATION_STYLE_ASSIGNMENT((#15092,#15097));
#15092 = SURFACE_STYLE_USAGE(.BOTH.,#15093);
#15093 = SURFACE_SIDE_STYLE('',(#15094));
#15094 = SURFACE_STYLE_FILL_AREA(#15095);
#15095 = FILL_AREA_STYLE('',(#15096));
#15096 = FILL_AREA_STYLE_COLOUR('',#12373);
#15097 = CURVE_STYLE('',#15098,POSITIVE_LENGTH_MEASURE(0.1),#12373);
#15098 = DRAUGHTING_PRE_DEFINED_CURVE_FONT('continuous');
#15099 = STYLED_ITEM('color',(#15100),#3087);
#15100 = PRESENTATION_STYLE_ASSIGNMENT((#15101,#15106));
#15101 = SURFACE_STYLE_USAGE(.BOTH.,#15102);
#15102 = SURFACE_SIDE_STYLE('',(#15103));
#15103 = SURFACE_STYLE_FILL_AREA(#15104);
#15104 = FILL_AREA_STYLE('',(#15105));
#15105 = FILL_AREA_STYLE_COLOUR('',#12373);
#15106 = CURVE_STYLE('',#15107,POSITIVE_LENGTH_MEASURE(0.1),#12373);
#15107 = DRAUGHTING_PRE_DEFINED_CURVE_FONT('continuous');
#15108 = STYLED_ITEM('color',(#15109),#3099);
#15109 = PRESENTATION_STYLE_ASSIGNMENT((#15110,#15115));
#15110 = SURFACE_STYLE_USAGE(.BOTH.,#15111);
#15111 = SURFACE_SIDE_STYLE('',(#15112));
#15112 = SURFACE_STYLE_FILL_AREA(#15113);
#15113 = FILL_AREA_STYLE('',(#15114));
#15114 = FILL_AREA_STYLE_COLOUR('',#12165);
#15115 = CURVE_STYLE('',#15116,POSITIVE_LENGTH_MEASURE(0.1),#12165);
#15116 = DRAUGHTING_PRE_DEFINED_CURVE_FONT('continuous');
#15117 = STYLED_ITEM('color',(#15118),#3116);
#15118 = PRESENTATION_STYLE_ASSIGNMENT((#15119,#15124));
#15119 = SURFACE_STYLE_USAGE(.BOTH.,#15120);
#15120 = SURFACE_SIDE_STYLE('',(#15121));
#15121 = SURFACE_STYLE_FILL_AREA(#15122);
#15122 = FILL_AREA_STYLE('',(#15123));
#15123 = FILL_AREA_STYLE_COLOUR('',#12165);
#15124 = CURVE_STYLE('',#15125,POSITIVE_LENGTH_MEASURE(0.1),#12165);
#15125 = DRAUGHTING_PRE_DEFINED_CURVE_FONT('continuous');
#15126 = STYLED_ITEM('color',(#15127),#3133);
#15127 = PRESENTATION_STYLE_ASSIGNMENT((#15128,#15133));
#15128 = SURFACE_STYLE_USAGE(.BOTH.,#15129);
#15129 = SURFACE_SIDE_STYLE('',(#15130));
#15130 = SURFACE_STYLE_FILL_AREA(#15131);
#15131 = FILL_AREA_STYLE('',(#15132));
#15132 = FILL_AREA_STYLE_COLOUR('',#12165);
#15133 = CURVE_STYLE('',#15134,POSITIVE_LENGTH_MEASURE(0.1),#12165);
#15134 = DRAUGHTING_PRE_DEFINED_CURVE_FONT('continuous');
#15135 = STYLED_ITEM('color',(#15136),#3148);
#15136 = PRESENTATION_STYLE_ASSIGNMENT((#15137,#15142));
#15137 = SURFACE_STYLE_USAGE(.BOTH.,#15138);
#15138 = SURFACE_SIDE_STYLE('',(#15139));
#15139 = SURFACE_STYLE_FILL_AREA(#15140);
#15140 = FILL_AREA_STYLE('',(#15141));
#15141 = FILL_AREA_STYLE_COLOUR('',#12165);
#15142 = CURVE_STYLE('',#15143,POSITIVE_LENGTH_MEASURE(0.1),#12165);
#15143 = DRAUGHTING_PRE_DEFINED_CURVE_FONT('continuous');
#15144 = STYLED_ITEM('color',(#15145),#3160);
#15145 = PRESENTATION_STYLE_ASSIGNMENT((#15146,#15151));
#15146 = SURFACE_STYLE_USAGE(.BOTH.,#15147);
#15147 = SURFACE_SIDE_STYLE('',(#15148));
#15148 = SURFACE_STYLE_FILL_AREA(#15149);
#15149 = FILL_AREA_STYLE('',(#15150));
#15150 = FILL_AREA_STYLE_COLOUR('',#12165);
#15151 = CURVE_STYLE('',#15152,POSITIVE_LENGTH_MEASURE(0.1),#12165);
#15152 = DRAUGHTING_PRE_DEFINED_CURVE_FONT('continuous');
#15153 = STYLED_ITEM('color',(#15154),#3191);
#15154 = PRESENTATION_STYLE_ASSIGNMENT((#15155,#15160));
#15155 = SURFACE_STYLE_USAGE(.BOTH.,#15156);
#15156 = SURFACE_SIDE_STYLE('',(#15157));
#15157 = SURFACE_STYLE_FILL_AREA(#15158);
#15158 = FILL_AREA_STYLE('',(#15159));
#15159 = FILL_AREA_STYLE_COLOUR('',#12165);
#15160 = CURVE_STYLE('',#15161,POSITIVE_LENGTH_MEASURE(0.1),#12165);
#15161 = DRAUGHTING_PRE_DEFINED_CURVE_FONT('continuous');
#15162 = STYLED_ITEM('color',(#15163),#3215);
#15163 = PRESENTATION_STYLE_ASSIGNMENT((#15164,#15169));
#15164 = SURFACE_STYLE_USAGE(.BOTH.,#15165);
#15165 = SURFACE_SIDE_STYLE('',(#15166));
#15166 = SURFACE_STYLE_FILL_AREA(#15167);
#15167 = FILL_AREA_STYLE('',(#15168));
#15168 = FILL_AREA_STYLE_COLOUR('',#12165);
#15169 = CURVE_STYLE('',#15170,POSITIVE_LENGTH_MEASURE(0.1),#12165);
#15170 = DRAUGHTING_PRE_DEFINED_CURVE_FONT('continuous');
#15171 = STYLED_ITEM('color',(#15172),#3239);
#15172 = PRESENTATION_STYLE_ASSIGNMENT((#15173,#15178));
#15173 = SURFACE_STYLE_USAGE(.BOTH.,#15174);
#15174 = SURFACE_SIDE_STYLE('',(#15175));
#15175 = SURFACE_STYLE_FILL_AREA(#15176);
#15176 = FILL_AREA_STYLE('',(#15177));
#15177 = FILL_AREA_STYLE_COLOUR('',#12165);
#15178 = CURVE_STYLE('',#15179,POSITIVE_LENGTH_MEASURE(0.1),#12165);
#15179 = DRAUGHTING_PRE_DEFINED_CURVE_FONT('continuous');
#15180 = STYLED_ITEM('color',(#15181),#3256);
#15181 = PRESENTATION_STYLE_ASSIGNMENT((#15182,#15187));
#15182 = SURFACE_STYLE_USAGE(.BOTH.,#15183);
#15183 = SURFACE_SIDE_STYLE('',(#15184));
#15184 = SURFACE_STYLE_FILL_AREA(#15185);
#15185 = FILL_AREA_STYLE('',(#15186));
#15186 = FILL_AREA_STYLE_COLOUR('',#12165);
#15187 = CURVE_STYLE('',#15188,POSITIVE_LENGTH_MEASURE(0.1),#12165);
#15188 = DRAUGHTING_PRE_DEFINED_CURVE_FONT('continuous');
#15189 = STYLED_ITEM('color',(#15190),#3287);
#15190 = PRESENTATION_STYLE_ASSIGNMENT((#15191,#15196));
#15191 = SURFACE_STYLE_USAGE(.BOTH.,#15192);
#15192 = SURFACE_SIDE_STYLE('',(#15193));
#15193 = SURFACE_STYLE_FILL_AREA(#15194);
#15194 = FILL_AREA_STYLE('',(#15195));
#15195 = FILL_AREA_STYLE_COLOUR('',#12165);
#15196 = CURVE_STYLE('',#15197,POSITIVE_LENGTH_MEASURE(0.1),#12165);
#15197 = DRAUGHTING_PRE_DEFINED_CURVE_FONT('continuous');
#15198 = STYLED_ITEM('color',(#15199),#3311);
#15199 = PRESENTATION_STYLE_ASSIGNMENT((#15200,#15205));
#15200 = SURFACE_STYLE_USAGE(.BOTH.,#15201);
#15201 = SURFACE_SIDE_STYLE('',(#15202));
#15202 = SURFACE_STYLE_FILL_AREA(#15203);
#15203 = FILL_AREA_STYLE('',(#15204));
#15204 = FILL_AREA_STYLE_COLOUR('',#12165);
#15205 = CURVE_STYLE('',#15206,POSITIVE_LENGTH_MEASURE(0.1),#12165);
#15206 = DRAUGHTING_PRE_DEFINED_CURVE_FONT('continuous');
#15207 = STYLED_ITEM('color',(#15208),#3335);
#15208 = PRESENTATION_STYLE_ASSIGNMENT((#15209,#15214));
#15209 = SURFACE_STYLE_USAGE(.BOTH.,#15210);
#15210 = SURFACE_SIDE_STYLE('',(#15211));
#15211 = SURFACE_STYLE_FILL_AREA(#15212);
#15212 = FILL_AREA_STYLE('',(#15213));
#15213 = FILL_AREA_STYLE_COLOUR('',#12165);
#15214 = CURVE_STYLE('',#15215,POSITIVE_LENGTH_MEASURE(0.1),#12165);
#15215 = DRAUGHTING_PRE_DEFINED_CURVE_FONT('continuous');
#15216 = STYLED_ITEM('color',(#15217),#3352);
#15217 = PRESENTATION_STYLE_ASSIGNMENT((#15218,#15223));
#15218 = SURFACE_STYLE_USAGE(.BOTH.,#15219);
#15219 = SURFACE_SIDE_STYLE('',(#15220));
#15220 = SURFACE_STYLE_FILL_AREA(#15221);
#15221 = FILL_AREA_STYLE('',(#15222));
#15222 = FILL_AREA_STYLE_COLOUR('',#12165);
#15223 = CURVE_STYLE('',#15224,POSITIVE_LENGTH_MEASURE(0.1),#12165);
#15224 = DRAUGHTING_PRE_DEFINED_CURVE_FONT('continuous');
#15225 = STYLED_ITEM('color',(#15226),#3383);
#15226 = PRESENTATION_STYLE_ASSIGNMENT((#15227,#15232));
#15227 = SURFACE_STYLE_USAGE(.BOTH.,#15228);
#15228 = SURFACE_SIDE_STYLE('',(#15229));
#15229 = SURFACE_STYLE_FILL_AREA(#15230);
#15230 = FILL_AREA_STYLE('',(#15231));
#15231 = FILL_AREA_STYLE_COLOUR('',#12165);
#15232 = CURVE_STYLE('',#15233,POSITIVE_LENGTH_MEASURE(0.1),#12165);
#15233 = DRAUGHTING_PRE_DEFINED_CURVE_FONT('continuous');
#15234 = STYLED_ITEM('color',(#15235),#3407);
#15235 = PRESENTATION_STYLE_ASSIGNMENT((#15236,#15241));
#15236 = SURFACE_STYLE_USAGE(.BOTH.,#15237);
#15237 = SURFACE_SIDE_STYLE('',(#15238));
#15238 = SURFACE_STYLE_FILL_AREA(#15239);
#15239 = FILL_AREA_STYLE('',(#15240));
#15240 = FILL_AREA_STYLE_COLOUR('',#12165);
#15241 = CURVE_STYLE('',#15242,POSITIVE_LENGTH_MEASURE(0.1),#12165);
#15242 = DRAUGHTING_PRE_DEFINED_CURVE_FONT('continuous');
#15243 = STYLED_ITEM('color',(#15244),#3431);
#15244 = PRESENTATION_STYLE_ASSIGNMENT((#15245,#15250));
#15245 = SURFACE_STYLE_USAGE(.BOTH.,#15246);
#15246 = SURFACE_SIDE_STYLE('',(#15247));
#15247 = SURFACE_STYLE_FILL_AREA(#15248);
#15248 = FILL_AREA_STYLE('',(#15249));
#15249 = FILL_AREA_STYLE_COLOUR('',#12165);
#15250 = CURVE_STYLE('',#15251,POSITIVE_LENGTH_MEASURE(0.1),#12165);
#15251 = DRAUGHTING_PRE_DEFINED_CURVE_FONT('continuous');
#15252 = STYLED_ITEM('color',(#15253),#3448);
#15253 = PRESENTATION_STYLE_ASSIGNMENT((#15254,#15259));
#15254 = SURFACE_STYLE_USAGE(.BOTH.,#15255);
#15255 = SURFACE_SIDE_STYLE('',(#15256));
#15256 = SURFACE_STYLE_FILL_AREA(#15257);
#15257 = FILL_AREA_STYLE('',(#15258));
#15258 = FILL_AREA_STYLE_COLOUR('',#12165);
#15259 = CURVE_STYLE('',#15260,POSITIVE_LENGTH_MEASURE(0.1),#12165);
#15260 = DRAUGHTING_PRE_DEFINED_CURVE_FONT('continuous');
#15261 = STYLED_ITEM('color',(#15262),#3479);
#15262 = PRESENTATION_STYLE_ASSIGNMENT((#15263,#15268));
#15263 = SURFACE_STYLE_USAGE(.BOTH.,#15264);
#15264 = SURFACE_SIDE_STYLE('',(#15265));
#15265 = SURFACE_STYLE_FILL_AREA(#15266);
#15266 = FILL_AREA_STYLE('',(#15267));
#15267 = FILL_AREA_STYLE_COLOUR('',#12165);
#15268 = CURVE_STYLE('',#15269,POSITIVE_LENGTH_MEASURE(0.1),#12165);
#15269 = DRAUGHTING_PRE_DEFINED_CURVE_FONT('continuous');
#15270 = STYLED_ITEM('color',(#15271),#3503);
#15271 = PRESENTATION_STYLE_ASSIGNMENT((#15272,#15277));
#15272 = SURFACE_STYLE_USAGE(.BOTH.,#15273);
#15273 = SURFACE_SIDE_STYLE('',(#15274));
#15274 = SURFACE_STYLE_FILL_AREA(#15275);
#15275 = FILL_AREA_STYLE('',(#15276));
#15276 = FILL_AREA_STYLE_COLOUR('',#12165);
#15277 = CURVE_STYLE('',#15278,POSITIVE_LENGTH_MEASURE(0.1),#12165);
#15278 = DRAUGHTING_PRE_DEFINED_CURVE_FONT('continuous');
#15279 = STYLED_ITEM('color',(#15280),#3527);
#15280 = PRESENTATION_STYLE_ASSIGNMENT((#15281,#15286));
#15281 = SURFACE_STYLE_USAGE(.BOTH.,#15282);
#15282 = SURFACE_SIDE_STYLE('',(#15283));
#15283 = SURFACE_STYLE_FILL_AREA(#15284);
#15284 = FILL_AREA_STYLE('',(#15285));
#15285 = FILL_AREA_STYLE_COLOUR('',#12165);
#15286 = CURVE_STYLE('',#15287,POSITIVE_LENGTH_MEASURE(0.1),#12165);
#15287 = DRAUGHTING_PRE_DEFINED_CURVE_FONT('continuous');
#15288 = STYLED_ITEM('color',(#15289),#3544);
#15289 = PRESENTATION_STYLE_ASSIGNMENT((#15290,#15295));
#15290 = SURFACE_STYLE_USAGE(.BOTH.,#15291);
#15291 = SURFACE_SIDE_STYLE('',(#15292));
#15292 = SURFACE_STYLE_FILL_AREA(#15293);
#15293 = FILL_AREA_STYLE('',(#15294));
#15294 = FILL_AREA_STYLE_COLOUR('',#12165);
#15295 = CURVE_STYLE('',#15296,POSITIVE_LENGTH_MEASURE(0.1),#12165);
#15296 = DRAUGHTING_PRE_DEFINED_CURVE_FONT('continuous');
#15297 = STYLED_ITEM('color',(#15298),#3575);
#15298 = PRESENTATION_STYLE_ASSIGNMENT((#15299,#15304));
#15299 = SURFACE_STYLE_USAGE(.BOTH.,#15300);
#15300 = SURFACE_SIDE_STYLE('',(#15301));
#15301 = SURFACE_STYLE_FILL_AREA(#15302);
#15302 = FILL_AREA_STYLE('',(#15303));
#15303 = FILL_AREA_STYLE_COLOUR('',#12165);
#15304 = CURVE_STYLE('',#15305,POSITIVE_LENGTH_MEASURE(0.1),#12165);
#15305 = DRAUGHTING_PRE_DEFINED_CURVE_FONT('continuous');
#15306 = STYLED_ITEM('color',(#15307),#3599);
#15307 = PRESENTATION_STYLE_ASSIGNMENT((#15308,#15313));
#15308 = SURFACE_STYLE_USAGE(.BOTH.,#15309);
#15309 = SURFACE_SIDE_STYLE('',(#15310));
#15310 = SURFACE_STYLE_FILL_AREA(#15311);
#15311 = FILL_AREA_STYLE('',(#15312));
#15312 = FILL_AREA_STYLE_COLOUR('',#12165);
#15313 = CURVE_STYLE('',#15314,POSITIVE_LENGTH_MEASURE(0.1),#12165);
#15314 = DRAUGHTING_PRE_DEFINED_CURVE_FONT('continuous');
#15315 = STYLED_ITEM('color',(#15316),#3623);
#15316 = PRESENTATION_STYLE_ASSIGNMENT((#15317,#15322));
#15317 = SURFACE_STYLE_USAGE(.BOTH.,#15318);
#15318 = SURFACE_SIDE_STYLE('',(#15319));
#15319 = SURFACE_STYLE_FILL_AREA(#15320);
#15320 = FILL_AREA_STYLE('',(#15321));
#15321 = FILL_AREA_STYLE_COLOUR('',#12165);
#15322 = CURVE_STYLE('',#15323,POSITIVE_LENGTH_MEASURE(0.1),#12165);
#15323 = DRAUGHTING_PRE_DEFINED_CURVE_FONT('continuous');
#15324 = STYLED_ITEM('color',(#15325),#3640);
#15325 = PRESENTATION_STYLE_ASSIGNMENT((#15326,#15331));
#15326 = SURFACE_STYLE_USAGE(.BOTH.,#15327);
#15327 = SURFACE_SIDE_STYLE('',(#15328));
#15328 = SURFACE_STYLE_FILL_AREA(#15329);
#15329 = FILL_AREA_STYLE('',(#15330));
#15330 = FILL_AREA_STYLE_COLOUR('',#12165);
#15331 = CURVE_STYLE('',#15332,POSITIVE_LENGTH_MEASURE(0.1),#12165);
#15332 = DRAUGHTING_PRE_DEFINED_CURVE_FONT('continuous');
#15333 = STYLED_ITEM('color',(#15334),#3671);
#15334 = PRESENTATION_STYLE_ASSIGNMENT((#15335,#15340));
#15335 = SURFACE_STYLE_USAGE(.BOTH.,#15336);
#15336 = SURFACE_SIDE_STYLE('',(#15337));
#15337 = SURFACE_STYLE_FILL_AREA(#15338);
#15338 = FILL_AREA_STYLE('',(#15339));
#15339 = FILL_AREA_STYLE_COLOUR('',#12165);
#15340 = CURVE_STYLE('',#15341,POSITIVE_LENGTH_MEASURE(0.1),#12165);
#15341 = DRAUGHTING_PRE_DEFINED_CURVE_FONT('continuous');
#15342 = STYLED_ITEM('color',(#15343),#3695);
#15343 = PRESENTATION_STYLE_ASSIGNMENT((#15344,#15349));
#15344 = SURFACE_STYLE_USAGE(.BOTH.,#15345);
#15345 = SURFACE_SIDE_STYLE('',(#15346));
#15346 = SURFACE_STYLE_FILL_AREA(#15347);
#15347 = FILL_AREA_STYLE('',(#15348));
#15348 = FILL_AREA_STYLE_COLOUR('',#12165);
#15349 = CURVE_STYLE('',#15350,POSITIVE_LENGTH_MEASURE(0.1),#12165);
#15350 = DRAUGHTING_PRE_DEFINED_CURVE_FONT('continuous');
#15351 = STYLED_ITEM('color',(#15352),#3719);
#15352 = PRESENTATION_STYLE_ASSIGNMENT((#15353,#15358));
#15353 = SURFACE_STYLE_USAGE(.BOTH.,#15354);
#15354 = SURFACE_SIDE_STYLE('',(#15355));
#15355 = SURFACE_STYLE_FILL_AREA(#15356);
#15356 = FILL_AREA_STYLE('',(#15357));
#15357 = FILL_AREA_STYLE_COLOUR('',#12165);
#15358 = CURVE_STYLE('',#15359,POSITIVE_LENGTH_MEASURE(0.1),#12165);
#15359 = DRAUGHTING_PRE_DEFINED_CURVE_FONT('continuous');
#15360 = STYLED_ITEM('color',(#15361),#3736);
#15361 = PRESENTATION_STYLE_ASSIGNMENT((#15362,#15367));
#15362 = SURFACE_STYLE_USAGE(.BOTH.,#15363);
#15363 = SURFACE_SIDE_STYLE('',(#15364));
#15364 = SURFACE_STYLE_FILL_AREA(#15365);
#15365 = FILL_AREA_STYLE('',(#15366));
#15366 = FILL_AREA_STYLE_COLOUR('',#12165);
#15367 = CURVE_STYLE('',#15368,POSITIVE_LENGTH_MEASURE(0.1),#12165);
#15368 = DRAUGHTING_PRE_DEFINED_CURVE_FONT('continuous');
#15369 = STYLED_ITEM('color',(#15370),#3748);
#15370 = PRESENTATION_STYLE_ASSIGNMENT((#15371,#15376));
#15371 = SURFACE_STYLE_USAGE(.BOTH.,#15372);
#15372 = SURFACE_SIDE_STYLE('',(#15373));
#15373 = SURFACE_STYLE_FILL_AREA(#15374);
#15374 = FILL_AREA_STYLE('',(#15375));
#15375 = FILL_AREA_STYLE_COLOUR('',#12165);
#15376 = CURVE_STYLE('',#15377,POSITIVE_LENGTH_MEASURE(0.1),#12165);
#15377 = DRAUGHTING_PRE_DEFINED_CURVE_FONT('continuous');
#15378 = STYLED_ITEM('color',(#15379),#3760);
#15379 = PRESENTATION_STYLE_ASSIGNMENT((#15380,#15385));
#15380 = SURFACE_STYLE_USAGE(.BOTH.,#15381);
#15381 = SURFACE_SIDE_STYLE('',(#15382));
#15382 = SURFACE_STYLE_FILL_AREA(#15383);
#15383 = FILL_AREA_STYLE('',(#15384));
#15384 = FILL_AREA_STYLE_COLOUR('',#12165);
#15385 = CURVE_STYLE('',#15386,POSITIVE_LENGTH_MEASURE(0.1),#12165);
#15386 = DRAUGHTING_PRE_DEFINED_CURVE_FONT('continuous');
#15387 = STYLED_ITEM('color',(#15388),#3772);
#15388 = PRESENTATION_STYLE_ASSIGNMENT((#15389,#15394));
#15389 = SURFACE_STYLE_USAGE(.BOTH.,#15390);
#15390 = SURFACE_SIDE_STYLE('',(#15391));
#15391 = SURFACE_STYLE_FILL_AREA(#15392);
#15392 = FILL_AREA_STYLE('',(#15393));
#15393 = FILL_AREA_STYLE_COLOUR('',#12165);
#15394 = CURVE_STYLE('',#15395,POSITIVE_LENGTH_MEASURE(0.1),#12165);
#15395 = DRAUGHTING_PRE_DEFINED_CURVE_FONT('continuous');
#15396 = STYLED_ITEM('color',(#15397),#3784);
#15397 = PRESENTATION_STYLE_ASSIGNMENT((#15398,#15403));
#15398 = SURFACE_STYLE_USAGE(.BOTH.,#15399);
#15399 = SURFACE_SIDE_STYLE('',(#15400));
#15400 = SURFACE_STYLE_FILL_AREA(#15401);
#15401 = FILL_AREA_STYLE('',(#15402));
#15402 = FILL_AREA_STYLE_COLOUR('',#12165);
#15403 = CURVE_STYLE('',#15404,POSITIVE_LENGTH_MEASURE(0.1),#12165);
#15404 = DRAUGHTING_PRE_DEFINED_CURVE_FONT('continuous');
#15405 = STYLED_ITEM('color',(#15406),#3796);
#15406 = PRESENTATION_STYLE_ASSIGNMENT((#15407,#15412));
#15407 = SURFACE_STYLE_USAGE(.BOTH.,#15408);
#15408 = SURFACE_SIDE_STYLE('',(#15409));
#15409 = SURFACE_STYLE_FILL_AREA(#15410);
#15410 = FILL_AREA_STYLE('',(#15411));
#15411 = FILL_AREA_STYLE_COLOUR('',#12165);
#15412 = CURVE_STYLE('',#15413,POSITIVE_LENGTH_MEASURE(0.1),#12165);
#15413 = DRAUGHTING_PRE_DEFINED_CURVE_FONT('continuous');
ENDSEC;
END-ISO-10303-21;
