ISO-10303-21;
HEADER;
FILE_DESCRIPTION(('Open CASCADE Model'),'2;1');
FILE_NAME('Open CASCADE Shape Model','2026-09-24T19:52:58',('Author'),(
    'Open CASCADE'),'Open CASCADE STEP processor 7.8','Open CASCADE 7.8'
  ,'Unknown');
FILE_SCHEMA(('AUTOMOTIVE_DESIGN { 1 0 10303 214 1 1 1 1 }'));
ENDSEC;
DATA;
#1 = APPLICATION_PROTOCOL_DEFINITION('international standard',
  'automotive_design',2000,#2);
#2 = APPLICATION_CONTEXT(
  'core data for automotive mechanical design processes');
#3 = SHAPE_DEFINITION_REPRESENTATION(#4,#10);
#4 = PRODUCT_DEFINITION_SHAPE('','',#5);
#5 = PRODUCT_DEFINITION('design','',#6,#9);
#6 = PRODUCT_DEFINITION_FORMATION('','',#7);
#7 = PRODUCT('Open CASCADE STEP translator 7.8 23',
  'Open CASCADE STEP translator 7.8 23','',(#8));
#8 = PRODUCT_CONTEXT('',#2,'mechanical');
#9 = PRODUCT_DEFINITION_CONTEXT('part definition',#2,'design');
#10 = ADVANCED_BREP_SHAPE_REPRESENTATION('',(#11,#15),#3291);
#11 = AXIS2_PLACEMENT_3D('',#12,#13,#14);
#12 = CARTESIAN_POINT('',(0.,0.,0.));
#13 = DIRECTION('',(0.,0.,1.));
#14 = DIRECTION('',(1.,0.,-0.));
#15 = MANIFOLD_SOLID_BREP('',#16);
#16 = CLOSED_SHELL('',(#17,#139,#500,#663,#710,#838,#888,#989,#1039,
    #1140,#1190,#1291,#1341,#1523,#1571,#1730,#1757,#1812,#2685,#2857,
    #2864,#2891,#2898,#2905,#2912,#2919,#2966,#2991,#2998,#3005,#3040,
    #3090,#3164,#3221,#3228,#3283,#3287));
#17 = ADVANCED_FACE('',(#18),#32,.T.);
#18 = FACE_BOUND('',#19,.T.);
#19 = EDGE_LOOP('',(#20,#53,#86,#112));
#20 = ORIENTED_EDGE('',*,*,#21,.T.);
#21 = EDGE_CURVE('',#22,#24,#26,.T.);
#22 = VERTEX_POINT('',#23);
#23 = CARTESIAN_POINT('',(5.329070518201E-15,20.,-3.));
#24 = VERTEX_POINT('',#25);
#25 = CARTESIAN_POINT('',(1.7763568394E-15,20.,0.));
#26 = SURFACE_CURVE('',#27,(#31,#42),.PCURVE_S1.);
#27 = LINE('',#28,#29);
#28 = CARTESIAN_POINT('',(0.,20.,-3.));
#29 = VECTOR('',#30,1.);
#30 = DIRECTION('',(0.,0.,1.));
#31 = PCURVE('',#32,#37);
#32 = CYLINDRICAL_SURFACE('',#33,20.);
#33 = AXIS2_PLACEMENT_3D('',#34,#35,#36);
#34 = CARTESIAN_POINT('',(0.,0.,-3.));
#35 = DIRECTION('',(0.,0.,1.));
#36 = DIRECTION('',(1.,0.,-0.));
#37 = DEFINITIONAL_REPRESENTATION('',(#38),#41);
#38 = B_SPLINE_CURVE_WITH_KNOTS('',1,(#39,#40),.UNSPECIFIED.,.F.,.F.,(2,
    2),(-5.999999999062E-07,3.0000006),.PIECEWISE_BEZIER_KNOTS.);
#39 = CARTESIAN_POINT('',(7.853981633974,-5.999999999062E-07));
#40 = CARTESIAN_POINT('',(7.853981633974,3.0000006));
#41 = ( GEOMETRIC_REPRESENTATION_CONTEXT(2) 
PARAMETRIC_REPRESENTATION_CONTEXT() REPRESENTATION_CONTEXT('2D SPACE',''
  ) );
#42 = PCURVE('',#43,#48);
#43 = PLANE('',#44);
#44 = AXIS2_PLACEMENT_3D('',#45,#46,#47);
#45 = CARTESIAN_POINT('',(0.,-50.,-50.));
#46 = DIRECTION('',(1.,0.,0.));
#47 = DIRECTION('',(0.,0.,1.));
#48 = DEFINITIONAL_REPRESENTATION('',(#49),#52);
#49 = B_SPLINE_CURVE_WITH_KNOTS('',1,(#50,#51),.UNSPECIFIED.,.F.,.F.,(2,
    2),(-5.999999999062E-07,3.0000006),.PIECEWISE_BEZIER_KNOTS.);
#50 = CARTESIAN_POINT('',(46.9999994,-70.));
#51 = CARTESIAN_POINT('',(50.0000006,-70.));
#52 = ( GEOMETRIC_REPRESENTATION_CONTEXT(2) 
PARAMETRIC_REPRESENTATION_CONTEXT() REPRESENTATION_CONTEXT('2D SPACE',''
  ) );
#53 = ORIENTED_EDGE('',*,*,#54,.T.);
#54 = EDGE_CURVE('',#24,#55,#57,.T.);
#55 = VERTEX_POINT('',#56);
#56 = CARTESIAN_POINT('',(1.7763568394E-15,-20.,0.));
#57 = SURFACE_CURVE('',#58,(#63,#70),.PCURVE_S1.);
#58 = CIRCLE('',#59,20.);
#59 = AXIS2_PLACEMENT_3D('',#60,#61,#62);
#60 = CARTESIAN_POINT('',(0.,0.,0.));
#61 = DIRECTION('',(0.,0.,-1.));
#62 = DIRECTION('',(-0.503249737504,0.864141019569,0.));
#63 = PCURVE('',#32,#64);
#64 = DEFINITIONAL_REPRESENTATION('',(#65),#69);
#65 = LINE('',#66,#67);
#66 = CARTESIAN_POINT('',(8.38133696575,3.));
#67 = VECTOR('',#68,1.);
#68 = DIRECTION('',(-1.,-0.));
#69 = ( GEOMETRIC_REPRESENTATION_CONTEXT(2) 
PARAMETRIC_REPRESENTATION_CONTEXT() REPRESENTATION_CONTEXT('2D SPACE',''
  ) );
#70 = PCURVE('',#71,#76);
#71 = PLANE('',#72);
#72 = AXIS2_PLACEMENT_3D('',#73,#74,#75);
#73 = CARTESIAN_POINT('',(0.,0.,0.));
#74 = DIRECTION('',(0.,0.,1.));
#75 = DIRECTION('',(1.,0.,-0.));
#76 = DEFINITIONAL_REPRESENTATION('',(#77),#85);
#77 = ( BOUNDED_CURVE() B_SPLINE_CURVE(2,(#78,#79,#80,#81,#82,#83,#84),
.UNSPECIFIED.,.T.,.F.) B_SPLINE_CURVE_WITH_KNOTS((1,2,2,2,2,1),(
    -2.094395102393,0.,2.094395102393,4.188790204786,6.28318530718,
8.377580409573),.UNSPECIFIED.) CURVE() GEOMETRIC_REPRESENTATION_ITEM() 
RATIONAL_B_SPLINE_CURVE((1.,0.5,1.,0.5,1.,0.5,1.)) REPRESENTATION_ITEM(
  '') );
#78 = CARTESIAN_POINT('',(-10.06499475007,17.282820391385));
#79 = CARTESIAN_POINT('',(19.869728265888,34.715902676436));
#80 = CARTESIAN_POINT('',(19.999858883023,7.513094683249E-02));
#81 = CARTESIAN_POINT('',(20.129989500157,-34.56564078277));
#82 = CARTESIAN_POINT('',(-9.934864132944,-17.35795133821));
#83 = CARTESIAN_POINT('',(-39.99971776604,-0.150261893665));
#84 = CARTESIAN_POINT('',(-10.06499475007,17.282820391385));
#85 = ( GEOMETRIC_REPRESENTATION_CONTEXT(2) 
PARAMETRIC_REPRESENTATION_CONTEXT() REPRESENTATION_CONTEXT('2D SPACE',''
  ) );
#86 = ORIENTED_EDGE('',*,*,#87,.F.);
#87 = EDGE_CURVE('',#88,#55,#90,.T.);
#88 = VERTEX_POINT('',#89);
#89 = CARTESIAN_POINT('',(0.,-20.,-3.));
#90 = SURFACE_CURVE('',#91,(#95,#101),.PCURVE_S1.);
#91 = LINE('',#92,#93);
#92 = CARTESIAN_POINT('',(0.,-20.,-3.));
#93 = VECTOR('',#94,1.);
#94 = DIRECTION('',(0.,0.,1.));
#95 = PCURVE('',#32,#96);
#96 = DEFINITIONAL_REPRESENTATION('',(#97),#100);
#97 = B_SPLINE_CURVE_WITH_KNOTS('',1,(#98,#99),.UNSPECIFIED.,.F.,.F.,(2,
    2),(-5.999999999062E-07,3.0000006),.PIECEWISE_BEZIER_KNOTS.);
#98 = CARTESIAN_POINT('',(4.712388980385,-5.999999999062E-07));
#99 = CARTESIAN_POINT('',(4.712388980385,3.0000006));
#100 = ( GEOMETRIC_REPRESENTATION_CONTEXT(2) 
PARAMETRIC_REPRESENTATION_CONTEXT() REPRESENTATION_CONTEXT('2D SPACE',''
  ) );
#101 = PCURVE('',#102,#107);
#102 = PLANE('',#103);
#103 = AXIS2_PLACEMENT_3D('',#104,#105,#106);
#104 = CARTESIAN_POINT('',(0.,-50.,-50.));
#105 = DIRECTION('',(1.,0.,0.));
#106 = DIRECTION('',(0.,0.,1.));
#107 = DEFINITIONAL_REPRESENTATION('',(#108),#111);
#108 = B_SPLINE_CURVE_WITH_KNOTS('',1,(#109,#110),.UNSPECIFIED.,.F.,.F.,
  (2,2),(-5.999999999062E-07,3.0000006),.PIECEWISE_BEZIER_KNOTS.);
#109 = CARTESIAN_POINT('',(46.9999994,-30.));
#110 = CARTESIAN_POINT('',(50.0000006,-30.));
#111 = ( GEOMETRIC_REPRESENTATION_CONTEXT(2) 
PARAMETRIC_REPRESENTATION_CONTEXT() REPRESENTATION_CONTEXT('2D SPACE',''
  ) );
#112 = ORIENTED_EDGE('',*,*,#113,.T.);
#113 = EDGE_CURVE('',#88,#22,#114,.T.);
#114 = SURFACE_CURVE('',#115,(#120,#127),.PCURVE_S1.);
#115 = CIRCLE('',#116,20.);
#116 = AXIS2_PLACEMENT_3D('',#117,#118,#119);
#117 = CARTESIAN_POINT('',(0.,0.,-3.));
#118 = DIRECTION('',(0.,0.,1.));
#119 = DIRECTION('',(-0.503249737504,-0.864141019569,0.));
#120 = PCURVE('',#32,#121);
#121 = DEFINITIONAL_REPRESENTATION('',(#122),#126);
#122 = LINE('',#123,#124);
#123 = CARTESIAN_POINT('',(4.18503364861,0.));
#124 = VECTOR('',#125,1.);
#125 = DIRECTION('',(1.,0.));
#126 = ( GEOMETRIC_REPRESENTATION_CONTEXT(2) 
PARAMETRIC_REPRESENTATION_CONTEXT() REPRESENTATION_CONTEXT('2D SPACE',''
  ) );
#127 = PCURVE('',#128,#133);
#128 = PLANE('',#129);
#129 = AXIS2_PLACEMENT_3D('',#130,#131,#132);
#130 = CARTESIAN_POINT('',(0.,0.,-3.));
#131 = DIRECTION('',(0.,0.,1.));
#132 = DIRECTION('',(1.,0.,-0.));
#133 = DEFINITIONAL_REPRESENTATION('',(#134),#138);
#134 = CIRCLE('',#135,20.);
#135 = AXIS2_PLACEMENT_2D('',#136,#137);
#136 = CARTESIAN_POINT('',(0.,0.));
#137 = DIRECTION('',(-0.503249737504,-0.864141019569));
#138 = ( GEOMETRIC_REPRESENTATION_CONTEXT(2) 
PARAMETRIC_REPRESENTATION_CONTEXT() REPRESENTATION_CONTEXT('2D SPACE',''
  ) );
#139 = ADVANCED_FACE('',(#140,#469),#43,.F.);
#140 = FACE_BOUND('',#141,.F.);
#141 = EDGE_LOOP('',(#142,#163,#164,#185,#211,#237,#263,#289,#315,#341,
    #367,#393,#419,#445));
#142 = ORIENTED_EDGE('',*,*,#143,.T.);
#143 = EDGE_CURVE('',#144,#22,#146,.T.);
#144 = VERTEX_POINT('',#145);
#145 = CARTESIAN_POINT('',(4.041334437186E-16,6.6,-3.));
#146 = SURFACE_CURVE('',#147,(#151,#157),.PCURVE_S1.);
#147 = LINE('',#148,#149);
#148 = CARTESIAN_POINT('',(0.,-25.,-3.));
#149 = VECTOR('',#150,1.);
#150 = DIRECTION('',(0.,1.,0.));
#151 = PCURVE('',#43,#152);
#152 = DEFINITIONAL_REPRESENTATION('',(#153),#156);
#153 = B_SPLINE_CURVE_WITH_KNOTS('',1,(#154,#155),.UNSPECIFIED.,.F.,.F.,
  (2,2),(5.,45.),.PIECEWISE_BEZIER_KNOTS.);
#154 = CARTESIAN_POINT('',(47.,-30.));
#155 = CARTESIAN_POINT('',(47.,-70.));
#156 = ( GEOMETRIC_REPRESENTATION_CONTEXT(2) 
PARAMETRIC_REPRESENTATION_CONTEXT() REPRESENTATION_CONTEXT('2D SPACE',''
  ) );
#157 = PCURVE('',#128,#158);
#158 = DEFINITIONAL_REPRESENTATION('',(#159),#162);
#159 = B_SPLINE_CURVE_WITH_KNOTS('',1,(#160,#161),.UNSPECIFIED.,.F.,.F.,
  (2,2),(5.,45.),.PIECEWISE_BEZIER_KNOTS.);
#160 = CARTESIAN_POINT('',(0.,-20.));
#161 = CARTESIAN_POINT('',(0.,20.));
#162 = ( GEOMETRIC_REPRESENTATION_CONTEXT(2) 
PARAMETRIC_REPRESENTATION_CONTEXT() REPRESENTATION_CONTEXT('2D SPACE',''
  ) );
#163 = ORIENTED_EDGE('',*,*,#21,.T.);
#164 = ORIENTED_EDGE('',*,*,#165,.F.);
#165 = EDGE_CURVE('',#166,#24,#168,.T.);
#166 = VERTEX_POINT('',#167);
#167 = CARTESIAN_POINT('',(9.552245033349E-16,15.6,0.));
#168 = SURFACE_CURVE('',#169,(#173,#179),.PCURVE_S1.);
#169 = LINE('',#170,#171);
#170 = CARTESIAN_POINT('',(0.,-25.,0.));
#171 = VECTOR('',#172,1.);
#172 = DIRECTION('',(0.,1.,0.));
#173 = PCURVE('',#43,#174);
#174 = DEFINITIONAL_REPRESENTATION('',(#175),#178);
#175 = B_SPLINE_CURVE_WITH_KNOTS('',1,(#176,#177),.UNSPECIFIED.,.F.,.F.,
  (2,2),(5.,45.),.PIECEWISE_BEZIER_KNOTS.);
#176 = CARTESIAN_POINT('',(50.,-30.));
#177 = CARTESIAN_POINT('',(50.,-70.));
#178 = ( GEOMETRIC_REPRESENTATION_CONTEXT(2) 
PARAMETRIC_REPRESENTATION_CONTEXT() REPRESENTATION_CONTEXT('2D SPACE',''
  ) );
#179 = PCURVE('',#71,#180);
#180 = DEFINITIONAL_REPRESENTATION('',(#181),#184);
#181 = B_SPLINE_CURVE_WITH_KNOTS('',1,(#182,#183),.UNSPECIFIED.,.F.,.F.,
  (2,2),(5.,45.),.PIECEWISE_BEZIER_KNOTS.);
#182 = CARTESIAN_POINT('',(0.,-20.));
#183 = CARTESIAN_POINT('',(0.,20.));
#184 = ( GEOMETRIC_REPRESENTATION_CONTEXT(2) 
PARAMETRIC_REPRESENTATION_CONTEXT() REPRESENTATION_CONTEXT('2D SPACE',''
  ) );
#185 = ORIENTED_EDGE('',*,*,#186,.T.);
#186 = EDGE_CURVE('',#166,#187,#189,.T.);
#187 = VERTEX_POINT('',#188);
#188 = CARTESIAN_POINT('',(9.552245033349E-16,15.6,0.6));
#189 = SURFACE_CURVE('',#190,(#194,#200),.PCURVE_S1.);
#190 = LINE('',#191,#192);
#191 = CARTESIAN_POINT('',(0.,15.6,0.));
#192 = VECTOR('',#193,1.);
#193 = DIRECTION('',(0.,0.,1.));
#194 = PCURVE('',#43,#195);
#195 = DEFINITIONAL_REPRESENTATION('',(#196),#199);
#196 = B_SPLINE_CURVE_WITH_KNOTS('',1,(#197,#198),.UNSPECIFIED.,.F.,.F.,
  (2,2),(-6.E-07,0.6000006),.PIECEWISE_BEZIER_KNOTS.);
#197 = CARTESIAN_POINT('',(49.9999994,-65.6));
#198 = CARTESIAN_POINT('',(50.6000006,-65.6));
#199 = ( GEOMETRIC_REPRESENTATION_CONTEXT(2) 
PARAMETRIC_REPRESENTATION_CONTEXT() REPRESENTATION_CONTEXT('2D SPACE',''
  ) );
#200 = PCURVE('',#201,#206);
#201 = CYLINDRICAL_SURFACE('',#202,15.6);
#202 = AXIS2_PLACEMENT_3D('',#203,#204,#205);
#203 = CARTESIAN_POINT('',(0.,0.,0.));
#204 = DIRECTION('',(0.,0.,1.));
#205 = DIRECTION('',(1.,0.,-0.));
#206 = DEFINITIONAL_REPRESENTATION('',(#207),#210);
#207 = B_SPLINE_CURVE_WITH_KNOTS('',1,(#208,#209),.UNSPECIFIED.,.F.,.F.,
  (2,2),(-6.E-07,0.6000006),.PIECEWISE_BEZIER_KNOTS.);
#208 = CARTESIAN_POINT('',(1.570796326795,-6.E-07));
#209 = CARTESIAN_POINT('',(1.570796326795,0.6000006));
#210 = ( GEOMETRIC_REPRESENTATION_CONTEXT(2) 
PARAMETRIC_REPRESENTATION_CONTEXT() REPRESENTATION_CONTEXT('2D SPACE',''
  ) );
#211 = ORIENTED_EDGE('',*,*,#212,.F.);
#212 = EDGE_CURVE('',#213,#187,#215,.T.);
#213 = VERTEX_POINT('',#214);
#214 = CARTESIAN_POINT('',(8.597020530014E-16,14.04,0.6));
#215 = SURFACE_CURVE('',#216,(#220,#226),.PCURVE_S1.);
#216 = LINE('',#217,#218);
#217 = CARTESIAN_POINT('',(0.,-25.,0.6));
#218 = VECTOR('',#219,1.);
#219 = DIRECTION('',(0.,1.,0.));
#220 = PCURVE('',#43,#221);
#221 = DEFINITIONAL_REPRESENTATION('',(#222),#225);
#222 = B_SPLINE_CURVE_WITH_KNOTS('',1,(#223,#224),.UNSPECIFIED.,.F.,.F.,
  (2,2),(9.4,40.6),.PIECEWISE_BEZIER_KNOTS.);
#223 = CARTESIAN_POINT('',(50.6,-34.4));
#224 = CARTESIAN_POINT('',(50.6,-65.6));
#225 = ( GEOMETRIC_REPRESENTATION_CONTEXT(2) 
PARAMETRIC_REPRESENTATION_CONTEXT() REPRESENTATION_CONTEXT('2D SPACE',''
  ) );
#226 = PCURVE('',#227,#232);
#227 = PLANE('',#228);
#228 = AXIS2_PLACEMENT_3D('',#229,#230,#231);
#229 = CARTESIAN_POINT('',(0.,0.,0.6));
#230 = DIRECTION('',(0.,0.,1.));
#231 = DIRECTION('',(1.,0.,-0.));
#232 = DEFINITIONAL_REPRESENTATION('',(#233),#236);
#233 = B_SPLINE_CURVE_WITH_KNOTS('',1,(#234,#235),.UNSPECIFIED.,.F.,.F.,
  (2,2),(9.4,40.6),.PIECEWISE_BEZIER_KNOTS.);
#234 = CARTESIAN_POINT('',(0.,-15.6));
#235 = CARTESIAN_POINT('',(0.,15.6));
#236 = ( GEOMETRIC_REPRESENTATION_CONTEXT(2) 
PARAMETRIC_REPRESENTATION_CONTEXT() REPRESENTATION_CONTEXT('2D SPACE',''
  ) );
#237 = ORIENTED_EDGE('',*,*,#238,.F.);
#238 = EDGE_CURVE('',#239,#213,#241,.T.);
#239 = VERTEX_POINT('',#240);
#240 = CARTESIAN_POINT('',(8.597020530014E-16,14.04,0.));
#241 = SURFACE_CURVE('',#242,(#246,#252),.PCURVE_S1.);
#242 = LINE('',#243,#244);
#243 = CARTESIAN_POINT('',(0.,14.04,-1.E-02));
#244 = VECTOR('',#245,1.);
#245 = DIRECTION('',(0.,0.,1.));
#246 = PCURVE('',#43,#247);
#247 = DEFINITIONAL_REPRESENTATION('',(#248),#251);
#248 = B_SPLINE_CURVE_WITH_KNOTS('',1,(#249,#250),.UNSPECIFIED.,.F.,.F.,
  (2,2),(9.9994E-03,0.6100006),.PIECEWISE_BEZIER_KNOTS.);
#249 = CARTESIAN_POINT('',(49.9999994,-64.04));
#250 = CARTESIAN_POINT('',(50.6000006,-64.04));
#251 = ( GEOMETRIC_REPRESENTATION_CONTEXT(2) 
PARAMETRIC_REPRESENTATION_CONTEXT() REPRESENTATION_CONTEXT('2D SPACE',''
  ) );
#252 = PCURVE('',#253,#258);
#253 = CYLINDRICAL_SURFACE('',#254,14.04);
#254 = AXIS2_PLACEMENT_3D('',#255,#256,#257);
#255 = CARTESIAN_POINT('',(0.,0.,-1.E-02));
#256 = DIRECTION('',(0.,0.,1.));
#257 = DIRECTION('',(1.,0.,-0.));
#258 = DEFINITIONAL_REPRESENTATION('',(#259),#262);
#259 = B_SPLINE_CURVE_WITH_KNOTS('',1,(#260,#261),.UNSPECIFIED.,.F.,.F.,
  (2,2),(9.9994E-03,0.6100006),.PIECEWISE_BEZIER_KNOTS.);
#260 = CARTESIAN_POINT('',(1.570796326795,9.9994E-03));
#261 = CARTESIAN_POINT('',(1.570796326795,0.6100006));
#262 = ( GEOMETRIC_REPRESENTATION_CONTEXT(2) 
PARAMETRIC_REPRESENTATION_CONTEXT() REPRESENTATION_CONTEXT('2D SPACE',''
  ) );
#263 = ORIENTED_EDGE('',*,*,#264,.F.);
#264 = EDGE_CURVE('',#265,#239,#267,.T.);
#265 = VERTEX_POINT('',#266);
#266 = CARTESIAN_POINT('',(3.122849337826E-16,5.1,0.));
#267 = SURFACE_CURVE('',#268,(#272,#278),.PCURVE_S1.);
#268 = LINE('',#269,#270);
#269 = CARTESIAN_POINT('',(0.,-25.,0.));
#270 = VECTOR('',#271,1.);
#271 = DIRECTION('',(0.,1.,0.));
#272 = PCURVE('',#43,#273);
#273 = DEFINITIONAL_REPRESENTATION('',(#274),#277);
#274 = B_SPLINE_CURVE_WITH_KNOTS('',1,(#275,#276),.UNSPECIFIED.,.F.,.F.,
  (2,2),(10.96,39.04),.PIECEWISE_BEZIER_KNOTS.);
#275 = CARTESIAN_POINT('',(50.,-35.96));
#276 = CARTESIAN_POINT('',(50.,-64.04));
#277 = ( GEOMETRIC_REPRESENTATION_CONTEXT(2) 
PARAMETRIC_REPRESENTATION_CONTEXT() REPRESENTATION_CONTEXT('2D SPACE',''
  ) );
#278 = PCURVE('',#279,#284);
#279 = PLANE('',#280);
#280 = AXIS2_PLACEMENT_3D('',#281,#282,#283);
#281 = CARTESIAN_POINT('',(0.,0.,0.));
#282 = DIRECTION('',(0.,0.,1.));
#283 = DIRECTION('',(1.,0.,-0.));
#284 = DEFINITIONAL_REPRESENTATION('',(#285),#288);
#285 = B_SPLINE_CURVE_WITH_KNOTS('',1,(#286,#287),.UNSPECIFIED.,.F.,.F.,
  (2,2),(10.96,39.04),.PIECEWISE_BEZIER_KNOTS.);
#286 = CARTESIAN_POINT('',(0.,-14.04));
#287 = CARTESIAN_POINT('',(0.,14.04));
#288 = ( GEOMETRIC_REPRESENTATION_CONTEXT(2) 
PARAMETRIC_REPRESENTATION_CONTEXT() REPRESENTATION_CONTEXT('2D SPACE',''
  ) );
#289 = ORIENTED_EDGE('',*,*,#290,.F.);
#290 = EDGE_CURVE('',#291,#265,#293,.T.);
#291 = VERTEX_POINT('',#292);
#292 = CARTESIAN_POINT('',(3.122849337826E-16,5.1,-3.));
#293 = SURFACE_CURVE('',#294,(#298,#304),.PCURVE_S1.);
#294 = LINE('',#295,#296);
#295 = CARTESIAN_POINT('',(0.,5.1,-3.01));
#296 = VECTOR('',#297,1.);
#297 = DIRECTION('',(0.,0.,1.));
#298 = PCURVE('',#43,#299);
#299 = DEFINITIONAL_REPRESENTATION('',(#300),#303);
#300 = B_SPLINE_CURVE_WITH_KNOTS('',1,(#301,#302),.UNSPECIFIED.,.F.,.F.,
  (2,2),(9.9994E-03,3.0100006),.PIECEWISE_BEZIER_KNOTS.);
#301 = CARTESIAN_POINT('',(46.9999994,-55.1));
#302 = CARTESIAN_POINT('',(50.0000006,-55.1));
#303 = ( GEOMETRIC_REPRESENTATION_CONTEXT(2) 
PARAMETRIC_REPRESENTATION_CONTEXT() REPRESENTATION_CONTEXT('2D SPACE',''
  ) );
#304 = PCURVE('',#305,#310);
#305 = CYLINDRICAL_SURFACE('',#306,5.1);
#306 = AXIS2_PLACEMENT_3D('',#307,#308,#309);
#307 = CARTESIAN_POINT('',(0.,0.,-3.01));
#308 = DIRECTION('',(0.,0.,1.));
#309 = DIRECTION('',(1.,0.,-0.));
#310 = DEFINITIONAL_REPRESENTATION('',(#311),#314);
#311 = B_SPLINE_CURVE_WITH_KNOTS('',1,(#312,#313),.UNSPECIFIED.,.F.,.F.,
  (2,2),(9.9994E-03,3.0100006),.PIECEWISE_BEZIER_KNOTS.);
#312 = CARTESIAN_POINT('',(1.570796326795,9.9994E-03));
#313 = CARTESIAN_POINT('',(1.570796326795,3.0100006));
#314 = ( GEOMETRIC_REPRESENTATION_CONTEXT(2) 
PARAMETRIC_REPRESENTATION_CONTEXT() REPRESENTATION_CONTEXT('2D SPACE',''
  ) );
#315 = ORIENTED_EDGE('',*,*,#316,.F.);
#316 = EDGE_CURVE('',#317,#291,#319,.T.);
#317 = VERTEX_POINT('',#318);
#318 = CARTESIAN_POINT('',(3.061616997868E-16,5.,-3.));
#319 = SURFACE_CURVE('',#320,(#324,#330),.PCURVE_S1.);
#320 = LINE('',#321,#322);
#321 = CARTESIAN_POINT('',(0.,-25.,-3.));
#322 = VECTOR('',#323,1.);
#323 = DIRECTION('',(0.,1.,0.));
#324 = PCURVE('',#43,#325);
#325 = DEFINITIONAL_REPRESENTATION('',(#326),#329);
#326 = B_SPLINE_CURVE_WITH_KNOTS('',1,(#327,#328),.UNSPECIFIED.,.F.,.F.,
  (2,2),(19.9,30.1),.PIECEWISE_BEZIER_KNOTS.);
#327 = CARTESIAN_POINT('',(47.,-44.9));
#328 = CARTESIAN_POINT('',(47.,-55.1));
#329 = ( GEOMETRIC_REPRESENTATION_CONTEXT(2) 
PARAMETRIC_REPRESENTATION_CONTEXT() REPRESENTATION_CONTEXT('2D SPACE',''
  ) );
#330 = PCURVE('',#331,#336);
#331 = PLANE('',#332);
#332 = AXIS2_PLACEMENT_3D('',#333,#334,#335);
#333 = CARTESIAN_POINT('',(0.,0.,-3.));
#334 = DIRECTION('',(0.,0.,1.));
#335 = DIRECTION('',(1.,0.,-0.));
#336 = DEFINITIONAL_REPRESENTATION('',(#337),#340);
#337 = B_SPLINE_CURVE_WITH_KNOTS('',1,(#338,#339),.UNSPECIFIED.,.F.,.F.,
  (2,2),(19.9,30.1),.PIECEWISE_BEZIER_KNOTS.);
#338 = CARTESIAN_POINT('',(0.,-5.1));
#339 = CARTESIAN_POINT('',(0.,5.1));
#340 = ( GEOMETRIC_REPRESENTATION_CONTEXT(2) 
PARAMETRIC_REPRESENTATION_CONTEXT() REPRESENTATION_CONTEXT('2D SPACE',''
  ) );
#341 = ORIENTED_EDGE('',*,*,#342,.F.);
#342 = EDGE_CURVE('',#343,#317,#345,.T.);
#343 = VERTEX_POINT('',#344);
#344 = CARTESIAN_POINT('',(3.061616997868E-16,5.,-3.9));
#345 = SURFACE_CURVE('',#346,(#350,#356),.PCURVE_S1.);
#346 = LINE('',#347,#348);
#347 = CARTESIAN_POINT('',(0.,5.,-3.9));
#348 = VECTOR('',#349,1.);
#349 = DIRECTION('',(0.,0.,1.));
#350 = PCURVE('',#43,#351);
#351 = DEFINITIONAL_REPRESENTATION('',(#352),#355);
#352 = B_SPLINE_CURVE_WITH_KNOTS('',1,(#353,#354),.UNSPECIFIED.,.F.,.F.,
  (2,2),(-5.999999999062E-07,0.9000006),.PIECEWISE_BEZIER_KNOTS.);
#353 = CARTESIAN_POINT('',(46.0999994,-55.));
#354 = CARTESIAN_POINT('',(47.0000006,-55.));
#355 = ( GEOMETRIC_REPRESENTATION_CONTEXT(2) 
PARAMETRIC_REPRESENTATION_CONTEXT() REPRESENTATION_CONTEXT('2D SPACE',''
  ) );
#356 = PCURVE('',#357,#362);
#357 = CYLINDRICAL_SURFACE('',#358,5.);
#358 = AXIS2_PLACEMENT_3D('',#359,#360,#361);
#359 = CARTESIAN_POINT('',(0.,0.,-3.9));
#360 = DIRECTION('',(0.,0.,1.));
#361 = DIRECTION('',(1.,0.,-0.));
#362 = DEFINITIONAL_REPRESENTATION('',(#363),#366);
#363 = B_SPLINE_CURVE_WITH_KNOTS('',1,(#364,#365),.UNSPECIFIED.,.F.,.F.,
  (2,2),(-5.999999999062E-07,0.9000006),.PIECEWISE_BEZIER_KNOTS.);
#364 = CARTESIAN_POINT('',(1.570796326795,-5.999999999062E-07));
#365 = CARTESIAN_POINT('',(1.570796326795,0.9000006));
#366 = ( GEOMETRIC_REPRESENTATION_CONTEXT(2) 
PARAMETRIC_REPRESENTATION_CONTEXT() REPRESENTATION_CONTEXT('2D SPACE',''
  ) );
#367 = ORIENTED_EDGE('',*,*,#368,.F.);
#368 = EDGE_CURVE('',#369,#343,#371,.T.);
#369 = VERTEX_POINT('',#370);
#370 = CARTESIAN_POINT('',(1.959434878636E-16,3.2,-3.9));
#371 = SURFACE_CURVE('',#372,(#376,#382),.PCURVE_S1.);
#372 = LINE('',#373,#374);
#373 = CARTESIAN_POINT('',(0.,-25.,-3.9));
#374 = VECTOR('',#375,1.);
#375 = DIRECTION('',(0.,1.,0.));
#376 = PCURVE('',#43,#377);
#377 = DEFINITIONAL_REPRESENTATION('',(#378),#381);
#378 = B_SPLINE_CURVE_WITH_KNOTS('',1,(#379,#380),.UNSPECIFIED.,.F.,.F.,
  (2,2),(20.,30.),.PIECEWISE_BEZIER_KNOTS.);
#379 = CARTESIAN_POINT('',(46.1,-45.));
#380 = CARTESIAN_POINT('',(46.1,-55.));
#381 = ( GEOMETRIC_REPRESENTATION_CONTEXT(2) 
PARAMETRIC_REPRESENTATION_CONTEXT() REPRESENTATION_CONTEXT('2D SPACE',''
  ) );
#382 = PCURVE('',#383,#388);
#383 = PLANE('',#384);
#384 = AXIS2_PLACEMENT_3D('',#385,#386,#387);
#385 = CARTESIAN_POINT('',(0.,0.,-3.9));
#386 = DIRECTION('',(0.,0.,1.));
#387 = DIRECTION('',(1.,0.,-0.));
#388 = DEFINITIONAL_REPRESENTATION('',(#389),#392);
#389 = B_SPLINE_CURVE_WITH_KNOTS('',1,(#390,#391),.UNSPECIFIED.,.F.,.F.,
  (2,2),(20.,30.),.PIECEWISE_BEZIER_KNOTS.);
#390 = CARTESIAN_POINT('',(0.,-5.));
#391 = CARTESIAN_POINT('',(0.,5.));
#392 = ( GEOMETRIC_REPRESENTATION_CONTEXT(2) 
PARAMETRIC_REPRESENTATION_CONTEXT() REPRESENTATION_CONTEXT('2D SPACE',''
  ) );
#393 = ORIENTED_EDGE('',*,*,#394,.F.);
#394 = EDGE_CURVE('',#395,#369,#397,.T.);
#395 = VERTEX_POINT('',#396);
#396 = CARTESIAN_POINT('',(1.959434878636E-16,3.2,-4.3));
#397 = SURFACE_CURVE('',#398,(#402,#408),.PCURVE_S1.);
#398 = LINE('',#399,#400);
#399 = CARTESIAN_POINT('',(0.,3.2,-4.31));
#400 = VECTOR('',#401,1.);
#401 = DIRECTION('',(0.,0.,1.));
#402 = PCURVE('',#43,#403);
#403 = DEFINITIONAL_REPRESENTATION('',(#404),#407);
#404 = B_SPLINE_CURVE_WITH_KNOTS('',1,(#405,#406),.UNSPECIFIED.,.F.,.F.,
  (2,2),(9.9994E-03,0.4100006),.PIECEWISE_BEZIER_KNOTS.);
#405 = CARTESIAN_POINT('',(45.6999994,-53.2));
#406 = CARTESIAN_POINT('',(46.1000006,-53.2));
#407 = ( GEOMETRIC_REPRESENTATION_CONTEXT(2) 
PARAMETRIC_REPRESENTATION_CONTEXT() REPRESENTATION_CONTEXT('2D SPACE',''
  ) );
#408 = PCURVE('',#409,#414);
#409 = CYLINDRICAL_SURFACE('',#410,3.2);
#410 = AXIS2_PLACEMENT_3D('',#411,#412,#413);
#411 = CARTESIAN_POINT('',(0.,0.,-4.31));
#412 = DIRECTION('',(0.,0.,1.));
#413 = DIRECTION('',(1.,0.,-0.));
#414 = DEFINITIONAL_REPRESENTATION('',(#415),#418);
#415 = B_SPLINE_CURVE_WITH_KNOTS('',1,(#416,#417),.UNSPECIFIED.,.F.,.F.,
  (2,2),(9.9994E-03,0.4100006),.PIECEWISE_BEZIER_KNOTS.);
#416 = CARTESIAN_POINT('',(1.570796326795,9.9994E-03));
#417 = CARTESIAN_POINT('',(1.570796326795,0.4100006));
#418 = ( GEOMETRIC_REPRESENTATION_CONTEXT(2) 
PARAMETRIC_REPRESENTATION_CONTEXT() REPRESENTATION_CONTEXT('2D SPACE',''
  ) );
#419 = ORIENTED_EDGE('',*,*,#420,.T.);
#420 = EDGE_CURVE('',#395,#421,#423,.T.);
#421 = VERTEX_POINT('',#422);
#422 = CARTESIAN_POINT('',(4.041334437186E-16,6.6,-4.3));
#423 = SURFACE_CURVE('',#424,(#428,#434),.PCURVE_S1.);
#424 = LINE('',#425,#426);
#425 = CARTESIAN_POINT('',(0.,-25.,-4.3));
#426 = VECTOR('',#427,1.);
#427 = DIRECTION('',(0.,1.,0.));
#428 = PCURVE('',#43,#429);
#429 = DEFINITIONAL_REPRESENTATION('',(#430),#433);
#430 = B_SPLINE_CURVE_WITH_KNOTS('',1,(#431,#432),.UNSPECIFIED.,.F.,.F.,
  (2,2),(18.4,31.6),.PIECEWISE_BEZIER_KNOTS.);
#431 = CARTESIAN_POINT('',(45.7,-43.4));
#432 = CARTESIAN_POINT('',(45.7,-56.6));
#433 = ( GEOMETRIC_REPRESENTATION_CONTEXT(2) 
PARAMETRIC_REPRESENTATION_CONTEXT() REPRESENTATION_CONTEXT('2D SPACE',''
  ) );
#434 = PCURVE('',#435,#440);
#435 = PLANE('',#436);
#436 = AXIS2_PLACEMENT_3D('',#437,#438,#439);
#437 = CARTESIAN_POINT('',(0.,0.,-4.3));
#438 = DIRECTION('',(0.,0.,1.));
#439 = DIRECTION('',(1.,0.,-0.));
#440 = DEFINITIONAL_REPRESENTATION('',(#441),#444);
#441 = B_SPLINE_CURVE_WITH_KNOTS('',1,(#442,#443),.UNSPECIFIED.,.F.,.F.,
  (2,2),(18.4,31.6),.PIECEWISE_BEZIER_KNOTS.);
#442 = CARTESIAN_POINT('',(0.,-6.6));
#443 = CARTESIAN_POINT('',(0.,6.6));
#444 = ( GEOMETRIC_REPRESENTATION_CONTEXT(2) 
PARAMETRIC_REPRESENTATION_CONTEXT() REPRESENTATION_CONTEXT('2D SPACE',''
  ) );
#445 = ORIENTED_EDGE('',*,*,#446,.T.);
#446 = EDGE_CURVE('',#421,#144,#447,.T.);
#447 = SURFACE_CURVE('',#448,(#452,#458),.PCURVE_S1.);
#448 = LINE('',#449,#450);
#449 = CARTESIAN_POINT('',(0.,6.6,-4.3));
#450 = VECTOR('',#451,1.);
#451 = DIRECTION('',(0.,0.,1.));
#452 = PCURVE('',#43,#453);
#453 = DEFINITIONAL_REPRESENTATION('',(#454),#457);
#454 = B_SPLINE_CURVE_WITH_KNOTS('',1,(#455,#456),.UNSPECIFIED.,.F.,.F.,
  (2,2),(-5.999999999062E-07,1.3000006),.PIECEWISE_BEZIER_KNOTS.);
#455 = CARTESIAN_POINT('',(45.6999994,-56.6));
#456 = CARTESIAN_POINT('',(47.0000006,-56.6));
#457 = ( GEOMETRIC_REPRESENTATION_CONTEXT(2) 
PARAMETRIC_REPRESENTATION_CONTEXT() REPRESENTATION_CONTEXT('2D SPACE',''
  ) );
#458 = PCURVE('',#459,#464);
#459 = CYLINDRICAL_SURFACE('',#460,6.6);
#460 = AXIS2_PLACEMENT_3D('',#461,#462,#463);
#461 = CARTESIAN_POINT('',(0.,0.,-4.3));
#462 = DIRECTION('',(0.,0.,1.));
#463 = DIRECTION('',(1.,0.,-0.));
#464 = DEFINITIONAL_REPRESENTATION('',(#465),#468);
#465 = B_SPLINE_CURVE_WITH_KNOTS('',1,(#466,#467),.UNSPECIFIED.,.F.,.F.,
  (2,2),(-5.999999999062E-07,1.3000006),.PIECEWISE_BEZIER_KNOTS.);
#466 = CARTESIAN_POINT('',(1.570796326795,-5.999999999062E-07));
#467 = CARTESIAN_POINT('',(1.570796326795,1.3000006));
#468 = ( GEOMETRIC_REPRESENTATION_CONTEXT(2) 
PARAMETRIC_REPRESENTATION_CONTEXT() REPRESENTATION_CONTEXT('2D SPACE',''
  ) );
#469 = FACE_BOUND('',#470,.F.);
#470 = EDGE_LOOP('',(#471));
#471 = ORIENTED_EDGE('',*,*,#472,.F.);
#472 = EDGE_CURVE('',#473,#473,#475,.T.);
#473 = VERTEX_POINT('',#474);
#474 = CARTESIAN_POINT('',(0.,16.2,-0.4));
#475 = SURFACE_CURVE('',#476,(#481,#488),.PCURVE_S1.);
#476 = CIRCLE('',#477,1.1);
#477 = AXIS2_PLACEMENT_3D('',#478,#479,#480);
#478 = CARTESIAN_POINT('',(0.,16.2,-1.5));
#479 = DIRECTION('',(1.,0.,0.));
#480 = DIRECTION('',(-0.,0.,1.));
#481 = PCURVE('',#43,#482);
#482 = DEFINITIONAL_REPRESENTATION('',(#483),#487);
#483 = CIRCLE('',#484,1.1);
#484 = AXIS2_PLACEMENT_2D('',#485,#486);
#485 = CARTESIAN_POINT('',(48.5,-66.2));
#486 = DIRECTION('',(1.,0.));
#487 = ( GEOMETRIC_REPRESENTATION_CONTEXT(2) 
PARAMETRIC_REPRESENTATION_CONTEXT() REPRESENTATION_CONTEXT('2D SPACE',''
  ) );
#488 = PCURVE('',#489,#494);
#489 = CYLINDRICAL_SURFACE('',#490,1.1);
#490 = AXIS2_PLACEMENT_3D('',#491,#492,#493);
#491 = CARTESIAN_POINT('',(-14.,16.2,-1.5));
#492 = DIRECTION('',(1.,0.,0.));
#493 = DIRECTION('',(-0.,0.,1.));
#494 = DEFINITIONAL_REPRESENTATION('',(#495),#499);
#495 = LINE('',#496,#497);
#496 = CARTESIAN_POINT('',(0.,14.));
#497 = VECTOR('',#498,1.);
#498 = DIRECTION('',(1.,0.));
#499 = ( GEOMETRIC_REPRESENTATION_CONTEXT(2) 
PARAMETRIC_REPRESENTATION_CONTEXT() REPRESENTATION_CONTEXT('2D SPACE',''
  ) );
#500 = ADVANCED_FACE('',(#501,#632),#128,.F.);
#501 = FACE_BOUND('',#502,.F.);
#502 = EDGE_LOOP('',(#503,#524,#525,#526,#550,#579,#605));
#503 = ORIENTED_EDGE('',*,*,#504,.F.);
#504 = EDGE_CURVE('',#88,#505,#507,.T.);
#505 = VERTEX_POINT('',#506);
#506 = CARTESIAN_POINT('',(-4.466065328896E-15,-18.9,-3.));
#507 = SURFACE_CURVE('',#508,(#512,#518),.PCURVE_S1.);
#508 = LINE('',#509,#510);
#509 = CARTESIAN_POINT('',(0.,-25.,-3.));
#510 = VECTOR('',#511,1.);
#511 = DIRECTION('',(0.,1.,0.));
#512 = PCURVE('',#128,#513);
#513 = DEFINITIONAL_REPRESENTATION('',(#514),#517);
#514 = B_SPLINE_CURVE_WITH_KNOTS('',1,(#515,#516),.UNSPECIFIED.,.F.,.F.,
  (2,2),(5.,45.),.PIECEWISE_BEZIER_KNOTS.);
#515 = CARTESIAN_POINT('',(0.,-20.));
#516 = CARTESIAN_POINT('',(0.,20.));
#517 = ( GEOMETRIC_REPRESENTATION_CONTEXT(2) 
PARAMETRIC_REPRESENTATION_CONTEXT() REPRESENTATION_CONTEXT('2D SPACE',''
  ) );
#518 = PCURVE('',#102,#519);
#519 = DEFINITIONAL_REPRESENTATION('',(#520),#523);
#520 = B_SPLINE_CURVE_WITH_KNOTS('',1,(#521,#522),.UNSPECIFIED.,.F.,.F.,
  (2,2),(5.,45.),.PIECEWISE_BEZIER_KNOTS.);
#521 = CARTESIAN_POINT('',(47.,-30.));
#522 = CARTESIAN_POINT('',(47.,-70.));
#523 = ( GEOMETRIC_REPRESENTATION_CONTEXT(2) 
PARAMETRIC_REPRESENTATION_CONTEXT() REPRESENTATION_CONTEXT('2D SPACE',''
  ) );
#524 = ORIENTED_EDGE('',*,*,#113,.T.);
#525 = ORIENTED_EDGE('',*,*,#143,.F.);
#526 = ORIENTED_EDGE('',*,*,#527,.F.);
#527 = EDGE_CURVE('',#528,#144,#530,.T.);
#528 = VERTEX_POINT('',#529);
#529 = CARTESIAN_POINT('',(6.6,-1.616533774875E-15,-3.));
#530 = SURFACE_CURVE('',#531,(#536,#543),.PCURVE_S1.);
#531 = CIRCLE('',#532,6.6);
#532 = AXIS2_PLACEMENT_3D('',#533,#534,#535);
#533 = CARTESIAN_POINT('',(0.,0.,-3.));
#534 = DIRECTION('',(0.,0.,1.));
#535 = DIRECTION('',(1.,0.,-0.));
#536 = PCURVE('',#128,#537);
#537 = DEFINITIONAL_REPRESENTATION('',(#538),#542);
#538 = CIRCLE('',#539,6.6);
#539 = AXIS2_PLACEMENT_2D('',#540,#541);
#540 = CARTESIAN_POINT('',(0.,0.));
#541 = DIRECTION('',(1.,0.));
#542 = ( GEOMETRIC_REPRESENTATION_CONTEXT(2) 
PARAMETRIC_REPRESENTATION_CONTEXT() REPRESENTATION_CONTEXT('2D SPACE',''
  ) );
#543 = PCURVE('',#459,#544);
#544 = DEFINITIONAL_REPRESENTATION('',(#545),#549);
#545 = LINE('',#546,#547);
#546 = CARTESIAN_POINT('',(0.,1.3));
#547 = VECTOR('',#548,1.);
#548 = DIRECTION('',(1.,0.));
#549 = ( GEOMETRIC_REPRESENTATION_CONTEXT(2) 
PARAMETRIC_REPRESENTATION_CONTEXT() REPRESENTATION_CONTEXT('2D SPACE',''
  ) );
#550 = ORIENTED_EDGE('',*,*,#551,.F.);
#551 = EDGE_CURVE('',#552,#528,#554,.T.);
#552 = VERTEX_POINT('',#553);
#553 = CARTESIAN_POINT('',(-1.212400331156E-15,-6.6,-3.));
#554 = SURFACE_CURVE('',#555,(#560,#567),.PCURVE_S1.);
#555 = CIRCLE('',#556,6.6);
#556 = AXIS2_PLACEMENT_3D('',#557,#558,#559);
#557 = CARTESIAN_POINT('',(0.,0.,-3.));
#558 = DIRECTION('',(0.,0.,1.));
#559 = DIRECTION('',(1.,0.,-0.));
#560 = PCURVE('',#128,#561);
#561 = DEFINITIONAL_REPRESENTATION('',(#562),#566);
#562 = CIRCLE('',#563,6.6);
#563 = AXIS2_PLACEMENT_2D('',#564,#565);
#564 = CARTESIAN_POINT('',(0.,0.));
#565 = DIRECTION('',(1.,0.));
#566 = ( GEOMETRIC_REPRESENTATION_CONTEXT(2) 
PARAMETRIC_REPRESENTATION_CONTEXT() REPRESENTATION_CONTEXT('2D SPACE',''
  ) );
#567 = PCURVE('',#568,#573);
#568 = CYLINDRICAL_SURFACE('',#569,6.6);
#569 = AXIS2_PLACEMENT_3D('',#570,#571,#572);
#570 = CARTESIAN_POINT('',(0.,0.,-4.3));
#571 = DIRECTION('',(0.,0.,1.));
#572 = DIRECTION('',(1.,0.,-0.));
#573 = DEFINITIONAL_REPRESENTATION('',(#574),#578);
#574 = LINE('',#575,#576);
#575 = CARTESIAN_POINT('',(0.,1.3));
#576 = VECTOR('',#577,1.);
#577 = DIRECTION('',(1.,0.));
#578 = ( GEOMETRIC_REPRESENTATION_CONTEXT(2) 
PARAMETRIC_REPRESENTATION_CONTEXT() REPRESENTATION_CONTEXT('2D SPACE',''
  ) );
#579 = ORIENTED_EDGE('',*,*,#580,.F.);
#580 = EDGE_CURVE('',#581,#552,#583,.T.);
#581 = VERTEX_POINT('',#582);
#582 = CARTESIAN_POINT('',(3.345512923387E-16,-16.7,-3.));
#583 = SURFACE_CURVE('',#584,(#588,#594),.PCURVE_S1.);
#584 = LINE('',#585,#586);
#585 = CARTESIAN_POINT('',(0.,-25.,-3.));
#586 = VECTOR('',#587,1.);
#587 = DIRECTION('',(0.,1.,0.));
#588 = PCURVE('',#128,#589);
#589 = DEFINITIONAL_REPRESENTATION('',(#590),#593);
#590 = B_SPLINE_CURVE_WITH_KNOTS('',1,(#591,#592),.UNSPECIFIED.,.F.,.F.,
  (2,2),(5.,45.),.PIECEWISE_BEZIER_KNOTS.);
#591 = CARTESIAN_POINT('',(0.,-20.));
#592 = CARTESIAN_POINT('',(0.,20.));
#593 = ( GEOMETRIC_REPRESENTATION_CONTEXT(2) 
PARAMETRIC_REPRESENTATION_CONTEXT() REPRESENTATION_CONTEXT('2D SPACE',''
  ) );
#594 = PCURVE('',#595,#600);
#595 = PLANE('',#596);
#596 = AXIS2_PLACEMENT_3D('',#597,#598,#599);
#597 = CARTESIAN_POINT('',(0.,-50.,-50.));
#598 = DIRECTION('',(1.,0.,0.));
#599 = DIRECTION('',(0.,0.,1.));
#600 = DEFINITIONAL_REPRESENTATION('',(#601),#604);
#601 = B_SPLINE_CURVE_WITH_KNOTS('',1,(#602,#603),.UNSPECIFIED.,.F.,.F.,
  (2,2),(5.,45.),.PIECEWISE_BEZIER_KNOTS.);
#602 = CARTESIAN_POINT('',(47.,-30.));
#603 = CARTESIAN_POINT('',(47.,-70.));
#604 = ( GEOMETRIC_REPRESENTATION_CONTEXT(2) 
PARAMETRIC_REPRESENTATION_CONTEXT() REPRESENTATION_CONTEXT('2D SPACE',''
  ) );
#605 = ORIENTED_EDGE('',*,*,#606,.F.);
#606 = EDGE_CURVE('',#505,#581,#607,.T.);
#607 = SURFACE_CURVE('',#608,(#613,#620),.PCURVE_S1.);
#608 = CIRCLE('',#609,1.1);
#609 = AXIS2_PLACEMENT_3D('',#610,#611,#612);
#610 = CARTESIAN_POINT('',(-3.952393967666E-15,-17.8,-3.));
#611 = DIRECTION('',(0.,0.,1.));
#612 = DIRECTION('',(-2.22044604925E-16,-1.,0.));
#613 = PCURVE('',#128,#614);
#614 = DEFINITIONAL_REPRESENTATION('',(#615),#619);
#615 = CIRCLE('',#616,1.1);
#616 = AXIS2_PLACEMENT_2D('',#617,#618);
#617 = CARTESIAN_POINT('',(-3.952393967666E-15,-17.8));
#618 = DIRECTION('',(-2.22044604925E-16,-1.));
#619 = ( GEOMETRIC_REPRESENTATION_CONTEXT(2) 
PARAMETRIC_REPRESENTATION_CONTEXT() REPRESENTATION_CONTEXT('2D SPACE',''
  ) );
#620 = PCURVE('',#621,#626);
#621 = CYLINDRICAL_SURFACE('',#622,1.1);
#622 = AXIS2_PLACEMENT_3D('',#623,#624,#625);
#623 = CARTESIAN_POINT('',(-3.952393967666E-15,-17.8,-3.1));
#624 = DIRECTION('',(0.,0.,1.));
#625 = DIRECTION('',(-2.22044604925E-16,-1.,0.));
#626 = DEFINITIONAL_REPRESENTATION('',(#627),#631);
#627 = LINE('',#628,#629);
#628 = CARTESIAN_POINT('',(0.,0.1));
#629 = VECTOR('',#630,1.);
#630 = DIRECTION('',(1.,0.));
#631 = ( GEOMETRIC_REPRESENTATION_CONTEXT(2) 
PARAMETRIC_REPRESENTATION_CONTEXT() REPRESENTATION_CONTEXT('2D SPACE',''
  ) );
#632 = FACE_BOUND('',#633,.F.);
#633 = EDGE_LOOP('',(#634));
#634 = ORIENTED_EDGE('',*,*,#635,.F.);
#635 = EDGE_CURVE('',#636,#636,#638,.T.);
#636 = VERTEX_POINT('',#637);
#637 = CARTESIAN_POINT('',(16.367880131526,9.45,-3.));
#638 = SURFACE_CURVE('',#639,(#644,#651),.PCURVE_S1.);
#639 = CIRCLE('',#640,1.1);
#640 = AXIS2_PLACEMENT_3D('',#641,#642,#643);
#641 = CARTESIAN_POINT('',(15.415252187363,8.9,-3.));
#642 = DIRECTION('',(0.,0.,1.));
#643 = DIRECTION('',(0.866025403784,0.5,-0.));
#644 = PCURVE('',#128,#645);
#645 = DEFINITIONAL_REPRESENTATION('',(#646),#650);
#646 = CIRCLE('',#647,1.1);
#647 = AXIS2_PLACEMENT_2D('',#648,#649);
#648 = CARTESIAN_POINT('',(15.415252187363,8.9));
#649 = DIRECTION('',(0.866025403784,0.5));
#650 = ( GEOMETRIC_REPRESENTATION_CONTEXT(2) 
PARAMETRIC_REPRESENTATION_CONTEXT() REPRESENTATION_CONTEXT('2D SPACE',''
  ) );
#651 = PCURVE('',#652,#657);
#652 = CYLINDRICAL_SURFACE('',#653,1.1);
#653 = AXIS2_PLACEMENT_3D('',#654,#655,#656);
#654 = CARTESIAN_POINT('',(15.415252187363,8.9,-3.1));
#655 = DIRECTION('',(0.,0.,1.));
#656 = DIRECTION('',(0.866025403784,0.5,0.));
#657 = DEFINITIONAL_REPRESENTATION('',(#658),#662);
#658 = LINE('',#659,#660);
#659 = CARTESIAN_POINT('',(0.,0.1));
#660 = VECTOR('',#661,1.);
#661 = DIRECTION('',(1.,0.));
#662 = ( GEOMETRIC_REPRESENTATION_CONTEXT(2) 
PARAMETRIC_REPRESENTATION_CONTEXT() REPRESENTATION_CONTEXT('2D SPACE',''
  ) );
#663 = ADVANCED_FACE('',(#664),#102,.F.);
#664 = FACE_BOUND('',#665,.F.);
#665 = EDGE_LOOP('',(#666,#667,#690,#709));
#666 = ORIENTED_EDGE('',*,*,#504,.T.);
#667 = ORIENTED_EDGE('',*,*,#668,.T.);
#668 = EDGE_CURVE('',#505,#669,#671,.T.);
#669 = VERTEX_POINT('',#670);
#670 = CARTESIAN_POINT('',(-4.466065328896E-15,-18.9,0.));
#671 = SURFACE_CURVE('',#672,(#676,#683),.PCURVE_S1.);
#672 = LINE('',#673,#674);
#673 = CARTESIAN_POINT('',(-4.466065328896E-15,-18.9,-3.1));
#674 = VECTOR('',#675,1.);
#675 = DIRECTION('',(0.,0.,1.));
#676 = PCURVE('',#102,#677);
#677 = DEFINITIONAL_REPRESENTATION('',(#678),#682);
#678 = LINE('',#679,#680);
#679 = CARTESIAN_POINT('',(46.9,-31.1));
#680 = VECTOR('',#681,1.);
#681 = DIRECTION('',(1.,0.));
#682 = ( GEOMETRIC_REPRESENTATION_CONTEXT(2) 
PARAMETRIC_REPRESENTATION_CONTEXT() REPRESENTATION_CONTEXT('2D SPACE',''
  ) );
#683 = PCURVE('',#621,#684);
#684 = DEFINITIONAL_REPRESENTATION('',(#685),#689);
#685 = LINE('',#686,#687);
#686 = CARTESIAN_POINT('',(0.,-0.));
#687 = VECTOR('',#688,1.);
#688 = DIRECTION('',(0.,1.));
#689 = ( GEOMETRIC_REPRESENTATION_CONTEXT(2) 
PARAMETRIC_REPRESENTATION_CONTEXT() REPRESENTATION_CONTEXT('2D SPACE',''
  ) );
#690 = ORIENTED_EDGE('',*,*,#691,.F.);
#691 = EDGE_CURVE('',#55,#669,#692,.T.);
#692 = SURFACE_CURVE('',#693,(#697,#703),.PCURVE_S1.);
#693 = LINE('',#694,#695);
#694 = CARTESIAN_POINT('',(0.,-25.,0.));
#695 = VECTOR('',#696,1.);
#696 = DIRECTION('',(0.,1.,0.));
#697 = PCURVE('',#102,#698);
#698 = DEFINITIONAL_REPRESENTATION('',(#699),#702);
#699 = B_SPLINE_CURVE_WITH_KNOTS('',1,(#700,#701),.UNSPECIFIED.,.F.,.F.,
  (2,2),(5.,45.),.PIECEWISE_BEZIER_KNOTS.);
#700 = CARTESIAN_POINT('',(50.,-30.));
#701 = CARTESIAN_POINT('',(50.,-70.));
#702 = ( GEOMETRIC_REPRESENTATION_CONTEXT(2) 
PARAMETRIC_REPRESENTATION_CONTEXT() REPRESENTATION_CONTEXT('2D SPACE',''
  ) );
#703 = PCURVE('',#71,#704);
#704 = DEFINITIONAL_REPRESENTATION('',(#705),#708);
#705 = B_SPLINE_CURVE_WITH_KNOTS('',1,(#706,#707),.UNSPECIFIED.,.F.,.F.,
  (2,2),(5.,45.),.PIECEWISE_BEZIER_KNOTS.);
#706 = CARTESIAN_POINT('',(0.,-20.));
#707 = CARTESIAN_POINT('',(0.,20.));
#708 = ( GEOMETRIC_REPRESENTATION_CONTEXT(2) 
PARAMETRIC_REPRESENTATION_CONTEXT() REPRESENTATION_CONTEXT('2D SPACE',''
  ) );
#709 = ORIENTED_EDGE('',*,*,#87,.F.);
#710 = ADVANCED_FACE('',(#711,#812),#71,.T.);
#711 = FACE_BOUND('',#712,.T.);
#712 = EDGE_LOOP('',(#713,#714,#715,#716,#740,#769,#790));
#713 = ORIENTED_EDGE('',*,*,#691,.F.);
#714 = ORIENTED_EDGE('',*,*,#54,.F.);
#715 = ORIENTED_EDGE('',*,*,#165,.F.);
#716 = ORIENTED_EDGE('',*,*,#717,.F.);
#717 = EDGE_CURVE('',#718,#166,#720,.T.);
#718 = VERTEX_POINT('',#719);
#719 = CARTESIAN_POINT('',(15.6,-3.82089801334E-15,0.));
#720 = SURFACE_CURVE('',#721,(#726,#733),.PCURVE_S1.);
#721 = CIRCLE('',#722,15.6);
#722 = AXIS2_PLACEMENT_3D('',#723,#724,#725);
#723 = CARTESIAN_POINT('',(0.,0.,0.));
#724 = DIRECTION('',(0.,0.,1.));
#725 = DIRECTION('',(1.,0.,-0.));
#726 = PCURVE('',#71,#727);
#727 = DEFINITIONAL_REPRESENTATION('',(#728),#732);
#728 = CIRCLE('',#729,15.6);
#729 = AXIS2_PLACEMENT_2D('',#730,#731);
#730 = CARTESIAN_POINT('',(0.,0.));
#731 = DIRECTION('',(1.,0.));
#732 = ( GEOMETRIC_REPRESENTATION_CONTEXT(2) 
PARAMETRIC_REPRESENTATION_CONTEXT() REPRESENTATION_CONTEXT('2D SPACE',''
  ) );
#733 = PCURVE('',#201,#734);
#734 = DEFINITIONAL_REPRESENTATION('',(#735),#739);
#735 = LINE('',#736,#737);
#736 = CARTESIAN_POINT('',(0.,0.));
#737 = VECTOR('',#738,1.);
#738 = DIRECTION('',(1.,0.));
#739 = ( GEOMETRIC_REPRESENTATION_CONTEXT(2) 
PARAMETRIC_REPRESENTATION_CONTEXT() REPRESENTATION_CONTEXT('2D SPACE',''
  ) );
#740 = ORIENTED_EDGE('',*,*,#741,.F.);
#741 = EDGE_CURVE('',#742,#718,#744,.T.);
#742 = VERTEX_POINT('',#743);
#743 = CARTESIAN_POINT('',(-2.865673510005E-15,-15.6,0.));
#744 = SURFACE_CURVE('',#745,(#750,#757),.PCURVE_S1.);
#745 = CIRCLE('',#746,15.6);
#746 = AXIS2_PLACEMENT_3D('',#747,#748,#749);
#747 = CARTESIAN_POINT('',(0.,0.,0.));
#748 = DIRECTION('',(0.,0.,1.));
#749 = DIRECTION('',(1.,0.,-0.));
#750 = PCURVE('',#71,#751);
#751 = DEFINITIONAL_REPRESENTATION('',(#752),#756);
#752 = CIRCLE('',#753,15.6);
#753 = AXIS2_PLACEMENT_2D('',#754,#755);
#754 = CARTESIAN_POINT('',(0.,0.));
#755 = DIRECTION('',(1.,0.));
#756 = ( GEOMETRIC_REPRESENTATION_CONTEXT(2) 
PARAMETRIC_REPRESENTATION_CONTEXT() REPRESENTATION_CONTEXT('2D SPACE',''
  ) );
#757 = PCURVE('',#758,#763);
#758 = CYLINDRICAL_SURFACE('',#759,15.6);
#759 = AXIS2_PLACEMENT_3D('',#760,#761,#762);
#760 = CARTESIAN_POINT('',(0.,0.,0.));
#761 = DIRECTION('',(0.,0.,1.));
#762 = DIRECTION('',(1.,0.,-0.));
#763 = DEFINITIONAL_REPRESENTATION('',(#764),#768);
#764 = LINE('',#765,#766);
#765 = CARTESIAN_POINT('',(0.,0.));
#766 = VECTOR('',#767,1.);
#767 = DIRECTION('',(1.,0.));
#768 = ( GEOMETRIC_REPRESENTATION_CONTEXT(2) 
PARAMETRIC_REPRESENTATION_CONTEXT() REPRESENTATION_CONTEXT('2D SPACE',''
  ) );
#769 = ORIENTED_EDGE('',*,*,#770,.F.);
#770 = EDGE_CURVE('',#771,#742,#773,.T.);
#771 = VERTEX_POINT('',#772);
#772 = CARTESIAN_POINT('',(3.345512923387E-16,-16.7,0.));
#773 = SURFACE_CURVE('',#774,(#778,#784),.PCURVE_S1.);
#774 = LINE('',#775,#776);
#775 = CARTESIAN_POINT('',(0.,-25.,0.));
#776 = VECTOR('',#777,1.);
#777 = DIRECTION('',(0.,1.,0.));
#778 = PCURVE('',#71,#779);
#779 = DEFINITIONAL_REPRESENTATION('',(#780),#783);
#780 = B_SPLINE_CURVE_WITH_KNOTS('',1,(#781,#782),.UNSPECIFIED.,.F.,.F.,
  (2,2),(5.,45.),.PIECEWISE_BEZIER_KNOTS.);
#781 = CARTESIAN_POINT('',(0.,-20.));
#782 = CARTESIAN_POINT('',(0.,20.));
#783 = ( GEOMETRIC_REPRESENTATION_CONTEXT(2) 
PARAMETRIC_REPRESENTATION_CONTEXT() REPRESENTATION_CONTEXT('2D SPACE',''
  ) );
#784 = PCURVE('',#595,#785);
#785 = DEFINITIONAL_REPRESENTATION('',(#786),#789);
#786 = B_SPLINE_CURVE_WITH_KNOTS('',1,(#787,#788),.UNSPECIFIED.,.F.,.F.,
  (2,2),(5.,45.),.PIECEWISE_BEZIER_KNOTS.);
#787 = CARTESIAN_POINT('',(50.,-30.));
#788 = CARTESIAN_POINT('',(50.,-70.));
#789 = ( GEOMETRIC_REPRESENTATION_CONTEXT(2) 
PARAMETRIC_REPRESENTATION_CONTEXT() REPRESENTATION_CONTEXT('2D SPACE',''
  ) );
#790 = ORIENTED_EDGE('',*,*,#791,.F.);
#791 = EDGE_CURVE('',#669,#771,#792,.T.);
#792 = SURFACE_CURVE('',#793,(#798,#805),.PCURVE_S1.);
#793 = CIRCLE('',#794,1.1);
#794 = AXIS2_PLACEMENT_3D('',#795,#796,#797);
#795 = CARTESIAN_POINT('',(-3.952393967666E-15,-17.8,0.));
#796 = DIRECTION('',(0.,0.,1.));
#797 = DIRECTION('',(-2.22044604925E-16,-1.,0.));
#798 = PCURVE('',#71,#799);
#799 = DEFINITIONAL_REPRESENTATION('',(#800),#804);
#800 = CIRCLE('',#801,1.1);
#801 = AXIS2_PLACEMENT_2D('',#802,#803);
#802 = CARTESIAN_POINT('',(-3.952393967666E-15,-17.8));
#803 = DIRECTION('',(-2.22044604925E-16,-1.));
#804 = ( GEOMETRIC_REPRESENTATION_CONTEXT(2) 
PARAMETRIC_REPRESENTATION_CONTEXT() REPRESENTATION_CONTEXT('2D SPACE',''
  ) );
#805 = PCURVE('',#621,#806);
#806 = DEFINITIONAL_REPRESENTATION('',(#807),#811);
#807 = LINE('',#808,#809);
#808 = CARTESIAN_POINT('',(0.,3.1));
#809 = VECTOR('',#810,1.);
#810 = DIRECTION('',(1.,0.));
#811 = ( GEOMETRIC_REPRESENTATION_CONTEXT(2) 
PARAMETRIC_REPRESENTATION_CONTEXT() REPRESENTATION_CONTEXT('2D SPACE',''
  ) );
#812 = FACE_BOUND('',#813,.T.);
#813 = EDGE_LOOP('',(#814));
#814 = ORIENTED_EDGE('',*,*,#815,.F.);
#815 = EDGE_CURVE('',#816,#816,#818,.T.);
#816 = VERTEX_POINT('',#817);
#817 = CARTESIAN_POINT('',(16.367880131526,9.45,0.));
#818 = SURFACE_CURVE('',#819,(#824,#831),.PCURVE_S1.);
#819 = CIRCLE('',#820,1.1);
#820 = AXIS2_PLACEMENT_3D('',#821,#822,#823);
#821 = CARTESIAN_POINT('',(15.415252187363,8.9,0.));
#822 = DIRECTION('',(0.,0.,1.));
#823 = DIRECTION('',(0.866025403784,0.5,-0.));
#824 = PCURVE('',#71,#825);
#825 = DEFINITIONAL_REPRESENTATION('',(#826),#830);
#826 = CIRCLE('',#827,1.1);
#827 = AXIS2_PLACEMENT_2D('',#828,#829);
#828 = CARTESIAN_POINT('',(15.415252187363,8.9));
#829 = DIRECTION('',(0.866025403784,0.5));
#830 = ( GEOMETRIC_REPRESENTATION_CONTEXT(2) 
PARAMETRIC_REPRESENTATION_CONTEXT() REPRESENTATION_CONTEXT('2D SPACE',''
  ) );
#831 = PCURVE('',#652,#832);
#832 = DEFINITIONAL_REPRESENTATION('',(#833),#837);
#833 = LINE('',#834,#835);
#834 = CARTESIAN_POINT('',(0.,3.1));
#835 = VECTOR('',#836,1.);
#836 = DIRECTION('',(1.,0.));
#837 = ( GEOMETRIC_REPRESENTATION_CONTEXT(2) 
PARAMETRIC_REPRESENTATION_CONTEXT() REPRESENTATION_CONTEXT('2D SPACE',''
  ) );
#838 = ADVANCED_FACE('',(#839),#459,.T.);
#839 = FACE_BOUND('',#840,.T.);
#840 = EDGE_LOOP('',(#841,#842,#865,#887));
#841 = ORIENTED_EDGE('',*,*,#527,.F.);
#842 = ORIENTED_EDGE('',*,*,#843,.F.);
#843 = EDGE_CURVE('',#844,#528,#846,.T.);
#844 = VERTEX_POINT('',#845);
#845 = CARTESIAN_POINT('',(6.6,-1.616533774875E-15,-4.3));
#846 = SURFACE_CURVE('',#847,(#851,#858),.PCURVE_S1.);
#847 = LINE('',#848,#849);
#848 = CARTESIAN_POINT('',(6.6,-1.616533774875E-15,-4.3));
#849 = VECTOR('',#850,1.);
#850 = DIRECTION('',(0.,0.,1.));
#851 = PCURVE('',#459,#852);
#852 = DEFINITIONAL_REPRESENTATION('',(#853),#857);
#853 = LINE('',#854,#855);
#854 = CARTESIAN_POINT('',(0.,-0.));
#855 = VECTOR('',#856,1.);
#856 = DIRECTION('',(0.,1.));
#857 = ( GEOMETRIC_REPRESENTATION_CONTEXT(2) 
PARAMETRIC_REPRESENTATION_CONTEXT() REPRESENTATION_CONTEXT('2D SPACE',''
  ) );
#858 = PCURVE('',#568,#859);
#859 = DEFINITIONAL_REPRESENTATION('',(#860),#864);
#860 = LINE('',#861,#862);
#861 = CARTESIAN_POINT('',(6.28318530718,-0.));
#862 = VECTOR('',#863,1.);
#863 = DIRECTION('',(0.,1.));
#864 = ( GEOMETRIC_REPRESENTATION_CONTEXT(2) 
PARAMETRIC_REPRESENTATION_CONTEXT() REPRESENTATION_CONTEXT('2D SPACE',''
  ) );
#865 = ORIENTED_EDGE('',*,*,#866,.T.);
#866 = EDGE_CURVE('',#844,#421,#867,.T.);
#867 = SURFACE_CURVE('',#868,(#873,#880),.PCURVE_S1.);
#868 = CIRCLE('',#869,6.6);
#869 = AXIS2_PLACEMENT_3D('',#870,#871,#872);
#870 = CARTESIAN_POINT('',(0.,0.,-4.3));
#871 = DIRECTION('',(0.,0.,1.));
#872 = DIRECTION('',(1.,0.,-0.));
#873 = PCURVE('',#459,#874);
#874 = DEFINITIONAL_REPRESENTATION('',(#875),#879);
#875 = LINE('',#876,#877);
#876 = CARTESIAN_POINT('',(0.,0.));
#877 = VECTOR('',#878,1.);
#878 = DIRECTION('',(1.,0.));
#879 = ( GEOMETRIC_REPRESENTATION_CONTEXT(2) 
PARAMETRIC_REPRESENTATION_CONTEXT() REPRESENTATION_CONTEXT('2D SPACE',''
  ) );
#880 = PCURVE('',#435,#881);
#881 = DEFINITIONAL_REPRESENTATION('',(#882),#886);
#882 = CIRCLE('',#883,6.6);
#883 = AXIS2_PLACEMENT_2D('',#884,#885);
#884 = CARTESIAN_POINT('',(0.,0.));
#885 = DIRECTION('',(1.,0.));
#886 = ( GEOMETRIC_REPRESENTATION_CONTEXT(2) 
PARAMETRIC_REPRESENTATION_CONTEXT() REPRESENTATION_CONTEXT('2D SPACE',''
  ) );
#887 = ORIENTED_EDGE('',*,*,#446,.T.);
#888 = ADVANCED_FACE('',(#889),#435,.F.);
#889 = FACE_BOUND('',#890,.F.);
#890 = EDGE_LOOP('',(#891,#915,#916,#917,#941,#970));
#891 = ORIENTED_EDGE('',*,*,#892,.T.);
#892 = EDGE_CURVE('',#893,#844,#895,.T.);
#893 = VERTEX_POINT('',#894);
#894 = CARTESIAN_POINT('',(-1.212400331156E-15,-6.6,-4.3));
#895 = SURFACE_CURVE('',#896,(#901,#908),.PCURVE_S1.);
#896 = CIRCLE('',#897,6.6);
#897 = AXIS2_PLACEMENT_3D('',#898,#899,#900);
#898 = CARTESIAN_POINT('',(0.,0.,-4.3));
#899 = DIRECTION('',(0.,0.,1.));
#900 = DIRECTION('',(1.,0.,-0.));
#901 = PCURVE('',#435,#902);
#902 = DEFINITIONAL_REPRESENTATION('',(#903),#907);
#903 = CIRCLE('',#904,6.6);
#904 = AXIS2_PLACEMENT_2D('',#905,#906);
#905 = CARTESIAN_POINT('',(0.,0.));
#906 = DIRECTION('',(1.,0.));
#907 = ( GEOMETRIC_REPRESENTATION_CONTEXT(2) 
PARAMETRIC_REPRESENTATION_CONTEXT() REPRESENTATION_CONTEXT('2D SPACE',''
  ) );
#908 = PCURVE('',#568,#909);
#909 = DEFINITIONAL_REPRESENTATION('',(#910),#914);
#910 = LINE('',#911,#912);
#911 = CARTESIAN_POINT('',(0.,0.));
#912 = VECTOR('',#913,1.);
#913 = DIRECTION('',(1.,0.));
#914 = ( GEOMETRIC_REPRESENTATION_CONTEXT(2) 
PARAMETRIC_REPRESENTATION_CONTEXT() REPRESENTATION_CONTEXT('2D SPACE',''
  ) );
#915 = ORIENTED_EDGE('',*,*,#866,.T.);
#916 = ORIENTED_EDGE('',*,*,#420,.F.);
#917 = ORIENTED_EDGE('',*,*,#918,.F.);
#918 = EDGE_CURVE('',#919,#395,#921,.T.);
#919 = VERTEX_POINT('',#920);
#920 = CARTESIAN_POINT('',(3.2,-7.837739514543E-16,-4.3));
#921 = SURFACE_CURVE('',#922,(#927,#934),.PCURVE_S1.);
#922 = CIRCLE('',#923,3.2);
#923 = AXIS2_PLACEMENT_3D('',#924,#925,#926);
#924 = CARTESIAN_POINT('',(0.,0.,-4.3));
#925 = DIRECTION('',(0.,0.,1.));
#926 = DIRECTION('',(1.,0.,-0.));
#927 = PCURVE('',#435,#928);
#928 = DEFINITIONAL_REPRESENTATION('',(#929),#933);
#929 = CIRCLE('',#930,3.2);
#930 = AXIS2_PLACEMENT_2D('',#931,#932);
#931 = CARTESIAN_POINT('',(0.,0.));
#932 = DIRECTION('',(1.,0.));
#933 = ( GEOMETRIC_REPRESENTATION_CONTEXT(2) 
PARAMETRIC_REPRESENTATION_CONTEXT() REPRESENTATION_CONTEXT('2D SPACE',''
  ) );
#934 = PCURVE('',#409,#935);
#935 = DEFINITIONAL_REPRESENTATION('',(#936),#940);
#936 = LINE('',#937,#938);
#937 = CARTESIAN_POINT('',(0.,1.E-02));
#938 = VECTOR('',#939,1.);
#939 = DIRECTION('',(1.,0.));
#940 = ( GEOMETRIC_REPRESENTATION_CONTEXT(2) 
PARAMETRIC_REPRESENTATION_CONTEXT() REPRESENTATION_CONTEXT('2D SPACE',''
  ) );
#941 = ORIENTED_EDGE('',*,*,#942,.F.);
#942 = EDGE_CURVE('',#943,#919,#945,.T.);
#943 = VERTEX_POINT('',#944);
#944 = CARTESIAN_POINT('',(-5.878304635907E-16,-3.2,-4.3));
#945 = SURFACE_CURVE('',#946,(#951,#958),.PCURVE_S1.);
#946 = CIRCLE('',#947,3.2);
#947 = AXIS2_PLACEMENT_3D('',#948,#949,#950);
#948 = CARTESIAN_POINT('',(0.,0.,-4.3));
#949 = DIRECTION('',(0.,0.,1.));
#950 = DIRECTION('',(1.,0.,-0.));
#951 = PCURVE('',#435,#952);
#952 = DEFINITIONAL_REPRESENTATION('',(#953),#957);
#953 = CIRCLE('',#954,3.2);
#954 = AXIS2_PLACEMENT_2D('',#955,#956);
#955 = CARTESIAN_POINT('',(0.,0.));
#956 = DIRECTION('',(1.,0.));
#957 = ( GEOMETRIC_REPRESENTATION_CONTEXT(2) 
PARAMETRIC_REPRESENTATION_CONTEXT() REPRESENTATION_CONTEXT('2D SPACE',''
  ) );
#958 = PCURVE('',#959,#964);
#959 = CYLINDRICAL_SURFACE('',#960,3.2);
#960 = AXIS2_PLACEMENT_3D('',#961,#962,#963);
#961 = CARTESIAN_POINT('',(0.,0.,-4.31));
#962 = DIRECTION('',(0.,0.,1.));
#963 = DIRECTION('',(1.,0.,-0.));
#964 = DEFINITIONAL_REPRESENTATION('',(#965),#969);
#965 = LINE('',#966,#967);
#966 = CARTESIAN_POINT('',(0.,1.E-02));
#967 = VECTOR('',#968,1.);
#968 = DIRECTION('',(1.,0.));
#969 = ( GEOMETRIC_REPRESENTATION_CONTEXT(2) 
PARAMETRIC_REPRESENTATION_CONTEXT() REPRESENTATION_CONTEXT('2D SPACE',''
  ) );
#970 = ORIENTED_EDGE('',*,*,#971,.F.);
#971 = EDGE_CURVE('',#893,#943,#972,.T.);
#972 = SURFACE_CURVE('',#973,(#977,#983),.PCURVE_S1.);
#973 = LINE('',#974,#975);
#974 = CARTESIAN_POINT('',(0.,-25.,-4.3));
#975 = VECTOR('',#976,1.);
#976 = DIRECTION('',(0.,1.,0.));
#977 = PCURVE('',#435,#978);
#978 = DEFINITIONAL_REPRESENTATION('',(#979),#982);
#979 = B_SPLINE_CURVE_WITH_KNOTS('',1,(#980,#981),.UNSPECIFIED.,.F.,.F.,
  (2,2),(18.4,31.6),.PIECEWISE_BEZIER_KNOTS.);
#980 = CARTESIAN_POINT('',(0.,-6.6));
#981 = CARTESIAN_POINT('',(0.,6.6));
#982 = ( GEOMETRIC_REPRESENTATION_CONTEXT(2) 
PARAMETRIC_REPRESENTATION_CONTEXT() REPRESENTATION_CONTEXT('2D SPACE',''
  ) );
#983 = PCURVE('',#595,#984);
#984 = DEFINITIONAL_REPRESENTATION('',(#985),#988);
#985 = B_SPLINE_CURVE_WITH_KNOTS('',1,(#986,#987),.UNSPECIFIED.,.F.,.F.,
  (2,2),(18.4,31.6),.PIECEWISE_BEZIER_KNOTS.);
#986 = CARTESIAN_POINT('',(45.7,-43.4));
#987 = CARTESIAN_POINT('',(45.7,-56.6));
#988 = ( GEOMETRIC_REPRESENTATION_CONTEXT(2) 
PARAMETRIC_REPRESENTATION_CONTEXT() REPRESENTATION_CONTEXT('2D SPACE',''
  ) );
#989 = ADVANCED_FACE('',(#990),#409,.F.);
#990 = FACE_BOUND('',#991,.F.);
#991 = EDGE_LOOP('',(#992,#1016,#1037,#1038));
#992 = ORIENTED_EDGE('',*,*,#993,.F.);
#993 = EDGE_CURVE('',#994,#369,#996,.T.);
#994 = VERTEX_POINT('',#995);
#995 = CARTESIAN_POINT('',(3.2,-7.837739514543E-16,-3.9));
#996 = SURFACE_CURVE('',#997,(#1002,#1009),.PCURVE_S1.);
#997 = CIRCLE('',#998,3.2);
#998 = AXIS2_PLACEMENT_3D('',#999,#1000,#1001);
#999 = CARTESIAN_POINT('',(0.,0.,-3.9));
#1000 = DIRECTION('',(0.,0.,1.));
#1001 = DIRECTION('',(1.,0.,-0.));
#1002 = PCURVE('',#409,#1003);
#1003 = DEFINITIONAL_REPRESENTATION('',(#1004),#1008);
#1004 = LINE('',#1005,#1006);
#1005 = CARTESIAN_POINT('',(0.,0.41));
#1006 = VECTOR('',#1007,1.);
#1007 = DIRECTION('',(1.,0.));
#1008 = ( GEOMETRIC_REPRESENTATION_CONTEXT(2) 
PARAMETRIC_REPRESENTATION_CONTEXT() REPRESENTATION_CONTEXT('2D SPACE',''
  ) );
#1009 = PCURVE('',#383,#1010);
#1010 = DEFINITIONAL_REPRESENTATION('',(#1011),#1015);
#1011 = CIRCLE('',#1012,3.2);
#1012 = AXIS2_PLACEMENT_2D('',#1013,#1014);
#1013 = CARTESIAN_POINT('',(0.,0.));
#1014 = DIRECTION('',(1.,0.));
#1015 = ( GEOMETRIC_REPRESENTATION_CONTEXT(2) 
PARAMETRIC_REPRESENTATION_CONTEXT() REPRESENTATION_CONTEXT('2D SPACE',''
  ) );
#1016 = ORIENTED_EDGE('',*,*,#1017,.F.);
#1017 = EDGE_CURVE('',#919,#994,#1018,.T.);
#1018 = SURFACE_CURVE('',#1019,(#1023,#1030),.PCURVE_S1.);
#1019 = LINE('',#1020,#1021);
#1020 = CARTESIAN_POINT('',(3.2,-7.837739514543E-16,-4.31));
#1021 = VECTOR('',#1022,1.);
#1022 = DIRECTION('',(0.,0.,1.));
#1023 = PCURVE('',#409,#1024);
#1024 = DEFINITIONAL_REPRESENTATION('',(#1025),#1029);
#1025 = LINE('',#1026,#1027);
#1026 = CARTESIAN_POINT('',(0.,-0.));
#1027 = VECTOR('',#1028,1.);
#1028 = DIRECTION('',(0.,1.));
#1029 = ( GEOMETRIC_REPRESENTATION_CONTEXT(2) 
PARAMETRIC_REPRESENTATION_CONTEXT() REPRESENTATION_CONTEXT('2D SPACE',''
  ) );
#1030 = PCURVE('',#959,#1031);
#1031 = DEFINITIONAL_REPRESENTATION('',(#1032),#1036);
#1032 = LINE('',#1033,#1034);
#1033 = CARTESIAN_POINT('',(6.28318530718,-0.));
#1034 = VECTOR('',#1035,1.);
#1035 = DIRECTION('',(0.,1.));
#1036 = ( GEOMETRIC_REPRESENTATION_CONTEXT(2) 
PARAMETRIC_REPRESENTATION_CONTEXT() REPRESENTATION_CONTEXT('2D SPACE',''
  ) );
#1037 = ORIENTED_EDGE('',*,*,#918,.T.);
#1038 = ORIENTED_EDGE('',*,*,#394,.T.);
#1039 = ADVANCED_FACE('',(#1040),#383,.T.);
#1040 = FACE_BOUND('',#1041,.T.);
#1041 = EDGE_LOOP('',(#1042,#1073,#1095,#1096,#1097,#1121));
#1042 = ORIENTED_EDGE('',*,*,#1043,.T.);
#1043 = EDGE_CURVE('',#1044,#1046,#1048,.T.);
#1044 = VERTEX_POINT('',#1045);
#1045 = CARTESIAN_POINT('',(-9.184850993605E-16,-5.,-3.9));
#1046 = VERTEX_POINT('',#1047);
#1047 = CARTESIAN_POINT('',(5.,-1.224646799147E-15,-3.9));
#1048 = SURFACE_CURVE('',#1049,(#1054,#1061),.PCURVE_S1.);
#1049 = CIRCLE('',#1050,5.);
#1050 = AXIS2_PLACEMENT_3D('',#1051,#1052,#1053);
#1051 = CARTESIAN_POINT('',(0.,0.,-3.9));
#1052 = DIRECTION('',(0.,0.,1.));
#1053 = DIRECTION('',(1.,0.,-0.));
#1054 = PCURVE('',#383,#1055);
#1055 = DEFINITIONAL_REPRESENTATION('',(#1056),#1060);
#1056 = CIRCLE('',#1057,5.);
#1057 = AXIS2_PLACEMENT_2D('',#1058,#1059);
#1058 = CARTESIAN_POINT('',(0.,0.));
#1059 = DIRECTION('',(1.,0.));
#1060 = ( GEOMETRIC_REPRESENTATION_CONTEXT(2) 
PARAMETRIC_REPRESENTATION_CONTEXT() REPRESENTATION_CONTEXT('2D SPACE',''
  ) );
#1061 = PCURVE('',#1062,#1067);
#1062 = CYLINDRICAL_SURFACE('',#1063,5.);
#1063 = AXIS2_PLACEMENT_3D('',#1064,#1065,#1066);
#1064 = CARTESIAN_POINT('',(0.,0.,-3.9));
#1065 = DIRECTION('',(0.,0.,1.));
#1066 = DIRECTION('',(1.,0.,-0.));
#1067 = DEFINITIONAL_REPRESENTATION('',(#1068),#1072);
#1068 = LINE('',#1069,#1070);
#1069 = CARTESIAN_POINT('',(0.,0.));
#1070 = VECTOR('',#1071,1.);
#1071 = DIRECTION('',(1.,0.));
#1072 = ( GEOMETRIC_REPRESENTATION_CONTEXT(2) 
PARAMETRIC_REPRESENTATION_CONTEXT() REPRESENTATION_CONTEXT('2D SPACE',''
  ) );
#1073 = ORIENTED_EDGE('',*,*,#1074,.T.);
#1074 = EDGE_CURVE('',#1046,#343,#1075,.T.);
#1075 = SURFACE_CURVE('',#1076,(#1081,#1088),.PCURVE_S1.);
#1076 = CIRCLE('',#1077,5.);
#1077 = AXIS2_PLACEMENT_3D('',#1078,#1079,#1080);
#1078 = CARTESIAN_POINT('',(0.,0.,-3.9));
#1079 = DIRECTION('',(0.,0.,1.));
#1080 = DIRECTION('',(1.,0.,-0.));
#1081 = PCURVE('',#383,#1082);
#1082 = DEFINITIONAL_REPRESENTATION('',(#1083),#1087);
#1083 = CIRCLE('',#1084,5.);
#1084 = AXIS2_PLACEMENT_2D('',#1085,#1086);
#1085 = CARTESIAN_POINT('',(0.,0.));
#1086 = DIRECTION('',(1.,0.));
#1087 = ( GEOMETRIC_REPRESENTATION_CONTEXT(2) 
PARAMETRIC_REPRESENTATION_CONTEXT() REPRESENTATION_CONTEXT('2D SPACE',''
  ) );
#1088 = PCURVE('',#357,#1089);
#1089 = DEFINITIONAL_REPRESENTATION('',(#1090),#1094);
#1090 = LINE('',#1091,#1092);
#1091 = CARTESIAN_POINT('',(0.,0.));
#1092 = VECTOR('',#1093,1.);
#1093 = DIRECTION('',(1.,0.));
#1094 = ( GEOMETRIC_REPRESENTATION_CONTEXT(2) 
PARAMETRIC_REPRESENTATION_CONTEXT() REPRESENTATION_CONTEXT('2D SPACE',''
  ) );
#1095 = ORIENTED_EDGE('',*,*,#368,.F.);
#1096 = ORIENTED_EDGE('',*,*,#993,.F.);
#1097 = ORIENTED_EDGE('',*,*,#1098,.F.);
#1098 = EDGE_CURVE('',#1099,#994,#1101,.T.);
#1099 = VERTEX_POINT('',#1100);
#1100 = CARTESIAN_POINT('',(-5.878304635907E-16,-3.2,-3.9));
#1101 = SURFACE_CURVE('',#1102,(#1107,#1114),.PCURVE_S1.);
#1102 = CIRCLE('',#1103,3.2);
#1103 = AXIS2_PLACEMENT_3D('',#1104,#1105,#1106);
#1104 = CARTESIAN_POINT('',(0.,0.,-3.9));
#1105 = DIRECTION('',(0.,0.,1.));
#1106 = DIRECTION('',(1.,0.,-0.));
#1107 = PCURVE('',#383,#1108);
#1108 = DEFINITIONAL_REPRESENTATION('',(#1109),#1113);
#1109 = CIRCLE('',#1110,3.2);
#1110 = AXIS2_PLACEMENT_2D('',#1111,#1112);
#1111 = CARTESIAN_POINT('',(0.,0.));
#1112 = DIRECTION('',(1.,0.));
#1113 = ( GEOMETRIC_REPRESENTATION_CONTEXT(2) 
PARAMETRIC_REPRESENTATION_CONTEXT() REPRESENTATION_CONTEXT('2D SPACE',''
  ) );
#1114 = PCURVE('',#959,#1115);
#1115 = DEFINITIONAL_REPRESENTATION('',(#1116),#1120);
#1116 = LINE('',#1117,#1118);
#1117 = CARTESIAN_POINT('',(0.,0.41));
#1118 = VECTOR('',#1119,1.);
#1119 = DIRECTION('',(1.,0.));
#1120 = ( GEOMETRIC_REPRESENTATION_CONTEXT(2) 
PARAMETRIC_REPRESENTATION_CONTEXT() REPRESENTATION_CONTEXT('2D SPACE',''
  ) );
#1121 = ORIENTED_EDGE('',*,*,#1122,.F.);
#1122 = EDGE_CURVE('',#1044,#1099,#1123,.T.);
#1123 = SURFACE_CURVE('',#1124,(#1128,#1134),.PCURVE_S1.);
#1124 = LINE('',#1125,#1126);
#1125 = CARTESIAN_POINT('',(0.,-25.,-3.9));
#1126 = VECTOR('',#1127,1.);
#1127 = DIRECTION('',(0.,1.,0.));
#1128 = PCURVE('',#383,#1129);
#1129 = DEFINITIONAL_REPRESENTATION('',(#1130),#1133);
#1130 = B_SPLINE_CURVE_WITH_KNOTS('',1,(#1131,#1132),.UNSPECIFIED.,.F.,
  .F.,(2,2),(20.,30.),.PIECEWISE_BEZIER_KNOTS.);
#1131 = CARTESIAN_POINT('',(0.,-5.));
#1132 = CARTESIAN_POINT('',(0.,5.));
#1133 = ( GEOMETRIC_REPRESENTATION_CONTEXT(2) 
PARAMETRIC_REPRESENTATION_CONTEXT() REPRESENTATION_CONTEXT('2D SPACE',''
  ) );
#1134 = PCURVE('',#595,#1135);
#1135 = DEFINITIONAL_REPRESENTATION('',(#1136),#1139);
#1136 = B_SPLINE_CURVE_WITH_KNOTS('',1,(#1137,#1138),.UNSPECIFIED.,.F.,
  .F.,(2,2),(20.,30.),.PIECEWISE_BEZIER_KNOTS.);
#1137 = CARTESIAN_POINT('',(46.1,-45.));
#1138 = CARTESIAN_POINT('',(46.1,-55.));
#1139 = ( GEOMETRIC_REPRESENTATION_CONTEXT(2) 
PARAMETRIC_REPRESENTATION_CONTEXT() REPRESENTATION_CONTEXT('2D SPACE',''
  ) );
#1140 = ADVANCED_FACE('',(#1141),#357,.F.);
#1141 = FACE_BOUND('',#1142,.F.);
#1142 = EDGE_LOOP('',(#1143,#1167,#1188,#1189));
#1143 = ORIENTED_EDGE('',*,*,#1144,.F.);
#1144 = EDGE_CURVE('',#1145,#317,#1147,.T.);
#1145 = VERTEX_POINT('',#1146);
#1146 = CARTESIAN_POINT('',(5.,-1.224646799147E-15,-3.));
#1147 = SURFACE_CURVE('',#1148,(#1153,#1160),.PCURVE_S1.);
#1148 = CIRCLE('',#1149,5.);
#1149 = AXIS2_PLACEMENT_3D('',#1150,#1151,#1152);
#1150 = CARTESIAN_POINT('',(0.,0.,-3.));
#1151 = DIRECTION('',(0.,0.,1.));
#1152 = DIRECTION('',(1.,0.,-0.));
#1153 = PCURVE('',#357,#1154);
#1154 = DEFINITIONAL_REPRESENTATION('',(#1155),#1159);
#1155 = LINE('',#1156,#1157);
#1156 = CARTESIAN_POINT('',(0.,0.9));
#1157 = VECTOR('',#1158,1.);
#1158 = DIRECTION('',(1.,0.));
#1159 = ( GEOMETRIC_REPRESENTATION_CONTEXT(2) 
PARAMETRIC_REPRESENTATION_CONTEXT() REPRESENTATION_CONTEXT('2D SPACE',''
  ) );
#1160 = PCURVE('',#331,#1161);
#1161 = DEFINITIONAL_REPRESENTATION('',(#1162),#1166);
#1162 = CIRCLE('',#1163,5.);
#1163 = AXIS2_PLACEMENT_2D('',#1164,#1165);
#1164 = CARTESIAN_POINT('',(0.,0.));
#1165 = DIRECTION('',(1.,0.));
#1166 = ( GEOMETRIC_REPRESENTATION_CONTEXT(2) 
PARAMETRIC_REPRESENTATION_CONTEXT() REPRESENTATION_CONTEXT('2D SPACE',''
  ) );
#1167 = ORIENTED_EDGE('',*,*,#1168,.F.);
#1168 = EDGE_CURVE('',#1046,#1145,#1169,.T.);
#1169 = SURFACE_CURVE('',#1170,(#1174,#1181),.PCURVE_S1.);
#1170 = LINE('',#1171,#1172);
#1171 = CARTESIAN_POINT('',(5.,-1.224646799147E-15,-3.9));
#1172 = VECTOR('',#1173,1.);
#1173 = DIRECTION('',(0.,0.,1.));
#1174 = PCURVE('',#357,#1175);
#1175 = DEFINITIONAL_REPRESENTATION('',(#1176),#1180);
#1176 = LINE('',#1177,#1178);
#1177 = CARTESIAN_POINT('',(0.,-0.));
#1178 = VECTOR('',#1179,1.);
#1179 = DIRECTION('',(0.,1.));
#1180 = ( GEOMETRIC_REPRESENTATION_CONTEXT(2) 
PARAMETRIC_REPRESENTATION_CONTEXT() REPRESENTATION_CONTEXT('2D SPACE',''
  ) );
#1181 = PCURVE('',#1062,#1182);
#1182 = DEFINITIONAL_REPRESENTATION('',(#1183),#1187);
#1183 = LINE('',#1184,#1185);
#1184 = CARTESIAN_POINT('',(6.28318530718,-0.));
#1185 = VECTOR('',#1186,1.);
#1186 = DIRECTION('',(0.,1.));
#1187 = ( GEOMETRIC_REPRESENTATION_CONTEXT(2) 
PARAMETRIC_REPRESENTATION_CONTEXT() REPRESENTATION_CONTEXT('2D SPACE',''
  ) );
#1188 = ORIENTED_EDGE('',*,*,#1074,.T.);
#1189 = ORIENTED_EDGE('',*,*,#342,.T.);
#1190 = ADVANCED_FACE('',(#1191),#331,.T.);
#1191 = FACE_BOUND('',#1192,.T.);
#1192 = EDGE_LOOP('',(#1193,#1224,#1246,#1247,#1248,#1272));
#1193 = ORIENTED_EDGE('',*,*,#1194,.T.);
#1194 = EDGE_CURVE('',#1195,#1197,#1199,.T.);
#1195 = VERTEX_POINT('',#1196);
#1196 = CARTESIAN_POINT('',(-9.368548013477E-16,-5.1,-3.));
#1197 = VERTEX_POINT('',#1198);
#1198 = CARTESIAN_POINT('',(5.1,-1.24913973513E-15,-3.));
#1199 = SURFACE_CURVE('',#1200,(#1205,#1212),.PCURVE_S1.);
#1200 = CIRCLE('',#1201,5.1);
#1201 = AXIS2_PLACEMENT_3D('',#1202,#1203,#1204);
#1202 = CARTESIAN_POINT('',(0.,0.,-3.));
#1203 = DIRECTION('',(0.,0.,1.));
#1204 = DIRECTION('',(1.,0.,-0.));
#1205 = PCURVE('',#331,#1206);
#1206 = DEFINITIONAL_REPRESENTATION('',(#1207),#1211);
#1207 = CIRCLE('',#1208,5.1);
#1208 = AXIS2_PLACEMENT_2D('',#1209,#1210);
#1209 = CARTESIAN_POINT('',(0.,0.));
#1210 = DIRECTION('',(1.,0.));
#1211 = ( GEOMETRIC_REPRESENTATION_CONTEXT(2) 
PARAMETRIC_REPRESENTATION_CONTEXT() REPRESENTATION_CONTEXT('2D SPACE',''
  ) );
#1212 = PCURVE('',#1213,#1218);
#1213 = CYLINDRICAL_SURFACE('',#1214,5.1);
#1214 = AXIS2_PLACEMENT_3D('',#1215,#1216,#1217);
#1215 = CARTESIAN_POINT('',(0.,0.,-3.01));
#1216 = DIRECTION('',(0.,0.,1.));
#1217 = DIRECTION('',(1.,0.,-0.));
#1218 = DEFINITIONAL_REPRESENTATION('',(#1219),#1223);
#1219 = LINE('',#1220,#1221);
#1220 = CARTESIAN_POINT('',(0.,1.E-02));
#1221 = VECTOR('',#1222,1.);
#1222 = DIRECTION('',(1.,0.));
#1223 = ( GEOMETRIC_REPRESENTATION_CONTEXT(2) 
PARAMETRIC_REPRESENTATION_CONTEXT() REPRESENTATION_CONTEXT('2D SPACE',''
  ) );
#1224 = ORIENTED_EDGE('',*,*,#1225,.T.);
#1225 = EDGE_CURVE('',#1197,#291,#1226,.T.);
#1226 = SURFACE_CURVE('',#1227,(#1232,#1239),.PCURVE_S1.);
#1227 = CIRCLE('',#1228,5.1);
#1228 = AXIS2_PLACEMENT_3D('',#1229,#1230,#1231);
#1229 = CARTESIAN_POINT('',(0.,0.,-3.));
#1230 = DIRECTION('',(0.,0.,1.));
#1231 = DIRECTION('',(1.,0.,-0.));
#1232 = PCURVE('',#331,#1233);
#1233 = DEFINITIONAL_REPRESENTATION('',(#1234),#1238);
#1234 = CIRCLE('',#1235,5.1);
#1235 = AXIS2_PLACEMENT_2D('',#1236,#1237);
#1236 = CARTESIAN_POINT('',(0.,0.));
#1237 = DIRECTION('',(1.,0.));
#1238 = ( GEOMETRIC_REPRESENTATION_CONTEXT(2) 
PARAMETRIC_REPRESENTATION_CONTEXT() REPRESENTATION_CONTEXT('2D SPACE',''
  ) );
#1239 = PCURVE('',#305,#1240);
#1240 = DEFINITIONAL_REPRESENTATION('',(#1241),#1245);
#1241 = LINE('',#1242,#1243);
#1242 = CARTESIAN_POINT('',(0.,1.E-02));
#1243 = VECTOR('',#1244,1.);
#1244 = DIRECTION('',(1.,0.));
#1245 = ( GEOMETRIC_REPRESENTATION_CONTEXT(2) 
PARAMETRIC_REPRESENTATION_CONTEXT() REPRESENTATION_CONTEXT('2D SPACE',''
  ) );
#1246 = ORIENTED_EDGE('',*,*,#316,.F.);
#1247 = ORIENTED_EDGE('',*,*,#1144,.F.);
#1248 = ORIENTED_EDGE('',*,*,#1249,.F.);
#1249 = EDGE_CURVE('',#1250,#1145,#1252,.T.);
#1250 = VERTEX_POINT('',#1251);
#1251 = CARTESIAN_POINT('',(-9.184850993605E-16,-5.,-3.));
#1252 = SURFACE_CURVE('',#1253,(#1258,#1265),.PCURVE_S1.);
#1253 = CIRCLE('',#1254,5.);
#1254 = AXIS2_PLACEMENT_3D('',#1255,#1256,#1257);
#1255 = CARTESIAN_POINT('',(0.,0.,-3.));
#1256 = DIRECTION('',(0.,0.,1.));
#1257 = DIRECTION('',(1.,0.,-0.));
#1258 = PCURVE('',#331,#1259);
#1259 = DEFINITIONAL_REPRESENTATION('',(#1260),#1264);
#1260 = CIRCLE('',#1261,5.);
#1261 = AXIS2_PLACEMENT_2D('',#1262,#1263);
#1262 = CARTESIAN_POINT('',(0.,0.));
#1263 = DIRECTION('',(1.,0.));
#1264 = ( GEOMETRIC_REPRESENTATION_CONTEXT(2) 
PARAMETRIC_REPRESENTATION_CONTEXT() REPRESENTATION_CONTEXT('2D SPACE',''
  ) );
#1265 = PCURVE('',#1062,#1266);
#1266 = DEFINITIONAL_REPRESENTATION('',(#1267),#1271);
#1267 = LINE('',#1268,#1269);
#1268 = CARTESIAN_POINT('',(0.,0.9));
#1269 = VECTOR('',#1270,1.);
#1270 = DIRECTION('',(1.,0.));
#1271 = ( GEOMETRIC_REPRESENTATION_CONTEXT(2) 
PARAMETRIC_REPRESENTATION_CONTEXT() REPRESENTATION_CONTEXT('2D SPACE',''
  ) );
#1272 = ORIENTED_EDGE('',*,*,#1273,.F.);
#1273 = EDGE_CURVE('',#1195,#1250,#1274,.T.);
#1274 = SURFACE_CURVE('',#1275,(#1279,#1285),.PCURVE_S1.);
#1275 = LINE('',#1276,#1277);
#1276 = CARTESIAN_POINT('',(0.,-25.,-3.));
#1277 = VECTOR('',#1278,1.);
#1278 = DIRECTION('',(0.,1.,0.));
#1279 = PCURVE('',#331,#1280);
#1280 = DEFINITIONAL_REPRESENTATION('',(#1281),#1284);
#1281 = B_SPLINE_CURVE_WITH_KNOTS('',1,(#1282,#1283),.UNSPECIFIED.,.F.,
  .F.,(2,2),(19.9,30.1),.PIECEWISE_BEZIER_KNOTS.);
#1282 = CARTESIAN_POINT('',(0.,-5.1));
#1283 = CARTESIAN_POINT('',(0.,5.1));
#1284 = ( GEOMETRIC_REPRESENTATION_CONTEXT(2) 
PARAMETRIC_REPRESENTATION_CONTEXT() REPRESENTATION_CONTEXT('2D SPACE',''
  ) );
#1285 = PCURVE('',#595,#1286);
#1286 = DEFINITIONAL_REPRESENTATION('',(#1287),#1290);
#1287 = B_SPLINE_CURVE_WITH_KNOTS('',1,(#1288,#1289),.UNSPECIFIED.,.F.,
  .F.,(2,2),(19.9,30.1),.PIECEWISE_BEZIER_KNOTS.);
#1288 = CARTESIAN_POINT('',(47.,-44.9));
#1289 = CARTESIAN_POINT('',(47.,-55.1));
#1290 = ( GEOMETRIC_REPRESENTATION_CONTEXT(2) 
PARAMETRIC_REPRESENTATION_CONTEXT() REPRESENTATION_CONTEXT('2D SPACE',''
  ) );
#1291 = ADVANCED_FACE('',(#1292),#305,.F.);
#1292 = FACE_BOUND('',#1293,.F.);
#1293 = EDGE_LOOP('',(#1294,#1318,#1339,#1340));
#1294 = ORIENTED_EDGE('',*,*,#1295,.F.);
#1295 = EDGE_CURVE('',#1296,#265,#1298,.T.);
#1296 = VERTEX_POINT('',#1297);
#1297 = CARTESIAN_POINT('',(5.1,-1.24913973513E-15,0.));
#1298 = SURFACE_CURVE('',#1299,(#1304,#1311),.PCURVE_S1.);
#1299 = CIRCLE('',#1300,5.1);
#1300 = AXIS2_PLACEMENT_3D('',#1301,#1302,#1303);
#1301 = CARTESIAN_POINT('',(0.,0.,0.));
#1302 = DIRECTION('',(0.,0.,1.));
#1303 = DIRECTION('',(1.,0.,-0.));
#1304 = PCURVE('',#305,#1305);
#1305 = DEFINITIONAL_REPRESENTATION('',(#1306),#1310);
#1306 = LINE('',#1307,#1308);
#1307 = CARTESIAN_POINT('',(0.,3.01));
#1308 = VECTOR('',#1309,1.);
#1309 = DIRECTION('',(1.,0.));
#1310 = ( GEOMETRIC_REPRESENTATION_CONTEXT(2) 
PARAMETRIC_REPRESENTATION_CONTEXT() REPRESENTATION_CONTEXT('2D SPACE',''
  ) );
#1311 = PCURVE('',#279,#1312);
#1312 = DEFINITIONAL_REPRESENTATION('',(#1313),#1317);
#1313 = CIRCLE('',#1314,5.1);
#1314 = AXIS2_PLACEMENT_2D('',#1315,#1316);
#1315 = CARTESIAN_POINT('',(0.,0.));
#1316 = DIRECTION('',(1.,0.));
#1317 = ( GEOMETRIC_REPRESENTATION_CONTEXT(2) 
PARAMETRIC_REPRESENTATION_CONTEXT() REPRESENTATION_CONTEXT('2D SPACE',''
  ) );
#1318 = ORIENTED_EDGE('',*,*,#1319,.F.);
#1319 = EDGE_CURVE('',#1197,#1296,#1320,.T.);
#1320 = SURFACE_CURVE('',#1321,(#1325,#1332),.PCURVE_S1.);
#1321 = LINE('',#1322,#1323);
#1322 = CARTESIAN_POINT('',(5.1,-1.24913973513E-15,-3.));
#1323 = VECTOR('',#1324,1.);
#1324 = DIRECTION('',(0.,0.,1.));
#1325 = PCURVE('',#305,#1326);
#1326 = DEFINITIONAL_REPRESENTATION('',(#1327),#1331);
#1327 = LINE('',#1328,#1329);
#1328 = CARTESIAN_POINT('',(0.,1.E-02));
#1329 = VECTOR('',#1330,1.);
#1330 = DIRECTION('',(0.,1.));
#1331 = ( GEOMETRIC_REPRESENTATION_CONTEXT(2) 
PARAMETRIC_REPRESENTATION_CONTEXT() REPRESENTATION_CONTEXT('2D SPACE',''
  ) );
#1332 = PCURVE('',#1213,#1333);
#1333 = DEFINITIONAL_REPRESENTATION('',(#1334),#1338);
#1334 = LINE('',#1335,#1336);
#1335 = CARTESIAN_POINT('',(6.28318530718,1.E-02));
#1336 = VECTOR('',#1337,1.);
#1337 = DIRECTION('',(0.,1.));
#1338 = ( GEOMETRIC_REPRESENTATION_CONTEXT(2) 
PARAMETRIC_REPRESENTATION_CONTEXT() REPRESENTATION_CONTEXT('2D SPACE',''
  ) );
#1339 = ORIENTED_EDGE('',*,*,#1225,.T.);
#1340 = ORIENTED_EDGE('',*,*,#290,.T.);
#1341 = ADVANCED_FACE('',(#1342),#279,.T.);
#1342 = FACE_BOUND('',#1343,.T.);
#1343 = EDGE_LOOP('',(#1344,#1373,#1400,#1422,#1423,#1424,#1448,#1469,
    #1498));
#1344 = ORIENTED_EDGE('',*,*,#1345,.T.);
#1345 = EDGE_CURVE('',#1346,#1348,#1350,.T.);
#1346 = VERTEX_POINT('',#1347);
#1347 = CARTESIAN_POINT('',(15.31,-1.01,0.));
#1348 = VERTEX_POINT('',#1349);
#1349 = CARTESIAN_POINT('',(15.31,1.01,0.));
#1350 = SURFACE_CURVE('',#1351,(#1355,#1362),.PCURVE_S1.);
#1351 = LINE('',#1352,#1353);
#1352 = CARTESIAN_POINT('',(15.31,-0.505,0.));
#1353 = VECTOR('',#1354,1.);
#1354 = DIRECTION('',(0.,1.,0.));
#1355 = PCURVE('',#279,#1356);
#1356 = DEFINITIONAL_REPRESENTATION('',(#1357),#1361);
#1357 = LINE('',#1358,#1359);
#1358 = CARTESIAN_POINT('',(15.31,-0.505));
#1359 = VECTOR('',#1360,1.);
#1360 = DIRECTION('',(0.,1.));
#1361 = ( GEOMETRIC_REPRESENTATION_CONTEXT(2) 
PARAMETRIC_REPRESENTATION_CONTEXT() REPRESENTATION_CONTEXT('2D SPACE',''
  ) );
#1362 = PCURVE('',#1363,#1368);
#1363 = PLANE('',#1364);
#1364 = AXIS2_PLACEMENT_3D('',#1365,#1366,#1367);
#1365 = CARTESIAN_POINT('',(15.31,-1.01,-1.E-02));
#1366 = DIRECTION('',(1.,0.,0.));
#1367 = DIRECTION('',(0.,0.,1.));
#1368 = DEFINITIONAL_REPRESENTATION('',(#1369),#1372);
#1369 = B_SPLINE_CURVE_WITH_KNOTS('',1,(#1370,#1371),.UNSPECIFIED.,.F.,
  .F.,(2,2),(-0.505,1.515),.PIECEWISE_BEZIER_KNOTS.);
#1370 = CARTESIAN_POINT('',(1.E-02,0.));
#1371 = CARTESIAN_POINT('',(1.E-02,-2.02));
#1372 = ( GEOMETRIC_REPRESENTATION_CONTEXT(2) 
PARAMETRIC_REPRESENTATION_CONTEXT() REPRESENTATION_CONTEXT('2D SPACE',''
  ) );
#1373 = ORIENTED_EDGE('',*,*,#1374,.T.);
#1374 = EDGE_CURVE('',#1348,#1375,#1377,.T.);
#1375 = VERTEX_POINT('',#1376);
#1376 = CARTESIAN_POINT('',(14.003624530813,1.01,0.));
#1377 = SURFACE_CURVE('',#1378,(#1382,#1389),.PCURVE_S1.);
#1378 = LINE('',#1379,#1380);
#1379 = CARTESIAN_POINT('',(6.945,1.01,0.));
#1380 = VECTOR('',#1381,1.);
#1381 = DIRECTION('',(-1.,0.,0.));
#1382 = PCURVE('',#279,#1383);
#1383 = DEFINITIONAL_REPRESENTATION('',(#1384),#1388);
#1384 = LINE('',#1385,#1386);
#1385 = CARTESIAN_POINT('',(6.945,1.01));
#1386 = VECTOR('',#1387,1.);
#1387 = DIRECTION('',(-1.,0.));
#1388 = ( GEOMETRIC_REPRESENTATION_CONTEXT(2) 
PARAMETRIC_REPRESENTATION_CONTEXT() REPRESENTATION_CONTEXT('2D SPACE',''
  ) );
#1389 = PCURVE('',#1390,#1395);
#1390 = PLANE('',#1391);
#1391 = AXIS2_PLACEMENT_3D('',#1392,#1393,#1394);
#1392 = CARTESIAN_POINT('',(13.89,1.01,-1.E-02));
#1393 = DIRECTION('',(0.,1.,0.));
#1394 = DIRECTION('',(0.,0.,1.));
#1395 = DEFINITIONAL_REPRESENTATION('',(#1396),#1399);
#1396 = B_SPLINE_CURVE_WITH_KNOTS('',1,(#1397,#1398),.UNSPECIFIED.,.F.,
  .F.,(2,2),(-8.365,-7.018520329774),.PIECEWISE_BEZIER_KNOTS.);
#1397 = CARTESIAN_POINT('',(1.E-02,1.42));
#1398 = CARTESIAN_POINT('',(1.E-02,7.352032977353E-02));
#1399 = ( GEOMETRIC_REPRESENTATION_CONTEXT(2) 
PARAMETRIC_REPRESENTATION_CONTEXT() REPRESENTATION_CONTEXT('2D SPACE',''
  ) );
#1400 = ORIENTED_EDGE('',*,*,#1401,.T.);
#1401 = EDGE_CURVE('',#1375,#239,#1402,.T.);
#1402 = SURFACE_CURVE('',#1403,(#1408,#1415),.PCURVE_S1.);
#1403 = CIRCLE('',#1404,14.04);
#1404 = AXIS2_PLACEMENT_3D('',#1405,#1406,#1407);
#1405 = CARTESIAN_POINT('',(0.,0.,0.));
#1406 = DIRECTION('',(0.,0.,1.));
#1407 = DIRECTION('',(1.,0.,-0.));
#1408 = PCURVE('',#279,#1409);
#1409 = DEFINITIONAL_REPRESENTATION('',(#1410),#1414);
#1410 = CIRCLE('',#1411,14.04);
#1411 = AXIS2_PLACEMENT_2D('',#1412,#1413);
#1412 = CARTESIAN_POINT('',(0.,0.));
#1413 = DIRECTION('',(1.,0.));
#1414 = ( GEOMETRIC_REPRESENTATION_CONTEXT(2) 
PARAMETRIC_REPRESENTATION_CONTEXT() REPRESENTATION_CONTEXT('2D SPACE',''
  ) );
#1415 = PCURVE('',#253,#1416);
#1416 = DEFINITIONAL_REPRESENTATION('',(#1417),#1421);
#1417 = LINE('',#1418,#1419);
#1418 = CARTESIAN_POINT('',(0.,1.E-02));
#1419 = VECTOR('',#1420,1.);
#1420 = DIRECTION('',(1.,0.));
#1421 = ( GEOMETRIC_REPRESENTATION_CONTEXT(2) 
PARAMETRIC_REPRESENTATION_CONTEXT() REPRESENTATION_CONTEXT('2D SPACE',''
  ) );
#1422 = ORIENTED_EDGE('',*,*,#264,.F.);
#1423 = ORIENTED_EDGE('',*,*,#1295,.F.);
#1424 = ORIENTED_EDGE('',*,*,#1425,.F.);
#1425 = EDGE_CURVE('',#1426,#1296,#1428,.T.);
#1426 = VERTEX_POINT('',#1427);
#1427 = CARTESIAN_POINT('',(-9.368548013477E-16,-5.1,0.));
#1428 = SURFACE_CURVE('',#1429,(#1434,#1441),.PCURVE_S1.);
#1429 = CIRCLE('',#1430,5.1);
#1430 = AXIS2_PLACEMENT_3D('',#1431,#1432,#1433);
#1431 = CARTESIAN_POINT('',(0.,0.,0.));
#1432 = DIRECTION('',(0.,0.,1.));
#1433 = DIRECTION('',(1.,0.,-0.));
#1434 = PCURVE('',#279,#1435);
#1435 = DEFINITIONAL_REPRESENTATION('',(#1436),#1440);
#1436 = CIRCLE('',#1437,5.1);
#1437 = AXIS2_PLACEMENT_2D('',#1438,#1439);
#1438 = CARTESIAN_POINT('',(0.,0.));
#1439 = DIRECTION('',(1.,0.));
#1440 = ( GEOMETRIC_REPRESENTATION_CONTEXT(2) 
PARAMETRIC_REPRESENTATION_CONTEXT() REPRESENTATION_CONTEXT('2D SPACE',''
  ) );
#1441 = PCURVE('',#1213,#1442);
#1442 = DEFINITIONAL_REPRESENTATION('',(#1443),#1447);
#1443 = LINE('',#1444,#1445);
#1444 = CARTESIAN_POINT('',(0.,3.01));
#1445 = VECTOR('',#1446,1.);
#1446 = DIRECTION('',(1.,0.));
#1447 = ( GEOMETRIC_REPRESENTATION_CONTEXT(2) 
PARAMETRIC_REPRESENTATION_CONTEXT() REPRESENTATION_CONTEXT('2D SPACE',''
  ) );
#1448 = ORIENTED_EDGE('',*,*,#1449,.F.);
#1449 = EDGE_CURVE('',#1450,#1426,#1452,.T.);
#1450 = VERTEX_POINT('',#1451);
#1451 = CARTESIAN_POINT('',(-2.579106159004E-15,-14.04,0.));
#1452 = SURFACE_CURVE('',#1453,(#1457,#1463),.PCURVE_S1.);
#1453 = LINE('',#1454,#1455);
#1454 = CARTESIAN_POINT('',(0.,-25.,0.));
#1455 = VECTOR('',#1456,1.);
#1456 = DIRECTION('',(0.,1.,0.));
#1457 = PCURVE('',#279,#1458);
#1458 = DEFINITIONAL_REPRESENTATION('',(#1459),#1462);
#1459 = B_SPLINE_CURVE_WITH_KNOTS('',1,(#1460,#1461),.UNSPECIFIED.,.F.,
  .F.,(2,2),(10.96,39.04),.PIECEWISE_BEZIER_KNOTS.);
#1460 = CARTESIAN_POINT('',(0.,-14.04));
#1461 = CARTESIAN_POINT('',(0.,14.04));
#1462 = ( GEOMETRIC_REPRESENTATION_CONTEXT(2) 
PARAMETRIC_REPRESENTATION_CONTEXT() REPRESENTATION_CONTEXT('2D SPACE',''
  ) );
#1463 = PCURVE('',#595,#1464);
#1464 = DEFINITIONAL_REPRESENTATION('',(#1465),#1468);
#1465 = B_SPLINE_CURVE_WITH_KNOTS('',1,(#1466,#1467),.UNSPECIFIED.,.F.,
  .F.,(2,2),(10.96,39.04),.PIECEWISE_BEZIER_KNOTS.);
#1466 = CARTESIAN_POINT('',(50.,-35.96));
#1467 = CARTESIAN_POINT('',(50.,-64.04));
#1468 = ( GEOMETRIC_REPRESENTATION_CONTEXT(2) 
PARAMETRIC_REPRESENTATION_CONTEXT() REPRESENTATION_CONTEXT('2D SPACE',''
  ) );
#1469 = ORIENTED_EDGE('',*,*,#1470,.T.);
#1470 = EDGE_CURVE('',#1450,#1471,#1473,.T.);
#1471 = VERTEX_POINT('',#1472);
#1472 = CARTESIAN_POINT('',(14.003624530813,-1.01,0.));
#1473 = SURFACE_CURVE('',#1474,(#1479,#1486),.PCURVE_S1.);
#1474 = CIRCLE('',#1475,14.04);
#1475 = AXIS2_PLACEMENT_3D('',#1476,#1477,#1478);
#1476 = CARTESIAN_POINT('',(0.,0.,0.));
#1477 = DIRECTION('',(0.,0.,1.));
#1478 = DIRECTION('',(1.,0.,-0.));
#1479 = PCURVE('',#279,#1480);
#1480 = DEFINITIONAL_REPRESENTATION('',(#1481),#1485);
#1481 = CIRCLE('',#1482,14.04);
#1482 = AXIS2_PLACEMENT_2D('',#1483,#1484);
#1483 = CARTESIAN_POINT('',(0.,0.));
#1484 = DIRECTION('',(1.,0.));
#1485 = ( GEOMETRIC_REPRESENTATION_CONTEXT(2) 
PARAMETRIC_REPRESENTATION_CONTEXT() REPRESENTATION_CONTEXT('2D SPACE',''
  ) );
#1486 = PCURVE('',#1487,#1492);
#1487 = CYLINDRICAL_SURFACE('',#1488,14.04);
#1488 = AXIS2_PLACEMENT_3D('',#1489,#1490,#1491);
#1489 = CARTESIAN_POINT('',(0.,0.,-1.E-02));
#1490 = DIRECTION('',(0.,0.,1.));
#1491 = DIRECTION('',(1.,0.,-0.));
#1492 = DEFINITIONAL_REPRESENTATION('',(#1493),#1497);
#1493 = LINE('',#1494,#1495);
#1494 = CARTESIAN_POINT('',(0.,1.E-02));
#1495 = VECTOR('',#1496,1.);
#1496 = DIRECTION('',(1.,0.));
#1497 = ( GEOMETRIC_REPRESENTATION_CONTEXT(2) 
PARAMETRIC_REPRESENTATION_CONTEXT() REPRESENTATION_CONTEXT('2D SPACE',''
  ) );
#1498 = ORIENTED_EDGE('',*,*,#1499,.F.);
#1499 = EDGE_CURVE('',#1346,#1471,#1500,.T.);
#1500 = SURFACE_CURVE('',#1501,(#1505,#1512),.PCURVE_S1.);
#1501 = LINE('',#1502,#1503);
#1502 = CARTESIAN_POINT('',(6.945,-1.01,0.));
#1503 = VECTOR('',#1504,1.);
#1504 = DIRECTION('',(-1.,0.,0.));
#1505 = PCURVE('',#279,#1506);
#1506 = DEFINITIONAL_REPRESENTATION('',(#1507),#1511);
#1507 = LINE('',#1508,#1509);
#1508 = CARTESIAN_POINT('',(6.945,-1.01));
#1509 = VECTOR('',#1510,1.);
#1510 = DIRECTION('',(-1.,0.));
#1511 = ( GEOMETRIC_REPRESENTATION_CONTEXT(2) 
PARAMETRIC_REPRESENTATION_CONTEXT() REPRESENTATION_CONTEXT('2D SPACE',''
  ) );
#1512 = PCURVE('',#1513,#1518);
#1513 = PLANE('',#1514);
#1514 = AXIS2_PLACEMENT_3D('',#1515,#1516,#1517);
#1515 = CARTESIAN_POINT('',(13.89,-1.01,-1.E-02));
#1516 = DIRECTION('',(0.,1.,0.));
#1517 = DIRECTION('',(0.,0.,1.));
#1518 = DEFINITIONAL_REPRESENTATION('',(#1519),#1522);
#1519 = B_SPLINE_CURVE_WITH_KNOTS('',1,(#1520,#1521),.UNSPECIFIED.,.F.,
  .F.,(2,2),(-8.365,-7.018520329774),.PIECEWISE_BEZIER_KNOTS.);
#1520 = CARTESIAN_POINT('',(1.E-02,1.42));
#1521 = CARTESIAN_POINT('',(1.E-02,7.352032977353E-02));
#1522 = ( GEOMETRIC_REPRESENTATION_CONTEXT(2) 
PARAMETRIC_REPRESENTATION_CONTEXT() REPRESENTATION_CONTEXT('2D SPACE',''
  ) );
#1523 = ADVANCED_FACE('',(#1524),#253,.F.);
#1524 = FACE_BOUND('',#1525,.F.);
#1525 = EDGE_LOOP('',(#1526,#1550,#1569,#1570));
#1526 = ORIENTED_EDGE('',*,*,#1527,.F.);
#1527 = EDGE_CURVE('',#1528,#213,#1530,.T.);
#1528 = VERTEX_POINT('',#1529);
#1529 = CARTESIAN_POINT('',(14.003624530813,1.01,0.6));
#1530 = SURFACE_CURVE('',#1531,(#1536,#1543),.PCURVE_S1.);
#1531 = CIRCLE('',#1532,14.04);
#1532 = AXIS2_PLACEMENT_3D('',#1533,#1534,#1535);
#1533 = CARTESIAN_POINT('',(0.,0.,0.6));
#1534 = DIRECTION('',(0.,0.,1.));
#1535 = DIRECTION('',(1.,0.,-0.));
#1536 = PCURVE('',#253,#1537);
#1537 = DEFINITIONAL_REPRESENTATION('',(#1538),#1542);
#1538 = LINE('',#1539,#1540);
#1539 = CARTESIAN_POINT('',(0.,0.61));
#1540 = VECTOR('',#1541,1.);
#1541 = DIRECTION('',(1.,0.));
#1542 = ( GEOMETRIC_REPRESENTATION_CONTEXT(2) 
PARAMETRIC_REPRESENTATION_CONTEXT() REPRESENTATION_CONTEXT('2D SPACE',''
  ) );
#1543 = PCURVE('',#227,#1544);
#1544 = DEFINITIONAL_REPRESENTATION('',(#1545),#1549);
#1545 = CIRCLE('',#1546,14.04);
#1546 = AXIS2_PLACEMENT_2D('',#1547,#1548);
#1547 = CARTESIAN_POINT('',(0.,0.));
#1548 = DIRECTION('',(1.,0.));
#1549 = ( GEOMETRIC_REPRESENTATION_CONTEXT(2) 
PARAMETRIC_REPRESENTATION_CONTEXT() REPRESENTATION_CONTEXT('2D SPACE',''
  ) );
#1550 = ORIENTED_EDGE('',*,*,#1551,.F.);
#1551 = EDGE_CURVE('',#1375,#1528,#1552,.T.);
#1552 = SURFACE_CURVE('',#1553,(#1557,#1563),.PCURVE_S1.);
#1553 = LINE('',#1554,#1555);
#1554 = CARTESIAN_POINT('',(14.003624530813,1.01,-1.E-02));
#1555 = VECTOR('',#1556,1.);
#1556 = DIRECTION('',(0.,0.,1.));
#1557 = PCURVE('',#253,#1558);
#1558 = DEFINITIONAL_REPRESENTATION('',(#1559),#1562);
#1559 = B_SPLINE_CURVE_WITH_KNOTS('',1,(#1560,#1561),.UNSPECIFIED.,.F.,
  .F.,(2,2),(9.9994E-03,0.6100006),.PIECEWISE_BEZIER_KNOTS.);
#1560 = CARTESIAN_POINT('',(7.199951255209E-02,9.9994E-03));
#1561 = CARTESIAN_POINT('',(7.199951255209E-02,0.6100006));
#1562 = ( GEOMETRIC_REPRESENTATION_CONTEXT(2) 
PARAMETRIC_REPRESENTATION_CONTEXT() REPRESENTATION_CONTEXT('2D SPACE',''
  ) );
#1563 = PCURVE('',#1390,#1564);
#1564 = DEFINITIONAL_REPRESENTATION('',(#1565),#1568);
#1565 = B_SPLINE_CURVE_WITH_KNOTS('',1,(#1566,#1567),.UNSPECIFIED.,.F.,
  .F.,(2,2),(9.9994E-03,0.6100006),.PIECEWISE_BEZIER_KNOTS.);
#1566 = CARTESIAN_POINT('',(9.9994E-03,0.113624530813));
#1567 = CARTESIAN_POINT('',(0.6100006,0.113624530813));
#1568 = ( GEOMETRIC_REPRESENTATION_CONTEXT(2) 
PARAMETRIC_REPRESENTATION_CONTEXT() REPRESENTATION_CONTEXT('2D SPACE',''
  ) );
#1569 = ORIENTED_EDGE('',*,*,#1401,.T.);
#1570 = ORIENTED_EDGE('',*,*,#238,.T.);
#1571 = ADVANCED_FACE('',(#1572),#227,.T.);
#1572 = FACE_BOUND('',#1573,.T.);
#1573 = EDGE_LOOP('',(#1574,#1600,#1622,#1623,#1624,#1645,#1666,#1687,
    #1711));
#1574 = ORIENTED_EDGE('',*,*,#1575,.T.);
#1575 = EDGE_CURVE('',#1576,#1578,#1580,.T.);
#1576 = VERTEX_POINT('',#1577);
#1577 = CARTESIAN_POINT('',(-2.865673510005E-15,-15.6,0.6));
#1578 = VERTEX_POINT('',#1579);
#1579 = CARTESIAN_POINT('',(15.6,-3.82089801334E-15,0.6));
#1580 = SURFACE_CURVE('',#1581,(#1586,#1593),.PCURVE_S1.);
#1581 = CIRCLE('',#1582,15.6);
#1582 = AXIS2_PLACEMENT_3D('',#1583,#1584,#1585);
#1583 = CARTESIAN_POINT('',(0.,0.,0.6));
#1584 = DIRECTION('',(0.,0.,1.));
#1585 = DIRECTION('',(1.,0.,-0.));
#1586 = PCURVE('',#227,#1587);
#1587 = DEFINITIONAL_REPRESENTATION('',(#1588),#1592);
#1588 = CIRCLE('',#1589,15.6);
#1589 = AXIS2_PLACEMENT_2D('',#1590,#1591);
#1590 = CARTESIAN_POINT('',(0.,0.));
#1591 = DIRECTION('',(1.,0.));
#1592 = ( GEOMETRIC_REPRESENTATION_CONTEXT(2) 
PARAMETRIC_REPRESENTATION_CONTEXT() REPRESENTATION_CONTEXT('2D SPACE',''
  ) );
#1593 = PCURVE('',#758,#1594);
#1594 = DEFINITIONAL_REPRESENTATION('',(#1595),#1599);
#1595 = LINE('',#1596,#1597);
#1596 = CARTESIAN_POINT('',(0.,0.6));
#1597 = VECTOR('',#1598,1.);
#1598 = DIRECTION('',(1.,0.));
#1599 = ( GEOMETRIC_REPRESENTATION_CONTEXT(2) 
PARAMETRIC_REPRESENTATION_CONTEXT() REPRESENTATION_CONTEXT('2D SPACE',''
  ) );
#1600 = ORIENTED_EDGE('',*,*,#1601,.T.);
#1601 = EDGE_CURVE('',#1578,#187,#1602,.T.);
#1602 = SURFACE_CURVE('',#1603,(#1608,#1615),.PCURVE_S1.);
#1603 = CIRCLE('',#1604,15.6);
#1604 = AXIS2_PLACEMENT_3D('',#1605,#1606,#1607);
#1605 = CARTESIAN_POINT('',(0.,0.,0.6));
#1606 = DIRECTION('',(0.,0.,1.));
#1607 = DIRECTION('',(1.,0.,-0.));
#1608 = PCURVE('',#227,#1609);
#1609 = DEFINITIONAL_REPRESENTATION('',(#1610),#1614);
#1610 = CIRCLE('',#1611,15.6);
#1611 = AXIS2_PLACEMENT_2D('',#1612,#1613);
#1612 = CARTESIAN_POINT('',(0.,0.));
#1613 = DIRECTION('',(1.,0.));
#1614 = ( GEOMETRIC_REPRESENTATION_CONTEXT(2) 
PARAMETRIC_REPRESENTATION_CONTEXT() REPRESENTATION_CONTEXT('2D SPACE',''
  ) );
#1615 = PCURVE('',#201,#1616);
#1616 = DEFINITIONAL_REPRESENTATION('',(#1617),#1621);
#1617 = LINE('',#1618,#1619);
#1618 = CARTESIAN_POINT('',(0.,0.6));
#1619 = VECTOR('',#1620,1.);
#1620 = DIRECTION('',(1.,0.));
#1621 = ( GEOMETRIC_REPRESENTATION_CONTEXT(2) 
PARAMETRIC_REPRESENTATION_CONTEXT() REPRESENTATION_CONTEXT('2D SPACE',''
  ) );
#1622 = ORIENTED_EDGE('',*,*,#212,.F.);
#1623 = ORIENTED_EDGE('',*,*,#1527,.F.);
#1624 = ORIENTED_EDGE('',*,*,#1625,.F.);
#1625 = EDGE_CURVE('',#1626,#1528,#1628,.T.);
#1626 = VERTEX_POINT('',#1627);
#1627 = CARTESIAN_POINT('',(15.31,1.01,0.6));
#1628 = SURFACE_CURVE('',#1629,(#1633,#1639),.PCURVE_S1.);
#1629 = LINE('',#1630,#1631);
#1630 = CARTESIAN_POINT('',(6.945,1.01,0.6));
#1631 = VECTOR('',#1632,1.);
#1632 = DIRECTION('',(-1.,0.,0.));
#1633 = PCURVE('',#227,#1634);
#1634 = DEFINITIONAL_REPRESENTATION('',(#1635),#1638);
#1635 = B_SPLINE_CURVE_WITH_KNOTS('',1,(#1636,#1637),.UNSPECIFIED.,.F.,
  .F.,(2,2),(-8.365,-7.018520329774),.PIECEWISE_BEZIER_KNOTS.);
#1636 = CARTESIAN_POINT('',(15.31,1.01));
#1637 = CARTESIAN_POINT('',(13.963520329774,1.01));
#1638 = ( GEOMETRIC_REPRESENTATION_CONTEXT(2) 
PARAMETRIC_REPRESENTATION_CONTEXT() REPRESENTATION_CONTEXT('2D SPACE',''
  ) );
#1639 = PCURVE('',#1390,#1640);
#1640 = DEFINITIONAL_REPRESENTATION('',(#1641),#1644);
#1641 = B_SPLINE_CURVE_WITH_KNOTS('',1,(#1642,#1643),.UNSPECIFIED.,.F.,
  .F.,(2,2),(-8.365,-7.018520329774),.PIECEWISE_BEZIER_KNOTS.);
#1642 = CARTESIAN_POINT('',(0.61,1.42));
#1643 = CARTESIAN_POINT('',(0.61,7.352032977353E-02));
#1644 = ( GEOMETRIC_REPRESENTATION_CONTEXT(2) 
PARAMETRIC_REPRESENTATION_CONTEXT() REPRESENTATION_CONTEXT('2D SPACE',''
  ) );
#1645 = ORIENTED_EDGE('',*,*,#1646,.F.);
#1646 = EDGE_CURVE('',#1647,#1626,#1649,.T.);
#1647 = VERTEX_POINT('',#1648);
#1648 = CARTESIAN_POINT('',(15.31,-1.01,0.6));
#1649 = SURFACE_CURVE('',#1650,(#1654,#1660),.PCURVE_S1.);
#1650 = LINE('',#1651,#1652);
#1651 = CARTESIAN_POINT('',(15.31,-0.505,0.6));
#1652 = VECTOR('',#1653,1.);
#1653 = DIRECTION('',(0.,1.,0.));
#1654 = PCURVE('',#227,#1655);
#1655 = DEFINITIONAL_REPRESENTATION('',(#1656),#1659);
#1656 = B_SPLINE_CURVE_WITH_KNOTS('',1,(#1657,#1658),.UNSPECIFIED.,.F.,
  .F.,(2,2),(-0.505,1.515),.PIECEWISE_BEZIER_KNOTS.);
#1657 = CARTESIAN_POINT('',(15.31,-1.01));
#1658 = CARTESIAN_POINT('',(15.31,1.01));
#1659 = ( GEOMETRIC_REPRESENTATION_CONTEXT(2) 
PARAMETRIC_REPRESENTATION_CONTEXT() REPRESENTATION_CONTEXT('2D SPACE',''
  ) );
#1660 = PCURVE('',#1363,#1661);
#1661 = DEFINITIONAL_REPRESENTATION('',(#1662),#1665);
#1662 = B_SPLINE_CURVE_WITH_KNOTS('',1,(#1663,#1664),.UNSPECIFIED.,.F.,
  .F.,(2,2),(-0.505,1.515),.PIECEWISE_BEZIER_KNOTS.);
#1663 = CARTESIAN_POINT('',(0.61,0.));
#1664 = CARTESIAN_POINT('',(0.61,-2.02));
#1665 = ( GEOMETRIC_REPRESENTATION_CONTEXT(2) 
PARAMETRIC_REPRESENTATION_CONTEXT() REPRESENTATION_CONTEXT('2D SPACE',''
  ) );
#1666 = ORIENTED_EDGE('',*,*,#1667,.T.);
#1667 = EDGE_CURVE('',#1647,#1668,#1670,.T.);
#1668 = VERTEX_POINT('',#1669);
#1669 = CARTESIAN_POINT('',(14.003624530813,-1.01,0.6));
#1670 = SURFACE_CURVE('',#1671,(#1675,#1681),.PCURVE_S1.);
#1671 = LINE('',#1672,#1673);
#1672 = CARTESIAN_POINT('',(6.945,-1.01,0.6));
#1673 = VECTOR('',#1674,1.);
#1674 = DIRECTION('',(-1.,0.,0.));
#1675 = PCURVE('',#227,#1676);
#1676 = DEFINITIONAL_REPRESENTATION('',(#1677),#1680);
#1677 = B_SPLINE_CURVE_WITH_KNOTS('',1,(#1678,#1679),.UNSPECIFIED.,.F.,
  .F.,(2,2),(-8.365,-7.018520329774),.PIECEWISE_BEZIER_KNOTS.);
#1678 = CARTESIAN_POINT('',(15.31,-1.01));
#1679 = CARTESIAN_POINT('',(13.963520329774,-1.01));
#1680 = ( GEOMETRIC_REPRESENTATION_CONTEXT(2) 
PARAMETRIC_REPRESENTATION_CONTEXT() REPRESENTATION_CONTEXT('2D SPACE',''
  ) );
#1681 = PCURVE('',#1513,#1682);
#1682 = DEFINITIONAL_REPRESENTATION('',(#1683),#1686);
#1683 = B_SPLINE_CURVE_WITH_KNOTS('',1,(#1684,#1685),.UNSPECIFIED.,.F.,
  .F.,(2,2),(-8.365,-7.018520329774),.PIECEWISE_BEZIER_KNOTS.);
#1684 = CARTESIAN_POINT('',(0.61,1.42));
#1685 = CARTESIAN_POINT('',(0.61,7.352032977353E-02));
#1686 = ( GEOMETRIC_REPRESENTATION_CONTEXT(2) 
PARAMETRIC_REPRESENTATION_CONTEXT() REPRESENTATION_CONTEXT('2D SPACE',''
  ) );
#1687 = ORIENTED_EDGE('',*,*,#1688,.F.);
#1688 = EDGE_CURVE('',#1689,#1668,#1691,.T.);
#1689 = VERTEX_POINT('',#1690);
#1690 = CARTESIAN_POINT('',(-2.579106159004E-15,-14.04,0.6));
#1691 = SURFACE_CURVE('',#1692,(#1697,#1704),.PCURVE_S1.);
#1692 = CIRCLE('',#1693,14.04);
#1693 = AXIS2_PLACEMENT_3D('',#1694,#1695,#1696);
#1694 = CARTESIAN_POINT('',(0.,0.,0.6));
#1695 = DIRECTION('',(0.,0.,1.));
#1696 = DIRECTION('',(1.,0.,-0.));
#1697 = PCURVE('',#227,#1698);
#1698 = DEFINITIONAL_REPRESENTATION('',(#1699),#1703);
#1699 = CIRCLE('',#1700,14.04);
#1700 = AXIS2_PLACEMENT_2D('',#1701,#1702);
#1701 = CARTESIAN_POINT('',(0.,0.));
#1702 = DIRECTION('',(1.,0.));
#1703 = ( GEOMETRIC_REPRESENTATION_CONTEXT(2) 
PARAMETRIC_REPRESENTATION_CONTEXT() REPRESENTATION_CONTEXT('2D SPACE',''
  ) );
#1704 = PCURVE('',#1487,#1705);
#1705 = DEFINITIONAL_REPRESENTATION('',(#1706),#1710);
#1706 = LINE('',#1707,#1708);
#1707 = CARTESIAN_POINT('',(0.,0.61));
#1708 = VECTOR('',#1709,1.);
#1709 = DIRECTION('',(1.,0.));
#1710 = ( GEOMETRIC_REPRESENTATION_CONTEXT(2) 
PARAMETRIC_REPRESENTATION_CONTEXT() REPRESENTATION_CONTEXT('2D SPACE',''
  ) );
#1711 = ORIENTED_EDGE('',*,*,#1712,.F.);
#1712 = EDGE_CURVE('',#1576,#1689,#1713,.T.);
#1713 = SURFACE_CURVE('',#1714,(#1718,#1724),.PCURVE_S1.);
#1714 = LINE('',#1715,#1716);
#1715 = CARTESIAN_POINT('',(0.,-25.,0.6));
#1716 = VECTOR('',#1717,1.);
#1717 = DIRECTION('',(0.,1.,0.));
#1718 = PCURVE('',#227,#1719);
#1719 = DEFINITIONAL_REPRESENTATION('',(#1720),#1723);
#1720 = B_SPLINE_CURVE_WITH_KNOTS('',1,(#1721,#1722),.UNSPECIFIED.,.F.,
  .F.,(2,2),(9.4,40.6),.PIECEWISE_BEZIER_KNOTS.);
#1721 = CARTESIAN_POINT('',(0.,-15.6));
#1722 = CARTESIAN_POINT('',(0.,15.6));
#1723 = ( GEOMETRIC_REPRESENTATION_CONTEXT(2) 
PARAMETRIC_REPRESENTATION_CONTEXT() REPRESENTATION_CONTEXT('2D SPACE',''
  ) );
#1724 = PCURVE('',#595,#1725);
#1725 = DEFINITIONAL_REPRESENTATION('',(#1726),#1729);
#1726 = B_SPLINE_CURVE_WITH_KNOTS('',1,(#1727,#1728),.UNSPECIFIED.,.F.,
  .F.,(2,2),(9.4,40.6),.PIECEWISE_BEZIER_KNOTS.);
#1727 = CARTESIAN_POINT('',(50.6,-34.4));
#1728 = CARTESIAN_POINT('',(50.6,-65.6));
#1729 = ( GEOMETRIC_REPRESENTATION_CONTEXT(2) 
PARAMETRIC_REPRESENTATION_CONTEXT() REPRESENTATION_CONTEXT('2D SPACE',''
  ) );
#1730 = ADVANCED_FACE('',(#1731),#201,.T.);
#1731 = FACE_BOUND('',#1732,.T.);
#1732 = EDGE_LOOP('',(#1733,#1734,#1755,#1756));
#1733 = ORIENTED_EDGE('',*,*,#1601,.F.);
#1734 = ORIENTED_EDGE('',*,*,#1735,.F.);
#1735 = EDGE_CURVE('',#718,#1578,#1736,.T.);
#1736 = SURFACE_CURVE('',#1737,(#1741,#1748),.PCURVE_S1.);
#1737 = LINE('',#1738,#1739);
#1738 = CARTESIAN_POINT('',(15.6,-3.82089801334E-15,0.));
#1739 = VECTOR('',#1740,1.);
#1740 = DIRECTION('',(0.,0.,1.));
#1741 = PCURVE('',#201,#1742);
#1742 = DEFINITIONAL_REPRESENTATION('',(#1743),#1747);
#1743 = LINE('',#1744,#1745);
#1744 = CARTESIAN_POINT('',(0.,-0.));
#1745 = VECTOR('',#1746,1.);
#1746 = DIRECTION('',(0.,1.));
#1747 = ( GEOMETRIC_REPRESENTATION_CONTEXT(2) 
PARAMETRIC_REPRESENTATION_CONTEXT() REPRESENTATION_CONTEXT('2D SPACE',''
  ) );
#1748 = PCURVE('',#758,#1749);
#1749 = DEFINITIONAL_REPRESENTATION('',(#1750),#1754);
#1750 = LINE('',#1751,#1752);
#1751 = CARTESIAN_POINT('',(6.28318530718,-0.));
#1752 = VECTOR('',#1753,1.);
#1753 = DIRECTION('',(0.,1.));
#1754 = ( GEOMETRIC_REPRESENTATION_CONTEXT(2) 
PARAMETRIC_REPRESENTATION_CONTEXT() REPRESENTATION_CONTEXT('2D SPACE',''
  ) );
#1755 = ORIENTED_EDGE('',*,*,#717,.T.);
#1756 = ORIENTED_EDGE('',*,*,#186,.T.);
#1757 = ADVANCED_FACE('',(#1758),#489,.F.);
#1758 = FACE_BOUND('',#1759,.F.);
#1759 = EDGE_LOOP('',(#1760,#1761,#1784,#1811));
#1760 = ORIENTED_EDGE('',*,*,#472,.T.);
#1761 = ORIENTED_EDGE('',*,*,#1762,.T.);
#1762 = EDGE_CURVE('',#473,#1763,#1765,.T.);
#1763 = VERTEX_POINT('',#1764);
#1764 = CARTESIAN_POINT('',(1.E-01,16.2,-0.4));
#1765 = SEAM_CURVE('',#1766,(#1770,#1777),.PCURVE_S1.);
#1766 = LINE('',#1767,#1768);
#1767 = CARTESIAN_POINT('',(-14.,16.2,-0.4));
#1768 = VECTOR('',#1769,1.);
#1769 = DIRECTION('',(1.,0.,0.));
#1770 = PCURVE('',#489,#1771);
#1771 = DEFINITIONAL_REPRESENTATION('',(#1772),#1776);
#1772 = LINE('',#1773,#1774);
#1773 = CARTESIAN_POINT('',(0.,-0.));
#1774 = VECTOR('',#1775,1.);
#1775 = DIRECTION('',(0.,1.));
#1776 = ( GEOMETRIC_REPRESENTATION_CONTEXT(2) 
PARAMETRIC_REPRESENTATION_CONTEXT() REPRESENTATION_CONTEXT('2D SPACE',''
  ) );
#1777 = PCURVE('',#489,#1778);
#1778 = DEFINITIONAL_REPRESENTATION('',(#1779),#1783);
#1779 = LINE('',#1780,#1781);
#1780 = CARTESIAN_POINT('',(6.28318530718,-0.));
#1781 = VECTOR('',#1782,1.);
#1782 = DIRECTION('',(0.,1.));
#1783 = ( GEOMETRIC_REPRESENTATION_CONTEXT(2) 
PARAMETRIC_REPRESENTATION_CONTEXT() REPRESENTATION_CONTEXT('2D SPACE',''
  ) );
#1784 = ORIENTED_EDGE('',*,*,#1785,.F.);
#1785 = EDGE_CURVE('',#1763,#1763,#1786,.T.);
#1786 = SURFACE_CURVE('',#1787,(#1792,#1799),.PCURVE_S1.);
#1787 = CIRCLE('',#1788,1.1);
#1788 = AXIS2_PLACEMENT_3D('',#1789,#1790,#1791);
#1789 = CARTESIAN_POINT('',(1.E-01,16.2,-1.5));
#1790 = DIRECTION('',(1.,0.,0.));
#1791 = DIRECTION('',(-0.,0.,1.));
#1792 = PCURVE('',#489,#1793);
#1793 = DEFINITIONAL_REPRESENTATION('',(#1794),#1798);
#1794 = LINE('',#1795,#1796);
#1795 = CARTESIAN_POINT('',(0.,14.1));
#1796 = VECTOR('',#1797,1.);
#1797 = DIRECTION('',(1.,0.));
#1798 = ( GEOMETRIC_REPRESENTATION_CONTEXT(2) 
PARAMETRIC_REPRESENTATION_CONTEXT() REPRESENTATION_CONTEXT('2D SPACE',''
  ) );
#1799 = PCURVE('',#1800,#1805);
#1800 = PLANE('',#1801);
#1801 = AXIS2_PLACEMENT_3D('',#1802,#1803,#1804);
#1802 = CARTESIAN_POINT('',(1.E-01,16.2,-1.5));
#1803 = DIRECTION('',(1.,0.,0.));
#1804 = DIRECTION('',(-0.,0.,1.));
#1805 = DEFINITIONAL_REPRESENTATION('',(#1806),#1810);
#1806 = CIRCLE('',#1807,1.1);
#1807 = AXIS2_PLACEMENT_2D('',#1808,#1809);
#1808 = CARTESIAN_POINT('',(0.,0.));
#1809 = DIRECTION('',(1.,0.));
#1810 = ( GEOMETRIC_REPRESENTATION_CONTEXT(2) 
PARAMETRIC_REPRESENTATION_CONTEXT() REPRESENTATION_CONTEXT('2D SPACE',''
  ) );
#1811 = ORIENTED_EDGE('',*,*,#1762,.F.);
#1812 = ADVANCED_FACE('',(#1813),#621,.F.);
#1813 = FACE_BOUND('',#1814,.F.);
#1814 = EDGE_LOOP('',(#1815,#1816,#1817,#1838,#2103,#2129,#2379,#2400,
    #2665,#2684));
#1815 = ORIENTED_EDGE('',*,*,#668,.F.);
#1816 = ORIENTED_EDGE('',*,*,#606,.T.);
#1817 = ORIENTED_EDGE('',*,*,#1818,.T.);
#1818 = EDGE_CURVE('',#581,#1819,#1821,.T.);
#1819 = VERTEX_POINT('',#1820);
#1820 = CARTESIAN_POINT('',(1.205349604665E-17,-16.7,-2.479795897113));
#1821 = SURFACE_CURVE('',#1822,(#1826,#1832),.PCURVE_S1.);
#1822 = LINE('',#1823,#1824);
#1823 = CARTESIAN_POINT('',(0.,-16.7,-3.1));
#1824 = VECTOR('',#1825,1.);
#1825 = DIRECTION('',(0.,0.,1.));
#1826 = PCURVE('',#621,#1827);
#1827 = DEFINITIONAL_REPRESENTATION('',(#1828),#1831);
#1828 = B_SPLINE_CURVE_WITH_KNOTS('',1,(#1829,#1830),.UNSPECIFIED.,.F.,
  .F.,(2,2),(9.99994E-02,3.1000006),.PIECEWISE_BEZIER_KNOTS.);
#1829 = CARTESIAN_POINT('',(3.14159265359,9.99994E-02));
#1830 = CARTESIAN_POINT('',(3.14159265359,3.1000006));
#1831 = ( GEOMETRIC_REPRESENTATION_CONTEXT(2) 
PARAMETRIC_REPRESENTATION_CONTEXT() REPRESENTATION_CONTEXT('2D SPACE',''
  ) );
#1832 = PCURVE('',#595,#1833);
#1833 = DEFINITIONAL_REPRESENTATION('',(#1834),#1837);
#1834 = B_SPLINE_CURVE_WITH_KNOTS('',1,(#1835,#1836),.UNSPECIFIED.,.F.,
  .F.,(2,2),(9.99994E-02,3.1000006),.PIECEWISE_BEZIER_KNOTS.);
#1835 = CARTESIAN_POINT('',(46.9999994,-33.3));
#1836 = CARTESIAN_POINT('',(50.0000006,-33.3));
#1837 = ( GEOMETRIC_REPRESENTATION_CONTEXT(2) 
PARAMETRIC_REPRESENTATION_CONTEXT() REPRESENTATION_CONTEXT('2D SPACE',''
  ) );
#1838 = ORIENTED_EDGE('',*,*,#1839,.F.);
#1839 = EDGE_CURVE('',#1840,#1819,#1842,.T.);
#1840 = VERTEX_POINT('',#1841);
#1841 = CARTESIAN_POINT('',(1.E-01,-16.70455488499,-2.477458115744));
#1842 = SURFACE_CURVE('',#1843,(#1926,#2012),.PCURVE_S1.);
#1843 = B_SPLINE_CURVE_WITH_KNOTS('',6,(#1844,#1845,#1846,#1847,#1848,
    #1849,#1850,#1851,#1852,#1853,#1854,#1855,#1856,#1857,#1858,#1859,
    #1860,#1861,#1862,#1863,#1864,#1865,#1866,#1867,#1868,#1869,#1870,
    #1871,#1872,#1873,#1874,#1875,#1876,#1877,#1878,#1879,#1880,#1881,
    #1882,#1883,#1884,#1885,#1886,#1887,#1888,#1889,#1890,#1891,#1892,
    #1893,#1894,#1895,#1896,#1897,#1898,#1899,#1900,#1901,#1902,#1903,
    #1904,#1905,#1906,#1907,#1908,#1909,#1910,#1911,#1912,#1913,#1914,
    #1915,#1916,#1917,#1918,#1919,#1920,#1921,#1922,#1923,#1924,#1925),
  .UNSPECIFIED.,.F.,.F.,(7,5,5,5,5,5,5,5,5,5,5,5,5,5,5,5,7),(0.,
    2.720737609191E-02,0.160263976344,0.197616942293,0.263649805674,
    0.330831133584,0.366423783051,0.407317668719,0.500009306417,
    0.593127152638,0.632527801125,0.670133886331,0.735799226968,
    0.80390005005,0.840489137513,0.972803365412,1.),.UNSPECIFIED.);
#1844 = CARTESIAN_POINT('',(0.1000006,-16.70455493976,-2.477458087471));
#1845 = CARTESIAN_POINT('',(8.338932607842E-02,-16.70303853568,
    -2.478240841411));
#1846 = CARTESIAN_POINT('',(6.674469710149E-02,-16.70182387993,
    -2.478864260216));
#1847 = CARTESIAN_POINT('',(5.007511874958E-02,-16.70091212574,
    -2.479330429971));
#1848 = CARTESIAN_POINT('',(3.338894708656E-02,-16.70030403934,
    -2.479640742849));
#1849 = CARTESIAN_POINT('',(1.669448855977E-02,-16.7,-2.479795897113));
#1850 = CARTESIAN_POINT('',(-8.164373819858E-02,-16.7,-2.479795897113));
#1851 = CARTESIAN_POINT('',(-0.163452479733,-16.7072716447,
    -2.476084708743));
#1852 = CARTESIAN_POINT('',(-0.244292475103,-16.72187022106,
    -2.468636756415));
#1853 = CARTESIAN_POINT('',(-0.323039147042,-16.7435378596,
    -2.457064745636));
#1854 = CARTESIAN_POINT('',(-0.398648801929,-16.77172539258,
    -2.440624264053));
#1855 = CARTESIAN_POINT('',(-0.490324707966,-16.81507574996,
    -2.412036939381));
#1856 = CARTESIAN_POINT('',(-0.510086157808,-16.82501657551,
    -2.405312312145));
#1857 = CARTESIAN_POINT('',(-0.529483732862,-16.83536994758,
    -2.398111563371));
#1858 = CARTESIAN_POINT('',(-0.548490132877,-16.84610705785,
    -2.390417357668));
#1859 = CARTESIAN_POINT('',(-0.567081159658,-16.85719637661,
    -2.382212724086));
#1860 = CARTESIAN_POINT('',(-0.617329484678,-16.88876952441,
    -2.358045145637));
#1861 = CARTESIAN_POINT('',(-0.648073180011,-16.90993800586,
    -2.340955870926));
#1862 = CARTESIAN_POINT('',(-0.677298028128,-16.93189172003,
    -2.32214355832));
#1863 = CARTESIAN_POINT('',(-0.704885246939,-16.95438243271,
    -2.301561508765));
#1864 = CARTESIAN_POINT('',(-0.730762561324,-16.97714677022,
    -2.279194310655));
#1865 = CARTESIAN_POINT('',(-0.77945869166,-17.02309321646,
    -2.230518350088));
#1866 = CARTESIAN_POINT('',(-0.802193355996,-17.04625387534,
    -2.204170938472));
#1867 = CARTESIAN_POINT('',(-0.823079722331,-17.06912760866,
    -2.176054270177));
#1868 = CARTESIAN_POINT('',(-0.842135034509,-17.09143747888,
    -2.146244651238));
#1869 = CARTESIAN_POINT('',(-0.859409704419,-17.11292294108,
    -2.114868066574));
#1870 = CARTESIAN_POINT('',(-0.88322645859,-17.14418275739,
    -2.064745461323));
#1871 = CARTESIAN_POINT('',(-0.890998785264,-17.15471769858,
    -2.046990622233));
#1872 = CARTESIAN_POINT('',(-0.898308447293,-17.16493060294,
    -2.028860820991));
#1873 = CARTESIAN_POINT('',(-0.905169734932,-17.17479371475,
    -2.010378052851));
#1874 = CARTESIAN_POINT('',(-0.911598009681,-17.18428261139,
    -1.991564875269));
#1875 = CARTESIAN_POINT('',(-0.924516791974,-17.20382421207,
    -1.95047610213));
#1876 = CARTESIAN_POINT('',(-0.930872595836,-17.21374878534,
    -1.928105362586));
#1877 = CARTESIAN_POINT('',(-0.936703211995,-17.22312012522,
    -1.905362583766));
#1878 = CARTESIAN_POINT('',(-0.942033040429,-17.23191204475,
    -1.882280406383));
#1879 = CARTESIAN_POINT('',(-0.946884784966,-17.24010196795,
    -1.85889371736));
#1880 = CARTESIAN_POINT('',(-0.96124057574,-17.26482702686,
    -1.781624440074));
#1881 = CARTESIAN_POINT('',(-0.968849099259,-17.27878636862,
    -1.726655665758));
#1882 = CARTESIAN_POINT('',(-0.974370826503,-17.28936865398,
    -1.670661828507));
#1883 = CARTESIAN_POINT('',(-0.977988235193,-17.29645791877,
    -1.613985974418));
#1884 = CARTESIAN_POINT('',(-0.979795897113,-17.3,-1.556980173648));
#1885 = CARTESIAN_POINT('',(-0.979795897113,-17.3,-1.442757823908));
#1886 = CARTESIAN_POINT('',(-0.97797156894,-17.29642526638,
    -1.385489405064));
#1887 = CARTESIAN_POINT('',(-0.974320770641,-17.28927055034,
    -1.328555519591));
#1888 = CARTESIAN_POINT('',(-0.968747178169,-17.27859105373,
    -1.27231333556));
#1889 = CARTESIAN_POINT('',(-0.961065005856,-17.2645050187,
    -1.217110749205));
#1890 = CARTESIAN_POINT('',(-0.946746530948,-17.2398725435,
    -1.140503798141));
#1891 = CARTESIAN_POINT('',(-0.94206422834,-17.23197308786,
    -1.117976599399));
#1892 = CARTESIAN_POINT('',(-0.936937978614,-17.22351499405,
    -1.095732195918));
#1893 = CARTESIAN_POINT('',(-0.931347466569,-17.2145184126,
    -1.07380173703));
#1894 = CARTESIAN_POINT('',(-0.925270902243,-17.20500660101,
    -1.0522144504));
#1895 = CARTESIAN_POINT('',(-0.912399103705,-17.18546074267,
    -1.010747185903));
#1896 = CARTESIAN_POINT('',(-0.905649185639,-17.17546985534,
    -0.99083368341));
#1897 = CARTESIAN_POINT('',(-0.898417188393,-17.16505977693,
    -0.971288196505));
#1898 = CARTESIAN_POINT('',(-0.890685395484,-17.15425982065,
    -0.952138610016));
#1899 = CARTESIAN_POINT('',(-0.882436452279,-17.14310209772,
    -0.93340963165));
#1900 = CARTESIAN_POINT('',(-0.858316902484,-17.11157486216,
    -0.883191482226));
#1901 = CARTESIAN_POINT('',(-0.841345891213,-17.09053533766,
    -0.852595035143));
#1902 = CARTESIAN_POINT('',(-0.822671654904,-17.06871647355,
    -0.823499252959));
#1903 = CARTESIAN_POINT('',(-0.802247832267,-17.04636194619,
    -0.796021174726));
#1904 = CARTESIAN_POINT('',(-0.780058469702,-17.0237303411,
    -0.770232415424));
#1905 = CARTESIAN_POINT('',(-0.731306121641,-16.9775894014,
    -0.721199858232));
#1906 = CARTESIAN_POINT('',(-0.704635467619,-16.95410136563,
    -0.698110060598));
#1907 = CARTESIAN_POINT('',(-0.676144800818,-16.93090377204,
    -0.676920262292));
#1908 = CARTESIAN_POINT('',(-0.645913249853,-16.90828551178,
    -0.657612819738));
#1909 = CARTESIAN_POINT('',(-0.614072442277,-16.88651816069,
    -0.640135004016));
#1910 = CARTESIAN_POINT('',(-0.562939621676,-16.85472659564,
    -0.615959313896));
#1911 = CARTESIAN_POINT('',(-0.544650865323,-16.84392460315,
    -0.60801224443));
#1912 = CARTESIAN_POINT('',(-0.525967605526,-16.83346539156,
    -0.600553022034));
#1913 = CARTESIAN_POINT('',(-0.506913787406,-16.82337887855,
    -0.593566024613));
#1914 = CARTESIAN_POINT('',(-0.487513951389,-16.81369126699,
    -0.587034486764));
#1915 = CARTESIAN_POINT('',(-0.396478757162,-16.77091633816,
    -0.558903295828));
#1916 = CARTESIAN_POINT('',(-0.321230832662,-16.74304289126,
    -0.54267177075));
#1917 = CARTESIAN_POINT('',(-0.242921046123,-16.72162823705,
    -0.531240096049));
#1918 = CARTESIAN_POINT('',(-0.162557448224,-16.70719641532,
    -0.523876722153));
#1919 = CARTESIAN_POINT('',(-8.122025947818E-02,-16.7,-0.520204102887));
#1920 = CARTESIAN_POINT('',(1.669448367893E-02,-16.7,-0.520204102887));
#1921 = CARTESIAN_POINT('',(3.338894395419E-02,-16.70030403946,
    -0.520359257218));
#1922 = CARTESIAN_POINT('',(5.007511799309E-02,-16.70091212588,
    -0.520669570109));
#1923 = CARTESIAN_POINT('',(6.674469667196E-02,-16.70182387994,
    -0.521135739795));
#1924 = CARTESIAN_POINT('',(8.338932457614E-02,-16.70303853554,
    -0.521759158518));
#1925 = CARTESIAN_POINT('',(0.1000006,-16.70455493976,-0.522541912529));
#1926 = PCURVE('',#621,#1927);
#1927 = DEFINITIONAL_REPRESENTATION('',(#1928),#2011);
#1928 = B_SPLINE_CURVE_WITH_KNOTS('',6,(#1929,#1930,#1931,#1932,#1933,
    #1934,#1935,#1936,#1937,#1938,#1939,#1940,#1941,#1942,#1943,#1944,
    #1945,#1946,#1947,#1948,#1949,#1950,#1951,#1952,#1953,#1954,#1955,
    #1956,#1957,#1958,#1959,#1960,#1961,#1962,#1963,#1964,#1965,#1966,
    #1967,#1968,#1969,#1970,#1971,#1972,#1973,#1974,#1975,#1976,#1977,
    #1978,#1979,#1980,#1981,#1982,#1983,#1984,#1985,#1986,#1987,#1988,
    #1989,#1990,#1991,#1992,#1993,#1994,#1995,#1996,#1997,#1998,#1999,
    #2000,#2001,#2002,#2003,#2004,#2005,#2006,#2007,#2008,#2009,#2010),
  .UNSPECIFIED.,.F.,.F.,(7,5,5,5,5,5,5,5,5,5,5,5,5,5,5,5,7),(0.,
    2.720737609191E-02,0.160263976344,0.197616942293,0.263649805674,
    0.330831133584,0.366423783051,0.407317668719,0.500009306417,
    0.593127152638,0.632527801125,0.670133886331,0.735799226968,
    0.80390005005,0.840489137513,0.972803365412,1.),.UNSPECIFIED.);
#1929 = CARTESIAN_POINT('',(3.05055732783,0.622541912529));
#1930 = CARTESIAN_POINT('',(3.065721277648,0.621759158589));
#1931 = CARTESIAN_POINT('',(3.080890481863,0.621135739784));
#1932 = CARTESIAN_POINT('',(3.096063526861,0.620669570029));
#1933 = CARTESIAN_POINT('',(3.11123907124,0.620359257151));
#1934 = CARTESIAN_POINT('',(3.126415845808,0.620204102887));
#1935 = CARTESIAN_POINT('',(3.21581423377,0.620204102887));
#1936 = CARTESIAN_POINT('',(3.29018571952,0.623915291257));
#1937 = CARTESIAN_POINT('',(3.364413073697,0.631363243585));
#1938 = CARTESIAN_POINT('',(3.438222484571,0.642935254364));
#1939 = CARTESIAN_POINT('',(3.511315668278,0.659375735947));
#1940 = CARTESIAN_POINT('',(3.60350539912,0.687963060619));
#1941 = CARTESIAN_POINT('',(3.623609261588,0.694687687855));
#1942 = CARTESIAN_POINT('',(3.643589435169,0.701888436629));
#1943 = CARTESIAN_POINT('',(3.663426185098,0.709582642332));
#1944 = CARTESIAN_POINT('',(3.683100042925,0.717787275914));
#1945 = CARTESIAN_POINT('',(3.737049497606,0.741954854363));
#1946 = CARTESIAN_POINT('',(3.770952726043,0.759044129074));
#1947 = CARTESIAN_POINT('',(3.804140884963,0.77785644168));
#1948 = CARTESIAN_POINT('',(3.836462777277,0.798438491235));
#1949 = CARTESIAN_POINT('',(3.86777588448,0.820805689345));
#1950 = CARTESIAN_POINT('',(3.928640108337,0.869481649912));
#1951 = CARTESIAN_POINT('',(3.958122188492,0.895829061528));
#1952 = CARTESIAN_POINT('',(3.986255779361,0.923945729823));
#1953 = CARTESIAN_POINT('',(4.01290949336,0.953755348762));
#1954 = CARTESIAN_POINT('',(4.037963653236,0.985131933426));
#1955 = CARTESIAN_POINT('',(4.07369004572,1.035254538677));
#1956 = CARTESIAN_POINT('',(4.085590271398,1.053009377767));
#1957 = CARTESIAN_POINT('',(4.097006034835,1.071139179009));
#1958 = CARTESIAN_POINT('',(4.107927332809,1.089621947149));
#1959 = CARTESIAN_POINT('',(4.1183460945,1.108435124731));
#1960 = CARTESIAN_POINT('',(4.139642295482,1.14952389787));
#1961 = CARTESIAN_POINT('',(4.150355177298,1.171894637414));
#1962 = CARTESIAN_POINT('',(4.160387669544,1.194637416234));
#1963 = CARTESIAN_POINT('',(4.169733438145,1.217719593617));
#1964 = CARTESIAN_POINT('',(4.178386972349,1.24110628264));
#1965 = CARTESIAN_POINT('',(4.204378345154,1.318375559926));
#1966 = CARTESIAN_POINT('',(4.218826375757,1.373344334242));
#1967 = CARTESIAN_POINT('',(4.229675949322,1.429338171493));
#1968 = CARTESIAN_POINT('',(4.236912370121,1.486014025582));
#1969 = CARTESIAN_POINT('',(4.240527143105,1.543019826352));
#1970 = CARTESIAN_POINT('',(4.240527143105,1.657242176092));
#1971 = CARTESIAN_POINT('',(4.236879053622,1.714510594936));
#1972 = CARTESIAN_POINT('',(4.229575806165,1.771444480409));
#1973 = CARTESIAN_POINT('',(4.2186261154,1.82768666444));
#1974 = CARTESIAN_POINT('',(4.204045048146,1.882889250795));
#1975 = CARTESIAN_POINT('',(4.178143493291,1.959496201859));
#1976 = CARTESIAN_POINT('',(4.169795643528,1.982023400601));
#1977 = CARTESIAN_POINT('',(4.160805236172,2.004267804082));
#1978 = CARTESIAN_POINT('',(4.151177170385,2.02619826297));
#1979 = CARTESIAN_POINT('',(4.140917051408,2.0477855496));
#1980 = CARTESIAN_POINT('',(4.119641143027,2.089252814097));
#1981 = CARTESIAN_POINT('',(4.108680638349,2.10916631659));
#1982 = CARTESIAN_POINT('',(4.097158929864,2.128711803495));
#1983 = CARTESIAN_POINT('',(4.085086162173,2.147861389984));
#1984 = CARTESIAN_POINT('',(4.072473371135,2.16659036835));
#1985 = CARTESIAN_POINT('',(4.036386707036,2.216808517774));
#1986 = CARTESIAN_POINT('',(4.011821030039,2.247404964857));
#1987 = CARTESIAN_POINT('',(3.985730564132,2.276500747041));
#1988 = CARTESIAN_POINT('',(3.958227372475,2.303978825274));
#1989 = CARTESIAN_POINT('',(3.92943422272,2.329767584576));
#1990 = CARTESIAN_POINT('',(3.868411413286,2.378800141768));
#1991 = CARTESIAN_POINT('',(3.836123936594,2.401889939402));
#1992 = CARTESIAN_POINT('',(3.802762967662,2.423079737708));
#1993 = CARTESIAN_POINT('',(3.768484395131,2.442387180262));
#1994 = CARTESIAN_POINT('',(3.733453867392,2.459864995984));
#1995 = CARTESIAN_POINT('',(3.678717316146,2.484040686104));
#1996 = CARTESIAN_POINT('',(3.659412785717,2.49198775557));
#1997 = CARTESIAN_POINT('',(3.639955460822,2.499446977966));
#1998 = CARTESIAN_POINT('',(3.620364607285,2.506433975387));
#1999 = CARTESIAN_POINT('',(3.600657426486,2.512965513236));
#2000 = CARTESIAN_POINT('',(3.509217606941,2.541096704172));
#2001 = CARTESIAN_POINT('',(3.43652850375,2.55732822925));
#2002 = CARTESIAN_POINT('',(3.363154899262,2.568759903951));
#2003 = CARTESIAN_POINT('',(3.289372087247,2.576123277847));
#2004 = CARTESIAN_POINT('',(3.215429253115,2.579795897113));
#2005 = CARTESIAN_POINT('',(3.126415850245,2.579795897113));
#2006 = CARTESIAN_POINT('',(3.11123907387,2.579640742782));
#2007 = CARTESIAN_POINT('',(3.096063527225,2.579330429891));
#2008 = CARTESIAN_POINT('',(3.080890482041,2.578864260205));
#2009 = CARTESIAN_POINT('',(3.065721279019,2.578240841482));
#2010 = CARTESIAN_POINT('',(3.05055732783,2.577458087471));
#2011 = ( GEOMETRIC_REPRESENTATION_CONTEXT(2) 
PARAMETRIC_REPRESENTATION_CONTEXT() REPRESENTATION_CONTEXT('2D SPACE',''
  ) );
#2012 = PCURVE('',#2013,#2018);
#2013 = CYLINDRICAL_SURFACE('',#2014,1.1);
#2014 = AXIS2_PLACEMENT_3D('',#2015,#2016,#2017);
#2015 = CARTESIAN_POINT('',(-14.,-16.2,-1.5));
#2016 = DIRECTION('',(1.,0.,0.));
#2017 = DIRECTION('',(-0.,0.,1.));
#2018 = DEFINITIONAL_REPRESENTATION('',(#2019),#2102);
#2019 = B_SPLINE_CURVE_WITH_KNOTS('',6,(#2020,#2021,#2022,#2023,#2024,
    #2025,#2026,#2027,#2028,#2029,#2030,#2031,#2032,#2033,#2034,#2035,
    #2036,#2037,#2038,#2039,#2040,#2041,#2042,#2043,#2044,#2045,#2046,
    #2047,#2048,#2049,#2050,#2051,#2052,#2053,#2054,#2055,#2056,#2057,
    #2058,#2059,#2060,#2061,#2062,#2063,#2064,#2065,#2066,#2067,#2068,
    #2069,#2070,#2071,#2072,#2073,#2074,#2075,#2076,#2077,#2078,#2079,
    #2080,#2081,#2082,#2083,#2084,#2085,#2086,#2087,#2088,#2089,#2090,
    #2091,#2092,#2093,#2094,#2095,#2096,#2097,#2098,#2099,#2100,#2101),
  .UNSPECIFIED.,.F.,.F.,(7,5,5,5,5,5,5,5,5,5,5,5,5,5,5,5,7),(0.,
    2.720737609191E-02,0.160263976344,0.197616942293,0.263649805674,
    0.330831133584,0.366423783051,0.407317668719,0.500009306417,
    0.593127152638,0.632527801125,0.670133886331,0.735799226968,
    0.80390005005,0.840489137513,0.972803365412,1.),.UNSPECIFIED.);
#2020 = CARTESIAN_POINT('',(2.665076406024,14.1000006));
#2021 = CARTESIAN_POINT('',(2.666627781065,14.083389326078));
#2022 = CARTESIAN_POINT('',(2.667868959803,14.066744697101));
#2023 = CARTESIAN_POINT('',(2.668799881213,14.05007511875));
#2024 = CARTESIAN_POINT('',(2.669420505942,14.033388947087));
#2025 = CARTESIAN_POINT('',(2.66973081631,14.01669448856));
#2026 = CARTESIAN_POINT('',(2.66973081631,13.918356261801));
#2027 = CARTESIAN_POINT('',(2.662309135013,13.836547520267));
#2028 = CARTESIAN_POINT('',(2.647409939445,13.755707524897));
#2029 = CARTESIAN_POINT('',(2.625083676334,13.676960852958));
#2030 = CARTESIAN_POINT('',(2.595463427687,13.601351198071));
#2031 = CARTESIAN_POINT('',(2.548256405025,13.509675292034));
#2032 = CARTESIAN_POINT('',(2.537346473638,13.489913842192));
#2033 = CARTESIAN_POINT('',(2.525883284717,13.470516267138));
#2034 = CARTESIAN_POINT('',(2.513876826303,13.451509867123));
#2035 = CARTESIAN_POINT('',(2.501337955334,13.432918840342));
#2036 = CARTESIAN_POINT('',(2.465191610117,13.382670515322));
#2037 = CARTESIAN_POINT('',(2.440467318554,13.351926819989));
#2038 = CARTESIAN_POINT('',(2.414202457033,13.322701971872));
#2039 = CARTESIAN_POINT('',(2.386511332313,13.295114753061));
#2040 = CARTESIAN_POINT('',(2.357519243704,13.269237438676));
#2041 = CARTESIAN_POINT('',(2.296668355232,13.22054130834));
#2042 = CARTESIAN_POINT('',(2.264797365068,13.197806644004));
#2043 = CARTESIAN_POINT('',(2.231884389143,13.176920277669));
#2044 = CARTESIAN_POINT('',(2.198079027405,13.157864965491));
#2045 = CARTESIAN_POINT('',(2.163540100467,13.140590295581));
#2046 = CARTESIAN_POINT('',(2.109838663262,13.11677354141));
#2047 = CARTESIAN_POINT('',(2.091075069802,13.109001214736));
#2048 = CARTESIAN_POINT('',(2.072165448266,13.101691552707));
#2049 = CARTESIAN_POINT('',(2.053127653679,13.094830265068));
#2050 = CARTESIAN_POINT('',(2.033977694482,13.088401990319));
#2051 = CARTESIAN_POINT('',(1.992614942889,13.075483208026));
#2052 = CARTESIAN_POINT('',(1.970374250017,13.069127404164));
#2053 = CARTESIAN_POINT('',(1.948024450767,13.063296788005));
#2054 = CARTESIAN_POINT('',(1.925582199269,13.057966959571));
#2055 = CARTESIAN_POINT('',(1.903064006928,13.053115215034));
#2056 = CARTESIAN_POINT('',(1.829310622075,13.03875942426));
#2057 = CARTESIAN_POINT('',(1.777848746829,13.031150900741));
#2058 = CARTESIAN_POINT('',(1.726193555485,13.025629173497));
#2059 = CARTESIAN_POINT('',(1.674419998562,13.022011764807));
#2060 = CARTESIAN_POINT('',(1.622596484656,13.020204102887));
#2061 = CARTESIAN_POINT('',(1.518757984893,13.020204102887));
#2062 = CARTESIAN_POINT('',(1.466695725577,13.02202843106));
#2063 = CARTESIAN_POINT('',(1.414684131396,13.025679229359));
#2064 = CARTESIAN_POINT('',(1.362792731543,13.031252821831));
#2065 = CARTESIAN_POINT('',(1.311097739088,13.038934994144));
#2066 = CARTESIAN_POINT('',(1.237943403279,13.053253469052));
#2067 = CARTESIAN_POINT('',(1.216249029583,13.05793577166));
#2068 = CARTESIAN_POINT('',(1.194625244433,13.063062021386));
#2069 = CARTESIAN_POINT('',(1.173086750848,13.068652533431));
#2070 = CARTESIAN_POINT('',(1.151648377559,13.074729097757));
#2071 = CARTESIAN_POINT('',(1.109972982962,13.087600896295));
#2072 = CARTESIAN_POINT('',(1.089725303513,13.094350814361));
#2073 = CARTESIAN_POINT('',(1.06960240818,13.101582811607));
#2074 = CARTESIAN_POINT('',(1.049624393876,13.109314604516));
#2075 = CARTESIAN_POINT('',(1.029811086918,13.117563547721));
#2076 = CARTESIAN_POINT('',(0.975907062064,13.141683097516));
#2077 = CARTESIAN_POINT('',(0.942180075436,13.158654108787));
#2078 = CARTESIAN_POINT('',(0.909158724066,13.177328345096));
#2079 = CARTESIAN_POINT('',(0.876991446922,13.197752167733));
#2080 = CARTESIAN_POINT('',(0.845818239356,13.219941530298));
#2081 = CARTESIAN_POINT('',(0.784610167308,13.268693878359));
#2082 = CARTESIAN_POINT('',(0.754690550957,13.295364532381));
#2083 = CARTESIAN_POINT('',(0.726154667559,13.323855199182));
#2084 = CARTESIAN_POINT('',(0.699139680809,13.354086750147));
#2085 = CARTESIAN_POINT('',(0.673770344639,13.385927557723));
#2086 = CARTESIAN_POINT('',(0.637461663423,13.437060378324));
#2087 = CARTESIAN_POINT('',(0.62527186243,13.455349134677));
#2088 = CARTESIAN_POINT('',(0.613594993453,13.474032394474));
#2089 = CARTESIAN_POINT('',(0.602441779653,13.493086212594));
#2090 = CARTESIAN_POINT('',(0.591820805843,13.512486048611));
#2091 = CARTESIAN_POINT('',(0.545278738852,13.603521242838));
#2092 = CARTESIAN_POINT('',(0.51599941996,13.678769167338));
#2093 = CARTESIAN_POINT('',(0.493935793837,13.757078953877));
#2094 = CARTESIAN_POINT('',(0.47920670081,13.837442551776));
#2095 = CARTESIAN_POINT('',(0.47186183728,13.918779740522));
#2096 = CARTESIAN_POINT('',(0.47186183728,14.016694483679));
#2097 = CARTESIAN_POINT('',(0.4721721477,14.033388943954));
#2098 = CARTESIAN_POINT('',(0.472792772413,14.050075117993));
#2099 = CARTESIAN_POINT('',(0.473723693727,14.066744696672));
#2100 = CARTESIAN_POINT('',(0.474964872385,14.083389324576));
#2101 = CARTESIAN_POINT('',(0.476516247566,14.1000006));
#2102 = ( GEOMETRIC_REPRESENTATION_CONTEXT(2) 
PARAMETRIC_REPRESENTATION_CONTEXT() REPRESENTATION_CONTEXT('2D SPACE',''
  ) );
#2103 = ORIENTED_EDGE('',*,*,#2104,.T.);
#2104 = EDGE_CURVE('',#1840,#2105,#2107,.T.);
#2105 = VERTEX_POINT('',#2106);
#2106 = CARTESIAN_POINT('',(1.E-01,-16.70455488499,-2.159032903604));
#2107 = SURFACE_CURVE('',#2108,(#2112,#2118),.PCURVE_S1.);
#2108 = LINE('',#2109,#2110);
#2109 = CARTESIAN_POINT('',(1.E-01,-16.70455488499,-3.1));
#2110 = VECTOR('',#2111,1.);
#2111 = DIRECTION('',(0.,0.,1.));
#2112 = PCURVE('',#621,#2113);
#2113 = DEFINITIONAL_REPRESENTATION('',(#2114),#2117);
#2114 = B_SPLINE_CURVE_WITH_KNOTS('',1,(#2115,#2116),.UNSPECIFIED.,.F.,
  .F.,(2,2),(0.28,2.92),.PIECEWISE_BEZIER_KNOTS.);
#2115 = CARTESIAN_POINT('',(3.050557875552,0.28));
#2116 = CARTESIAN_POINT('',(3.050557875552,2.92));
#2117 = ( GEOMETRIC_REPRESENTATION_CONTEXT(2) 
PARAMETRIC_REPRESENTATION_CONTEXT() REPRESENTATION_CONTEXT('2D SPACE',''
  ) );
#2118 = PCURVE('',#2119,#2124);
#2119 = PLANE('',#2120);
#2120 = AXIS2_PLACEMENT_3D('',#2121,#2122,#2123);
#2121 = CARTESIAN_POINT('',(1.E-01,-16.2,-1.5));
#2122 = DIRECTION('',(1.,0.,0.));
#2123 = DIRECTION('',(-0.,0.,1.));
#2124 = DEFINITIONAL_REPRESENTATION('',(#2125),#2128);
#2125 = B_SPLINE_CURVE_WITH_KNOTS('',1,(#2126,#2127),.UNSPECIFIED.,.F.,
  .F.,(2,2),(0.28,2.92),.PIECEWISE_BEZIER_KNOTS.);
#2126 = CARTESIAN_POINT('',(-1.32,0.50455488499));
#2127 = CARTESIAN_POINT('',(1.32,0.50455488499));
#2128 = ( GEOMETRIC_REPRESENTATION_CONTEXT(2) 
PARAMETRIC_REPRESENTATION_CONTEXT() REPRESENTATION_CONTEXT('2D SPACE',''
  ) );
#2129 = ORIENTED_EDGE('',*,*,#2130,.F.);
#2130 = EDGE_CURVE('',#2131,#2105,#2133,.T.);
#2131 = VERTEX_POINT('',#2132);
#2132 = CARTESIAN_POINT('',(1.E-01,-16.70455488499,-0.840967096396));
#2133 = SURFACE_CURVE('',#2134,(#2212,#2293),.PCURVE_S1.);
#2134 = B_SPLINE_CURVE_WITH_KNOTS('',6,(#2135,#2136,#2137,#2138,#2139,
    #2140,#2141,#2142,#2143,#2144,#2145,#2146,#2147,#2148,#2149,#2150,
    #2151,#2152,#2153,#2154,#2155,#2156,#2157,#2158,#2159,#2160,#2161,
    #2162,#2163,#2164,#2165,#2166,#2167,#2168,#2169,#2170,#2171,#2172,
    #2173,#2174,#2175,#2176,#2177,#2178,#2179,#2180,#2181,#2182,#2183,
    #2184,#2185,#2186,#2187,#2188,#2189,#2190,#2191,#2192,#2193,#2194,
    #2195,#2196,#2197,#2198,#2199,#2200,#2201,#2202,#2203,#2204,#2205,
    #2206,#2207,#2208,#2209,#2210,#2211),.UNSPECIFIED.,.F.,.F.,(7,5,5,5,
    5,5,5,5,5,5,5,5,5,5,5,7),(0.,3.61402503751E-02,0.180463125448,
    0.221501107733,0.300678789064,0.361234946208,0.395016622615,
    0.499892973809,0.571841997485,0.605289953796,0.637047800576,
    0.700151632359,0.77936934013,0.821166807527,0.963837718366,1.),
  .UNSPECIFIED.);
#2135 = CARTESIAN_POINT('',(-0.1000006,-16.70455493976,-0.840967138329)
  );
#2136 = CARTESIAN_POINT('',(-8.341991820782E-02,-16.70304132836,
    -0.839808318866));
#2137 = CARTESIAN_POINT('',(-6.678750378204E-02,-16.70182666881,
    -0.838884996046));
#2138 = CARTESIAN_POINT('',(-5.011638041988E-02,-16.70091379564,
    -0.838194378155));
#2139 = CARTESIAN_POINT('',(-3.341950557272E-02,-16.70030459407,
    -0.837734598818));
#2140 = CARTESIAN_POINT('',(-1.670977044617E-02,-16.7,-0.837504716998));
#2141 = CARTESIAN_POINT('',(6.672898188512E-02,-16.7,-0.837504716998));
#2142 = CARTESIAN_POINT('',(0.133543300349,-16.70485756908,
    -0.841171002334));
#2143 = CARTESIAN_POINT('',(0.199523696963,-16.71459588333,
    -0.848519728007));
#2144 = CARTESIAN_POINT('',(0.263763155955,-16.72895343728,
    -0.859777869683));
#2145 = CARTESIAN_POINT('',(0.325429999859,-16.74739528323,
    -0.875379860992));
#2146 = CARTESIAN_POINT('',(0.400416901939,-16.7753146193,
    -0.901681352737));
#2147 = CARTESIAN_POINT('',(0.416739237968,-16.78175710502,
    -0.907893590847));
#2148 = CARTESIAN_POINT('',(0.432761147553,-16.78843986473,
    -0.914504650166));
#2149 = CARTESIAN_POINT('',(0.448462270754,-16.7953394518,
    -0.921522807456));
#2150 = CARTESIAN_POINT('',(0.463822918794,-16.80242998099,
    -0.928955012216));
#2151 = CARTESIAN_POINT('',(0.507766936876,-16.82367717406,
    -0.951956101601));
#2152 = CARTESIAN_POINT('',(0.535385770854,-16.8382833331,
    -0.968674149086));
#2153 = CARTESIAN_POINT('',(0.561523179264,-16.85329060273,
    -0.986991268106));
#2154 = CARTESIAN_POINT('',(0.586063154042,-16.86846257551,
    -1.006911625695));
#2155 = CARTESIAN_POINT('',(0.608926891624,-16.88355400325,
    -1.02840582508));
#2156 = CARTESIAN_POINT('',(0.646238078794,-16.90962622366,
    -1.068992279445));
#2157 = CARTESIAN_POINT('',(0.661393849122,-16.92073459413,
    -1.087453647221));
#2158 = CARTESIAN_POINT('',(0.675517794766,-16.93154726821,
    -1.106756225875));
#2159 = CARTESIAN_POINT('',(0.68860201273,-16.94196185869,
    -1.126855036174));
#2160 = CARTESIAN_POINT('',(0.70064687311,-16.95188295307,
    -1.147691086171));
#2161 = CARTESIAN_POINT('',(0.717802301474,-16.96643850695,
    -1.18118494989));
#2162 = CARTESIAN_POINT('',(0.723624984973,-16.97147168414,
    -1.193387209946));
#2163 = CARTESIAN_POINT('',(0.729128926974,-16.9763116074,
    -1.205786415184));
#2164 = CARTESIAN_POINT('',(0.734316380312,-16.9809453318,
    -1.218370720851));
#2165 = CARTESIAN_POINT('',(0.739190044373,-16.98536116311,
    -1.231127848872));
#2166 = CARTESIAN_POINT('',(0.757919116481,-17.00254887576,
    -1.284147090966));
#2167 = CARTESIAN_POINT('',(0.769075243323,-17.01333470168,
    -1.32574948307));
#2168 = CARTESIAN_POINT('',(0.777345400205,-17.021621256,-1.368529191554
    ));
#2169 = CARTESIAN_POINT('',(0.782821774917,-17.0272099461,
    -1.412106163284));
#2170 = CARTESIAN_POINT('',(0.78555712714,-17.03,-1.456068901047));
#2171 = CARTESIAN_POINT('',(0.78555712714,-17.03,-1.530138345229));
#2172 = CARTESIAN_POINT('',(0.784269834821,-17.02868675466,
    -1.560282004444));
#2173 = CARTESIAN_POINT('',(0.781694720307,-17.02605945358,
    -1.59030088031));
#2174 = CARTESIAN_POINT('',(0.777819764728,-17.02213931762,
    -1.620067212723));
#2175 = CARTESIAN_POINT('',(0.77262241335,-17.01696873495,
    -1.649457726527));
#2176 = CARTESIAN_POINT('',(0.763024661785,-17.00765450711,
    -1.691790024148));
#2177 = CARTESIAN_POINT('',(0.759686431387,-17.00444224623,
    -1.705116439701));
#2178 = CARTESIAN_POINT('',(0.756052842636,-17.00098018986,
    -1.718322395247));
#2179 = CARTESIAN_POINT('',(0.752120887655,-16.99727609652,
    -1.731395392283));
#2180 = CARTESIAN_POINT('',(0.74788754556,-16.99333890796,
    -1.744323064462));
#2181 = CARTESIAN_POINT('',(0.739041310415,-16.98522880112,
    -1.769218022893));
#2182 = CARTESIAN_POINT('',(0.734458476059,-16.98107784798,
    -1.781200878666));
#2183 = CARTESIAN_POINT('',(0.729598691406,-16.97673459404,
    -1.793031226074));
#2184 = CARTESIAN_POINT('',(0.724459710851,-16.97220871979,
    -1.804698878079));
#2185 = CARTESIAN_POINT('',(0.71903963118,-16.96751088185,
    -1.816193979435));
#2186 = CARTESIAN_POINT('',(0.702005370137,-16.95299937986,
    -1.849986344593));
#2187 = CARTESIAN_POINT('',(0.689554691761,-16.94271019882,
    -1.871753434717));
#2188 = CARTESIAN_POINT('',(0.675976751232,-16.93187938794,
    -1.892724365918));
#2189 = CARTESIAN_POINT('',(0.661270739078,-16.92061448232,
    -1.912832070229));
#2190 = CARTESIAN_POINT('',(0.645445527354,-16.90903125462,
    -1.932025933679));
#2191 = CARTESIAN_POINT('',(0.607277091173,-16.88245726658,
    -1.973175952566));
#2192 = CARTESIAN_POINT('',(0.584313095178,-16.86735976319,
    -1.994573417396));
#2193 = CARTESIAN_POINT('',(0.559676882181,-16.8521937263,
    -2.014395223781));
#2194 = CARTESIAN_POINT('',(0.533448331406,-16.8372040074,
    -2.032613585697));
#2195 = CARTESIAN_POINT('',(0.505744495272,-16.82262623386,
    -2.049233966548));
#2196 = CARTESIAN_POINT('',(0.461411533075,-16.80130681323,
    -2.072230219411));
#2197 = CARTESIAN_POINT('',(0.445728730324,-16.79411451742,
    -2.079738565403));
#2198 = CARTESIAN_POINT('',(0.429695400064,-16.78712313219,
    -2.086818681587));
#2199 = CARTESIAN_POINT('',(0.413332361622,-16.78035972769,
    -2.09347804372));
#2200 = CARTESIAN_POINT('',(0.396661153427,-16.77384875888,
    -2.099725496494));
#2201 = CARTESIAN_POINT('',(0.321822827165,-16.74632382048,
    -2.125525081677));
#2202 = CARTESIAN_POINT('',(0.260755551679,-16.72828464034,
    -2.140746778466));
#2203 = CARTESIAN_POINT('',(0.197195453766,-16.71425218055,
    -2.151739767791));
#2204 = CARTESIAN_POINT('',(0.131956228717,-16.70474123557,
    -2.158916717967));
#2205 = CARTESIAN_POINT('',(6.592502940238E-02,-16.7,-2.162495283002));
#2206 = CARTESIAN_POINT('',(-1.670977963151E-02,-16.7,-2.162495283002));
#2207 = CARTESIAN_POINT('',(-3.341951166067E-02,-16.70030459385,
    -2.162265401452));
#2208 = CARTESIAN_POINT('',(-5.011638214447E-02,-16.7009137954,
    -2.16180562219));
#2209 = CARTESIAN_POINT('',(-6.678750481365E-02,-16.7018266688,
    -2.161115004064));
#2210 = CARTESIAN_POINT('',(-8.341992107274E-02,-16.70304132862,
    -2.160191680934));
#2211 = CARTESIAN_POINT('',(-0.1000006,-16.70455493976,-2.159032861671)
  );
#2212 = PCURVE('',#621,#2213);
#2213 = DEFINITIONAL_REPRESENTATION('',(#2214),#2292);
#2214 = B_SPLINE_CURVE_WITH_KNOTS('',6,(#2215,#2216,#2217,#2218,#2219,
    #2220,#2221,#2222,#2223,#2224,#2225,#2226,#2227,#2228,#2229,#2230,
    #2231,#2232,#2233,#2234,#2235,#2236,#2237,#2238,#2239,#2240,#2241,
    #2242,#2243,#2244,#2245,#2246,#2247,#2248,#2249,#2250,#2251,#2252,
    #2253,#2254,#2255,#2256,#2257,#2258,#2259,#2260,#2261,#2262,#2263,
    #2264,#2265,#2266,#2267,#2268,#2269,#2270,#2271,#2272,#2273,#2274,
    #2275,#2276,#2277,#2278,#2279,#2280,#2281,#2282,#2283,#2284,#2285,
    #2286,#2287,#2288,#2289,#2290,#2291),.UNSPECIFIED.,.F.,.F.,(7,5,5,5,
    5,5,5,5,5,5,5,5,5,5,5,7),(0.,3.61402503751E-02,0.180463125448,
    0.221501107733,0.300678789064,0.361234946208,0.395016622615,
    0.499892973809,0.571841997485,0.605289953796,0.637047800576,
    0.700151632359,0.77936934013,0.821166807527,0.963837718366,1.),
  .UNSPECIFIED.);
#2215 = CARTESIAN_POINT('',(3.23262797935,2.259032861671));
#2216 = CARTESIAN_POINT('',(3.217491956199,2.260191681134));
#2217 = CARTESIAN_POINT('',(3.202333821002,2.261115003954));
#2218 = CARTESIAN_POINT('',(3.187159307634,2.261805621845));
#2219 = CARTESIAN_POINT('',(3.171974004391,2.262265401182));
#2220 = CARTESIAN_POINT('',(3.156783353995,2.262495283002));
#2221 = CARTESIAN_POINT('',(3.080929942785,2.262495283002));
#2222 = CARTESIAN_POINT('',(3.020189639503,2.258828997666));
#2223 = CARTESIAN_POINT('',(2.959805712477,2.251480271993));
#2224 = CARTESIAN_POINT('',(2.900195385485,2.240222130317));
#2225 = CARTESIAN_POINT('',(2.841808129628,2.224620139008));
#2226 = CARTESIAN_POINT('',(2.769066512803,2.198318647263));
#2227 = CARTESIAN_POINT('',(2.753117075539,2.192106409153));
#2228 = CARTESIAN_POINT('',(2.737339763684,2.185495349834));
#2229 = CARTESIAN_POINT('',(2.721752657999,2.178477192544));
#2230 = CARTESIAN_POINT('',(2.706374993589,2.171044987784));
#2231 = CARTESIAN_POINT('',(2.662001299326,2.148043898399));
#2232 = CARTESIAN_POINT('',(2.633617007523,2.131325850914));
#2233 = CARTESIAN_POINT('',(2.606240930526,2.113008731894));
#2234 = CARTESIAN_POINT('',(2.580031026584,2.093088374305));
#2235 = CARTESIAN_POINT('',(2.555134808917,2.07159417492));
#2236 = CARTESIAN_POINT('',(2.513754838462,2.031007720555));
#2237 = CARTESIAN_POINT('',(2.496676694167,2.012546352779));
#2238 = CARTESIAN_POINT('',(2.480510964586,1.993243774125));
#2239 = CARTESIAN_POINT('',(2.46531162225,1.973144963826));
#2240 = CARTESIAN_POINT('',(2.451127017516,1.952308913829));
#2241 = CARTESIAN_POINT('',(2.43067403028,1.91881505011));
#2242 = CARTESIAN_POINT('',(2.423677469999,1.906612790054));
#2243 = CARTESIAN_POINT('',(2.417014845563,1.894213584816));
#2244 = CARTESIAN_POINT('',(2.410691789912,1.881629279149));
#2245 = CARTESIAN_POINT('',(2.40471313538,1.868872151128));
#2246 = CARTESIAN_POINT('',(2.381603701004,1.815852909034));
#2247 = CARTESIAN_POINT('',(2.367501331056,1.77425051693));
#2248 = CARTESIAN_POINT('',(2.356859733201,1.731470808446));
#2249 = CARTESIAN_POINT('',(2.349745540503,1.687893836716));
#2250 = CARTESIAN_POINT('',(2.346193823406,1.643931098953));
#2251 = CARTESIAN_POINT('',(2.346193823406,1.569861654771));
#2252 = CARTESIAN_POINT('',(2.34786555848,1.539717995556));
#2253 = CARTESIAN_POINT('',(2.351210071395,1.50969911969));
#2254 = CARTESIAN_POINT('',(2.356220876113,1.479932787277));
#2255 = CARTESIAN_POINT('',(2.362885182363,1.450542273473));
#2256 = CARTESIAN_POINT('',(2.375043629258,1.408209975852));
#2257 = CARTESIAN_POINT('',(2.379255196843,1.394883560299));
#2258 = CARTESIAN_POINT('',(2.383817682783,1.381677604753));
#2259 = CARTESIAN_POINT('',(2.388728357144,1.368604607717));
#2260 = CARTESIAN_POINT('',(2.393983900248,1.355676935538));
#2261 = CARTESIAN_POINT('',(2.404894116446,1.330781977107));
#2262 = CARTESIAN_POINT('',(2.410515175617,1.318799121334));
#2263 = CARTESIAN_POINT('',(2.416440207126,1.306968773926));
#2264 = CARTESIAN_POINT('',(2.422665215217,1.295301121921));
#2265 = CARTESIAN_POINT('',(2.429185581433,1.283806020565));
#2266 = CARTESIAN_POINT('',(2.449528707047,1.250013655407));
#2267 = CARTESIAN_POINT('',(2.464210709106,1.228246565283));
#2268 = CARTESIAN_POINT('',(2.479996485811,1.207275634082));
#2269 = CARTESIAN_POINT('',(2.496831653748,1.187167929771));
#2270 = CARTESIAN_POINT('',(2.514655219415,1.167974066321));
#2271 = CARTESIAN_POINT('',(2.556935339599,1.126824047434));
#2272 = CARTESIAN_POINT('',(2.581910607423,1.105426582604));
#2273 = CARTESIAN_POINT('',(2.608191972825,1.085604776219));
#2274 = CARTESIAN_POINT('',(2.63563185725,1.067386414303));
#2275 = CARTESIAN_POINT('',(2.664072370271,1.050766033452));
#2276 = CARTESIAN_POINT('',(2.708793075936,1.027769780589));
#2277 = CARTESIAN_POINT('',(2.724475316414,1.020261434597));
#2278 = CARTESIAN_POINT('',(2.740372307429,1.013181318413));
#2279 = CARTESIAN_POINT('',(2.756463882275,1.00652195628));
#2280 = CARTESIAN_POINT('',(2.772731099629,1.000274503506));
#2281 = CARTESIAN_POINT('',(2.845221608052,0.974474918323));
#2282 = CARTESIAN_POINT('',(2.902985820729,0.959253221534));
#2283 = CARTESIAN_POINT('',(2.961936675456,0.948260232209));
#2284 = CARTESIAN_POINT('',(3.021632419571,0.941083282033));
#2285 = CARTESIAN_POINT('',(3.081660808679,0.937504716998));
#2286 = CARTESIAN_POINT('',(3.156783362346,0.937504716998));
#2287 = CARTESIAN_POINT('',(3.171974009206,0.937734598548));
#2288 = CARTESIAN_POINT('',(3.187159308125,0.93819437781));
#2289 = CARTESIAN_POINT('',(3.202333821229,0.938884995936));
#2290 = CARTESIAN_POINT('',(3.217491958814,0.939808319066));
#2291 = CARTESIAN_POINT('',(3.23262797935,0.940967138329));
#2292 = ( GEOMETRIC_REPRESENTATION_CONTEXT(2) 
PARAMETRIC_REPRESENTATION_CONTEXT() REPRESENTATION_CONTEXT('2D SPACE',''
  ) );
#2293 = PCURVE('',#2294,#2299);
#2294 = CYLINDRICAL_SURFACE('',#2295,0.83);
#2295 = AXIS2_PLACEMENT_3D('',#2296,#2297,#2298);
#2296 = CARTESIAN_POINT('',(-0.1,-16.2,-1.5));
#2297 = DIRECTION('',(1.,0.,0.));
#2298 = DIRECTION('',(-0.,0.,1.));
#2299 = DEFINITIONAL_REPRESENTATION('',(#2300),#2378);
#2300 = B_SPLINE_CURVE_WITH_KNOTS('',6,(#2301,#2302,#2303,#2304,#2305,
    #2306,#2307,#2308,#2309,#2310,#2311,#2312,#2313,#2314,#2315,#2316,
    #2317,#2318,#2319,#2320,#2321,#2322,#2323,#2324,#2325,#2326,#2327,
    #2328,#2329,#2330,#2331,#2332,#2333,#2334,#2335,#2336,#2337,#2338,
    #2339,#2340,#2341,#2342,#2343,#2344,#2345,#2346,#2347,#2348,#2349,
    #2350,#2351,#2352,#2353,#2354,#2355,#2356,#2357,#2358,#2359,#2360,
    #2361,#2362,#2363,#2364,#2365,#2366,#2367,#2368,#2369,#2370,#2371,
    #2372,#2373,#2374,#2375,#2376,#2377),.UNSPECIFIED.,.F.,.F.,(7,5,5,5,
    5,5,5,5,5,5,5,5,5,5,5,7),(0.,3.61402503751E-02,0.180463125448,
    0.221501107733,0.300678789064,0.361234946208,0.395016622615,
    0.499892973809,0.571841997485,0.605289953796,0.637047800576,
    0.700151632359,0.77936934013,0.821166807527,0.963837718366,1.),
  .UNSPECIFIED.);
#2301 = CARTESIAN_POINT('',(0.65340998758,-6.E-07));
#2302 = CARTESIAN_POINT('',(0.65111327146,1.658008179218E-02));
#2303 = CARTESIAN_POINT('',(0.649275019465,3.321249621796E-02));
#2304 = CARTESIAN_POINT('',(0.647895896686,4.988361958012E-02));
#2305 = CARTESIAN_POINT('',(0.646976342673,6.658049442728E-02));
#2306 = CARTESIAN_POINT('',(0.646516571434,8.329022955383E-02));
#2307 = CARTESIAN_POINT('',(0.646516571434,0.166728981885));
#2308 = CARTESIAN_POINT('',(0.65384883662,0.233543300349));
#2309 = CARTESIAN_POINT('',(0.668548089424,0.299523696963));
#2310 = CARTESIAN_POINT('',(0.690524909994,0.363763155955));
#2311 = CARTESIAN_POINT('',(0.719587107673,0.425429999859));
#2312 = CARTESIAN_POINT('',(0.765800334702,0.500416901939));
#2313 = CARTESIAN_POINT('',(0.776582454389,0.516739237968));
#2314 = CARTESIAN_POINT('',(0.787906593997,0.532761147553));
#2315 = CARTESIAN_POINT('',(0.799762107691,0.548462270754));
#2316 = CARTESIAN_POINT('',(0.812136422369,0.563822918794));
#2317 = CARTESIAN_POINT('',(0.849862723643,0.607766936876));
#2318 = CARTESIAN_POINT('',(0.876599457211,0.635385770854));
#2319 = CARTESIAN_POINT('',(0.905106166644,0.661523179264));
#2320 = CARTESIAN_POINT('',(0.935243700147,0.686063154042));
#2321 = CARTESIAN_POINT('',(0.966859022587,0.708926891624));
#2322 = CARTESIAN_POINT('',(1.024978547386,0.746238078794));
#2323 = CARTESIAN_POINT('',(1.050926123754,0.761393849122));
#2324 = CARTESIAN_POINT('',(1.077562465998,0.775517794766));
#2325 = CARTESIAN_POINT('',(1.104813167724,0.78860201273));
#2326 = CARTESIAN_POINT('',(1.132600805933,0.80064687311));
#2327 = CARTESIAN_POINT('',(1.176600684784,0.817802301474));
#2328 = CARTESIAN_POINT('',(1.192500929982,0.823624984973));
#2329 = CARTESIAN_POINT('',(1.208533101462,0.829128926974));
#2330 = CARTESIAN_POINT('',(1.22468551658,0.834316380312));
#2331 = CARTESIAN_POINT('',(1.240947099669,0.839190044373));
#2332 = CARTESIAN_POINT('',(1.308098429196,0.857919116481));
#2333 = CARTESIAN_POINT('',(1.359786464954,0.869075243323));
#2334 = CARTESIAN_POINT('',(1.412130559533,0.877345400205));
#2335 = CARTESIAN_POINT('',(1.464900322278,0.882821774917));
#2336 = CARTESIAN_POINT('',(1.517867291912,0.88555712714));
#2337 = CARTESIAN_POINT('',(1.607107586107,0.88555712714));
#2338 = CARTESIAN_POINT('',(1.643425239326,0.884269834821));
#2339 = CARTESIAN_POINT('',(1.679678763238,0.881694720307));
#2340 = CARTESIAN_POINT('',(1.715800467199,0.877819764728));
#2341 = CARTESIAN_POINT('',(1.751722177346,0.87262241335));
#2342 = CARTESIAN_POINT('',(1.803944919331,0.863024661785));
#2343 = CARTESIAN_POINT('',(1.820457381815,0.859686431387));
#2344 = CARTESIAN_POINT('',(1.836901027968,0.856052842636));
#2345 = CARTESIAN_POINT('',(1.853266978131,0.852120887655));
#2346 = CARTESIAN_POINT('',(1.869545753291,0.84788754556));
#2347 = CARTESIAN_POINT('',(1.901091152174,0.839041310415));
#2348 = CARTESIAN_POINT('',(1.916367361248,0.834458476059));
#2349 = CARTESIAN_POINT('',(1.931547203521,0.829598691406));
#2350 = CARTESIAN_POINT('',(1.946621503909,0.824459710851));
#2351 = CARTESIAN_POINT('',(1.961580611025,0.81903963118));
#2352 = CARTESIAN_POINT('',(2.005889592799,0.802005370137));
#2353 = CARTESIAN_POINT('',(2.034878516056,0.789554691761));
#2354 = CARTESIAN_POINT('',(2.063289852563,0.775976751232));
#2355 = CARTESIAN_POINT('',(2.091036180643,0.761270739078));
#2356 = CARTESIAN_POINT('',(2.118033610959,0.745445527354));
#2357 = CARTESIAN_POINT('',(2.17705132255,0.707277091173));
#2358 = CARTESIAN_POINT('',(2.208575743592,0.684313095178));
#2359 = CARTESIAN_POINT('',(2.238614857633,0.659676882181));
#2360 = CARTESIAN_POINT('',(2.267016468546,0.633448331406));
#2361 = CARTESIAN_POINT('',(2.293642282864,0.605744495272));
#2362 = CARTESIAN_POINT('',(2.331423412595,0.561411533075));
#2363 = CARTESIAN_POINT('',(2.343948701406,0.545728730324));
#2364 = CARTESIAN_POINT('',(2.355934943003,0.529695400064));
#2365 = CARTESIAN_POINT('',(2.367369073214,0.513332361622));
#2366 = CARTESIAN_POINT('',(2.378240064065,0.496661153427));
#2367 = CARTESIAN_POINT('',(2.4236929125,0.421822827165));
#2368 = CARTESIAN_POINT('',(2.452091678239,0.360755551679));
#2369 = CARTESIAN_POINT('',(2.473563372814,0.297195453766));
#2370 = CARTESIAN_POINT('',(2.487919403131,0.231956228717));
#2371 = CARTESIAN_POINT('',(2.495076082156,0.165925029402));
#2372 = CARTESIAN_POINT('',(2.495076082156,8.329022036849E-02));
#2373 = CARTESIAN_POINT('',(2.49461631108,6.658048833933E-02));
#2374 = CARTESIAN_POINT('',(2.49369675703,4.988361785553E-02));
#2375 = CARTESIAN_POINT('',(2.492317633971,3.321249518635E-02));
#2376 = CARTESIAN_POINT('',(2.490479381733,1.658007892726E-02));
#2377 = CARTESIAN_POINT('',(2.48818266601,-6.E-07));
#2378 = ( GEOMETRIC_REPRESENTATION_CONTEXT(2) 
PARAMETRIC_REPRESENTATION_CONTEXT() REPRESENTATION_CONTEXT('2D SPACE',''
  ) );
#2379 = ORIENTED_EDGE('',*,*,#2380,.T.);
#2380 = EDGE_CURVE('',#2131,#2381,#2383,.T.);
#2381 = VERTEX_POINT('',#2382);
#2382 = CARTESIAN_POINT('',(1.E-01,-16.70455488499,-0.522541884256));
#2383 = SURFACE_CURVE('',#2384,(#2388,#2394),.PCURVE_S1.);
#2384 = LINE('',#2385,#2386);
#2385 = CARTESIAN_POINT('',(1.E-01,-16.70455488499,-3.1));
#2386 = VECTOR('',#2387,1.);
#2387 = DIRECTION('',(0.,0.,1.));
#2388 = PCURVE('',#621,#2389);
#2389 = DEFINITIONAL_REPRESENTATION('',(#2390),#2393);
#2390 = B_SPLINE_CURVE_WITH_KNOTS('',1,(#2391,#2392),.UNSPECIFIED.,.F.,
  .F.,(2,2),(0.28,2.92),.PIECEWISE_BEZIER_KNOTS.);
#2391 = CARTESIAN_POINT('',(3.050557875552,0.28));
#2392 = CARTESIAN_POINT('',(3.050557875552,2.92));
#2393 = ( GEOMETRIC_REPRESENTATION_CONTEXT(2) 
PARAMETRIC_REPRESENTATION_CONTEXT() REPRESENTATION_CONTEXT('2D SPACE',''
  ) );
#2394 = PCURVE('',#2119,#2395);
#2395 = DEFINITIONAL_REPRESENTATION('',(#2396),#2399);
#2396 = B_SPLINE_CURVE_WITH_KNOTS('',1,(#2397,#2398),.UNSPECIFIED.,.F.,
  .F.,(2,2),(0.28,2.92),.PIECEWISE_BEZIER_KNOTS.);
#2397 = CARTESIAN_POINT('',(-1.32,0.50455488499));
#2398 = CARTESIAN_POINT('',(1.32,0.50455488499));
#2399 = ( GEOMETRIC_REPRESENTATION_CONTEXT(2) 
PARAMETRIC_REPRESENTATION_CONTEXT() REPRESENTATION_CONTEXT('2D SPACE',''
  ) );
#2400 = ORIENTED_EDGE('',*,*,#2401,.F.);
#2401 = EDGE_CURVE('',#2402,#2381,#2404,.T.);
#2402 = VERTEX_POINT('',#2403);
#2403 = CARTESIAN_POINT('',(1.739575693094E-16,-16.7,-0.520204102887));
#2404 = SURFACE_CURVE('',#2405,(#2488,#2574),.PCURVE_S1.);
#2405 = B_SPLINE_CURVE_WITH_KNOTS('',6,(#2406,#2407,#2408,#2409,#2410,
    #2411,#2412,#2413,#2414,#2415,#2416,#2417,#2418,#2419,#2420,#2421,
    #2422,#2423,#2424,#2425,#2426,#2427,#2428,#2429,#2430,#2431,#2432,
    #2433,#2434,#2435,#2436,#2437,#2438,#2439,#2440,#2441,#2442,#2443,
    #2444,#2445,#2446,#2447,#2448,#2449,#2450,#2451,#2452,#2453,#2454,
    #2455,#2456,#2457,#2458,#2459,#2460,#2461,#2462,#2463,#2464,#2465,
    #2466,#2467,#2468,#2469,#2470,#2471,#2472,#2473,#2474,#2475,#2476,
    #2477,#2478,#2479,#2480,#2481,#2482,#2483,#2484,#2485,#2486,#2487),
  .UNSPECIFIED.,.F.,.F.,(7,5,5,5,5,5,5,5,5,5,5,5,5,5,5,5,7),(0.,
    2.720737609191E-02,0.160263976344,0.197616942293,0.263649805674,
    0.330831133584,0.366423783051,0.407317668719,0.500009306417,
    0.593127152638,0.632527801125,0.670133886331,0.735799226968,
    0.80390005005,0.840489137513,0.972803365412,1.),.UNSPECIFIED.);
#2406 = CARTESIAN_POINT('',(0.1000006,-16.70455493976,-2.477458087471));
#2407 = CARTESIAN_POINT('',(8.338932607842E-02,-16.70303853568,
    -2.478240841411));
#2408 = CARTESIAN_POINT('',(6.674469710149E-02,-16.70182387993,
    -2.478864260216));
#2409 = CARTESIAN_POINT('',(5.007511874958E-02,-16.70091212574,
    -2.479330429971));
#2410 = CARTESIAN_POINT('',(3.338894708656E-02,-16.70030403934,
    -2.479640742849));
#2411 = CARTESIAN_POINT('',(1.669448855977E-02,-16.7,-2.479795897113));
#2412 = CARTESIAN_POINT('',(-8.164373819858E-02,-16.7,-2.479795897113));
#2413 = CARTESIAN_POINT('',(-0.163452479733,-16.7072716447,
    -2.476084708743));
#2414 = CARTESIAN_POINT('',(-0.244292475103,-16.72187022106,
    -2.468636756415));
#2415 = CARTESIAN_POINT('',(-0.323039147042,-16.7435378596,
    -2.457064745636));
#2416 = CARTESIAN_POINT('',(-0.398648801929,-16.77172539258,
    -2.440624264053));
#2417 = CARTESIAN_POINT('',(-0.490324707966,-16.81507574996,
    -2.412036939381));
#2418 = CARTESIAN_POINT('',(-0.510086157808,-16.82501657551,
    -2.405312312145));
#2419 = CARTESIAN_POINT('',(-0.529483732862,-16.83536994758,
    -2.398111563371));
#2420 = CARTESIAN_POINT('',(-0.548490132877,-16.84610705785,
    -2.390417357668));
#2421 = CARTESIAN_POINT('',(-0.567081159658,-16.85719637661,
    -2.382212724086));
#2422 = CARTESIAN_POINT('',(-0.617329484678,-16.88876952441,
    -2.358045145637));
#2423 = CARTESIAN_POINT('',(-0.648073180011,-16.90993800586,
    -2.340955870926));
#2424 = CARTESIAN_POINT('',(-0.677298028128,-16.93189172003,
    -2.32214355832));
#2425 = CARTESIAN_POINT('',(-0.704885246939,-16.95438243271,
    -2.301561508765));
#2426 = CARTESIAN_POINT('',(-0.730762561324,-16.97714677022,
    -2.279194310655));
#2427 = CARTESIAN_POINT('',(-0.77945869166,-17.02309321646,
    -2.230518350088));
#2428 = CARTESIAN_POINT('',(-0.802193355996,-17.04625387534,
    -2.204170938472));
#2429 = CARTESIAN_POINT('',(-0.823079722331,-17.06912760866,
    -2.176054270177));
#2430 = CARTESIAN_POINT('',(-0.842135034509,-17.09143747888,
    -2.146244651238));
#2431 = CARTESIAN_POINT('',(-0.859409704419,-17.11292294108,
    -2.114868066574));
#2432 = CARTESIAN_POINT('',(-0.88322645859,-17.14418275739,
    -2.064745461323));
#2433 = CARTESIAN_POINT('',(-0.890998785264,-17.15471769858,
    -2.046990622233));
#2434 = CARTESIAN_POINT('',(-0.898308447293,-17.16493060294,
    -2.028860820991));
#2435 = CARTESIAN_POINT('',(-0.905169734932,-17.17479371475,
    -2.010378052851));
#2436 = CARTESIAN_POINT('',(-0.911598009681,-17.18428261139,
    -1.991564875269));
#2437 = CARTESIAN_POINT('',(-0.924516791974,-17.20382421207,
    -1.95047610213));
#2438 = CARTESIAN_POINT('',(-0.930872595836,-17.21374878534,
    -1.928105362586));
#2439 = CARTESIAN_POINT('',(-0.936703211995,-17.22312012522,
    -1.905362583766));
#2440 = CARTESIAN_POINT('',(-0.942033040429,-17.23191204475,
    -1.882280406383));
#2441 = CARTESIAN_POINT('',(-0.946884784966,-17.24010196795,
    -1.85889371736));
#2442 = CARTESIAN_POINT('',(-0.96124057574,-17.26482702686,
    -1.781624440074));
#2443 = CARTESIAN_POINT('',(-0.968849099259,-17.27878636862,
    -1.726655665758));
#2444 = CARTESIAN_POINT('',(-0.974370826503,-17.28936865398,
    -1.670661828507));
#2445 = CARTESIAN_POINT('',(-0.977988235193,-17.29645791877,
    -1.613985974418));
#2446 = CARTESIAN_POINT('',(-0.979795897113,-17.3,-1.556980173648));
#2447 = CARTESIAN_POINT('',(-0.979795897113,-17.3,-1.442757823908));
#2448 = CARTESIAN_POINT('',(-0.97797156894,-17.29642526638,
    -1.385489405064));
#2449 = CARTESIAN_POINT('',(-0.974320770641,-17.28927055034,
    -1.328555519591));
#2450 = CARTESIAN_POINT('',(-0.968747178169,-17.27859105373,
    -1.27231333556));
#2451 = CARTESIAN_POINT('',(-0.961065005856,-17.2645050187,
    -1.217110749205));
#2452 = CARTESIAN_POINT('',(-0.946746530948,-17.2398725435,
    -1.140503798141));
#2453 = CARTESIAN_POINT('',(-0.94206422834,-17.23197308786,
    -1.117976599399));
#2454 = CARTESIAN_POINT('',(-0.936937978614,-17.22351499405,
    -1.095732195918));
#2455 = CARTESIAN_POINT('',(-0.931347466569,-17.2145184126,
    -1.07380173703));
#2456 = CARTESIAN_POINT('',(-0.925270902243,-17.20500660101,
    -1.0522144504));
#2457 = CARTESIAN_POINT('',(-0.912399103705,-17.18546074267,
    -1.010747185903));
#2458 = CARTESIAN_POINT('',(-0.905649185639,-17.17546985534,
    -0.99083368341));
#2459 = CARTESIAN_POINT('',(-0.898417188393,-17.16505977693,
    -0.971288196505));
#2460 = CARTESIAN_POINT('',(-0.890685395484,-17.15425982065,
    -0.952138610016));
#2461 = CARTESIAN_POINT('',(-0.882436452279,-17.14310209772,
    -0.93340963165));
#2462 = CARTESIAN_POINT('',(-0.858316902484,-17.11157486216,
    -0.883191482226));
#2463 = CARTESIAN_POINT('',(-0.841345891213,-17.09053533766,
    -0.852595035143));
#2464 = CARTESIAN_POINT('',(-0.822671654904,-17.06871647355,
    -0.823499252959));
#2465 = CARTESIAN_POINT('',(-0.802247832267,-17.04636194619,
    -0.796021174726));
#2466 = CARTESIAN_POINT('',(-0.780058469702,-17.0237303411,
    -0.770232415424));
#2467 = CARTESIAN_POINT('',(-0.731306121641,-16.9775894014,
    -0.721199858232));
#2468 = CARTESIAN_POINT('',(-0.704635467619,-16.95410136563,
    -0.698110060598));
#2469 = CARTESIAN_POINT('',(-0.676144800818,-16.93090377204,
    -0.676920262292));
#2470 = CARTESIAN_POINT('',(-0.645913249853,-16.90828551178,
    -0.657612819738));
#2471 = CARTESIAN_POINT('',(-0.614072442277,-16.88651816069,
    -0.640135004016));
#2472 = CARTESIAN_POINT('',(-0.562939621676,-16.85472659564,
    -0.615959313896));
#2473 = CARTESIAN_POINT('',(-0.544650865323,-16.84392460315,
    -0.60801224443));
#2474 = CARTESIAN_POINT('',(-0.525967605526,-16.83346539156,
    -0.600553022034));
#2475 = CARTESIAN_POINT('',(-0.506913787406,-16.82337887855,
    -0.593566024613));
#2476 = CARTESIAN_POINT('',(-0.487513951389,-16.81369126699,
    -0.587034486764));
#2477 = CARTESIAN_POINT('',(-0.396478757162,-16.77091633816,
    -0.558903295828));
#2478 = CARTESIAN_POINT('',(-0.321230832662,-16.74304289126,
    -0.54267177075));
#2479 = CARTESIAN_POINT('',(-0.242921046123,-16.72162823705,
    -0.531240096049));
#2480 = CARTESIAN_POINT('',(-0.162557448224,-16.70719641532,
    -0.523876722153));
#2481 = CARTESIAN_POINT('',(-8.122025947818E-02,-16.7,-0.520204102887));
#2482 = CARTESIAN_POINT('',(1.669448367893E-02,-16.7,-0.520204102887));
#2483 = CARTESIAN_POINT('',(3.338894395419E-02,-16.70030403946,
    -0.520359257218));
#2484 = CARTESIAN_POINT('',(5.007511799309E-02,-16.70091212588,
    -0.520669570109));
#2485 = CARTESIAN_POINT('',(6.674469667196E-02,-16.70182387994,
    -0.521135739795));
#2486 = CARTESIAN_POINT('',(8.338932457614E-02,-16.70303853554,
    -0.521759158518));
#2487 = CARTESIAN_POINT('',(0.1000006,-16.70455493976,-0.522541912529));
#2488 = PCURVE('',#621,#2489);
#2489 = DEFINITIONAL_REPRESENTATION('',(#2490),#2573);
#2490 = B_SPLINE_CURVE_WITH_KNOTS('',6,(#2491,#2492,#2493,#2494,#2495,
    #2496,#2497,#2498,#2499,#2500,#2501,#2502,#2503,#2504,#2505,#2506,
    #2507,#2508,#2509,#2510,#2511,#2512,#2513,#2514,#2515,#2516,#2517,
    #2518,#2519,#2520,#2521,#2522,#2523,#2524,#2525,#2526,#2527,#2528,
    #2529,#2530,#2531,#2532,#2533,#2534,#2535,#2536,#2537,#2538,#2539,
    #2540,#2541,#2542,#2543,#2544,#2545,#2546,#2547,#2548,#2549,#2550,
    #2551,#2552,#2553,#2554,#2555,#2556,#2557,#2558,#2559,#2560,#2561,
    #2562,#2563,#2564,#2565,#2566,#2567,#2568,#2569,#2570,#2571,#2572),
  .UNSPECIFIED.,.F.,.F.,(7,5,5,5,5,5,5,5,5,5,5,5,5,5,5,5,7),(0.,
    2.720737609191E-02,0.160263976344,0.197616942293,0.263649805674,
    0.330831133584,0.366423783051,0.407317668719,0.500009306417,
    0.593127152638,0.632527801125,0.670133886331,0.735799226968,
    0.80390005005,0.840489137513,0.972803365412,1.),.UNSPECIFIED.);
#2491 = CARTESIAN_POINT('',(3.05055732783,0.622541912529));
#2492 = CARTESIAN_POINT('',(3.065721277648,0.621759158589));
#2493 = CARTESIAN_POINT('',(3.080890481863,0.621135739784));
#2494 = CARTESIAN_POINT('',(3.096063526861,0.620669570029));
#2495 = CARTESIAN_POINT('',(3.11123907124,0.620359257151));
#2496 = CARTESIAN_POINT('',(3.126415845808,0.620204102887));
#2497 = CARTESIAN_POINT('',(3.21581423377,0.620204102887));
#2498 = CARTESIAN_POINT('',(3.29018571952,0.623915291257));
#2499 = CARTESIAN_POINT('',(3.364413073697,0.631363243585));
#2500 = CARTESIAN_POINT('',(3.438222484571,0.642935254364));
#2501 = CARTESIAN_POINT('',(3.511315668278,0.659375735947));
#2502 = CARTESIAN_POINT('',(3.60350539912,0.687963060619));
#2503 = CARTESIAN_POINT('',(3.623609261588,0.694687687855));
#2504 = CARTESIAN_POINT('',(3.643589435169,0.701888436629));
#2505 = CARTESIAN_POINT('',(3.663426185098,0.709582642332));
#2506 = CARTESIAN_POINT('',(3.683100042925,0.717787275914));
#2507 = CARTESIAN_POINT('',(3.737049497606,0.741954854363));
#2508 = CARTESIAN_POINT('',(3.770952726043,0.759044129074));
#2509 = CARTESIAN_POINT('',(3.804140884963,0.77785644168));
#2510 = CARTESIAN_POINT('',(3.836462777277,0.798438491235));
#2511 = CARTESIAN_POINT('',(3.86777588448,0.820805689345));
#2512 = CARTESIAN_POINT('',(3.928640108337,0.869481649912));
#2513 = CARTESIAN_POINT('',(3.958122188492,0.895829061528));
#2514 = CARTESIAN_POINT('',(3.986255779361,0.923945729823));
#2515 = CARTESIAN_POINT('',(4.01290949336,0.953755348762));
#2516 = CARTESIAN_POINT('',(4.037963653236,0.985131933426));
#2517 = CARTESIAN_POINT('',(4.07369004572,1.035254538677));
#2518 = CARTESIAN_POINT('',(4.085590271398,1.053009377767));
#2519 = CARTESIAN_POINT('',(4.097006034835,1.071139179009));
#2520 = CARTESIAN_POINT('',(4.107927332809,1.089621947149));
#2521 = CARTESIAN_POINT('',(4.1183460945,1.108435124731));
#2522 = CARTESIAN_POINT('',(4.139642295482,1.14952389787));
#2523 = CARTESIAN_POINT('',(4.150355177298,1.171894637414));
#2524 = CARTESIAN_POINT('',(4.160387669544,1.194637416234));
#2525 = CARTESIAN_POINT('',(4.169733438145,1.217719593617));
#2526 = CARTESIAN_POINT('',(4.178386972349,1.24110628264));
#2527 = CARTESIAN_POINT('',(4.204378345154,1.318375559926));
#2528 = CARTESIAN_POINT('',(4.218826375757,1.373344334242));
#2529 = CARTESIAN_POINT('',(4.229675949322,1.429338171493));
#2530 = CARTESIAN_POINT('',(4.236912370121,1.486014025582));
#2531 = CARTESIAN_POINT('',(4.240527143105,1.543019826352));
#2532 = CARTESIAN_POINT('',(4.240527143105,1.657242176092));
#2533 = CARTESIAN_POINT('',(4.236879053622,1.714510594936));
#2534 = CARTESIAN_POINT('',(4.229575806165,1.771444480409));
#2535 = CARTESIAN_POINT('',(4.2186261154,1.82768666444));
#2536 = CARTESIAN_POINT('',(4.204045048146,1.882889250795));
#2537 = CARTESIAN_POINT('',(4.178143493291,1.959496201859));
#2538 = CARTESIAN_POINT('',(4.169795643528,1.982023400601));
#2539 = CARTESIAN_POINT('',(4.160805236172,2.004267804082));
#2540 = CARTESIAN_POINT('',(4.151177170385,2.02619826297));
#2541 = CARTESIAN_POINT('',(4.140917051408,2.0477855496));
#2542 = CARTESIAN_POINT('',(4.119641143027,2.089252814097));
#2543 = CARTESIAN_POINT('',(4.108680638349,2.10916631659));
#2544 = CARTESIAN_POINT('',(4.097158929864,2.128711803495));
#2545 = CARTESIAN_POINT('',(4.085086162173,2.147861389984));
#2546 = CARTESIAN_POINT('',(4.072473371135,2.16659036835));
#2547 = CARTESIAN_POINT('',(4.036386707036,2.216808517774));
#2548 = CARTESIAN_POINT('',(4.011821030039,2.247404964857));
#2549 = CARTESIAN_POINT('',(3.985730564132,2.276500747041));
#2550 = CARTESIAN_POINT('',(3.958227372475,2.303978825274));
#2551 = CARTESIAN_POINT('',(3.92943422272,2.329767584576));
#2552 = CARTESIAN_POINT('',(3.868411413286,2.378800141768));
#2553 = CARTESIAN_POINT('',(3.836123936594,2.401889939402));
#2554 = CARTESIAN_POINT('',(3.802762967662,2.423079737708));
#2555 = CARTESIAN_POINT('',(3.768484395131,2.442387180262));
#2556 = CARTESIAN_POINT('',(3.733453867392,2.459864995984));
#2557 = CARTESIAN_POINT('',(3.678717316146,2.484040686104));
#2558 = CARTESIAN_POINT('',(3.659412785717,2.49198775557));
#2559 = CARTESIAN_POINT('',(3.639955460822,2.499446977966));
#2560 = CARTESIAN_POINT('',(3.620364607285,2.506433975387));
#2561 = CARTESIAN_POINT('',(3.600657426486,2.512965513236));
#2562 = CARTESIAN_POINT('',(3.509217606941,2.541096704172));
#2563 = CARTESIAN_POINT('',(3.43652850375,2.55732822925));
#2564 = CARTESIAN_POINT('',(3.363154899262,2.568759903951));
#2565 = CARTESIAN_POINT('',(3.289372087247,2.576123277847));
#2566 = CARTESIAN_POINT('',(3.215429253115,2.579795897113));
#2567 = CARTESIAN_POINT('',(3.126415850245,2.579795897113));
#2568 = CARTESIAN_POINT('',(3.11123907387,2.579640742782));
#2569 = CARTESIAN_POINT('',(3.096063527225,2.579330429891));
#2570 = CARTESIAN_POINT('',(3.080890482041,2.578864260205));
#2571 = CARTESIAN_POINT('',(3.065721279019,2.578240841482));
#2572 = CARTESIAN_POINT('',(3.05055732783,2.577458087471));
#2573 = ( GEOMETRIC_REPRESENTATION_CONTEXT(2) 
PARAMETRIC_REPRESENTATION_CONTEXT() REPRESENTATION_CONTEXT('2D SPACE',''
  ) );
#2574 = PCURVE('',#2575,#2580);
#2575 = CYLINDRICAL_SURFACE('',#2576,1.1);
#2576 = AXIS2_PLACEMENT_3D('',#2577,#2578,#2579);
#2577 = CARTESIAN_POINT('',(-14.,-16.2,-1.5));
#2578 = DIRECTION('',(1.,0.,0.));
#2579 = DIRECTION('',(-0.,0.,1.));
#2580 = DEFINITIONAL_REPRESENTATION('',(#2581),#2664);
#2581 = B_SPLINE_CURVE_WITH_KNOTS('',6,(#2582,#2583,#2584,#2585,#2586,
    #2587,#2588,#2589,#2590,#2591,#2592,#2593,#2594,#2595,#2596,#2597,
    #2598,#2599,#2600,#2601,#2602,#2603,#2604,#2605,#2606,#2607,#2608,
    #2609,#2610,#2611,#2612,#2613,#2614,#2615,#2616,#2617,#2618,#2619,
    #2620,#2621,#2622,#2623,#2624,#2625,#2626,#2627,#2628,#2629,#2630,
    #2631,#2632,#2633,#2634,#2635,#2636,#2637,#2638,#2639,#2640,#2641,
    #2642,#2643,#2644,#2645,#2646,#2647,#2648,#2649,#2650,#2651,#2652,
    #2653,#2654,#2655,#2656,#2657,#2658,#2659,#2660,#2661,#2662,#2663),
  .UNSPECIFIED.,.F.,.F.,(7,5,5,5,5,5,5,5,5,5,5,5,5,5,5,5,7),(0.,
    2.720737609191E-02,0.160263976344,0.197616942293,0.263649805674,
    0.330831133584,0.366423783051,0.407317668719,0.500009306417,
    0.593127152638,0.632527801125,0.670133886331,0.735799226968,
    0.80390005005,0.840489137513,0.972803365412,1.),.UNSPECIFIED.);
#2582 = CARTESIAN_POINT('',(2.665076406024,14.1000006));
#2583 = CARTESIAN_POINT('',(2.666627781065,14.083389326078));
#2584 = CARTESIAN_POINT('',(2.667868959803,14.066744697101));
#2585 = CARTESIAN_POINT('',(2.668799881213,14.05007511875));
#2586 = CARTESIAN_POINT('',(2.669420505942,14.033388947087));
#2587 = CARTESIAN_POINT('',(2.66973081631,14.01669448856));
#2588 = CARTESIAN_POINT('',(2.66973081631,13.918356261801));
#2589 = CARTESIAN_POINT('',(2.662309135013,13.836547520267));
#2590 = CARTESIAN_POINT('',(2.647409939445,13.755707524897));
#2591 = CARTESIAN_POINT('',(2.625083676334,13.676960852958));
#2592 = CARTESIAN_POINT('',(2.595463427687,13.601351198071));
#2593 = CARTESIAN_POINT('',(2.548256405025,13.509675292034));
#2594 = CARTESIAN_POINT('',(2.537346473638,13.489913842192));
#2595 = CARTESIAN_POINT('',(2.525883284717,13.470516267138));
#2596 = CARTESIAN_POINT('',(2.513876826303,13.451509867123));
#2597 = CARTESIAN_POINT('',(2.501337955334,13.432918840342));
#2598 = CARTESIAN_POINT('',(2.465191610117,13.382670515322));
#2599 = CARTESIAN_POINT('',(2.440467318554,13.351926819989));
#2600 = CARTESIAN_POINT('',(2.414202457033,13.322701971872));
#2601 = CARTESIAN_POINT('',(2.386511332313,13.295114753061));
#2602 = CARTESIAN_POINT('',(2.357519243704,13.269237438676));
#2603 = CARTESIAN_POINT('',(2.296668355232,13.22054130834));
#2604 = CARTESIAN_POINT('',(2.264797365068,13.197806644004));
#2605 = CARTESIAN_POINT('',(2.231884389143,13.176920277669));
#2606 = CARTESIAN_POINT('',(2.198079027405,13.157864965491));
#2607 = CARTESIAN_POINT('',(2.163540100467,13.140590295581));
#2608 = CARTESIAN_POINT('',(2.109838663262,13.11677354141));
#2609 = CARTESIAN_POINT('',(2.091075069802,13.109001214736));
#2610 = CARTESIAN_POINT('',(2.072165448266,13.101691552707));
#2611 = CARTESIAN_POINT('',(2.053127653679,13.094830265068));
#2612 = CARTESIAN_POINT('',(2.033977694482,13.088401990319));
#2613 = CARTESIAN_POINT('',(1.992614942889,13.075483208026));
#2614 = CARTESIAN_POINT('',(1.970374250017,13.069127404164));
#2615 = CARTESIAN_POINT('',(1.948024450767,13.063296788005));
#2616 = CARTESIAN_POINT('',(1.925582199269,13.057966959571));
#2617 = CARTESIAN_POINT('',(1.903064006928,13.053115215034));
#2618 = CARTESIAN_POINT('',(1.829310622075,13.03875942426));
#2619 = CARTESIAN_POINT('',(1.777848746829,13.031150900741));
#2620 = CARTESIAN_POINT('',(1.726193555485,13.025629173497));
#2621 = CARTESIAN_POINT('',(1.674419998562,13.022011764807));
#2622 = CARTESIAN_POINT('',(1.622596484656,13.020204102887));
#2623 = CARTESIAN_POINT('',(1.518757984893,13.020204102887));
#2624 = CARTESIAN_POINT('',(1.466695725577,13.02202843106));
#2625 = CARTESIAN_POINT('',(1.414684131396,13.025679229359));
#2626 = CARTESIAN_POINT('',(1.362792731543,13.031252821831));
#2627 = CARTESIAN_POINT('',(1.311097739088,13.038934994144));
#2628 = CARTESIAN_POINT('',(1.237943403279,13.053253469052));
#2629 = CARTESIAN_POINT('',(1.216249029583,13.05793577166));
#2630 = CARTESIAN_POINT('',(1.194625244433,13.063062021386));
#2631 = CARTESIAN_POINT('',(1.173086750848,13.068652533431));
#2632 = CARTESIAN_POINT('',(1.151648377559,13.074729097757));
#2633 = CARTESIAN_POINT('',(1.109972982962,13.087600896295));
#2634 = CARTESIAN_POINT('',(1.089725303513,13.094350814361));
#2635 = CARTESIAN_POINT('',(1.06960240818,13.101582811607));
#2636 = CARTESIAN_POINT('',(1.049624393876,13.109314604516));
#2637 = CARTESIAN_POINT('',(1.029811086918,13.117563547721));
#2638 = CARTESIAN_POINT('',(0.975907062064,13.141683097516));
#2639 = CARTESIAN_POINT('',(0.942180075436,13.158654108787));
#2640 = CARTESIAN_POINT('',(0.909158724066,13.177328345096));
#2641 = CARTESIAN_POINT('',(0.876991446922,13.197752167733));
#2642 = CARTESIAN_POINT('',(0.845818239356,13.219941530298));
#2643 = CARTESIAN_POINT('',(0.784610167308,13.268693878359));
#2644 = CARTESIAN_POINT('',(0.754690550957,13.295364532381));
#2645 = CARTESIAN_POINT('',(0.726154667559,13.323855199182));
#2646 = CARTESIAN_POINT('',(0.699139680809,13.354086750147));
#2647 = CARTESIAN_POINT('',(0.673770344639,13.385927557723));
#2648 = CARTESIAN_POINT('',(0.637461663423,13.437060378324));
#2649 = CARTESIAN_POINT('',(0.62527186243,13.455349134677));
#2650 = CARTESIAN_POINT('',(0.613594993453,13.474032394474));
#2651 = CARTESIAN_POINT('',(0.602441779653,13.493086212594));
#2652 = CARTESIAN_POINT('',(0.591820805843,13.512486048611));
#2653 = CARTESIAN_POINT('',(0.545278738852,13.603521242838));
#2654 = CARTESIAN_POINT('',(0.51599941996,13.678769167338));
#2655 = CARTESIAN_POINT('',(0.493935793837,13.757078953877));
#2656 = CARTESIAN_POINT('',(0.47920670081,13.837442551776));
#2657 = CARTESIAN_POINT('',(0.47186183728,13.918779740522));
#2658 = CARTESIAN_POINT('',(0.47186183728,14.016694483679));
#2659 = CARTESIAN_POINT('',(0.4721721477,14.033388943954));
#2660 = CARTESIAN_POINT('',(0.472792772413,14.050075117993));
#2661 = CARTESIAN_POINT('',(0.473723693727,14.066744696672));
#2662 = CARTESIAN_POINT('',(0.474964872385,14.083389324576));
#2663 = CARTESIAN_POINT('',(0.476516247566,14.1000006));
#2664 = ( GEOMETRIC_REPRESENTATION_CONTEXT(2) 
PARAMETRIC_REPRESENTATION_CONTEXT() REPRESENTATION_CONTEXT('2D SPACE',''
  ) );
#2665 = ORIENTED_EDGE('',*,*,#2666,.T.);
#2666 = EDGE_CURVE('',#2402,#771,#2667,.T.);
#2667 = SURFACE_CURVE('',#2668,(#2672,#2678),.PCURVE_S1.);
#2668 = LINE('',#2669,#2670);
#2669 = CARTESIAN_POINT('',(0.,-16.7,-3.1));
#2670 = VECTOR('',#2671,1.);
#2671 = DIRECTION('',(0.,0.,1.));
#2672 = PCURVE('',#621,#2673);
#2673 = DEFINITIONAL_REPRESENTATION('',(#2674),#2677);
#2674 = B_SPLINE_CURVE_WITH_KNOTS('',1,(#2675,#2676),.UNSPECIFIED.,.F.,
  .F.,(2,2),(9.99994E-02,3.1000006),.PIECEWISE_BEZIER_KNOTS.);
#2675 = CARTESIAN_POINT('',(3.14159265359,9.99994E-02));
#2676 = CARTESIAN_POINT('',(3.14159265359,3.1000006));
#2677 = ( GEOMETRIC_REPRESENTATION_CONTEXT(2) 
PARAMETRIC_REPRESENTATION_CONTEXT() REPRESENTATION_CONTEXT('2D SPACE',''
  ) );
#2678 = PCURVE('',#595,#2679);
#2679 = DEFINITIONAL_REPRESENTATION('',(#2680),#2683);
#2680 = B_SPLINE_CURVE_WITH_KNOTS('',1,(#2681,#2682),.UNSPECIFIED.,.F.,
  .F.,(2,2),(9.99994E-02,3.1000006),.PIECEWISE_BEZIER_KNOTS.);
#2681 = CARTESIAN_POINT('',(46.9999994,-33.3));
#2682 = CARTESIAN_POINT('',(50.0000006,-33.3));
#2683 = ( GEOMETRIC_REPRESENTATION_CONTEXT(2) 
PARAMETRIC_REPRESENTATION_CONTEXT() REPRESENTATION_CONTEXT('2D SPACE',''
  ) );
#2684 = ORIENTED_EDGE('',*,*,#791,.F.);
#2685 = ADVANCED_FACE('',(#2686),#595,.F.);
#2686 = FACE_BOUND('',#2687,.F.);
#2687 = EDGE_LOOP('',(#2688,#2689,#2690,#2714,#2736,#2737,#2738,#2757,
    #2758,#2777,#2778,#2797,#2798,#2817,#2818,#2837,#2838));
#2688 = ORIENTED_EDGE('',*,*,#770,.F.);
#2689 = ORIENTED_EDGE('',*,*,#2666,.F.);
#2690 = ORIENTED_EDGE('',*,*,#2691,.F.);
#2691 = EDGE_CURVE('',#2692,#2402,#2694,.T.);
#2692 = VERTEX_POINT('',#2693);
#2693 = CARTESIAN_POINT('',(0.,-16.2,-0.4));
#2694 = SURFACE_CURVE('',#2695,(#2700,#2707),.PCURVE_S1.);
#2695 = CIRCLE('',#2696,1.1);
#2696 = AXIS2_PLACEMENT_3D('',#2697,#2698,#2699);
#2697 = CARTESIAN_POINT('',(0.,-16.2,-1.5));
#2698 = DIRECTION('',(1.,0.,0.));
#2699 = DIRECTION('',(-0.,0.,1.));
#2700 = PCURVE('',#595,#2701);
#2701 = DEFINITIONAL_REPRESENTATION('',(#2702),#2706);
#2702 = CIRCLE('',#2703,1.1);
#2703 = AXIS2_PLACEMENT_2D('',#2704,#2705);
#2704 = CARTESIAN_POINT('',(48.5,-33.8));
#2705 = DIRECTION('',(1.,0.));
#2706 = ( GEOMETRIC_REPRESENTATION_CONTEXT(2) 
PARAMETRIC_REPRESENTATION_CONTEXT() REPRESENTATION_CONTEXT('2D SPACE',''
  ) );
#2707 = PCURVE('',#2575,#2708);
#2708 = DEFINITIONAL_REPRESENTATION('',(#2709),#2713);
#2709 = LINE('',#2710,#2711);
#2710 = CARTESIAN_POINT('',(0.,14.));
#2711 = VECTOR('',#2712,1.);
#2712 = DIRECTION('',(1.,0.));
#2713 = ( GEOMETRIC_REPRESENTATION_CONTEXT(2) 
PARAMETRIC_REPRESENTATION_CONTEXT() REPRESENTATION_CONTEXT('2D SPACE',''
  ) );
#2714 = ORIENTED_EDGE('',*,*,#2715,.F.);
#2715 = EDGE_CURVE('',#1819,#2692,#2716,.T.);
#2716 = SURFACE_CURVE('',#2717,(#2722,#2729),.PCURVE_S1.);
#2717 = CIRCLE('',#2718,1.1);
#2718 = AXIS2_PLACEMENT_3D('',#2719,#2720,#2721);
#2719 = CARTESIAN_POINT('',(0.,-16.2,-1.5));
#2720 = DIRECTION('',(1.,0.,0.));
#2721 = DIRECTION('',(-0.,0.,1.));
#2722 = PCURVE('',#595,#2723);
#2723 = DEFINITIONAL_REPRESENTATION('',(#2724),#2728);
#2724 = CIRCLE('',#2725,1.1);
#2725 = AXIS2_PLACEMENT_2D('',#2726,#2727);
#2726 = CARTESIAN_POINT('',(48.5,-33.8));
#2727 = DIRECTION('',(1.,0.));
#2728 = ( GEOMETRIC_REPRESENTATION_CONTEXT(2) 
PARAMETRIC_REPRESENTATION_CONTEXT() REPRESENTATION_CONTEXT('2D SPACE',''
  ) );
#2729 = PCURVE('',#2013,#2730);
#2730 = DEFINITIONAL_REPRESENTATION('',(#2731),#2735);
#2731 = LINE('',#2732,#2733);
#2732 = CARTESIAN_POINT('',(0.,14.));
#2733 = VECTOR('',#2734,1.);
#2734 = DIRECTION('',(1.,0.));
#2735 = ( GEOMETRIC_REPRESENTATION_CONTEXT(2) 
PARAMETRIC_REPRESENTATION_CONTEXT() REPRESENTATION_CONTEXT('2D SPACE',''
  ) );
#2736 = ORIENTED_EDGE('',*,*,#1818,.F.);
#2737 = ORIENTED_EDGE('',*,*,#580,.T.);
#2738 = ORIENTED_EDGE('',*,*,#2739,.F.);
#2739 = EDGE_CURVE('',#893,#552,#2740,.T.);
#2740 = SURFACE_CURVE('',#2741,(#2745,#2751),.PCURVE_S1.);
#2741 = LINE('',#2742,#2743);
#2742 = CARTESIAN_POINT('',(0.,-6.6,-4.3));
#2743 = VECTOR('',#2744,1.);
#2744 = DIRECTION('',(0.,0.,1.));
#2745 = PCURVE('',#595,#2746);
#2746 = DEFINITIONAL_REPRESENTATION('',(#2747),#2750);
#2747 = B_SPLINE_CURVE_WITH_KNOTS('',1,(#2748,#2749),.UNSPECIFIED.,.F.,
  .F.,(2,2),(-5.999999999062E-07,1.3000006),.PIECEWISE_BEZIER_KNOTS.);
#2748 = CARTESIAN_POINT('',(45.6999994,-43.4));
#2749 = CARTESIAN_POINT('',(47.0000006,-43.4));
#2750 = ( GEOMETRIC_REPRESENTATION_CONTEXT(2) 
PARAMETRIC_REPRESENTATION_CONTEXT() REPRESENTATION_CONTEXT('2D SPACE',''
  ) );
#2751 = PCURVE('',#568,#2752);
#2752 = DEFINITIONAL_REPRESENTATION('',(#2753),#2756);
#2753 = B_SPLINE_CURVE_WITH_KNOTS('',1,(#2754,#2755),.UNSPECIFIED.,.F.,
  .F.,(2,2),(-5.999999999062E-07,1.3000006),.PIECEWISE_BEZIER_KNOTS.);
#2754 = CARTESIAN_POINT('',(4.712388980385,-5.999999999062E-07));
#2755 = CARTESIAN_POINT('',(4.712388980385,1.3000006));
#2756 = ( GEOMETRIC_REPRESENTATION_CONTEXT(2) 
PARAMETRIC_REPRESENTATION_CONTEXT() REPRESENTATION_CONTEXT('2D SPACE',''
  ) );
#2757 = ORIENTED_EDGE('',*,*,#971,.T.);
#2758 = ORIENTED_EDGE('',*,*,#2759,.T.);
#2759 = EDGE_CURVE('',#943,#1099,#2760,.T.);
#2760 = SURFACE_CURVE('',#2761,(#2765,#2771),.PCURVE_S1.);
#2761 = LINE('',#2762,#2763);
#2762 = CARTESIAN_POINT('',(0.,-3.2,-4.31));
#2763 = VECTOR('',#2764,1.);
#2764 = DIRECTION('',(0.,0.,1.));
#2765 = PCURVE('',#595,#2766);
#2766 = DEFINITIONAL_REPRESENTATION('',(#2767),#2770);
#2767 = B_SPLINE_CURVE_WITH_KNOTS('',1,(#2768,#2769),.UNSPECIFIED.,.F.,
  .F.,(2,2),(9.9994E-03,0.4100006),.PIECEWISE_BEZIER_KNOTS.);
#2768 = CARTESIAN_POINT('',(45.6999994,-46.8));
#2769 = CARTESIAN_POINT('',(46.1000006,-46.8));
#2770 = ( GEOMETRIC_REPRESENTATION_CONTEXT(2) 
PARAMETRIC_REPRESENTATION_CONTEXT() REPRESENTATION_CONTEXT('2D SPACE',''
  ) );
#2771 = PCURVE('',#959,#2772);
#2772 = DEFINITIONAL_REPRESENTATION('',(#2773),#2776);
#2773 = B_SPLINE_CURVE_WITH_KNOTS('',1,(#2774,#2775),.UNSPECIFIED.,.F.,
  .F.,(2,2),(9.9994E-03,0.4100006),.PIECEWISE_BEZIER_KNOTS.);
#2774 = CARTESIAN_POINT('',(4.712388980385,9.9994E-03));
#2775 = CARTESIAN_POINT('',(4.712388980385,0.4100006));
#2776 = ( GEOMETRIC_REPRESENTATION_CONTEXT(2) 
PARAMETRIC_REPRESENTATION_CONTEXT() REPRESENTATION_CONTEXT('2D SPACE',''
  ) );
#2777 = ORIENTED_EDGE('',*,*,#1122,.F.);
#2778 = ORIENTED_EDGE('',*,*,#2779,.T.);
#2779 = EDGE_CURVE('',#1044,#1250,#2780,.T.);
#2780 = SURFACE_CURVE('',#2781,(#2785,#2791),.PCURVE_S1.);
#2781 = LINE('',#2782,#2783);
#2782 = CARTESIAN_POINT('',(0.,-5.,-3.9));
#2783 = VECTOR('',#2784,1.);
#2784 = DIRECTION('',(0.,0.,1.));
#2785 = PCURVE('',#595,#2786);
#2786 = DEFINITIONAL_REPRESENTATION('',(#2787),#2790);
#2787 = B_SPLINE_CURVE_WITH_KNOTS('',1,(#2788,#2789),.UNSPECIFIED.,.F.,
  .F.,(2,2),(-5.999999999062E-07,0.9000006),.PIECEWISE_BEZIER_KNOTS.);
#2788 = CARTESIAN_POINT('',(46.0999994,-45.));
#2789 = CARTESIAN_POINT('',(47.0000006,-45.));
#2790 = ( GEOMETRIC_REPRESENTATION_CONTEXT(2) 
PARAMETRIC_REPRESENTATION_CONTEXT() REPRESENTATION_CONTEXT('2D SPACE',''
  ) );
#2791 = PCURVE('',#1062,#2792);
#2792 = DEFINITIONAL_REPRESENTATION('',(#2793),#2796);
#2793 = B_SPLINE_CURVE_WITH_KNOTS('',1,(#2794,#2795),.UNSPECIFIED.,.F.,
  .F.,(2,2),(-5.999999999062E-07,0.9000006),.PIECEWISE_BEZIER_KNOTS.);
#2794 = CARTESIAN_POINT('',(4.712388980385,-5.999999999062E-07));
#2795 = CARTESIAN_POINT('',(4.712388980385,0.9000006));
#2796 = ( GEOMETRIC_REPRESENTATION_CONTEXT(2) 
PARAMETRIC_REPRESENTATION_CONTEXT() REPRESENTATION_CONTEXT('2D SPACE',''
  ) );
#2797 = ORIENTED_EDGE('',*,*,#1273,.F.);
#2798 = ORIENTED_EDGE('',*,*,#2799,.T.);
#2799 = EDGE_CURVE('',#1195,#1426,#2800,.T.);
#2800 = SURFACE_CURVE('',#2801,(#2805,#2811),.PCURVE_S1.);
#2801 = LINE('',#2802,#2803);
#2802 = CARTESIAN_POINT('',(0.,-5.1,-3.01));
#2803 = VECTOR('',#2804,1.);
#2804 = DIRECTION('',(0.,0.,1.));
#2805 = PCURVE('',#595,#2806);
#2806 = DEFINITIONAL_REPRESENTATION('',(#2807),#2810);
#2807 = B_SPLINE_CURVE_WITH_KNOTS('',1,(#2808,#2809),.UNSPECIFIED.,.F.,
  .F.,(2,2),(9.9994E-03,3.0100006),.PIECEWISE_BEZIER_KNOTS.);
#2808 = CARTESIAN_POINT('',(46.9999994,-44.9));
#2809 = CARTESIAN_POINT('',(50.0000006,-44.9));
#2810 = ( GEOMETRIC_REPRESENTATION_CONTEXT(2) 
PARAMETRIC_REPRESENTATION_CONTEXT() REPRESENTATION_CONTEXT('2D SPACE',''
  ) );
#2811 = PCURVE('',#1213,#2812);
#2812 = DEFINITIONAL_REPRESENTATION('',(#2813),#2816);
#2813 = B_SPLINE_CURVE_WITH_KNOTS('',1,(#2814,#2815),.UNSPECIFIED.,.F.,
  .F.,(2,2),(9.9994E-03,3.0100006),.PIECEWISE_BEZIER_KNOTS.);
#2814 = CARTESIAN_POINT('',(4.712388980385,9.9994E-03));
#2815 = CARTESIAN_POINT('',(4.712388980385,3.0100006));
#2816 = ( GEOMETRIC_REPRESENTATION_CONTEXT(2) 
PARAMETRIC_REPRESENTATION_CONTEXT() REPRESENTATION_CONTEXT('2D SPACE',''
  ) );
#2817 = ORIENTED_EDGE('',*,*,#1449,.F.);
#2818 = ORIENTED_EDGE('',*,*,#2819,.T.);
#2819 = EDGE_CURVE('',#1450,#1689,#2820,.T.);
#2820 = SURFACE_CURVE('',#2821,(#2825,#2831),.PCURVE_S1.);
#2821 = LINE('',#2822,#2823);
#2822 = CARTESIAN_POINT('',(0.,-14.04,-1.E-02));
#2823 = VECTOR('',#2824,1.);
#2824 = DIRECTION('',(0.,0.,1.));
#2825 = PCURVE('',#595,#2826);
#2826 = DEFINITIONAL_REPRESENTATION('',(#2827),#2830);
#2827 = B_SPLINE_CURVE_WITH_KNOTS('',1,(#2828,#2829),.UNSPECIFIED.,.F.,
  .F.,(2,2),(9.9994E-03,0.6100006),.PIECEWISE_BEZIER_KNOTS.);
#2828 = CARTESIAN_POINT('',(49.9999994,-35.96));
#2829 = CARTESIAN_POINT('',(50.6000006,-35.96));
#2830 = ( GEOMETRIC_REPRESENTATION_CONTEXT(2) 
PARAMETRIC_REPRESENTATION_CONTEXT() REPRESENTATION_CONTEXT('2D SPACE',''
  ) );
#2831 = PCURVE('',#1487,#2832);
#2832 = DEFINITIONAL_REPRESENTATION('',(#2833),#2836);
#2833 = B_SPLINE_CURVE_WITH_KNOTS('',1,(#2834,#2835),.UNSPECIFIED.,.F.,
  .F.,(2,2),(9.9994E-03,0.6100006),.PIECEWISE_BEZIER_KNOTS.);
#2834 = CARTESIAN_POINT('',(4.712388980385,9.9994E-03));
#2835 = CARTESIAN_POINT('',(4.712388980385,0.6100006));
#2836 = ( GEOMETRIC_REPRESENTATION_CONTEXT(2) 
PARAMETRIC_REPRESENTATION_CONTEXT() REPRESENTATION_CONTEXT('2D SPACE',''
  ) );
#2837 = ORIENTED_EDGE('',*,*,#1712,.F.);
#2838 = ORIENTED_EDGE('',*,*,#2839,.F.);
#2839 = EDGE_CURVE('',#742,#1576,#2840,.T.);
#2840 = SURFACE_CURVE('',#2841,(#2845,#2851),.PCURVE_S1.);
#2841 = LINE('',#2842,#2843);
#2842 = CARTESIAN_POINT('',(0.,-15.6,0.));
#2843 = VECTOR('',#2844,1.);
#2844 = DIRECTION('',(0.,0.,1.));
#2845 = PCURVE('',#595,#2846);
#2846 = DEFINITIONAL_REPRESENTATION('',(#2847),#2850);
#2847 = B_SPLINE_CURVE_WITH_KNOTS('',1,(#2848,#2849),.UNSPECIFIED.,.F.,
  .F.,(2,2),(-6.E-07,0.6000006),.PIECEWISE_BEZIER_KNOTS.);
#2848 = CARTESIAN_POINT('',(49.9999994,-34.4));
#2849 = CARTESIAN_POINT('',(50.6000006,-34.4));
#2850 = ( GEOMETRIC_REPRESENTATION_CONTEXT(2) 
PARAMETRIC_REPRESENTATION_CONTEXT() REPRESENTATION_CONTEXT('2D SPACE',''
  ) );
#2851 = PCURVE('',#758,#2852);
#2852 = DEFINITIONAL_REPRESENTATION('',(#2853),#2856);
#2853 = B_SPLINE_CURVE_WITH_KNOTS('',1,(#2854,#2855),.UNSPECIFIED.,.F.,
  .F.,(2,2),(-6.E-07,0.6000006),.PIECEWISE_BEZIER_KNOTS.);
#2854 = CARTESIAN_POINT('',(4.712388980385,-6.E-07));
#2855 = CARTESIAN_POINT('',(4.712388980385,0.6000006));
#2856 = ( GEOMETRIC_REPRESENTATION_CONTEXT(2) 
PARAMETRIC_REPRESENTATION_CONTEXT() REPRESENTATION_CONTEXT('2D SPACE',''
  ) );
#2857 = ADVANCED_FACE('',(#2858),#568,.T.);
#2858 = FACE_BOUND('',#2859,.T.);
#2859 = EDGE_LOOP('',(#2860,#2861,#2862,#2863));
#2860 = ORIENTED_EDGE('',*,*,#843,.T.);
#2861 = ORIENTED_EDGE('',*,*,#551,.F.);
#2862 = ORIENTED_EDGE('',*,*,#2739,.F.);
#2863 = ORIENTED_EDGE('',*,*,#892,.T.);
#2864 = ADVANCED_FACE('',(#2865),#652,.F.);
#2865 = FACE_BOUND('',#2866,.F.);
#2866 = EDGE_LOOP('',(#2867,#2868,#2889,#2890));
#2867 = ORIENTED_EDGE('',*,*,#815,.F.);
#2868 = ORIENTED_EDGE('',*,*,#2869,.F.);
#2869 = EDGE_CURVE('',#636,#816,#2870,.T.);
#2870 = SEAM_CURVE('',#2871,(#2875,#2882),.PCURVE_S1.);
#2871 = LINE('',#2872,#2873);
#2872 = CARTESIAN_POINT('',(16.367880131526,9.45,-3.1));
#2873 = VECTOR('',#2874,1.);
#2874 = DIRECTION('',(0.,0.,1.));
#2875 = PCURVE('',#652,#2876);
#2876 = DEFINITIONAL_REPRESENTATION('',(#2877),#2881);
#2877 = LINE('',#2878,#2879);
#2878 = CARTESIAN_POINT('',(6.28318530718,-0.));
#2879 = VECTOR('',#2880,1.);
#2880 = DIRECTION('',(0.,1.));
#2881 = ( GEOMETRIC_REPRESENTATION_CONTEXT(2) 
PARAMETRIC_REPRESENTATION_CONTEXT() REPRESENTATION_CONTEXT('2D SPACE',''
  ) );
#2882 = PCURVE('',#652,#2883);
#2883 = DEFINITIONAL_REPRESENTATION('',(#2884),#2888);
#2884 = LINE('',#2885,#2886);
#2885 = CARTESIAN_POINT('',(0.,-0.));
#2886 = VECTOR('',#2887,1.);
#2887 = DIRECTION('',(0.,1.));
#2888 = ( GEOMETRIC_REPRESENTATION_CONTEXT(2) 
PARAMETRIC_REPRESENTATION_CONTEXT() REPRESENTATION_CONTEXT('2D SPACE',''
  ) );
#2889 = ORIENTED_EDGE('',*,*,#635,.T.);
#2890 = ORIENTED_EDGE('',*,*,#2869,.T.);
#2891 = ADVANCED_FACE('',(#2892),#758,.T.);
#2892 = FACE_BOUND('',#2893,.T.);
#2893 = EDGE_LOOP('',(#2894,#2895,#2896,#2897));
#2894 = ORIENTED_EDGE('',*,*,#1735,.T.);
#2895 = ORIENTED_EDGE('',*,*,#1575,.F.);
#2896 = ORIENTED_EDGE('',*,*,#2839,.F.);
#2897 = ORIENTED_EDGE('',*,*,#741,.T.);
#2898 = ADVANCED_FACE('',(#2899),#959,.F.);
#2899 = FACE_BOUND('',#2900,.F.);
#2900 = EDGE_LOOP('',(#2901,#2902,#2903,#2904));
#2901 = ORIENTED_EDGE('',*,*,#1017,.T.);
#2902 = ORIENTED_EDGE('',*,*,#1098,.F.);
#2903 = ORIENTED_EDGE('',*,*,#2759,.F.);
#2904 = ORIENTED_EDGE('',*,*,#942,.T.);
#2905 = ADVANCED_FACE('',(#2906),#1062,.F.);
#2906 = FACE_BOUND('',#2907,.F.);
#2907 = EDGE_LOOP('',(#2908,#2909,#2910,#2911));
#2908 = ORIENTED_EDGE('',*,*,#1168,.T.);
#2909 = ORIENTED_EDGE('',*,*,#1249,.F.);
#2910 = ORIENTED_EDGE('',*,*,#2779,.F.);
#2911 = ORIENTED_EDGE('',*,*,#1043,.T.);
#2912 = ADVANCED_FACE('',(#2913),#1213,.F.);
#2913 = FACE_BOUND('',#2914,.F.);
#2914 = EDGE_LOOP('',(#2915,#2916,#2917,#2918));
#2915 = ORIENTED_EDGE('',*,*,#1319,.T.);
#2916 = ORIENTED_EDGE('',*,*,#1425,.F.);
#2917 = ORIENTED_EDGE('',*,*,#2799,.F.);
#2918 = ORIENTED_EDGE('',*,*,#1194,.T.);
#2919 = ADVANCED_FACE('',(#2920),#1363,.F.);
#2920 = FACE_BOUND('',#2921,.F.);
#2921 = EDGE_LOOP('',(#2922,#2943,#2944,#2965));
#2922 = ORIENTED_EDGE('',*,*,#2923,.F.);
#2923 = EDGE_CURVE('',#1346,#1647,#2924,.T.);
#2924 = SURFACE_CURVE('',#2925,(#2929,#2936),.PCURVE_S1.);
#2925 = LINE('',#2926,#2927);
#2926 = CARTESIAN_POINT('',(15.31,-1.01,-1.E-02));
#2927 = VECTOR('',#2928,1.);
#2928 = DIRECTION('',(0.,0.,1.));
#2929 = PCURVE('',#1363,#2930);
#2930 = DEFINITIONAL_REPRESENTATION('',(#2931),#2935);
#2931 = LINE('',#2932,#2933);
#2932 = CARTESIAN_POINT('',(0.,0.));
#2933 = VECTOR('',#2934,1.);
#2934 = DIRECTION('',(1.,0.));
#2935 = ( GEOMETRIC_REPRESENTATION_CONTEXT(2) 
PARAMETRIC_REPRESENTATION_CONTEXT() REPRESENTATION_CONTEXT('2D SPACE',''
  ) );
#2936 = PCURVE('',#1513,#2937);
#2937 = DEFINITIONAL_REPRESENTATION('',(#2938),#2942);
#2938 = LINE('',#2939,#2940);
#2939 = CARTESIAN_POINT('',(0.,1.42));
#2940 = VECTOR('',#2941,1.);
#2941 = DIRECTION('',(1.,0.));
#2942 = ( GEOMETRIC_REPRESENTATION_CONTEXT(2) 
PARAMETRIC_REPRESENTATION_CONTEXT() REPRESENTATION_CONTEXT('2D SPACE',''
  ) );
#2943 = ORIENTED_EDGE('',*,*,#1345,.T.);
#2944 = ORIENTED_EDGE('',*,*,#2945,.T.);
#2945 = EDGE_CURVE('',#1348,#1626,#2946,.T.);
#2946 = SURFACE_CURVE('',#2947,(#2951,#2958),.PCURVE_S1.);
#2947 = LINE('',#2948,#2949);
#2948 = CARTESIAN_POINT('',(15.31,1.01,-1.E-02));
#2949 = VECTOR('',#2950,1.);
#2950 = DIRECTION('',(0.,0.,1.));
#2951 = PCURVE('',#1363,#2952);
#2952 = DEFINITIONAL_REPRESENTATION('',(#2953),#2957);
#2953 = LINE('',#2954,#2955);
#2954 = CARTESIAN_POINT('',(0.,-2.02));
#2955 = VECTOR('',#2956,1.);
#2956 = DIRECTION('',(1.,0.));
#2957 = ( GEOMETRIC_REPRESENTATION_CONTEXT(2) 
PARAMETRIC_REPRESENTATION_CONTEXT() REPRESENTATION_CONTEXT('2D SPACE',''
  ) );
#2958 = PCURVE('',#1390,#2959);
#2959 = DEFINITIONAL_REPRESENTATION('',(#2960),#2964);
#2960 = LINE('',#2961,#2962);
#2961 = CARTESIAN_POINT('',(0.,1.42));
#2962 = VECTOR('',#2963,1.);
#2963 = DIRECTION('',(1.,0.));
#2964 = ( GEOMETRIC_REPRESENTATION_CONTEXT(2) 
PARAMETRIC_REPRESENTATION_CONTEXT() REPRESENTATION_CONTEXT('2D SPACE',''
  ) );
#2965 = ORIENTED_EDGE('',*,*,#1646,.F.);
#2966 = ADVANCED_FACE('',(#2967),#1513,.T.);
#2967 = FACE_BOUND('',#2968,.T.);
#2968 = EDGE_LOOP('',(#2969,#2970,#2971,#2990));
#2969 = ORIENTED_EDGE('',*,*,#2923,.F.);
#2970 = ORIENTED_EDGE('',*,*,#1499,.T.);
#2971 = ORIENTED_EDGE('',*,*,#2972,.T.);
#2972 = EDGE_CURVE('',#1471,#1668,#2973,.T.);
#2973 = SURFACE_CURVE('',#2974,(#2978,#2984),.PCURVE_S1.);
#2974 = LINE('',#2975,#2976);
#2975 = CARTESIAN_POINT('',(14.003624530813,-1.01,-1.E-02));
#2976 = VECTOR('',#2977,1.);
#2977 = DIRECTION('',(0.,0.,1.));
#2978 = PCURVE('',#1513,#2979);
#2979 = DEFINITIONAL_REPRESENTATION('',(#2980),#2983);
#2980 = B_SPLINE_CURVE_WITH_KNOTS('',1,(#2981,#2982),.UNSPECIFIED.,.F.,
  .F.,(2,2),(9.9994E-03,0.6100006),.PIECEWISE_BEZIER_KNOTS.);
#2981 = CARTESIAN_POINT('',(9.9994E-03,0.113624530813));
#2982 = CARTESIAN_POINT('',(0.6100006,0.113624530813));
#2983 = ( GEOMETRIC_REPRESENTATION_CONTEXT(2) 
PARAMETRIC_REPRESENTATION_CONTEXT() REPRESENTATION_CONTEXT('2D SPACE',''
  ) );
#2984 = PCURVE('',#1487,#2985);
#2985 = DEFINITIONAL_REPRESENTATION('',(#2986),#2989);
#2986 = B_SPLINE_CURVE_WITH_KNOTS('',1,(#2987,#2988),.UNSPECIFIED.,.F.,
  .F.,(2,2),(9.9994E-03,0.6100006),.PIECEWISE_BEZIER_KNOTS.);
#2987 = CARTESIAN_POINT('',(6.211185794627,9.9994E-03));
#2988 = CARTESIAN_POINT('',(6.211185794627,0.6100006));
#2989 = ( GEOMETRIC_REPRESENTATION_CONTEXT(2) 
PARAMETRIC_REPRESENTATION_CONTEXT() REPRESENTATION_CONTEXT('2D SPACE',''
  ) );
#2990 = ORIENTED_EDGE('',*,*,#1667,.F.);
#2991 = ADVANCED_FACE('',(#2992),#1487,.F.);
#2992 = FACE_BOUND('',#2993,.F.);
#2993 = EDGE_LOOP('',(#2994,#2995,#2996,#2997));
#2994 = ORIENTED_EDGE('',*,*,#1470,.T.);
#2995 = ORIENTED_EDGE('',*,*,#2972,.T.);
#2996 = ORIENTED_EDGE('',*,*,#1688,.F.);
#2997 = ORIENTED_EDGE('',*,*,#2819,.F.);
#2998 = ADVANCED_FACE('',(#2999),#1390,.F.);
#2999 = FACE_BOUND('',#3000,.F.);
#3000 = EDGE_LOOP('',(#3001,#3002,#3003,#3004));
#3001 = ORIENTED_EDGE('',*,*,#2945,.F.);
#3002 = ORIENTED_EDGE('',*,*,#1374,.T.);
#3003 = ORIENTED_EDGE('',*,*,#1551,.T.);
#3004 = ORIENTED_EDGE('',*,*,#1625,.F.);
#3005 = ADVANCED_FACE('',(#3006,#3009),#1800,.F.);
#3006 = FACE_BOUND('',#3007,.F.);
#3007 = EDGE_LOOP('',(#3008));
#3008 = ORIENTED_EDGE('',*,*,#1785,.T.);
#3009 = FACE_BOUND('',#3010,.F.);
#3010 = EDGE_LOOP('',(#3011));
#3011 = ORIENTED_EDGE('',*,*,#3012,.F.);
#3012 = EDGE_CURVE('',#3013,#3013,#3015,.T.);
#3013 = VERTEX_POINT('',#3014);
#3014 = CARTESIAN_POINT('',(1.E-01,16.2,-0.67));
#3015 = SURFACE_CURVE('',#3016,(#3021,#3028),.PCURVE_S1.);
#3016 = CIRCLE('',#3017,0.83);
#3017 = AXIS2_PLACEMENT_3D('',#3018,#3019,#3020);
#3018 = CARTESIAN_POINT('',(1.E-01,16.2,-1.5));
#3019 = DIRECTION('',(1.,0.,0.));
#3020 = DIRECTION('',(-0.,0.,1.));
#3021 = PCURVE('',#1800,#3022);
#3022 = DEFINITIONAL_REPRESENTATION('',(#3023),#3027);
#3023 = CIRCLE('',#3024,0.83);
#3024 = AXIS2_PLACEMENT_2D('',#3025,#3026);
#3025 = CARTESIAN_POINT('',(0.,0.));
#3026 = DIRECTION('',(1.,0.));
#3027 = ( GEOMETRIC_REPRESENTATION_CONTEXT(2) 
PARAMETRIC_REPRESENTATION_CONTEXT() REPRESENTATION_CONTEXT('2D SPACE',''
  ) );
#3028 = PCURVE('',#3029,#3034);
#3029 = CYLINDRICAL_SURFACE('',#3030,0.83);
#3030 = AXIS2_PLACEMENT_3D('',#3031,#3032,#3033);
#3031 = CARTESIAN_POINT('',(-0.1,16.2,-1.5));
#3032 = DIRECTION('',(1.,0.,0.));
#3033 = DIRECTION('',(-0.,0.,1.));
#3034 = DEFINITIONAL_REPRESENTATION('',(#3035),#3039);
#3035 = LINE('',#3036,#3037);
#3036 = CARTESIAN_POINT('',(0.,0.2));
#3037 = VECTOR('',#3038,1.);
#3038 = DIRECTION('',(1.,0.));
#3039 = ( GEOMETRIC_REPRESENTATION_CONTEXT(2) 
PARAMETRIC_REPRESENTATION_CONTEXT() REPRESENTATION_CONTEXT('2D SPACE',''
  ) );
#3040 = ADVANCED_FACE('',(#3041),#2575,.F.);
#3041 = FACE_BOUND('',#3042,.F.);
#3042 = EDGE_LOOP('',(#3043,#3066,#3067,#3068));
#3043 = ORIENTED_EDGE('',*,*,#3044,.F.);
#3044 = EDGE_CURVE('',#2692,#3045,#3047,.T.);
#3045 = VERTEX_POINT('',#3046);
#3046 = CARTESIAN_POINT('',(1.E-01,-16.2,-0.4));
#3047 = SURFACE_CURVE('',#3048,(#3052,#3059),.PCURVE_S1.);
#3048 = LINE('',#3049,#3050);
#3049 = CARTESIAN_POINT('',(-14.,-16.2,-0.4));
#3050 = VECTOR('',#3051,1.);
#3051 = DIRECTION('',(1.,0.,0.));
#3052 = PCURVE('',#2575,#3053);
#3053 = DEFINITIONAL_REPRESENTATION('',(#3054),#3058);
#3054 = LINE('',#3055,#3056);
#3055 = CARTESIAN_POINT('',(0.,-0.));
#3056 = VECTOR('',#3057,1.);
#3057 = DIRECTION('',(0.,1.));
#3058 = ( GEOMETRIC_REPRESENTATION_CONTEXT(2) 
PARAMETRIC_REPRESENTATION_CONTEXT() REPRESENTATION_CONTEXT('2D SPACE',''
  ) );
#3059 = PCURVE('',#2013,#3060);
#3060 = DEFINITIONAL_REPRESENTATION('',(#3061),#3065);
#3061 = LINE('',#3062,#3063);
#3062 = CARTESIAN_POINT('',(6.28318530718,-0.));
#3063 = VECTOR('',#3064,1.);
#3064 = DIRECTION('',(0.,1.));
#3065 = ( GEOMETRIC_REPRESENTATION_CONTEXT(2) 
PARAMETRIC_REPRESENTATION_CONTEXT() REPRESENTATION_CONTEXT('2D SPACE',''
  ) );
#3066 = ORIENTED_EDGE('',*,*,#2691,.T.);
#3067 = ORIENTED_EDGE('',*,*,#2401,.T.);
#3068 = ORIENTED_EDGE('',*,*,#3069,.F.);
#3069 = EDGE_CURVE('',#3045,#2381,#3070,.T.);
#3070 = SURFACE_CURVE('',#3071,(#3076,#3083),.PCURVE_S1.);
#3071 = CIRCLE('',#3072,1.1);
#3072 = AXIS2_PLACEMENT_3D('',#3073,#3074,#3075);
#3073 = CARTESIAN_POINT('',(1.E-01,-16.2,-1.5));
#3074 = DIRECTION('',(1.,0.,0.));
#3075 = DIRECTION('',(-0.,0.,1.));
#3076 = PCURVE('',#2575,#3077);
#3077 = DEFINITIONAL_REPRESENTATION('',(#3078),#3082);
#3078 = LINE('',#3079,#3080);
#3079 = CARTESIAN_POINT('',(0.,14.1));
#3080 = VECTOR('',#3081,1.);
#3081 = DIRECTION('',(1.,0.));
#3082 = ( GEOMETRIC_REPRESENTATION_CONTEXT(2) 
PARAMETRIC_REPRESENTATION_CONTEXT() REPRESENTATION_CONTEXT('2D SPACE',''
  ) );
#3083 = PCURVE('',#2119,#3084);
#3084 = DEFINITIONAL_REPRESENTATION('',(#3085),#3089);
#3085 = CIRCLE('',#3086,1.1);
#3086 = AXIS2_PLACEMENT_2D('',#3087,#3088);
#3087 = CARTESIAN_POINT('',(0.,0.));
#3088 = DIRECTION('',(1.,0.));
#3089 = ( GEOMETRIC_REPRESENTATION_CONTEXT(2) 
PARAMETRIC_REPRESENTATION_CONTEXT() REPRESENTATION_CONTEXT('2D SPACE',''
  ) );
#3090 = ADVANCED_FACE('',(#3091),#2119,.F.);
#3091 = FACE_BOUND('',#3092,.F.);
#3092 = EDGE_LOOP('',(#3093,#3094,#3116,#3117,#3118,#3142));
#3093 = ORIENTED_EDGE('',*,*,#2104,.F.);
#3094 = ORIENTED_EDGE('',*,*,#3095,.T.);
#3095 = EDGE_CURVE('',#1840,#3045,#3096,.T.);
#3096 = SURFACE_CURVE('',#3097,(#3102,#3109),.PCURVE_S1.);
#3097 = CIRCLE('',#3098,1.1);
#3098 = AXIS2_PLACEMENT_3D('',#3099,#3100,#3101);
#3099 = CARTESIAN_POINT('',(1.E-01,-16.2,-1.5));
#3100 = DIRECTION('',(1.,0.,0.));
#3101 = DIRECTION('',(-0.,0.,1.));
#3102 = PCURVE('',#2119,#3103);
#3103 = DEFINITIONAL_REPRESENTATION('',(#3104),#3108);
#3104 = CIRCLE('',#3105,1.1);
#3105 = AXIS2_PLACEMENT_2D('',#3106,#3107);
#3106 = CARTESIAN_POINT('',(0.,0.));
#3107 = DIRECTION('',(1.,0.));
#3108 = ( GEOMETRIC_REPRESENTATION_CONTEXT(2) 
PARAMETRIC_REPRESENTATION_CONTEXT() REPRESENTATION_CONTEXT('2D SPACE',''
  ) );
#3109 = PCURVE('',#2013,#3110);
#3110 = DEFINITIONAL_REPRESENTATION('',(#3111),#3115);
#3111 = LINE('',#3112,#3113);
#3112 = CARTESIAN_POINT('',(0.,14.1));
#3113 = VECTOR('',#3114,1.);
#3114 = DIRECTION('',(1.,0.));
#3115 = ( GEOMETRIC_REPRESENTATION_CONTEXT(2) 
PARAMETRIC_REPRESENTATION_CONTEXT() REPRESENTATION_CONTEXT('2D SPACE',''
  ) );
#3116 = ORIENTED_EDGE('',*,*,#3069,.T.);
#3117 = ORIENTED_EDGE('',*,*,#2380,.F.);
#3118 = ORIENTED_EDGE('',*,*,#3119,.F.);
#3119 = EDGE_CURVE('',#3120,#2131,#3122,.T.);
#3120 = VERTEX_POINT('',#3121);
#3121 = CARTESIAN_POINT('',(1.E-01,-16.2,-0.67));
#3122 = SURFACE_CURVE('',#3123,(#3128,#3135),.PCURVE_S1.);
#3123 = CIRCLE('',#3124,0.83);
#3124 = AXIS2_PLACEMENT_3D('',#3125,#3126,#3127);
#3125 = CARTESIAN_POINT('',(1.E-01,-16.2,-1.5));
#3126 = DIRECTION('',(1.,0.,0.));
#3127 = DIRECTION('',(-0.,0.,1.));
#3128 = PCURVE('',#2119,#3129);
#3129 = DEFINITIONAL_REPRESENTATION('',(#3130),#3134);
#3130 = CIRCLE('',#3131,0.83);
#3131 = AXIS2_PLACEMENT_2D('',#3132,#3133);
#3132 = CARTESIAN_POINT('',(0.,0.));
#3133 = DIRECTION('',(1.,0.));
#3134 = ( GEOMETRIC_REPRESENTATION_CONTEXT(2) 
PARAMETRIC_REPRESENTATION_CONTEXT() REPRESENTATION_CONTEXT('2D SPACE',''
  ) );
#3135 = PCURVE('',#2294,#3136);
#3136 = DEFINITIONAL_REPRESENTATION('',(#3137),#3141);
#3137 = LINE('',#3138,#3139);
#3138 = CARTESIAN_POINT('',(0.,0.2));
#3139 = VECTOR('',#3140,1.);
#3140 = DIRECTION('',(1.,0.));
#3141 = ( GEOMETRIC_REPRESENTATION_CONTEXT(2) 
PARAMETRIC_REPRESENTATION_CONTEXT() REPRESENTATION_CONTEXT('2D SPACE',''
  ) );
#3142 = ORIENTED_EDGE('',*,*,#3143,.F.);
#3143 = EDGE_CURVE('',#2105,#3120,#3144,.T.);
#3144 = SURFACE_CURVE('',#3145,(#3150,#3157),.PCURVE_S1.);
#3145 = CIRCLE('',#3146,0.83);
#3146 = AXIS2_PLACEMENT_3D('',#3147,#3148,#3149);
#3147 = CARTESIAN_POINT('',(1.E-01,-16.2,-1.5));
#3148 = DIRECTION('',(1.,0.,0.));
#3149 = DIRECTION('',(-0.,0.,1.));
#3150 = PCURVE('',#2119,#3151);
#3151 = DEFINITIONAL_REPRESENTATION('',(#3152),#3156);
#3152 = CIRCLE('',#3153,0.83);
#3153 = AXIS2_PLACEMENT_2D('',#3154,#3155);
#3154 = CARTESIAN_POINT('',(0.,0.));
#3155 = DIRECTION('',(1.,0.));
#3156 = ( GEOMETRIC_REPRESENTATION_CONTEXT(2) 
PARAMETRIC_REPRESENTATION_CONTEXT() REPRESENTATION_CONTEXT('2D SPACE',''
  ) );
#3157 = PCURVE('',#2294,#3158);
#3158 = DEFINITIONAL_REPRESENTATION('',(#3159),#3163);
#3159 = LINE('',#3160,#3161);
#3160 = CARTESIAN_POINT('',(0.,0.2));
#3161 = VECTOR('',#3162,1.);
#3162 = DIRECTION('',(1.,0.));
#3163 = ( GEOMETRIC_REPRESENTATION_CONTEXT(2) 
PARAMETRIC_REPRESENTATION_CONTEXT() REPRESENTATION_CONTEXT('2D SPACE',''
  ) );
#3164 = ADVANCED_FACE('',(#3165),#2294,.F.);
#3165 = FACE_BOUND('',#3166,.F.);
#3166 = EDGE_LOOP('',(#3167,#3190,#3217,#3218,#3219,#3220));
#3167 = ORIENTED_EDGE('',*,*,#3168,.T.);
#3168 = EDGE_CURVE('',#3120,#3169,#3171,.T.);
#3169 = VERTEX_POINT('',#3170);
#3170 = CARTESIAN_POINT('',(7.,-16.2,-0.67));
#3171 = SEAM_CURVE('',#3172,(#3176,#3183),.PCURVE_S1.);
#3172 = LINE('',#3173,#3174);
#3173 = CARTESIAN_POINT('',(-0.1,-16.2,-0.67));
#3174 = VECTOR('',#3175,1.);
#3175 = DIRECTION('',(1.,0.,0.));
#3176 = PCURVE('',#2294,#3177);
#3177 = DEFINITIONAL_REPRESENTATION('',(#3178),#3182);
#3178 = LINE('',#3179,#3180);
#3179 = CARTESIAN_POINT('',(6.28318530718,-0.));
#3180 = VECTOR('',#3181,1.);
#3181 = DIRECTION('',(0.,1.));
#3182 = ( GEOMETRIC_REPRESENTATION_CONTEXT(2) 
PARAMETRIC_REPRESENTATION_CONTEXT() REPRESENTATION_CONTEXT('2D SPACE',''
  ) );
#3183 = PCURVE('',#2294,#3184);
#3184 = DEFINITIONAL_REPRESENTATION('',(#3185),#3189);
#3185 = LINE('',#3186,#3187);
#3186 = CARTESIAN_POINT('',(0.,-0.));
#3187 = VECTOR('',#3188,1.);
#3188 = DIRECTION('',(0.,1.));
#3189 = ( GEOMETRIC_REPRESENTATION_CONTEXT(2) 
PARAMETRIC_REPRESENTATION_CONTEXT() REPRESENTATION_CONTEXT('2D SPACE',''
  ) );
#3190 = ORIENTED_EDGE('',*,*,#3191,.F.);
#3191 = EDGE_CURVE('',#3169,#3169,#3192,.T.);
#3192 = SURFACE_CURVE('',#3193,(#3198,#3205),.PCURVE_S1.);
#3193 = CIRCLE('',#3194,0.83);
#3194 = AXIS2_PLACEMENT_3D('',#3195,#3196,#3197);
#3195 = CARTESIAN_POINT('',(7.,-16.2,-1.5));
#3196 = DIRECTION('',(1.,0.,0.));
#3197 = DIRECTION('',(-0.,0.,1.));
#3198 = PCURVE('',#2294,#3199);
#3199 = DEFINITIONAL_REPRESENTATION('',(#3200),#3204);
#3200 = LINE('',#3201,#3202);
#3201 = CARTESIAN_POINT('',(0.,7.1));
#3202 = VECTOR('',#3203,1.);
#3203 = DIRECTION('',(1.,0.));
#3204 = ( GEOMETRIC_REPRESENTATION_CONTEXT(2) 
PARAMETRIC_REPRESENTATION_CONTEXT() REPRESENTATION_CONTEXT('2D SPACE',''
  ) );
#3205 = PCURVE('',#3206,#3211);
#3206 = PLANE('',#3207);
#3207 = AXIS2_PLACEMENT_3D('',#3208,#3209,#3210);
#3208 = CARTESIAN_POINT('',(7.,-16.2,-1.5));
#3209 = DIRECTION('',(1.,0.,0.));
#3210 = DIRECTION('',(-0.,0.,1.));
#3211 = DEFINITIONAL_REPRESENTATION('',(#3212),#3216);
#3212 = CIRCLE('',#3213,0.83);
#3213 = AXIS2_PLACEMENT_2D('',#3214,#3215);
#3214 = CARTESIAN_POINT('',(0.,0.));
#3215 = DIRECTION('',(1.,0.));
#3216 = ( GEOMETRIC_REPRESENTATION_CONTEXT(2) 
PARAMETRIC_REPRESENTATION_CONTEXT() REPRESENTATION_CONTEXT('2D SPACE',''
  ) );
#3217 = ORIENTED_EDGE('',*,*,#3168,.F.);
#3218 = ORIENTED_EDGE('',*,*,#3119,.T.);
#3219 = ORIENTED_EDGE('',*,*,#2130,.T.);
#3220 = ORIENTED_EDGE('',*,*,#3143,.T.);
#3221 = ADVANCED_FACE('',(#3222),#2013,.F.);
#3222 = FACE_BOUND('',#3223,.F.);
#3223 = EDGE_LOOP('',(#3224,#3225,#3226,#3227));
#3224 = ORIENTED_EDGE('',*,*,#2715,.T.);
#3225 = ORIENTED_EDGE('',*,*,#3044,.T.);
#3226 = ORIENTED_EDGE('',*,*,#3095,.F.);
#3227 = ORIENTED_EDGE('',*,*,#1839,.T.);
#3228 = ADVANCED_FACE('',(#3229),#3029,.F.);
#3229 = FACE_BOUND('',#3230,.F.);
#3230 = EDGE_LOOP('',(#3231,#3254,#3281,#3282));
#3231 = ORIENTED_EDGE('',*,*,#3232,.T.);
#3232 = EDGE_CURVE('',#3013,#3233,#3235,.T.);
#3233 = VERTEX_POINT('',#3234);
#3234 = CARTESIAN_POINT('',(7.,16.2,-0.67));
#3235 = SEAM_CURVE('',#3236,(#3240,#3247),.PCURVE_S1.);
#3236 = LINE('',#3237,#3238);
#3237 = CARTESIAN_POINT('',(-0.1,16.2,-0.67));
#3238 = VECTOR('',#3239,1.);
#3239 = DIRECTION('',(1.,0.,0.));
#3240 = PCURVE('',#3029,#3241);
#3241 = DEFINITIONAL_REPRESENTATION('',(#3242),#3246);
#3242 = LINE('',#3243,#3244);
#3243 = CARTESIAN_POINT('',(6.28318530718,-0.));
#3244 = VECTOR('',#3245,1.);
#3245 = DIRECTION('',(0.,1.));
#3246 = ( GEOMETRIC_REPRESENTATION_CONTEXT(2) 
PARAMETRIC_REPRESENTATION_CONTEXT() REPRESENTATION_CONTEXT('2D SPACE',''
  ) );
#3247 = PCURVE('',#3029,#3248);
#3248 = DEFINITIONAL_REPRESENTATION('',(#3249),#3253);
#3249 = LINE('',#3250,#3251);
#3250 = CARTESIAN_POINT('',(0.,-0.));
#3251 = VECTOR('',#3252,1.);
#3252 = DIRECTION('',(0.,1.));
#3253 = ( GEOMETRIC_REPRESENTATION_CONTEXT(2) 
PARAMETRIC_REPRESENTATION_CONTEXT() REPRESENTATION_CONTEXT('2D SPACE',''
  ) );
#3254 = ORIENTED_EDGE('',*,*,#3255,.F.);
#3255 = EDGE_CURVE('',#3233,#3233,#3256,.T.);
#3256 = SURFACE_CURVE('',#3257,(#3262,#3269),.PCURVE_S1.);
#3257 = CIRCLE('',#3258,0.83);
#3258 = AXIS2_PLACEMENT_3D('',#3259,#3260,#3261);
#3259 = CARTESIAN_POINT('',(7.,16.2,-1.5));
#3260 = DIRECTION('',(1.,0.,0.));
#3261 = DIRECTION('',(-0.,0.,1.));
#3262 = PCURVE('',#3029,#3263);
#3263 = DEFINITIONAL_REPRESENTATION('',(#3264),#3268);
#3264 = LINE('',#3265,#3266);
#3265 = CARTESIAN_POINT('',(0.,7.1));
#3266 = VECTOR('',#3267,1.);
#3267 = DIRECTION('',(1.,0.));
#3268 = ( GEOMETRIC_REPRESENTATION_CONTEXT(2) 
PARAMETRIC_REPRESENTATION_CONTEXT() REPRESENTATION_CONTEXT('2D SPACE',''
  ) );
#3269 = PCURVE('',#3270,#3275);
#3270 = PLANE('',#3271);
#3271 = AXIS2_PLACEMENT_3D('',#3272,#3273,#3274);
#3272 = CARTESIAN_POINT('',(7.,16.2,-1.5));
#3273 = DIRECTION('',(1.,0.,0.));
#3274 = DIRECTION('',(-0.,0.,1.));
#3275 = DEFINITIONAL_REPRESENTATION('',(#3276),#3280);
#3276 = CIRCLE('',#3277,0.83);
#3277 = AXIS2_PLACEMENT_2D('',#3278,#3279);
#3278 = CARTESIAN_POINT('',(0.,0.));
#3279 = DIRECTION('',(1.,0.));
#3280 = ( GEOMETRIC_REPRESENTATION_CONTEXT(2) 
PARAMETRIC_REPRESENTATION_CONTEXT() REPRESENTATION_CONTEXT('2D SPACE',''
  ) );
#3281 = ORIENTED_EDGE('',*,*,#3232,.F.);
#3282 = ORIENTED_EDGE('',*,*,#3012,.T.);
#3283 = ADVANCED_FACE('',(#3284),#3206,.F.);
#3284 = FACE_BOUND('',#3285,.F.);
#3285 = EDGE_LOOP('',(#3286));
#3286 = ORIENTED_EDGE('',*,*,#3191,.T.);
#3287 = ADVANCED_FACE('',(#3288),#3270,.F.);
#3288 = FACE_BOUND('',#3289,.F.);
#3289 = EDGE_LOOP('',(#3290));
#3290 = ORIENTED_EDGE('',*,*,#3255,.T.);
#3291 = ( GEOMETRIC_REPRESENTATION_CONTEXT(3) 
GLOBAL_UNCERTAINTY_ASSIGNED_CONTEXT((#3295)) 
GLOBAL_UNIT_ASSIGNED_CONTEXT((#3292,#3293,#3294)) REPRESENTATION_CONTEXT
('Context #1','3D Context with UNIT and UNCERTAINTY') );
#3292 = ( LENGTH_UNIT() NAMED_UNIT(*) SI_UNIT(.MILLI.,.METRE.) );
#3293 = ( NAMED_UNIT(*) PLANE_ANGLE_UNIT() SI_UNIT($,.RADIAN.) );
#3294 = ( NAMED_UNIT(*) SI_UNIT($,.STERADIAN.) SOLID_ANGLE_UNIT() );
#3295 = UNCERTAINTY_MEASURE_WITH_UNIT(LENGTH_MEASURE(1.E-07),#3292,
  'distance_accuracy_value','confusion accuracy');
#3296 = PRODUCT_RELATED_PRODUCT_CATEGORY('part',$,(#7));
ENDSEC;
END-ISO-10303-21;
