ISO-10303-21;
HEADER;
FILE_DESCRIPTION(('Open CASCADE Model'),'2;1');
FILE_NAME('Open CASCADE Shape Model','2026-09-24T19:52:58',('Author'),(
    'Open CASCADE'),'Open CASCADE STEP processor 7.8','Open CASCADE 7.8'
  ,'Unknown');
FILE_SCHEMA(('AUTOMOTIVE_DESIGN { 1 0 10303 214 1 1 1 1 }'));
ENDSEC;
DATA;
#1 = APPLICATION_PROTOCOL_DEFINITION('international standard',
  'automotive_design',2000,#2);
#2 = APPLICATION_CONTEXT(
  'core data for automotive mechanical design processes');
#3 = SHAPE_DEFINITION_REPRESENTATION(#4,#10);
#4 = PRODUCT_DEFINITION_SHAPE('','',#5);
#5 = PRODUCT_DEFINITION('design','',#6,#9);
#6 = PRODUCT_DEFINITION_FORMATION('','',#7);
#7 = PRODUCT('Open CASCADE STEP translator 7.8 22',
  'Open CASCADE STEP translator 7.8 22','',(#8));
#8 = PRODUCT_CONTEXT('',#2,'mechanical');
#9 = PRODUCT_DEFINITION_CONTEXT('part definition',#2,'design');
#10 = ADVANCED_BREP_SHAPE_REPRESENTATION('',(#11,#15),#3549);
#11 = AXIS2_PLACEMENT_3D('',#12,#13,#14);
#12 = CARTESIAN_POINT('',(0.,0.,0.));
#13 = DIRECTION('',(0.,0.,1.));
#14 = DIRECTION('',(1.,0.,-0.));
#15 = MANIFOLD_SOLID_BREP('',#16);
#16 = CLOSED_SHELL('',(#17,#306,#379,#727,#1063,#1340,#1394,#1607,#1666,
    #1798,#1930,#1937,#1985,#2292,#2578,#2603,#2610,#2637,#2665,#2693,
    #2721,#2749,#2777,#2805,#3048,#3096,#3296,#3303,#3330,#3359,#3384,
    #3411,#3438,#3463,#3488,#3515,#3542));
#17 = ADVANCED_FACE('',(#18),#87,.T.);
#18 = FACE_BOUND('',#19,.T.);
#19 = EDGE_LOOP('',(#20,#220,#253,#279));
#20 = ORIENTED_EDGE('',*,*,#21,.T.);
#21 = EDGE_CURVE('',#22,#24,#26,.T.);
#22 = VERTEX_POINT('',#23);
#23 = CARTESIAN_POINT('',(-10.06499475007,17.282820391385,-3.));
#24 = VERTEX_POINT('',#25);
#25 = CARTESIAN_POINT('',(-10.06499475007,17.282820391385,0.));
#26 = SURFACE_CURVE('',#27,(#86,#153),.PCURVE_S1.);
#27 = B_SPLINE_CURVE_WITH_KNOTS('',8,(#28,#29,#30,#31,#32,#33,#34,#35,
    #36,#37,#38,#39,#40,#41,#42,#43,#44,#45,#46,#47,#48,#49,#50,#51,#52,
    #53,#54,#55,#56,#57,#58,#59,#60,#61,#62,#63,#64,#65,#66,#67,#68,#69,
    #70,#71,#72,#73,#74,#75,#76,#77,#78,#79,#80,#81,#82,#83,#84,#85),
  .UNSPECIFIED.,.F.,.F.,(9,7,7,7,7,7,7,7,9),(0.,0.345391730132,
    0.408763680347,0.439620624913,0.500085802608,0.558552388784,
    0.589262017022,0.647997740985,1.),.UNSPECIFIED.);
#28 = CARTESIAN_POINT('',(-10.06499617728,17.282819560222,-3.0000006));
#29 = CARTESIAN_POINT('',(-9.890979379148,17.384161728492,
    -2.926843774544));
#30 = CARTESIAN_POINT('',(-9.72259080785,17.479544533604,-2.846086330416
    ));
#31 = CARTESIAN_POINT('',(-9.558007673469,17.570396558668,
    -2.756824461517));
#32 = CARTESIAN_POINT('',(-9.39664671058,17.657228742,-2.657570243293));
#33 = CARTESIAN_POINT('',(-9.239736783703,17.739521778128,
    -2.546691456685));
#34 = CARTESIAN_POINT('',(-9.090720571488,17.815704500092,
    -2.422713812405));
#35 = CARTESIAN_POINT('',(-8.955552887775,17.883341295384,
    -2.284491250584));
#36 = CARTESIAN_POINT('',(-8.822023251274,17.949162611079,
    -2.103178609254));
#37 = CARTESIAN_POINT('',(-8.802033427156,17.95898223835,-2.074510072619
    ));
#38 = CARTESIAN_POINT('',(-8.782821500232,17.968388734671,
    -2.045286138629));
#39 = CARTESIAN_POINT('',(-8.764454766894,17.977353488016,
    -2.015510853612));
#40 = CARTESIAN_POINT('',(-8.747001628333,17.985847541937,
    -1.985188653839));
#41 = CARTESIAN_POINT('',(-8.730531590542,17.993841595564,
    -1.954324365518));
#42 = CARTESIAN_POINT('',(-8.715115264312,18.001306003605,-1.9229232048)
  );
#43 = CARTESIAN_POINT('',(-8.693865868944,18.011572834623,
    -1.875442303612));
#44 = CARTESIAN_POINT('',(-8.687176094985,18.014801261655,
    -1.859772377381));
#45 = CARTESIAN_POINT('',(-8.680764109925,18.017892202788,
    -1.843983648078));
#46 = CARTESIAN_POINT('',(-8.674638831427,18.020841863598,
    -1.828079354147));
#47 = CARTESIAN_POINT('',(-8.668809028258,18.023646509889,
    -1.812063323481));
#48 = CARTESIAN_POINT('',(-8.66328332028,18.026302467698,-1.795939973418
    ));
#49 = CARTESIAN_POINT('',(-8.658070178456,18.028806123292,
    -1.779714310742));
#50 = CARTESIAN_POINT('',(-8.643591396186,18.03575451271,-1.731407703694
    ));
#51 = CARTESIAN_POINT('',(-8.635229158912,18.039760377881,
    -1.699027520935));
#52 = CARTESIAN_POINT('',(-8.628162487099,18.043140583584,
    -1.666315688955));
#53 = CARTESIAN_POINT('',(-8.622448961687,18.045870381821,
    -1.633336080878));
#54 = CARTESIAN_POINT('',(-8.61813244172,18.047931085109,-1.600152097846
    ));
#55 = CARTESIAN_POINT('',(-8.615243035564,18.049309939898,
    -1.566826629462));
#56 = CARTESIAN_POINT('',(-8.61379707214,18.05,-1.53342201423));
#57 = CARTESIAN_POINT('',(-8.61379707214,18.05,-1.467682703506));
#58 = CARTESIAN_POINT('',(-8.615149030265,18.049354804246,
    -1.435380239929));
#59 = CARTESIAN_POINT('',(-8.617850870031,18.048065455597,
    -1.403149032524));
#60 = CARTESIAN_POINT('',(-8.621888310896,18.046138031421,
    -1.371046013658));
#61 = CARTESIAN_POINT('',(-8.627234892102,18.043583748128,
    -1.339128590329));
#62 = CARTESIAN_POINT('',(-8.633851996512,18.040419065705,
    -1.307454609685));
#63 = CARTESIAN_POINT('',(-8.641688874443,18.036665792253,
    -1.276082324532));
#64 = CARTESIAN_POINT('',(-8.655406665598,18.030084938934,
    -1.228781295324));
#65 = CARTESIAN_POINT('',(-8.660451652945,18.027662966289,-1.21258581988
    ));
#66 = CARTESIAN_POINT('',(-8.665809545023,18.025088723543,
    -1.196489660167));
#67 = CARTESIAN_POINT('',(-8.671472082845,18.022365734969,
    -1.180497958828));
#68 = CARTESIAN_POINT('',(-8.677430832964,18.01949759615,-1.164615273511
    ));
#69 = CARTESIAN_POINT('',(-8.683677187471,18.016487973985,
    -1.148845576869));
#70 = CARTESIAN_POINT('',(-8.690202363994,18.013340606683,
    -1.133192256556));
#71 = CARTESIAN_POINT('',(-8.709993710675,18.00378343156,-1.087947269183
    ));
#72 = CARTESIAN_POINT('',(-8.723971039752,17.997020692902,
    -1.058687488197));
#73 = CARTESIAN_POINT('',(-8.738872127834,17.989795058118,
    -1.029884736483));
#74 = CARTESIAN_POINT('',(-8.754640166707,17.982130402198,
    -1.001544728161));
#75 = CARTESIAN_POINT('',(-8.771218805044,17.974050504796,-0.97367292726
    ));
#76 = CARTESIAN_POINT('',(-8.788552148403,17.965579050229,
    -0.946274547721));
#77 = CARTESIAN_POINT('',(-8.806584759231,17.956739627476,
    -0.919354553396));
#78 = CARTESIAN_POINT('',(-8.93719200713,17.892516779846,-0.734481764932
    ));
#79 = CARTESIAN_POINT('',(-9.073404342323,17.824547151677,
    -0.591781464376));
#80 = CARTESIAN_POINT('',(-9.224581531724,17.747463499066,
    -0.464067378522));
#81 = CARTESIAN_POINT('',(-9.384178610727,17.663932203849,
    -0.350133881413));
#82 = CARTESIAN_POINT('',(-9.548415336596,17.575686296099,
    -0.248403221266));
#83 = CARTESIAN_POINT('',(-9.715956028471,17.483299168914,
    -0.157108975242));
#84 = CARTESIAN_POINT('',(-9.887469992734,17.38620548997,
    -7.463157480219E-02));
#85 = CARTESIAN_POINT('',(-10.06499617728,17.282819560222,
    5.999999990181E-07));
#86 = PCURVE('',#87,#92);
#87 = CYLINDRICAL_SURFACE('',#88,20.);
#88 = AXIS2_PLACEMENT_3D('',#89,#90,#91);
#89 = CARTESIAN_POINT('',(0.,0.,-3.));
#90 = DIRECTION('',(0.,0.,1.));
#91 = DIRECTION('',(1.,0.,-0.));
#92 = DEFINITIONAL_REPRESENTATION('',(#93),#152);
#93 = B_SPLINE_CURVE_WITH_KNOTS('',8,(#94,#95,#96,#97,#98,#99,#100,#101,
    #102,#103,#104,#105,#106,#107,#108,#109,#110,#111,#112,#113,#114,
    #115,#116,#117,#118,#119,#120,#121,#122,#123,#124,#125,#126,#127,
    #128,#129,#130,#131,#132,#133,#134,#135,#136,#137,#138,#139,#140,
    #141,#142,#143,#144,#145,#146,#147,#148,#149,#150,#151),
  .UNSPECIFIED.,.F.,.F.,(9,7,7,7,7,7,7,7,9),(3.540936984006E-07,
    0.345391730132,0.408763680347,0.439620624913,0.500085802608,
    0.558552388784,0.589262017022,0.647997740985,0.999999646263),
  .UNSPECIFIED.);
#94 = CARTESIAN_POINT('',(8.38133696575,1.824047082643E-14));
#95 = CARTESIAN_POINT('',(8.371268205246,7.315680500094E-02));
#96 = CARTESIAN_POINT('',(8.361592573649,0.153914218649));
#97 = CARTESIAN_POINT('',(8.352193820549,0.243176047258));
#98 = CARTESIAN_POINT('',(8.343032810862,0.342430211397));
#99 = CARTESIAN_POINT('',(8.334174795647,0.453308924618));
#100 = CARTESIAN_POINT('',(8.325807283838,0.577286471005));
#101 = CARTESIAN_POINT('',(8.318250139871,0.715508906479));
#102 = CARTESIAN_POINT('',(8.310806590478,0.896821390746));
#103 = CARTESIAN_POINT('',(8.309693018245,0.925489927381));
#104 = CARTESIAN_POINT('',(8.308623463359,0.954713861371));
#105 = CARTESIAN_POINT('',(8.307601574791,0.984489146388));
#106 = CARTESIAN_POINT('',(8.306631059351,1.014811346161));
#107 = CARTESIAN_POINT('',(8.305715681684,1.045675634482));
#108 = CARTESIAN_POINT('',(8.30485926427,1.0770767952));
#109 = CARTESIAN_POINT('',(8.30367928056,1.124557696388));
#110 = CARTESIAN_POINT('',(8.303307878466,1.140227622619));
#111 = CARTESIAN_POINT('',(8.302951973092,1.156016351922));
#112 = CARTESIAN_POINT('',(8.302612048394,1.171920645853));
#113 = CARTESIAN_POINT('',(8.302288580334,1.187936676518));
#114 = CARTESIAN_POINT('',(8.301982036888,1.204060026582));
#115 = CARTESIAN_POINT('',(8.301692878035,1.220285689258));
#116 = CARTESIAN_POINT('',(8.300889891031,1.268592296306));
#117 = CARTESIAN_POINT('',(8.300426280395,1.300972479065));
#118 = CARTESIAN_POINT('',(8.30003460575,1.333684311045));
#119 = CARTESIAN_POINT('',(8.299717998106,1.366663919122));
#120 = CARTESIAN_POINT('',(8.299478838938,1.399847902154));
#121 = CARTESIAN_POINT('',(8.299318761534,1.433173370538));
#122 = CARTESIAN_POINT('',(8.299238652349,1.46657798577));
#123 = CARTESIAN_POINT('',(8.299238652349,1.532317296494));
#124 = CARTESIAN_POINT('',(8.299313553416,1.564619760071));
#125 = CARTESIAN_POINT('',(8.299463239414,1.596850967476));
#126 = CARTESIAN_POINT('',(8.29968693504,1.628953986342));
#127 = CARTESIAN_POINT('',(8.299983204703,1.660871409671));
#128 = CARTESIAN_POINT('',(8.300349951421,1.692545390315));
#129 = CARTESIAN_POINT('',(8.300784415709,1.723917675468));
#130 = CARTESIAN_POINT('',(8.301545147963,1.771218704676));
#131 = CARTESIAN_POINT('',(8.301824959717,1.78741418012));
#132 = CARTESIAN_POINT('',(8.302122170616,1.803510339833));
#133 = CARTESIAN_POINT('',(8.302436332162,1.819502041172));
#134 = CARTESIAN_POINT('',(8.302766986474,1.835384726489));
#135 = CARTESIAN_POINT('',(8.303113666284,1.851154423131));
#136 = CARTESIAN_POINT('',(8.303475894941,1.866807743444));
#137 = CARTESIAN_POINT('',(8.304574800078,1.912052730817));
#138 = CARTESIAN_POINT('',(8.305351170216,1.941312511803));
#139 = CARTESIAN_POINT('',(8.306179197795,1.970115263517));
#140 = CARTESIAN_POINT('',(8.307055806875,1.998455271839));
#141 = CARTESIAN_POINT('',(8.307977944601,2.02632707274));
#142 = CARTESIAN_POINT('',(8.308942581203,2.053725452279));
#143 = CARTESIAN_POINT('',(8.30994671,2.080645446604));
#144 = CARTESIAN_POINT('',(8.31722386447,2.265518075851));
#145 = CARTESIAN_POINT('',(8.324835176659,2.408218248817));
#146 = CARTESIAN_POINT('',(8.333319393474,2.535932236448));
#147 = CARTESIAN_POINT('',(8.34232509287,2.649865660607));
#148 = CARTESIAN_POINT('',(8.351646166189,2.751596267574));
#149 = CARTESIAN_POINT('',(8.361211428362,2.842890474292));
#150 = CARTESIAN_POINT('',(8.371065149007,2.925367845011));
#151 = CARTESIAN_POINT('',(8.38133696575,3.));
#152 = ( GEOMETRIC_REPRESENTATION_CONTEXT(2) 
PARAMETRIC_REPRESENTATION_CONTEXT() REPRESENTATION_CONTEXT('2D SPACE',''
  ) );
#153 = PCURVE('',#154,#159);
#154 = CYLINDRICAL_SURFACE('',#155,1.85);
#155 = AXIS2_PLACEMENT_3D('',#156,#157,#158);
#156 = CARTESIAN_POINT('',(-14.,16.2,-1.5));
#157 = DIRECTION('',(1.,0.,0.));
#158 = DIRECTION('',(-0.,0.,1.));
#159 = DEFINITIONAL_REPRESENTATION('',(#160),#219);
#160 = B_SPLINE_CURVE_WITH_KNOTS('',8,(#161,#162,#163,#164,#165,#166,
    #167,#168,#169,#170,#171,#172,#173,#174,#175,#176,#177,#178,#179,
    #180,#181,#182,#183,#184,#185,#186,#187,#188,#189,#190,#191,#192,
    #193,#194,#195,#196,#197,#198,#199,#200,#201,#202,#203,#204,#205,
    #206,#207,#208,#209,#210,#211,#212,#213,#214,#215,#216,#217,#218),
  .UNSPECIFIED.,.F.,.F.,(9,7,7,7,7,7,7,7,9),(0.,0.345391730132,
    0.408763680347,0.439620624913,0.500085802608,0.558552388784,
    0.589262017022,0.647997740985,1.),.UNSPECIFIED.);
#161 = CARTESIAN_POINT('',(3.766852365998,3.935003822713));
#162 = CARTESIAN_POINT('',(3.834413784487,4.109020620852));
#163 = CARTESIAN_POINT('',(3.901768188393,4.27740919215));
#164 = CARTESIAN_POINT('',(3.970296566496,4.441992326531));
#165 = CARTESIAN_POINT('',(4.041155194359,4.60335328942));
#166 = CARTESIAN_POINT('',(4.11526403102,4.760263216297));
#167 = CARTESIAN_POINT('',(4.193349869954,4.909279428512));
#168 = CARTESIAN_POINT('',(4.276056068058,5.044447112225));
#169 = CARTESIAN_POINT('',(4.380321167486,5.177976748726));
#170 = CARTESIAN_POINT('',(4.396698828492,5.197966572844));
#171 = CARTESIAN_POINT('',(4.413288878127,5.217178499768));
#172 = CARTESIAN_POINT('',(4.430091125726,5.235545233106));
#173 = CARTESIAN_POINT('',(4.447105908076,5.252998371667));
#174 = CARTESIAN_POINT('',(4.464334089416,5.269468409458));
#175 = CARTESIAN_POINT('',(4.481777061438,5.284884735688));
#176 = CARTESIAN_POINT('',(4.508035560618,5.306134131056));
#177 = CARTESIAN_POINT('',(4.516683275075,5.312823905015));
#178 = CARTESIAN_POINT('',(4.525379022031,5.319235890075));
#179 = CARTESIAN_POINT('',(4.534121673207,5.325361168573));
#180 = CARTESIAN_POINT('',(4.542909836669,5.331190971742));
#181 = CARTESIAN_POINT('',(4.551741856832,5.33671667972));
#182 = CARTESIAN_POINT('',(4.560615814457,5.341929821544));
#183 = CARTESIAN_POINT('',(4.586996233075,5.356408603814));
#184 = CARTESIAN_POINT('',(4.604629019039,5.364770841088));
#185 = CARTESIAN_POINT('',(4.622399219257,5.371837512901));
#186 = CARTESIAN_POINT('',(4.640279523651,5.377551038313));
#187 = CARTESIAN_POINT('',(4.658243726759,5.38186755828));
#188 = CARTESIAN_POINT('',(4.676266477134,5.384756964436));
#189 = CARTESIAN_POINT('',(4.694323026747,5.38620292786));
#190 = CARTESIAN_POINT('',(4.729857789301,5.38620292786));
#191 = CARTESIAN_POINT('',(4.747318581085,5.384850969735));
#192 = CARTESIAN_POINT('',(4.764748977466,5.382149129969));
#193 = CARTESIAN_POINT('',(4.782126298219,5.378111689104));
#194 = CARTESIAN_POINT('',(4.799427347094,5.372765107898));
#195 = CARTESIAN_POINT('',(4.816628197746,5.366148003488));
#196 = CARTESIAN_POINT('',(4.83370397967,5.358311125557));
#197 = CARTESIAN_POINT('',(4.859518370222,5.344593334402));
#198 = CARTESIAN_POINT('',(4.868369567308,5.339548347055));
#199 = CARTESIAN_POINT('',(4.877180008159,5.334190454977));
#200 = CARTESIAN_POINT('',(4.885947707437,5.328527917155));
#201 = CARTESIAN_POINT('',(4.894670941689,5.322569167036));
#202 = CARTESIAN_POINT('',(4.903348249352,5.316322812529));
#203 = CARTESIAN_POINT('',(4.911978430746,5.309797636006));
#204 = CARTESIAN_POINT('',(4.936974842343,5.290006289325));
#205 = CARTESIAN_POINT('',(4.953204993739,5.276028960248));
#206 = CARTESIAN_POINT('',(4.969251862495,5.261127872166));
#207 = CARTESIAN_POINT('',(4.985115867921,5.245359833293));
#208 = CARTESIAN_POINT('',(5.000796988415,5.228781194956));
#209 = CARTESIAN_POINT('',(5.016294761455,5.211447851597));
#210 = CARTESIAN_POINT('',(5.031608283604,5.193415240769));
#211 = CARTESIAN_POINT('',(5.13739763571,5.06280799287));
#212 = CARTESIAN_POINT('',(5.222318135506,4.926595657677));
#213 = CARTESIAN_POINT('',(5.30233760558,4.775418468276));
#214 = CARTESIAN_POINT('',(5.378135569241,4.615821389273));
#215 = CARTESIAN_POINT('',(5.450480230756,4.451584663404));
#216 = CARTESIAN_POINT('',(5.520353231759,4.284043971529));
#217 = CARTESIAN_POINT('',(5.589001669176,4.112530007266));
#218 = CARTESIAN_POINT('',(5.657925594771,3.935003822713));
#219 = ( GEOMETRIC_REPRESENTATION_CONTEXT(2) 
PARAMETRIC_REPRESENTATION_CONTEXT() REPRESENTATION_CONTEXT('2D SPACE',''
  ) );
#220 = ORIENTED_EDGE('',*,*,#221,.T.);
#221 = EDGE_CURVE('',#24,#222,#224,.T.);
#222 = VERTEX_POINT('',#223);
#223 = CARTESIAN_POINT('',(1.7763568394E-15,20.,0.));
#224 = SURFACE_CURVE('',#225,(#230,#237),.PCURVE_S1.);
#225 = CIRCLE('',#226,20.);
#226 = AXIS2_PLACEMENT_3D('',#227,#228,#229);
#227 = CARTESIAN_POINT('',(0.,0.,0.));
#228 = DIRECTION('',(0.,0.,-1.));
#229 = DIRECTION('',(-0.503249737504,0.864141019569,0.));
#230 = PCURVE('',#87,#231);
#231 = DEFINITIONAL_REPRESENTATION('',(#232),#236);
#232 = LINE('',#233,#234);
#233 = CARTESIAN_POINT('',(8.38133696575,3.));
#234 = VECTOR('',#235,1.);
#235 = DIRECTION('',(-1.,-0.));
#236 = ( GEOMETRIC_REPRESENTATION_CONTEXT(2) 
PARAMETRIC_REPRESENTATION_CONTEXT() REPRESENTATION_CONTEXT('2D SPACE',''
  ) );
#237 = PCURVE('',#238,#243);
#238 = PLANE('',#239);
#239 = AXIS2_PLACEMENT_3D('',#240,#241,#242);
#240 = CARTESIAN_POINT('',(0.,0.,0.));
#241 = DIRECTION('',(0.,0.,1.));
#242 = DIRECTION('',(1.,0.,-0.));
#243 = DEFINITIONAL_REPRESENTATION('',(#244),#252);
#244 = ( BOUNDED_CURVE() B_SPLINE_CURVE(2,(#245,#246,#247,#248,#249,#250
,#251),.UNSPECIFIED.,.T.,.F.) B_SPLINE_CURVE_WITH_KNOTS((1,2,2,2,2,1),(
    -2.094395102393,0.,2.094395102393,4.188790204786,6.28318530718,
8.377580409573),.UNSPECIFIED.) CURVE() GEOMETRIC_REPRESENTATION_ITEM() 
RATIONAL_B_SPLINE_CURVE((1.,0.5,1.,0.5,1.,0.5,1.)) REPRESENTATION_ITEM(
  '') );
#245 = CARTESIAN_POINT('',(-10.06499475007,17.282820391385));
#246 = CARTESIAN_POINT('',(19.869728265888,34.715902676436));
#247 = CARTESIAN_POINT('',(19.999858883023,7.513094683249E-02));
#248 = CARTESIAN_POINT('',(20.129989500157,-34.56564078277));
#249 = CARTESIAN_POINT('',(-9.934864132944,-17.35795133821));
#250 = CARTESIAN_POINT('',(-39.99971776604,-0.150261893665));
#251 = CARTESIAN_POINT('',(-10.06499475007,17.282820391385));
#252 = ( GEOMETRIC_REPRESENTATION_CONTEXT(2) 
PARAMETRIC_REPRESENTATION_CONTEXT() REPRESENTATION_CONTEXT('2D SPACE',''
  ) );
#253 = ORIENTED_EDGE('',*,*,#254,.F.);
#254 = EDGE_CURVE('',#255,#222,#257,.T.);
#255 = VERTEX_POINT('',#256);
#256 = CARTESIAN_POINT('',(5.329070518201E-15,20.,-3.));
#257 = SURFACE_CURVE('',#258,(#262,#268),.PCURVE_S1.);
#258 = LINE('',#259,#260);
#259 = CARTESIAN_POINT('',(0.,20.,-3.));
#260 = VECTOR('',#261,1.);
#261 = DIRECTION('',(0.,0.,1.));
#262 = PCURVE('',#87,#263);
#263 = DEFINITIONAL_REPRESENTATION('',(#264),#267);
#264 = B_SPLINE_CURVE_WITH_KNOTS('',1,(#265,#266),.UNSPECIFIED.,.F.,.F.,
  (2,2),(-5.999999999062E-07,3.0000006),.PIECEWISE_BEZIER_KNOTS.);
#265 = CARTESIAN_POINT('',(7.853981633974,-5.999999999062E-07));
#266 = CARTESIAN_POINT('',(7.853981633974,3.0000006));
#267 = ( GEOMETRIC_REPRESENTATION_CONTEXT(2) 
PARAMETRIC_REPRESENTATION_CONTEXT() REPRESENTATION_CONTEXT('2D SPACE',''
  ) );
#268 = PCURVE('',#269,#274);
#269 = PLANE('',#270);
#270 = AXIS2_PLACEMENT_3D('',#271,#272,#273);
#271 = CARTESIAN_POINT('',(0.,-50.,-50.));
#272 = DIRECTION('',(1.,0.,0.));
#273 = DIRECTION('',(0.,0.,1.));
#274 = DEFINITIONAL_REPRESENTATION('',(#275),#278);
#275 = B_SPLINE_CURVE_WITH_KNOTS('',1,(#276,#277),.UNSPECIFIED.,.F.,.F.,
  (2,2),(-5.999999999062E-07,3.0000006),.PIECEWISE_BEZIER_KNOTS.);
#276 = CARTESIAN_POINT('',(46.9999994,-70.));
#277 = CARTESIAN_POINT('',(50.0000006,-70.));
#278 = ( GEOMETRIC_REPRESENTATION_CONTEXT(2) 
PARAMETRIC_REPRESENTATION_CONTEXT() REPRESENTATION_CONTEXT('2D SPACE',''
  ) );
#279 = ORIENTED_EDGE('',*,*,#280,.T.);
#280 = EDGE_CURVE('',#255,#22,#281,.T.);
#281 = SURFACE_CURVE('',#282,(#287,#294),.PCURVE_S1.);
#282 = CIRCLE('',#283,20.);
#283 = AXIS2_PLACEMENT_3D('',#284,#285,#286);
#284 = CARTESIAN_POINT('',(0.,0.,-3.));
#285 = DIRECTION('',(0.,0.,1.));
#286 = DIRECTION('',(-0.503249737504,-0.864141019569,0.));
#287 = PCURVE('',#87,#288);
#288 = DEFINITIONAL_REPRESENTATION('',(#289),#293);
#289 = LINE('',#290,#291);
#290 = CARTESIAN_POINT('',(4.18503364861,0.));
#291 = VECTOR('',#292,1.);
#292 = DIRECTION('',(1.,0.));
#293 = ( GEOMETRIC_REPRESENTATION_CONTEXT(2) 
PARAMETRIC_REPRESENTATION_CONTEXT() REPRESENTATION_CONTEXT('2D SPACE',''
  ) );
#294 = PCURVE('',#295,#300);
#295 = PLANE('',#296);
#296 = AXIS2_PLACEMENT_3D('',#297,#298,#299);
#297 = CARTESIAN_POINT('',(0.,0.,-3.));
#298 = DIRECTION('',(0.,0.,1.));
#299 = DIRECTION('',(1.,0.,-0.));
#300 = DEFINITIONAL_REPRESENTATION('',(#301),#305);
#301 = CIRCLE('',#302,20.);
#302 = AXIS2_PLACEMENT_2D('',#303,#304);
#303 = CARTESIAN_POINT('',(0.,0.));
#304 = DIRECTION('',(-0.503249737504,-0.864141019569));
#305 = ( GEOMETRIC_REPRESENTATION_CONTEXT(2) 
PARAMETRIC_REPRESENTATION_CONTEXT() REPRESENTATION_CONTEXT('2D SPACE',''
  ) );
#306 = ADVANCED_FACE('',(#307),#154,.F.);
#307 = FACE_BOUND('',#308,.F.);
#308 = EDGE_LOOP('',(#309,#330,#359,#378));
#309 = ORIENTED_EDGE('',*,*,#310,.T.);
#310 = EDGE_CURVE('',#24,#311,#313,.T.);
#311 = VERTEX_POINT('',#312);
#312 = CARTESIAN_POINT('',(-6.7,17.282820391385,-6.661338147751E-16));
#313 = SURFACE_CURVE('',#314,(#318,#324),.PCURVE_S1.);
#314 = LINE('',#315,#316);
#315 = CARTESIAN_POINT('',(-14.,17.282820391385,0.));
#316 = VECTOR('',#317,1.);
#317 = DIRECTION('',(1.,0.,0.));
#318 = PCURVE('',#154,#319);
#319 = DEFINITIONAL_REPRESENTATION('',(#320),#323);
#320 = B_SPLINE_CURVE_WITH_KNOTS('',1,(#321,#322),.UNSPECIFIED.,.F.,.F.,
  (2,2),(-5.999999999062E-07,7.3000006),.PIECEWISE_BEZIER_KNOTS.);
#321 = CARTESIAN_POINT('',(5.657925040663,-5.999999999062E-07));
#322 = CARTESIAN_POINT('',(5.657925040663,7.3000006));
#323 = ( GEOMETRIC_REPRESENTATION_CONTEXT(2) 
PARAMETRIC_REPRESENTATION_CONTEXT() REPRESENTATION_CONTEXT('2D SPACE',''
  ) );
#324 = PCURVE('',#238,#325);
#325 = DEFINITIONAL_REPRESENTATION('',(#326),#329);
#326 = B_SPLINE_CURVE_WITH_KNOTS('',1,(#327,#328),.UNSPECIFIED.,.F.,.F.,
  (2,2),(-5.999999999062E-07,7.3000006),.PIECEWISE_BEZIER_KNOTS.);
#327 = CARTESIAN_POINT('',(-14.0000006,17.282820391385));
#328 = CARTESIAN_POINT('',(-6.6999994,17.282820391385));
#329 = ( GEOMETRIC_REPRESENTATION_CONTEXT(2) 
PARAMETRIC_REPRESENTATION_CONTEXT() REPRESENTATION_CONTEXT('2D SPACE',''
  ) );
#330 = ORIENTED_EDGE('',*,*,#331,.F.);
#331 = EDGE_CURVE('',#332,#311,#334,.T.);
#332 = VERTEX_POINT('',#333);
#333 = CARTESIAN_POINT('',(-6.7,17.282820391385,-3.));
#334 = SURFACE_CURVE('',#335,(#340,#347),.PCURVE_S1.);
#335 = CIRCLE('',#336,1.85);
#336 = AXIS2_PLACEMENT_3D('',#337,#338,#339);
#337 = CARTESIAN_POINT('',(-6.7,16.2,-1.5));
#338 = DIRECTION('',(1.,0.,0.));
#339 = DIRECTION('',(-0.,0.,1.));
#340 = PCURVE('',#154,#341);
#341 = DEFINITIONAL_REPRESENTATION('',(#342),#346);
#342 = LINE('',#343,#344);
#343 = CARTESIAN_POINT('',(0.,7.3));
#344 = VECTOR('',#345,1.);
#345 = DIRECTION('',(1.,0.));
#346 = ( GEOMETRIC_REPRESENTATION_CONTEXT(2) 
PARAMETRIC_REPRESENTATION_CONTEXT() REPRESENTATION_CONTEXT('2D SPACE',''
  ) );
#347 = PCURVE('',#348,#353);
#348 = PLANE('',#349);
#349 = AXIS2_PLACEMENT_3D('',#350,#351,#352);
#350 = CARTESIAN_POINT('',(-6.7,16.2,-1.5));
#351 = DIRECTION('',(1.,0.,0.));
#352 = DIRECTION('',(-0.,0.,1.));
#353 = DEFINITIONAL_REPRESENTATION('',(#354),#358);
#354 = CIRCLE('',#355,1.85);
#355 = AXIS2_PLACEMENT_2D('',#356,#357);
#356 = CARTESIAN_POINT('',(0.,0.));
#357 = DIRECTION('',(1.,0.));
#358 = ( GEOMETRIC_REPRESENTATION_CONTEXT(2) 
PARAMETRIC_REPRESENTATION_CONTEXT() REPRESENTATION_CONTEXT('2D SPACE',''
  ) );
#359 = ORIENTED_EDGE('',*,*,#360,.F.);
#360 = EDGE_CURVE('',#22,#332,#361,.T.);
#361 = SURFACE_CURVE('',#362,(#366,#372),.PCURVE_S1.);
#362 = LINE('',#363,#364);
#363 = CARTESIAN_POINT('',(-14.,17.282820391385,-3.));
#364 = VECTOR('',#365,1.);
#365 = DIRECTION('',(1.,0.,0.));
#366 = PCURVE('',#154,#367);
#367 = DEFINITIONAL_REPRESENTATION('',(#368),#371);
#368 = B_SPLINE_CURVE_WITH_KNOTS('',1,(#369,#370),.UNSPECIFIED.,.F.,.F.,
  (2,2),(-5.999999999062E-07,7.3000006),.PIECEWISE_BEZIER_KNOTS.);
#369 = CARTESIAN_POINT('',(3.766852920107,-5.999999999062E-07));
#370 = CARTESIAN_POINT('',(3.766852920107,7.3000006));
#371 = ( GEOMETRIC_REPRESENTATION_CONTEXT(2) 
PARAMETRIC_REPRESENTATION_CONTEXT() REPRESENTATION_CONTEXT('2D SPACE',''
  ) );
#372 = PCURVE('',#295,#373);
#373 = DEFINITIONAL_REPRESENTATION('',(#374),#377);
#374 = B_SPLINE_CURVE_WITH_KNOTS('',1,(#375,#376),.UNSPECIFIED.,.F.,.F.,
  (2,2),(-5.999999999062E-07,7.3000006),.PIECEWISE_BEZIER_KNOTS.);
#375 = CARTESIAN_POINT('',(-14.0000006,17.282820391385));
#376 = CARTESIAN_POINT('',(-6.6999994,17.282820391385));
#377 = ( GEOMETRIC_REPRESENTATION_CONTEXT(2) 
PARAMETRIC_REPRESENTATION_CONTEXT() REPRESENTATION_CONTEXT('2D SPACE',''
  ) );
#378 = ORIENTED_EDGE('',*,*,#21,.T.);
#379 = ADVANCED_FACE('',(#380,#696),#295,.F.);
#380 = FACE_BOUND('',#381,.F.);
#381 = EDGE_LOOP('',(#382,#410,#439,#465,#494,#520,#549,#568,#569,#570,
    #591,#617,#646,#672));
#382 = ORIENTED_EDGE('',*,*,#383,.F.);
#383 = EDGE_CURVE('',#384,#386,#388,.T.);
#384 = VERTEX_POINT('',#385);
#385 = CARTESIAN_POINT('',(-10.06499475007,-17.28282039138,-3.));
#386 = VERTEX_POINT('',#387);
#387 = CARTESIAN_POINT('',(-6.7,-17.28282039138,-3.));
#388 = SURFACE_CURVE('',#389,(#393,#399),.PCURVE_S1.);
#389 = LINE('',#390,#391);
#390 = CARTESIAN_POINT('',(-14.,-17.28282039138,-3.));
#391 = VECTOR('',#392,1.);
#392 = DIRECTION('',(1.,0.,0.));
#393 = PCURVE('',#295,#394);
#394 = DEFINITIONAL_REPRESENTATION('',(#395),#398);
#395 = B_SPLINE_CURVE_WITH_KNOTS('',1,(#396,#397),.UNSPECIFIED.,.F.,.F.,
  (2,2),(-5.999999999062E-07,7.3000006),.PIECEWISE_BEZIER_KNOTS.);
#396 = CARTESIAN_POINT('',(-14.0000006,-17.28282039138));
#397 = CARTESIAN_POINT('',(-6.6999994,-17.28282039138));
#398 = ( GEOMETRIC_REPRESENTATION_CONTEXT(2) 
PARAMETRIC_REPRESENTATION_CONTEXT() REPRESENTATION_CONTEXT('2D SPACE',''
  ) );
#399 = PCURVE('',#400,#405);
#400 = CYLINDRICAL_SURFACE('',#401,1.85);
#401 = AXIS2_PLACEMENT_3D('',#402,#403,#404);
#402 = CARTESIAN_POINT('',(-14.,-16.2,-1.5));
#403 = DIRECTION('',(1.,0.,0.));
#404 = DIRECTION('',(-0.,0.,1.));
#405 = DEFINITIONAL_REPRESENTATION('',(#406),#409);
#406 = B_SPLINE_CURVE_WITH_KNOTS('',1,(#407,#408),.UNSPECIFIED.,.F.,.F.,
  (2,2),(-5.999999999062E-07,7.3000006),.PIECEWISE_BEZIER_KNOTS.);
#407 = CARTESIAN_POINT('',(2.516332387073,-5.999999999062E-07));
#408 = CARTESIAN_POINT('',(2.516332387073,7.3000006));
#409 = ( GEOMETRIC_REPRESENTATION_CONTEXT(2) 
PARAMETRIC_REPRESENTATION_CONTEXT() REPRESENTATION_CONTEXT('2D SPACE',''
  ) );
#410 = ORIENTED_EDGE('',*,*,#411,.T.);
#411 = EDGE_CURVE('',#384,#412,#414,.T.);
#412 = VERTEX_POINT('',#413);
#413 = CARTESIAN_POINT('',(0.,-20.,-3.));
#414 = SURFACE_CURVE('',#415,(#420,#427),.PCURVE_S1.);
#415 = CIRCLE('',#416,20.);
#416 = AXIS2_PLACEMENT_3D('',#417,#418,#419);
#417 = CARTESIAN_POINT('',(0.,0.,-3.));
#418 = DIRECTION('',(0.,0.,1.));
#419 = DIRECTION('',(-0.503249737504,-0.864141019569,0.));
#420 = PCURVE('',#295,#421);
#421 = DEFINITIONAL_REPRESENTATION('',(#422),#426);
#422 = CIRCLE('',#423,20.);
#423 = AXIS2_PLACEMENT_2D('',#424,#425);
#424 = CARTESIAN_POINT('',(0.,0.));
#425 = DIRECTION('',(-0.503249737504,-0.864141019569));
#426 = ( GEOMETRIC_REPRESENTATION_CONTEXT(2) 
PARAMETRIC_REPRESENTATION_CONTEXT() REPRESENTATION_CONTEXT('2D SPACE',''
  ) );
#427 = PCURVE('',#428,#433);
#428 = CYLINDRICAL_SURFACE('',#429,20.);
#429 = AXIS2_PLACEMENT_3D('',#430,#431,#432);
#430 = CARTESIAN_POINT('',(0.,0.,-3.));
#431 = DIRECTION('',(0.,0.,1.));
#432 = DIRECTION('',(1.,0.,-0.));
#433 = DEFINITIONAL_REPRESENTATION('',(#434),#438);
#434 = LINE('',#435,#436);
#435 = CARTESIAN_POINT('',(4.18503364861,0.));
#436 = VECTOR('',#437,1.);
#437 = DIRECTION('',(1.,0.));
#438 = ( GEOMETRIC_REPRESENTATION_CONTEXT(2) 
PARAMETRIC_REPRESENTATION_CONTEXT() REPRESENTATION_CONTEXT('2D SPACE',''
  ) );
#439 = ORIENTED_EDGE('',*,*,#440,.T.);
#440 = EDGE_CURVE('',#412,#441,#443,.T.);
#441 = VERTEX_POINT('',#442);
#442 = CARTESIAN_POINT('',(-4.466065328896E-15,-18.9,-3.));
#443 = SURFACE_CURVE('',#444,(#448,#454),.PCURVE_S1.);
#444 = LINE('',#445,#446);
#445 = CARTESIAN_POINT('',(0.,-25.,-3.));
#446 = VECTOR('',#447,1.);
#447 = DIRECTION('',(0.,1.,0.));
#448 = PCURVE('',#295,#449);
#449 = DEFINITIONAL_REPRESENTATION('',(#450),#453);
#450 = B_SPLINE_CURVE_WITH_KNOTS('',1,(#451,#452),.UNSPECIFIED.,.F.,.F.,
  (2,2),(5.,45.),.PIECEWISE_BEZIER_KNOTS.);
#451 = CARTESIAN_POINT('',(0.,-20.));
#452 = CARTESIAN_POINT('',(0.,20.));
#453 = ( GEOMETRIC_REPRESENTATION_CONTEXT(2) 
PARAMETRIC_REPRESENTATION_CONTEXT() REPRESENTATION_CONTEXT('2D SPACE',''
  ) );
#454 = PCURVE('',#455,#460);
#455 = PLANE('',#456);
#456 = AXIS2_PLACEMENT_3D('',#457,#458,#459);
#457 = CARTESIAN_POINT('',(0.,-50.,-50.));
#458 = DIRECTION('',(1.,0.,0.));
#459 = DIRECTION('',(0.,0.,1.));
#460 = DEFINITIONAL_REPRESENTATION('',(#461),#464);
#461 = B_SPLINE_CURVE_WITH_KNOTS('',1,(#462,#463),.UNSPECIFIED.,.F.,.F.,
  (2,2),(5.,45.),.PIECEWISE_BEZIER_KNOTS.);
#462 = CARTESIAN_POINT('',(47.,-30.));
#463 = CARTESIAN_POINT('',(47.,-70.));
#464 = ( GEOMETRIC_REPRESENTATION_CONTEXT(2) 
PARAMETRIC_REPRESENTATION_CONTEXT() REPRESENTATION_CONTEXT('2D SPACE',''
  ) );
#465 = ORIENTED_EDGE('',*,*,#466,.F.);
#466 = EDGE_CURVE('',#467,#441,#469,.T.);
#467 = VERTEX_POINT('',#468);
#468 = CARTESIAN_POINT('',(3.345512923387E-16,-16.7,-3.));
#469 = SURFACE_CURVE('',#470,(#475,#482),.PCURVE_S1.);
#470 = CIRCLE('',#471,1.1);
#471 = AXIS2_PLACEMENT_3D('',#472,#473,#474);
#472 = CARTESIAN_POINT('',(-3.952393967666E-15,-17.8,-3.));
#473 = DIRECTION('',(0.,0.,1.));
#474 = DIRECTION('',(-2.22044604925E-16,-1.,0.));
#475 = PCURVE('',#295,#476);
#476 = DEFINITIONAL_REPRESENTATION('',(#477),#481);
#477 = CIRCLE('',#478,1.1);
#478 = AXIS2_PLACEMENT_2D('',#479,#480);
#479 = CARTESIAN_POINT('',(-3.952393967666E-15,-17.8));
#480 = DIRECTION('',(-2.22044604925E-16,-1.));
#481 = ( GEOMETRIC_REPRESENTATION_CONTEXT(2) 
PARAMETRIC_REPRESENTATION_CONTEXT() REPRESENTATION_CONTEXT('2D SPACE',''
  ) );
#482 = PCURVE('',#483,#488);
#483 = CYLINDRICAL_SURFACE('',#484,1.1);
#484 = AXIS2_PLACEMENT_3D('',#485,#486,#487);
#485 = CARTESIAN_POINT('',(-3.952393967666E-15,-17.8,-3.1));
#486 = DIRECTION('',(0.,0.,1.));
#487 = DIRECTION('',(-2.22044604925E-16,-1.,0.));
#488 = DEFINITIONAL_REPRESENTATION('',(#489),#493);
#489 = LINE('',#490,#491);
#490 = CARTESIAN_POINT('',(0.,0.1));
#491 = VECTOR('',#492,1.);
#492 = DIRECTION('',(1.,0.));
#493 = ( GEOMETRIC_REPRESENTATION_CONTEXT(2) 
PARAMETRIC_REPRESENTATION_CONTEXT() REPRESENTATION_CONTEXT('2D SPACE',''
  ) );
#494 = ORIENTED_EDGE('',*,*,#495,.T.);
#495 = EDGE_CURVE('',#467,#496,#498,.T.);
#496 = VERTEX_POINT('',#497);
#497 = CARTESIAN_POINT('',(-1.212400331156E-15,-6.6,-3.));
#498 = SURFACE_CURVE('',#499,(#503,#509),.PCURVE_S1.);
#499 = LINE('',#500,#501);
#500 = CARTESIAN_POINT('',(0.,-25.,-3.));
#501 = VECTOR('',#502,1.);
#502 = DIRECTION('',(0.,1.,0.));
#503 = PCURVE('',#295,#504);
#504 = DEFINITIONAL_REPRESENTATION('',(#505),#508);
#505 = B_SPLINE_CURVE_WITH_KNOTS('',1,(#506,#507),.UNSPECIFIED.,.F.,.F.,
  (2,2),(5.,45.),.PIECEWISE_BEZIER_KNOTS.);
#506 = CARTESIAN_POINT('',(0.,-20.));
#507 = CARTESIAN_POINT('',(0.,20.));
#508 = ( GEOMETRIC_REPRESENTATION_CONTEXT(2) 
PARAMETRIC_REPRESENTATION_CONTEXT() REPRESENTATION_CONTEXT('2D SPACE',''
  ) );
#509 = PCURVE('',#510,#515);
#510 = PLANE('',#511);
#511 = AXIS2_PLACEMENT_3D('',#512,#513,#514);
#512 = CARTESIAN_POINT('',(0.,-50.,-50.));
#513 = DIRECTION('',(1.,0.,0.));
#514 = DIRECTION('',(0.,0.,1.));
#515 = DEFINITIONAL_REPRESENTATION('',(#516),#519);
#516 = B_SPLINE_CURVE_WITH_KNOTS('',1,(#517,#518),.UNSPECIFIED.,.F.,.F.,
  (2,2),(5.,45.),.PIECEWISE_BEZIER_KNOTS.);
#517 = CARTESIAN_POINT('',(47.,-30.));
#518 = CARTESIAN_POINT('',(47.,-70.));
#519 = ( GEOMETRIC_REPRESENTATION_CONTEXT(2) 
PARAMETRIC_REPRESENTATION_CONTEXT() REPRESENTATION_CONTEXT('2D SPACE',''
  ) );
#520 = ORIENTED_EDGE('',*,*,#521,.F.);
#521 = EDGE_CURVE('',#522,#496,#524,.T.);
#522 = VERTEX_POINT('',#523);
#523 = CARTESIAN_POINT('',(4.041334437186E-16,6.6,-3.));
#524 = SURFACE_CURVE('',#525,(#530,#537),.PCURVE_S1.);
#525 = CIRCLE('',#526,6.6);
#526 = AXIS2_PLACEMENT_3D('',#527,#528,#529);
#527 = CARTESIAN_POINT('',(0.,0.,-3.));
#528 = DIRECTION('',(0.,0.,1.));
#529 = DIRECTION('',(1.,0.,-0.));
#530 = PCURVE('',#295,#531);
#531 = DEFINITIONAL_REPRESENTATION('',(#532),#536);
#532 = CIRCLE('',#533,6.6);
#533 = AXIS2_PLACEMENT_2D('',#534,#535);
#534 = CARTESIAN_POINT('',(0.,0.));
#535 = DIRECTION('',(1.,0.));
#536 = ( GEOMETRIC_REPRESENTATION_CONTEXT(2) 
PARAMETRIC_REPRESENTATION_CONTEXT() REPRESENTATION_CONTEXT('2D SPACE',''
  ) );
#537 = PCURVE('',#538,#543);
#538 = CYLINDRICAL_SURFACE('',#539,6.6);
#539 = AXIS2_PLACEMENT_3D('',#540,#541,#542);
#540 = CARTESIAN_POINT('',(0.,0.,-4.3));
#541 = DIRECTION('',(0.,0.,1.));
#542 = DIRECTION('',(1.,0.,-0.));
#543 = DEFINITIONAL_REPRESENTATION('',(#544),#548);
#544 = LINE('',#545,#546);
#545 = CARTESIAN_POINT('',(0.,1.3));
#546 = VECTOR('',#547,1.);
#547 = DIRECTION('',(1.,0.));
#548 = ( GEOMETRIC_REPRESENTATION_CONTEXT(2) 
PARAMETRIC_REPRESENTATION_CONTEXT() REPRESENTATION_CONTEXT('2D SPACE',''
  ) );
#549 = ORIENTED_EDGE('',*,*,#550,.T.);
#550 = EDGE_CURVE('',#522,#255,#551,.T.);
#551 = SURFACE_CURVE('',#552,(#556,#562),.PCURVE_S1.);
#552 = LINE('',#553,#554);
#553 = CARTESIAN_POINT('',(0.,-25.,-3.));
#554 = VECTOR('',#555,1.);
#555 = DIRECTION('',(0.,1.,0.));
#556 = PCURVE('',#295,#557);
#557 = DEFINITIONAL_REPRESENTATION('',(#558),#561);
#558 = B_SPLINE_CURVE_WITH_KNOTS('',1,(#559,#560),.UNSPECIFIED.,.F.,.F.,
  (2,2),(5.,45.),.PIECEWISE_BEZIER_KNOTS.);
#559 = CARTESIAN_POINT('',(0.,-20.));
#560 = CARTESIAN_POINT('',(0.,20.));
#561 = ( GEOMETRIC_REPRESENTATION_CONTEXT(2) 
PARAMETRIC_REPRESENTATION_CONTEXT() REPRESENTATION_CONTEXT('2D SPACE',''
  ) );
#562 = PCURVE('',#269,#563);
#563 = DEFINITIONAL_REPRESENTATION('',(#564),#567);
#564 = B_SPLINE_CURVE_WITH_KNOTS('',1,(#565,#566),.UNSPECIFIED.,.F.,.F.,
  (2,2),(5.,45.),.PIECEWISE_BEZIER_KNOTS.);
#565 = CARTESIAN_POINT('',(47.,-30.));
#566 = CARTESIAN_POINT('',(47.,-70.));
#567 = ( GEOMETRIC_REPRESENTATION_CONTEXT(2) 
PARAMETRIC_REPRESENTATION_CONTEXT() REPRESENTATION_CONTEXT('2D SPACE',''
  ) );
#568 = ORIENTED_EDGE('',*,*,#280,.T.);
#569 = ORIENTED_EDGE('',*,*,#360,.T.);
#570 = ORIENTED_EDGE('',*,*,#571,.F.);
#571 = EDGE_CURVE('',#572,#332,#574,.T.);
#572 = VERTEX_POINT('',#573);
#573 = CARTESIAN_POINT('',(-6.7,15.117179608615,-3.));
#574 = SURFACE_CURVE('',#575,(#579,#585),.PCURVE_S1.);
#575 = LINE('',#576,#577);
#576 = CARTESIAN_POINT('',(-6.7,8.1,-3.));
#577 = VECTOR('',#578,1.);
#578 = DIRECTION('',(0.,1.,0.));
#579 = PCURVE('',#295,#580);
#580 = DEFINITIONAL_REPRESENTATION('',(#581),#584);
#581 = B_SPLINE_CURVE_WITH_KNOTS('',1,(#582,#583),.UNSPECIFIED.,.F.,.F.,
  (2,2),(6.25,9.95),.PIECEWISE_BEZIER_KNOTS.);
#582 = CARTESIAN_POINT('',(-6.7,14.35));
#583 = CARTESIAN_POINT('',(-6.7,18.05));
#584 = ( GEOMETRIC_REPRESENTATION_CONTEXT(2) 
PARAMETRIC_REPRESENTATION_CONTEXT() REPRESENTATION_CONTEXT('2D SPACE',''
  ) );
#585 = PCURVE('',#348,#586);
#586 = DEFINITIONAL_REPRESENTATION('',(#587),#590);
#587 = B_SPLINE_CURVE_WITH_KNOTS('',1,(#588,#589),.UNSPECIFIED.,.F.,.F.,
  (2,2),(6.25,9.95),.PIECEWISE_BEZIER_KNOTS.);
#588 = CARTESIAN_POINT('',(-1.5,1.85));
#589 = CARTESIAN_POINT('',(-1.5,-1.85));
#590 = ( GEOMETRIC_REPRESENTATION_CONTEXT(2) 
PARAMETRIC_REPRESENTATION_CONTEXT() REPRESENTATION_CONTEXT('2D SPACE',''
  ) );
#591 = ORIENTED_EDGE('',*,*,#592,.F.);
#592 = EDGE_CURVE('',#593,#572,#595,.T.);
#593 = VERTEX_POINT('',#594);
#594 = CARTESIAN_POINT('',(-13.09468902574,15.117179608615,-3.));
#595 = SURFACE_CURVE('',#596,(#600,#606),.PCURVE_S1.);
#596 = LINE('',#597,#598);
#597 = CARTESIAN_POINT('',(-14.,15.117179608615,-3.));
#598 = VECTOR('',#599,1.);
#599 = DIRECTION('',(1.,0.,0.));
#600 = PCURVE('',#295,#601);
#601 = DEFINITIONAL_REPRESENTATION('',(#602),#605);
#602 = B_SPLINE_CURVE_WITH_KNOTS('',1,(#603,#604),.UNSPECIFIED.,.F.,.F.,
  (2,2),(-5.999999999062E-07,7.3000006),.PIECEWISE_BEZIER_KNOTS.);
#603 = CARTESIAN_POINT('',(-14.0000006,15.117179608615));
#604 = CARTESIAN_POINT('',(-6.6999994,15.117179608615));
#605 = ( GEOMETRIC_REPRESENTATION_CONTEXT(2) 
PARAMETRIC_REPRESENTATION_CONTEXT() REPRESENTATION_CONTEXT('2D SPACE',''
  ) );
#606 = PCURVE('',#607,#612);
#607 = CYLINDRICAL_SURFACE('',#608,1.85);
#608 = AXIS2_PLACEMENT_3D('',#609,#610,#611);
#609 = CARTESIAN_POINT('',(-14.,16.2,-1.5));
#610 = DIRECTION('',(1.,0.,0.));
#611 = DIRECTION('',(-0.,0.,1.));
#612 = DEFINITIONAL_REPRESENTATION('',(#613),#616);
#613 = B_SPLINE_CURVE_WITH_KNOTS('',1,(#614,#615),.UNSPECIFIED.,.F.,.F.,
  (2,2),(-5.999999999062E-07,7.3000006),.PIECEWISE_BEZIER_KNOTS.);
#614 = CARTESIAN_POINT('',(2.516332387073,-5.999999999062E-07));
#615 = CARTESIAN_POINT('',(2.516332387073,7.3000006));
#616 = ( GEOMETRIC_REPRESENTATION_CONTEXT(2) 
PARAMETRIC_REPRESENTATION_CONTEXT() REPRESENTATION_CONTEXT('2D SPACE',''
  ) );
#617 = ORIENTED_EDGE('',*,*,#618,.T.);
#618 = EDGE_CURVE('',#593,#619,#621,.T.);
#619 = VERTEX_POINT('',#620);
#620 = CARTESIAN_POINT('',(-13.09468902574,-15.11717960861,-3.));
#621 = SURFACE_CURVE('',#622,(#627,#634),.PCURVE_S1.);
#622 = CIRCLE('',#623,20.);
#623 = AXIS2_PLACEMENT_3D('',#624,#625,#626);
#624 = CARTESIAN_POINT('',(0.,0.,-3.));
#625 = DIRECTION('',(0.,0.,1.));
#626 = DIRECTION('',(1.,0.,-0.));
#627 = PCURVE('',#295,#628);
#628 = DEFINITIONAL_REPRESENTATION('',(#629),#633);
#629 = CIRCLE('',#630,20.);
#630 = AXIS2_PLACEMENT_2D('',#631,#632);
#631 = CARTESIAN_POINT('',(0.,0.));
#632 = DIRECTION('',(1.,0.));
#633 = ( GEOMETRIC_REPRESENTATION_CONTEXT(2) 
PARAMETRIC_REPRESENTATION_CONTEXT() REPRESENTATION_CONTEXT('2D SPACE',''
  ) );
#634 = PCURVE('',#635,#640);
#635 = CYLINDRICAL_SURFACE('',#636,20.);
#636 = AXIS2_PLACEMENT_3D('',#637,#638,#639);
#637 = CARTESIAN_POINT('',(0.,0.,-3.));
#638 = DIRECTION('',(0.,0.,1.));
#639 = DIRECTION('',(1.,0.,-0.));
#640 = DEFINITIONAL_REPRESENTATION('',(#641),#645);
#641 = LINE('',#642,#643);
#642 = CARTESIAN_POINT('',(0.,0.));
#643 = VECTOR('',#644,1.);
#644 = DIRECTION('',(1.,0.));
#645 = ( GEOMETRIC_REPRESENTATION_CONTEXT(2) 
PARAMETRIC_REPRESENTATION_CONTEXT() REPRESENTATION_CONTEXT('2D SPACE',''
  ) );
#646 = ORIENTED_EDGE('',*,*,#647,.T.);
#647 = EDGE_CURVE('',#619,#648,#650,.T.);
#648 = VERTEX_POINT('',#649);
#649 = CARTESIAN_POINT('',(-6.7,-15.11717960861,-3.));
#650 = SURFACE_CURVE('',#651,(#655,#661),.PCURVE_S1.);
#651 = LINE('',#652,#653);
#652 = CARTESIAN_POINT('',(-14.,-15.11717960861,-3.));
#653 = VECTOR('',#654,1.);
#654 = DIRECTION('',(1.,0.,0.));
#655 = PCURVE('',#295,#656);
#656 = DEFINITIONAL_REPRESENTATION('',(#657),#660);
#657 = B_SPLINE_CURVE_WITH_KNOTS('',1,(#658,#659),.UNSPECIFIED.,.F.,.F.,
  (2,2),(-5.999999999062E-07,7.3000006),.PIECEWISE_BEZIER_KNOTS.);
#658 = CARTESIAN_POINT('',(-14.0000006,-15.11717960861));
#659 = CARTESIAN_POINT('',(-6.6999994,-15.11717960861));
#660 = ( GEOMETRIC_REPRESENTATION_CONTEXT(2) 
PARAMETRIC_REPRESENTATION_CONTEXT() REPRESENTATION_CONTEXT('2D SPACE',''
  ) );
#661 = PCURVE('',#662,#667);
#662 = CYLINDRICAL_SURFACE('',#663,1.85);
#663 = AXIS2_PLACEMENT_3D('',#664,#665,#666);
#664 = CARTESIAN_POINT('',(-14.,-16.2,-1.5));
#665 = DIRECTION('',(1.,0.,0.));
#666 = DIRECTION('',(-0.,0.,1.));
#667 = DEFINITIONAL_REPRESENTATION('',(#668),#671);
#668 = B_SPLINE_CURVE_WITH_KNOTS('',1,(#669,#670),.UNSPECIFIED.,.F.,.F.,
  (2,2),(-5.999999999062E-07,7.3000006),.PIECEWISE_BEZIER_KNOTS.);
#669 = CARTESIAN_POINT('',(3.766852920107,-5.999999999062E-07));
#670 = CARTESIAN_POINT('',(3.766852920107,7.3000006));
#671 = ( GEOMETRIC_REPRESENTATION_CONTEXT(2) 
PARAMETRIC_REPRESENTATION_CONTEXT() REPRESENTATION_CONTEXT('2D SPACE',''
  ) );
#672 = ORIENTED_EDGE('',*,*,#673,.F.);
#673 = EDGE_CURVE('',#386,#648,#674,.T.);
#674 = SURFACE_CURVE('',#675,(#679,#685),.PCURVE_S1.);
#675 = LINE('',#676,#677);
#676 = CARTESIAN_POINT('',(-6.7,-8.1,-3.));
#677 = VECTOR('',#678,1.);
#678 = DIRECTION('',(0.,1.,0.));
#679 = PCURVE('',#295,#680);
#680 = DEFINITIONAL_REPRESENTATION('',(#681),#684);
#681 = B_SPLINE_CURVE_WITH_KNOTS('',1,(#682,#683),.UNSPECIFIED.,.F.,.F.,
  (2,2),(-9.95,-6.25),.PIECEWISE_BEZIER_KNOTS.);
#682 = CARTESIAN_POINT('',(-6.7,-18.05));
#683 = CARTESIAN_POINT('',(-6.7,-14.35));
#684 = ( GEOMETRIC_REPRESENTATION_CONTEXT(2) 
PARAMETRIC_REPRESENTATION_CONTEXT() REPRESENTATION_CONTEXT('2D SPACE',''
  ) );
#685 = PCURVE('',#686,#691);
#686 = PLANE('',#687);
#687 = AXIS2_PLACEMENT_3D('',#688,#689,#690);
#688 = CARTESIAN_POINT('',(-6.7,-16.2,-1.5));
#689 = DIRECTION('',(1.,0.,0.));
#690 = DIRECTION('',(-0.,0.,1.));
#691 = DEFINITIONAL_REPRESENTATION('',(#692),#695);
#692 = B_SPLINE_CURVE_WITH_KNOTS('',1,(#693,#694),.UNSPECIFIED.,.F.,.F.,
  (2,2),(-9.95,-6.25),.PIECEWISE_BEZIER_KNOTS.);
#693 = CARTESIAN_POINT('',(-1.5,1.85));
#694 = CARTESIAN_POINT('',(-1.5,-1.85));
#695 = ( GEOMETRIC_REPRESENTATION_CONTEXT(2) 
PARAMETRIC_REPRESENTATION_CONTEXT() REPRESENTATION_CONTEXT('2D SPACE',''
  ) );
#696 = FACE_BOUND('',#697,.F.);
#697 = EDGE_LOOP('',(#698));
#698 = ORIENTED_EDGE('',*,*,#699,.F.);
#699 = EDGE_CURVE('',#700,#700,#702,.T.);
#700 = VERTEX_POINT('',#701);
#701 = CARTESIAN_POINT('',(-16.36788013152,9.45,-3.));
#702 = SURFACE_CURVE('',#703,(#708,#715),.PCURVE_S1.);
#703 = CIRCLE('',#704,1.1);
#704 = AXIS2_PLACEMENT_3D('',#705,#706,#707);
#705 = CARTESIAN_POINT('',(-15.41525218736,8.9,-3.));
#706 = DIRECTION('',(0.,0.,1.));
#707 = DIRECTION('',(-0.866025403784,0.5,0.));
#708 = PCURVE('',#295,#709);
#709 = DEFINITIONAL_REPRESENTATION('',(#710),#714);
#710 = CIRCLE('',#711,1.1);
#711 = AXIS2_PLACEMENT_2D('',#712,#713);
#712 = CARTESIAN_POINT('',(-15.41525218736,8.9));
#713 = DIRECTION('',(-0.866025403784,0.5));
#714 = ( GEOMETRIC_REPRESENTATION_CONTEXT(2) 
PARAMETRIC_REPRESENTATION_CONTEXT() REPRESENTATION_CONTEXT('2D SPACE',''
  ) );
#715 = PCURVE('',#716,#721);
#716 = CYLINDRICAL_SURFACE('',#717,1.1);
#717 = AXIS2_PLACEMENT_3D('',#718,#719,#720);
#718 = CARTESIAN_POINT('',(-15.41525218736,8.9,-3.1));
#719 = DIRECTION('',(0.,0.,1.));
#720 = DIRECTION('',(-0.866025403784,0.5,0.));
#721 = DEFINITIONAL_REPRESENTATION('',(#722),#726);
#722 = LINE('',#723,#724);
#723 = CARTESIAN_POINT('',(0.,0.1));
#724 = VECTOR('',#725,1.);
#725 = DIRECTION('',(1.,0.));
#726 = ( GEOMETRIC_REPRESENTATION_CONTEXT(2) 
PARAMETRIC_REPRESENTATION_CONTEXT() REPRESENTATION_CONTEXT('2D SPACE',''
  ) );
#727 = ADVANCED_FACE('',(#728,#1032),#269,.T.);
#728 = FACE_BOUND('',#729,.T.);
#729 = EDGE_LOOP('',(#730,#731,#732,#753,#779,#805,#831,#857,#883,#909,
    #935,#961,#987,#1013));
#730 = ORIENTED_EDGE('',*,*,#550,.T.);
#731 = ORIENTED_EDGE('',*,*,#254,.T.);
#732 = ORIENTED_EDGE('',*,*,#733,.F.);
#733 = EDGE_CURVE('',#734,#222,#736,.T.);
#734 = VERTEX_POINT('',#735);
#735 = CARTESIAN_POINT('',(9.552245033349E-16,15.6,0.));
#736 = SURFACE_CURVE('',#737,(#741,#747),.PCURVE_S1.);
#737 = LINE('',#738,#739);
#738 = CARTESIAN_POINT('',(0.,-25.,0.));
#739 = VECTOR('',#740,1.);
#740 = DIRECTION('',(0.,1.,0.));
#741 = PCURVE('',#269,#742);
#742 = DEFINITIONAL_REPRESENTATION('',(#743),#746);
#743 = B_SPLINE_CURVE_WITH_KNOTS('',1,(#744,#745),.UNSPECIFIED.,.F.,.F.,
  (2,2),(5.,45.),.PIECEWISE_BEZIER_KNOTS.);
#744 = CARTESIAN_POINT('',(50.,-30.));
#745 = CARTESIAN_POINT('',(50.,-70.));
#746 = ( GEOMETRIC_REPRESENTATION_CONTEXT(2) 
PARAMETRIC_REPRESENTATION_CONTEXT() REPRESENTATION_CONTEXT('2D SPACE',''
  ) );
#747 = PCURVE('',#238,#748);
#748 = DEFINITIONAL_REPRESENTATION('',(#749),#752);
#749 = B_SPLINE_CURVE_WITH_KNOTS('',1,(#750,#751),.UNSPECIFIED.,.F.,.F.,
  (2,2),(5.,45.),.PIECEWISE_BEZIER_KNOTS.);
#750 = CARTESIAN_POINT('',(0.,-20.));
#751 = CARTESIAN_POINT('',(0.,20.));
#752 = ( GEOMETRIC_REPRESENTATION_CONTEXT(2) 
PARAMETRIC_REPRESENTATION_CONTEXT() REPRESENTATION_CONTEXT('2D SPACE',''
  ) );
#753 = ORIENTED_EDGE('',*,*,#754,.T.);
#754 = EDGE_CURVE('',#734,#755,#757,.T.);
#755 = VERTEX_POINT('',#756);
#756 = CARTESIAN_POINT('',(9.552245033349E-16,15.6,0.6));
#757 = SURFACE_CURVE('',#758,(#762,#768),.PCURVE_S1.);
#758 = LINE('',#759,#760);
#759 = CARTESIAN_POINT('',(0.,15.6,0.));
#760 = VECTOR('',#761,1.);
#761 = DIRECTION('',(0.,0.,1.));
#762 = PCURVE('',#269,#763);
#763 = DEFINITIONAL_REPRESENTATION('',(#764),#767);
#764 = B_SPLINE_CURVE_WITH_KNOTS('',1,(#765,#766),.UNSPECIFIED.,.F.,.F.,
  (2,2),(-6.E-07,0.6000006),.PIECEWISE_BEZIER_KNOTS.);
#765 = CARTESIAN_POINT('',(49.9999994,-65.6));
#766 = CARTESIAN_POINT('',(50.6000006,-65.6));
#767 = ( GEOMETRIC_REPRESENTATION_CONTEXT(2) 
PARAMETRIC_REPRESENTATION_CONTEXT() REPRESENTATION_CONTEXT('2D SPACE',''
  ) );
#768 = PCURVE('',#769,#774);
#769 = CYLINDRICAL_SURFACE('',#770,15.6);
#770 = AXIS2_PLACEMENT_3D('',#771,#772,#773);
#771 = CARTESIAN_POINT('',(0.,0.,0.));
#772 = DIRECTION('',(0.,0.,1.));
#773 = DIRECTION('',(1.,0.,-0.));
#774 = DEFINITIONAL_REPRESENTATION('',(#775),#778);
#775 = B_SPLINE_CURVE_WITH_KNOTS('',1,(#776,#777),.UNSPECIFIED.,.F.,.F.,
  (2,2),(-6.E-07,0.6000006),.PIECEWISE_BEZIER_KNOTS.);
#776 = CARTESIAN_POINT('',(1.570796326795,-6.E-07));
#777 = CARTESIAN_POINT('',(1.570796326795,0.6000006));
#778 = ( GEOMETRIC_REPRESENTATION_CONTEXT(2) 
PARAMETRIC_REPRESENTATION_CONTEXT() REPRESENTATION_CONTEXT('2D SPACE',''
  ) );
#779 = ORIENTED_EDGE('',*,*,#780,.F.);
#780 = EDGE_CURVE('',#781,#755,#783,.T.);
#781 = VERTEX_POINT('',#782);
#782 = CARTESIAN_POINT('',(8.597020530014E-16,14.04,0.6));
#783 = SURFACE_CURVE('',#784,(#788,#794),.PCURVE_S1.);
#784 = LINE('',#785,#786);
#785 = CARTESIAN_POINT('',(0.,-25.,0.6));
#786 = VECTOR('',#787,1.);
#787 = DIRECTION('',(0.,1.,0.));
#788 = PCURVE('',#269,#789);
#789 = DEFINITIONAL_REPRESENTATION('',(#790),#793);
#790 = B_SPLINE_CURVE_WITH_KNOTS('',1,(#791,#792),.UNSPECIFIED.,.F.,.F.,
  (2,2),(9.4,40.6),.PIECEWISE_BEZIER_KNOTS.);
#791 = CARTESIAN_POINT('',(50.6,-34.4));
#792 = CARTESIAN_POINT('',(50.6,-65.6));
#793 = ( GEOMETRIC_REPRESENTATION_CONTEXT(2) 
PARAMETRIC_REPRESENTATION_CONTEXT() REPRESENTATION_CONTEXT('2D SPACE',''
  ) );
#794 = PCURVE('',#795,#800);
#795 = PLANE('',#796);
#796 = AXIS2_PLACEMENT_3D('',#797,#798,#799);
#797 = CARTESIAN_POINT('',(0.,0.,0.6));
#798 = DIRECTION('',(0.,0.,1.));
#799 = DIRECTION('',(1.,0.,-0.));
#800 = DEFINITIONAL_REPRESENTATION('',(#801),#804);
#801 = B_SPLINE_CURVE_WITH_KNOTS('',1,(#802,#803),.UNSPECIFIED.,.F.,.F.,
  (2,2),(9.4,40.6),.PIECEWISE_BEZIER_KNOTS.);
#802 = CARTESIAN_POINT('',(0.,-15.6));
#803 = CARTESIAN_POINT('',(0.,15.6));
#804 = ( GEOMETRIC_REPRESENTATION_CONTEXT(2) 
PARAMETRIC_REPRESENTATION_CONTEXT() REPRESENTATION_CONTEXT('2D SPACE',''
  ) );
#805 = ORIENTED_EDGE('',*,*,#806,.F.);
#806 = EDGE_CURVE('',#807,#781,#809,.T.);
#807 = VERTEX_POINT('',#808);
#808 = CARTESIAN_POINT('',(8.597020530014E-16,14.04,0.));
#809 = SURFACE_CURVE('',#810,(#814,#820),.PCURVE_S1.);
#810 = LINE('',#811,#812);
#811 = CARTESIAN_POINT('',(0.,14.04,-1.E-02));
#812 = VECTOR('',#813,1.);
#813 = DIRECTION('',(0.,0.,1.));
#814 = PCURVE('',#269,#815);
#815 = DEFINITIONAL_REPRESENTATION('',(#816),#819);
#816 = B_SPLINE_CURVE_WITH_KNOTS('',1,(#817,#818),.UNSPECIFIED.,.F.,.F.,
  (2,2),(9.9994E-03,0.6100006),.PIECEWISE_BEZIER_KNOTS.);
#817 = CARTESIAN_POINT('',(49.9999994,-64.04));
#818 = CARTESIAN_POINT('',(50.6000006,-64.04));
#819 = ( GEOMETRIC_REPRESENTATION_CONTEXT(2) 
PARAMETRIC_REPRESENTATION_CONTEXT() REPRESENTATION_CONTEXT('2D SPACE',''
  ) );
#820 = PCURVE('',#821,#826);
#821 = CYLINDRICAL_SURFACE('',#822,14.04);
#822 = AXIS2_PLACEMENT_3D('',#823,#824,#825);
#823 = CARTESIAN_POINT('',(0.,0.,-1.E-02));
#824 = DIRECTION('',(0.,0.,1.));
#825 = DIRECTION('',(1.,0.,-0.));
#826 = DEFINITIONAL_REPRESENTATION('',(#827),#830);
#827 = B_SPLINE_CURVE_WITH_KNOTS('',1,(#828,#829),.UNSPECIFIED.,.F.,.F.,
  (2,2),(9.9994E-03,0.6100006),.PIECEWISE_BEZIER_KNOTS.);
#828 = CARTESIAN_POINT('',(1.570796326795,9.9994E-03));
#829 = CARTESIAN_POINT('',(1.570796326795,0.6100006));
#830 = ( GEOMETRIC_REPRESENTATION_CONTEXT(2) 
PARAMETRIC_REPRESENTATION_CONTEXT() REPRESENTATION_CONTEXT('2D SPACE',''
  ) );
#831 = ORIENTED_EDGE('',*,*,#832,.F.);
#832 = EDGE_CURVE('',#833,#807,#835,.T.);
#833 = VERTEX_POINT('',#834);
#834 = CARTESIAN_POINT('',(3.122849337826E-16,5.1,0.));
#835 = SURFACE_CURVE('',#836,(#840,#846),.PCURVE_S1.);
#836 = LINE('',#837,#838);
#837 = CARTESIAN_POINT('',(0.,-25.,0.));
#838 = VECTOR('',#839,1.);
#839 = DIRECTION('',(0.,1.,0.));
#840 = PCURVE('',#269,#841);
#841 = DEFINITIONAL_REPRESENTATION('',(#842),#845);
#842 = B_SPLINE_CURVE_WITH_KNOTS('',1,(#843,#844),.UNSPECIFIED.,.F.,.F.,
  (2,2),(10.96,39.04),.PIECEWISE_BEZIER_KNOTS.);
#843 = CARTESIAN_POINT('',(50.,-35.96));
#844 = CARTESIAN_POINT('',(50.,-64.04));
#845 = ( GEOMETRIC_REPRESENTATION_CONTEXT(2) 
PARAMETRIC_REPRESENTATION_CONTEXT() REPRESENTATION_CONTEXT('2D SPACE',''
  ) );
#846 = PCURVE('',#847,#852);
#847 = PLANE('',#848);
#848 = AXIS2_PLACEMENT_3D('',#849,#850,#851);
#849 = CARTESIAN_POINT('',(0.,0.,0.));
#850 = DIRECTION('',(0.,0.,1.));
#851 = DIRECTION('',(1.,0.,-0.));
#852 = DEFINITIONAL_REPRESENTATION('',(#853),#856);
#853 = B_SPLINE_CURVE_WITH_KNOTS('',1,(#854,#855),.UNSPECIFIED.,.F.,.F.,
  (2,2),(10.96,39.04),.PIECEWISE_BEZIER_KNOTS.);
#854 = CARTESIAN_POINT('',(0.,-14.04));
#855 = CARTESIAN_POINT('',(0.,14.04));
#856 = ( GEOMETRIC_REPRESENTATION_CONTEXT(2) 
PARAMETRIC_REPRESENTATION_CONTEXT() REPRESENTATION_CONTEXT('2D SPACE',''
  ) );
#857 = ORIENTED_EDGE('',*,*,#858,.F.);
#858 = EDGE_CURVE('',#859,#833,#861,.T.);
#859 = VERTEX_POINT('',#860);
#860 = CARTESIAN_POINT('',(3.122849337826E-16,5.1,-3.));
#861 = SURFACE_CURVE('',#862,(#866,#872),.PCURVE_S1.);
#862 = LINE('',#863,#864);
#863 = CARTESIAN_POINT('',(0.,5.1,-3.01));
#864 = VECTOR('',#865,1.);
#865 = DIRECTION('',(0.,0.,1.));
#866 = PCURVE('',#269,#867);
#867 = DEFINITIONAL_REPRESENTATION('',(#868),#871);
#868 = B_SPLINE_CURVE_WITH_KNOTS('',1,(#869,#870),.UNSPECIFIED.,.F.,.F.,
  (2,2),(9.9994E-03,3.0100006),.PIECEWISE_BEZIER_KNOTS.);
#869 = CARTESIAN_POINT('',(46.9999994,-55.1));
#870 = CARTESIAN_POINT('',(50.0000006,-55.1));
#871 = ( GEOMETRIC_REPRESENTATION_CONTEXT(2) 
PARAMETRIC_REPRESENTATION_CONTEXT() REPRESENTATION_CONTEXT('2D SPACE',''
  ) );
#872 = PCURVE('',#873,#878);
#873 = CYLINDRICAL_SURFACE('',#874,5.1);
#874 = AXIS2_PLACEMENT_3D('',#875,#876,#877);
#875 = CARTESIAN_POINT('',(0.,0.,-3.01));
#876 = DIRECTION('',(0.,0.,1.));
#877 = DIRECTION('',(1.,0.,-0.));
#878 = DEFINITIONAL_REPRESENTATION('',(#879),#882);
#879 = B_SPLINE_CURVE_WITH_KNOTS('',1,(#880,#881),.UNSPECIFIED.,.F.,.F.,
  (2,2),(9.9994E-03,3.0100006),.PIECEWISE_BEZIER_KNOTS.);
#880 = CARTESIAN_POINT('',(1.570796326795,9.9994E-03));
#881 = CARTESIAN_POINT('',(1.570796326795,3.0100006));
#882 = ( GEOMETRIC_REPRESENTATION_CONTEXT(2) 
PARAMETRIC_REPRESENTATION_CONTEXT() REPRESENTATION_CONTEXT('2D SPACE',''
  ) );
#883 = ORIENTED_EDGE('',*,*,#884,.F.);
#884 = EDGE_CURVE('',#885,#859,#887,.T.);
#885 = VERTEX_POINT('',#886);
#886 = CARTESIAN_POINT('',(3.061616997868E-16,5.,-3.));
#887 = SURFACE_CURVE('',#888,(#892,#898),.PCURVE_S1.);
#888 = LINE('',#889,#890);
#889 = CARTESIAN_POINT('',(0.,-25.,-3.));
#890 = VECTOR('',#891,1.);
#891 = DIRECTION('',(0.,1.,0.));
#892 = PCURVE('',#269,#893);
#893 = DEFINITIONAL_REPRESENTATION('',(#894),#897);
#894 = B_SPLINE_CURVE_WITH_KNOTS('',1,(#895,#896),.UNSPECIFIED.,.F.,.F.,
  (2,2),(19.9,30.1),.PIECEWISE_BEZIER_KNOTS.);
#895 = CARTESIAN_POINT('',(47.,-44.9));
#896 = CARTESIAN_POINT('',(47.,-55.1));
#897 = ( GEOMETRIC_REPRESENTATION_CONTEXT(2) 
PARAMETRIC_REPRESENTATION_CONTEXT() REPRESENTATION_CONTEXT('2D SPACE',''
  ) );
#898 = PCURVE('',#899,#904);
#899 = PLANE('',#900);
#900 = AXIS2_PLACEMENT_3D('',#901,#902,#903);
#901 = CARTESIAN_POINT('',(0.,0.,-3.));
#902 = DIRECTION('',(0.,0.,1.));
#903 = DIRECTION('',(1.,0.,-0.));
#904 = DEFINITIONAL_REPRESENTATION('',(#905),#908);
#905 = B_SPLINE_CURVE_WITH_KNOTS('',1,(#906,#907),.UNSPECIFIED.,.F.,.F.,
  (2,2),(19.9,30.1),.PIECEWISE_BEZIER_KNOTS.);
#906 = CARTESIAN_POINT('',(0.,-5.1));
#907 = CARTESIAN_POINT('',(0.,5.1));
#908 = ( GEOMETRIC_REPRESENTATION_CONTEXT(2) 
PARAMETRIC_REPRESENTATION_CONTEXT() REPRESENTATION_CONTEXT('2D SPACE',''
  ) );
#909 = ORIENTED_EDGE('',*,*,#910,.F.);
#910 = EDGE_CURVE('',#911,#885,#913,.T.);
#911 = VERTEX_POINT('',#912);
#912 = CARTESIAN_POINT('',(3.061616997868E-16,5.,-3.9));
#913 = SURFACE_CURVE('',#914,(#918,#924),.PCURVE_S1.);
#914 = LINE('',#915,#916);
#915 = CARTESIAN_POINT('',(0.,5.,-3.9));
#916 = VECTOR('',#917,1.);
#917 = DIRECTION('',(0.,0.,1.));
#918 = PCURVE('',#269,#919);
#919 = DEFINITIONAL_REPRESENTATION('',(#920),#923);
#920 = B_SPLINE_CURVE_WITH_KNOTS('',1,(#921,#922),.UNSPECIFIED.,.F.,.F.,
  (2,2),(-5.999999999062E-07,0.9000006),.PIECEWISE_BEZIER_KNOTS.);
#921 = CARTESIAN_POINT('',(46.0999994,-55.));
#922 = CARTESIAN_POINT('',(47.0000006,-55.));
#923 = ( GEOMETRIC_REPRESENTATION_CONTEXT(2) 
PARAMETRIC_REPRESENTATION_CONTEXT() REPRESENTATION_CONTEXT('2D SPACE',''
  ) );
#924 = PCURVE('',#925,#930);
#925 = CYLINDRICAL_SURFACE('',#926,5.);
#926 = AXIS2_PLACEMENT_3D('',#927,#928,#929);
#927 = CARTESIAN_POINT('',(0.,0.,-3.9));
#928 = DIRECTION('',(0.,0.,1.));
#929 = DIRECTION('',(1.,0.,-0.));
#930 = DEFINITIONAL_REPRESENTATION('',(#931),#934);
#931 = B_SPLINE_CURVE_WITH_KNOTS('',1,(#932,#933),.UNSPECIFIED.,.F.,.F.,
  (2,2),(-5.999999999062E-07,0.9000006),.PIECEWISE_BEZIER_KNOTS.);
#932 = CARTESIAN_POINT('',(1.570796326795,-5.999999999062E-07));
#933 = CARTESIAN_POINT('',(1.570796326795,0.9000006));
#934 = ( GEOMETRIC_REPRESENTATION_CONTEXT(2) 
PARAMETRIC_REPRESENTATION_CONTEXT() REPRESENTATION_CONTEXT('2D SPACE',''
  ) );
#935 = ORIENTED_EDGE('',*,*,#936,.F.);
#936 = EDGE_CURVE('',#937,#911,#939,.T.);
#937 = VERTEX_POINT('',#938);
#938 = CARTESIAN_POINT('',(1.959434878636E-16,3.2,-3.9));
#939 = SURFACE_CURVE('',#940,(#944,#950),.PCURVE_S1.);
#940 = LINE('',#941,#942);
#941 = CARTESIAN_POINT('',(0.,-25.,-3.9));
#942 = VECTOR('',#943,1.);
#943 = DIRECTION('',(0.,1.,0.));
#944 = PCURVE('',#269,#945);
#945 = DEFINITIONAL_REPRESENTATION('',(#946),#949);
#946 = B_SPLINE_CURVE_WITH_KNOTS('',1,(#947,#948),.UNSPECIFIED.,.F.,.F.,
  (2,2),(20.,30.),.PIECEWISE_BEZIER_KNOTS.);
#947 = CARTESIAN_POINT('',(46.1,-45.));
#948 = CARTESIAN_POINT('',(46.1,-55.));
#949 = ( GEOMETRIC_REPRESENTATION_CONTEXT(2) 
PARAMETRIC_REPRESENTATION_CONTEXT() REPRESENTATION_CONTEXT('2D SPACE',''
  ) );
#950 = PCURVE('',#951,#956);
#951 = PLANE('',#952);
#952 = AXIS2_PLACEMENT_3D('',#953,#954,#955);
#953 = CARTESIAN_POINT('',(0.,0.,-3.9));
#954 = DIRECTION('',(0.,0.,1.));
#955 = DIRECTION('',(1.,0.,-0.));
#956 = DEFINITIONAL_REPRESENTATION('',(#957),#960);
#957 = B_SPLINE_CURVE_WITH_KNOTS('',1,(#958,#959),.UNSPECIFIED.,.F.,.F.,
  (2,2),(20.,30.),.PIECEWISE_BEZIER_KNOTS.);
#958 = CARTESIAN_POINT('',(0.,-5.));
#959 = CARTESIAN_POINT('',(0.,5.));
#960 = ( GEOMETRIC_REPRESENTATION_CONTEXT(2) 
PARAMETRIC_REPRESENTATION_CONTEXT() REPRESENTATION_CONTEXT('2D SPACE',''
  ) );
#961 = ORIENTED_EDGE('',*,*,#962,.F.);
#962 = EDGE_CURVE('',#963,#937,#965,.T.);
#963 = VERTEX_POINT('',#964);
#964 = CARTESIAN_POINT('',(1.959434878636E-16,3.2,-4.3));
#965 = SURFACE_CURVE('',#966,(#970,#976),.PCURVE_S1.);
#966 = LINE('',#967,#968);
#967 = CARTESIAN_POINT('',(0.,3.2,-4.31));
#968 = VECTOR('',#969,1.);
#969 = DIRECTION('',(0.,0.,1.));
#970 = PCURVE('',#269,#971);
#971 = DEFINITIONAL_REPRESENTATION('',(#972),#975);
#972 = B_SPLINE_CURVE_WITH_KNOTS('',1,(#973,#974),.UNSPECIFIED.,.F.,.F.,
  (2,2),(9.9994E-03,0.4100006),.PIECEWISE_BEZIER_KNOTS.);
#973 = CARTESIAN_POINT('',(45.6999994,-53.2));
#974 = CARTESIAN_POINT('',(46.1000006,-53.2));
#975 = ( GEOMETRIC_REPRESENTATION_CONTEXT(2) 
PARAMETRIC_REPRESENTATION_CONTEXT() REPRESENTATION_CONTEXT('2D SPACE',''
  ) );
#976 = PCURVE('',#977,#982);
#977 = CYLINDRICAL_SURFACE('',#978,3.2);
#978 = AXIS2_PLACEMENT_3D('',#979,#980,#981);
#979 = CARTESIAN_POINT('',(0.,0.,-4.31));
#980 = DIRECTION('',(0.,0.,1.));
#981 = DIRECTION('',(1.,0.,-0.));
#982 = DEFINITIONAL_REPRESENTATION('',(#983),#986);
#983 = B_SPLINE_CURVE_WITH_KNOTS('',1,(#984,#985),.UNSPECIFIED.,.F.,.F.,
  (2,2),(9.9994E-03,0.4100006),.PIECEWISE_BEZIER_KNOTS.);
#984 = CARTESIAN_POINT('',(1.570796326795,9.9994E-03));
#985 = CARTESIAN_POINT('',(1.570796326795,0.4100006));
#986 = ( GEOMETRIC_REPRESENTATION_CONTEXT(2) 
PARAMETRIC_REPRESENTATION_CONTEXT() REPRESENTATION_CONTEXT('2D SPACE',''
  ) );
#987 = ORIENTED_EDGE('',*,*,#988,.T.);
#988 = EDGE_CURVE('',#963,#989,#991,.T.);
#989 = VERTEX_POINT('',#990);
#990 = CARTESIAN_POINT('',(4.041334437186E-16,6.6,-4.3));
#991 = SURFACE_CURVE('',#992,(#996,#1002),.PCURVE_S1.);
#992 = LINE('',#993,#994);
#993 = CARTESIAN_POINT('',(0.,-25.,-4.3));
#994 = VECTOR('',#995,1.);
#995 = DIRECTION('',(0.,1.,0.));
#996 = PCURVE('',#269,#997);
#997 = DEFINITIONAL_REPRESENTATION('',(#998),#1001);
#998 = B_SPLINE_CURVE_WITH_KNOTS('',1,(#999,#1000),.UNSPECIFIED.,.F.,.F.
  ,(2,2),(18.4,31.6),.PIECEWISE_BEZIER_KNOTS.);
#999 = CARTESIAN_POINT('',(45.7,-43.4));
#1000 = CARTESIAN_POINT('',(45.7,-56.6));
#1001 = ( GEOMETRIC_REPRESENTATION_CONTEXT(2) 
PARAMETRIC_REPRESENTATION_CONTEXT() REPRESENTATION_CONTEXT('2D SPACE',''
  ) );
#1002 = PCURVE('',#1003,#1008);
#1003 = PLANE('',#1004);
#1004 = AXIS2_PLACEMENT_3D('',#1005,#1006,#1007);
#1005 = CARTESIAN_POINT('',(0.,0.,-4.3));
#1006 = DIRECTION('',(0.,0.,1.));
#1007 = DIRECTION('',(1.,0.,-0.));
#1008 = DEFINITIONAL_REPRESENTATION('',(#1009),#1012);
#1009 = B_SPLINE_CURVE_WITH_KNOTS('',1,(#1010,#1011),.UNSPECIFIED.,.F.,
  .F.,(2,2),(18.4,31.6),.PIECEWISE_BEZIER_KNOTS.);
#1010 = CARTESIAN_POINT('',(0.,-6.6));
#1011 = CARTESIAN_POINT('',(0.,6.6));
#1012 = ( GEOMETRIC_REPRESENTATION_CONTEXT(2) 
PARAMETRIC_REPRESENTATION_CONTEXT() REPRESENTATION_CONTEXT('2D SPACE',''
  ) );
#1013 = ORIENTED_EDGE('',*,*,#1014,.T.);
#1014 = EDGE_CURVE('',#989,#522,#1015,.T.);
#1015 = SURFACE_CURVE('',#1016,(#1020,#1026),.PCURVE_S1.);
#1016 = LINE('',#1017,#1018);
#1017 = CARTESIAN_POINT('',(0.,6.6,-4.3));
#1018 = VECTOR('',#1019,1.);
#1019 = DIRECTION('',(0.,0.,1.));
#1020 = PCURVE('',#269,#1021);
#1021 = DEFINITIONAL_REPRESENTATION('',(#1022),#1025);
#1022 = B_SPLINE_CURVE_WITH_KNOTS('',1,(#1023,#1024),.UNSPECIFIED.,.F.,
  .F.,(2,2),(-5.999999999062E-07,1.3000006),.PIECEWISE_BEZIER_KNOTS.);
#1023 = CARTESIAN_POINT('',(45.6999994,-56.6));
#1024 = CARTESIAN_POINT('',(47.0000006,-56.6));
#1025 = ( GEOMETRIC_REPRESENTATION_CONTEXT(2) 
PARAMETRIC_REPRESENTATION_CONTEXT() REPRESENTATION_CONTEXT('2D SPACE',''
  ) );
#1026 = PCURVE('',#538,#1027);
#1027 = DEFINITIONAL_REPRESENTATION('',(#1028),#1031);
#1028 = B_SPLINE_CURVE_WITH_KNOTS('',1,(#1029,#1030),.UNSPECIFIED.,.F.,
  .F.,(2,2),(-5.999999999062E-07,1.3000006),.PIECEWISE_BEZIER_KNOTS.);
#1029 = CARTESIAN_POINT('',(1.570796326795,-5.999999999062E-07));
#1030 = CARTESIAN_POINT('',(1.570796326795,1.3000006));
#1031 = ( GEOMETRIC_REPRESENTATION_CONTEXT(2) 
PARAMETRIC_REPRESENTATION_CONTEXT() REPRESENTATION_CONTEXT('2D SPACE',''
  ) );
#1032 = FACE_BOUND('',#1033,.T.);
#1033 = EDGE_LOOP('',(#1034));
#1034 = ORIENTED_EDGE('',*,*,#1035,.F.);
#1035 = EDGE_CURVE('',#1036,#1036,#1038,.T.);
#1036 = VERTEX_POINT('',#1037);
#1037 = CARTESIAN_POINT('',(0.,16.2,-0.4));
#1038 = SURFACE_CURVE('',#1039,(#1044,#1051),.PCURVE_S1.);
#1039 = CIRCLE('',#1040,1.1);
#1040 = AXIS2_PLACEMENT_3D('',#1041,#1042,#1043);
#1041 = CARTESIAN_POINT('',(0.,16.2,-1.5));
#1042 = DIRECTION('',(1.,0.,0.));
#1043 = DIRECTION('',(-0.,0.,1.));
#1044 = PCURVE('',#269,#1045);
#1045 = DEFINITIONAL_REPRESENTATION('',(#1046),#1050);
#1046 = CIRCLE('',#1047,1.1);
#1047 = AXIS2_PLACEMENT_2D('',#1048,#1049);
#1048 = CARTESIAN_POINT('',(48.5,-66.2));
#1049 = DIRECTION('',(1.,0.));
#1050 = ( GEOMETRIC_REPRESENTATION_CONTEXT(2) 
PARAMETRIC_REPRESENTATION_CONTEXT() REPRESENTATION_CONTEXT('2D SPACE',''
  ) );
#1051 = PCURVE('',#1052,#1057);
#1052 = CYLINDRICAL_SURFACE('',#1053,1.1);
#1053 = AXIS2_PLACEMENT_3D('',#1054,#1055,#1056);
#1054 = CARTESIAN_POINT('',(-14.,16.2,-1.5));
#1055 = DIRECTION('',(1.,0.,0.));
#1056 = DIRECTION('',(-0.,0.,1.));
#1057 = DEFINITIONAL_REPRESENTATION('',(#1058),#1062);
#1058 = LINE('',#1059,#1060);
#1059 = CARTESIAN_POINT('',(0.,14.));
#1060 = VECTOR('',#1061,1.);
#1061 = DIRECTION('',(1.,0.));
#1062 = ( GEOMETRIC_REPRESENTATION_CONTEXT(2) 
PARAMETRIC_REPRESENTATION_CONTEXT() REPRESENTATION_CONTEXT('2D SPACE',''
  ) );
#1063 = ADVANCED_FACE('',(#1064,#1314),#238,.T.);
#1064 = FACE_BOUND('',#1065,.T.);
#1065 = EDGE_LOOP('',(#1066,#1089,#1117,#1138,#1162,#1183,#1205,#1206,
    #1207,#1208,#1229,#1250,#1274,#1295));
#1066 = ORIENTED_EDGE('',*,*,#1067,.F.);
#1067 = EDGE_CURVE('',#1068,#1070,#1072,.T.);
#1068 = VERTEX_POINT('',#1069);
#1069 = CARTESIAN_POINT('',(-10.06499475007,-17.28282039138,0.));
#1070 = VERTEX_POINT('',#1071);
#1071 = CARTESIAN_POINT('',(-6.7,-17.28282039138,0.));
#1072 = SURFACE_CURVE('',#1073,(#1077,#1083),.PCURVE_S1.);
#1073 = LINE('',#1074,#1075);
#1074 = CARTESIAN_POINT('',(-14.,-17.28282039138,0.));
#1075 = VECTOR('',#1076,1.);
#1076 = DIRECTION('',(1.,0.,0.));
#1077 = PCURVE('',#238,#1078);
#1078 = DEFINITIONAL_REPRESENTATION('',(#1079),#1082);
#1079 = B_SPLINE_CURVE_WITH_KNOTS('',1,(#1080,#1081),.UNSPECIFIED.,.F.,
  .F.,(2,2),(-5.999999999062E-07,7.3000006),.PIECEWISE_BEZIER_KNOTS.);
#1080 = CARTESIAN_POINT('',(-14.0000006,-17.28282039138));
#1081 = CARTESIAN_POINT('',(-6.6999994,-17.28282039138));
#1082 = ( GEOMETRIC_REPRESENTATION_CONTEXT(2) 
PARAMETRIC_REPRESENTATION_CONTEXT() REPRESENTATION_CONTEXT('2D SPACE',''
  ) );
#1083 = PCURVE('',#400,#1084);
#1084 = DEFINITIONAL_REPRESENTATION('',(#1085),#1088);
#1085 = B_SPLINE_CURVE_WITH_KNOTS('',1,(#1086,#1087),.UNSPECIFIED.,.F.,
  .F.,(2,2),(-5.999999999062E-07,7.3000006),.PIECEWISE_BEZIER_KNOTS.);
#1086 = CARTESIAN_POINT('',(0.625260266517,-5.999999999062E-07));
#1087 = CARTESIAN_POINT('',(0.625260266517,7.3000006));
#1088 = ( GEOMETRIC_REPRESENTATION_CONTEXT(2) 
PARAMETRIC_REPRESENTATION_CONTEXT() REPRESENTATION_CONTEXT('2D SPACE',''
  ) );
#1089 = ORIENTED_EDGE('',*,*,#1090,.F.);
#1090 = EDGE_CURVE('',#1091,#1068,#1093,.T.);
#1091 = VERTEX_POINT('',#1092);
#1092 = CARTESIAN_POINT('',(1.7763568394E-15,-20.,0.));
#1093 = SURFACE_CURVE('',#1094,(#1099,#1110),.PCURVE_S1.);
#1094 = CIRCLE('',#1095,20.);
#1095 = AXIS2_PLACEMENT_3D('',#1096,#1097,#1098);
#1096 = CARTESIAN_POINT('',(0.,0.,0.));
#1097 = DIRECTION('',(0.,0.,-1.));
#1098 = DIRECTION('',(-0.503249737504,0.864141019569,0.));
#1099 = PCURVE('',#238,#1100);
#1100 = DEFINITIONAL_REPRESENTATION('',(#1101),#1109);
#1101 = ( BOUNDED_CURVE() B_SPLINE_CURVE(2,(#1102,#1103,#1104,#1105,
#1106,#1107,#1108),.UNSPECIFIED.,.T.,.F.) B_SPLINE_CURVE_WITH_KNOTS((1,2
    ,2,2,2,1),(-2.094395102393,0.,2.094395102393,4.188790204786,
6.28318530718,8.377580409573),.UNSPECIFIED.) CURVE() 
GEOMETRIC_REPRESENTATION_ITEM() RATIONAL_B_SPLINE_CURVE((1.,0.5,1.,0.5,
1.,0.5,1.)) REPRESENTATION_ITEM('') );
#1102 = CARTESIAN_POINT('',(-10.06499475007,17.282820391385));
#1103 = CARTESIAN_POINT('',(19.869728265888,34.715902676436));
#1104 = CARTESIAN_POINT('',(19.999858883023,7.513094683249E-02));
#1105 = CARTESIAN_POINT('',(20.129989500157,-34.56564078277));
#1106 = CARTESIAN_POINT('',(-9.934864132944,-17.35795133821));
#1107 = CARTESIAN_POINT('',(-39.99971776604,-0.150261893665));
#1108 = CARTESIAN_POINT('',(-10.06499475007,17.282820391385));
#1109 = ( GEOMETRIC_REPRESENTATION_CONTEXT(2) 
PARAMETRIC_REPRESENTATION_CONTEXT() REPRESENTATION_CONTEXT('2D SPACE',''
  ) );
#1110 = PCURVE('',#428,#1111);
#1111 = DEFINITIONAL_REPRESENTATION('',(#1112),#1116);
#1112 = LINE('',#1113,#1114);
#1113 = CARTESIAN_POINT('',(8.38133696575,3.));
#1114 = VECTOR('',#1115,1.);
#1115 = DIRECTION('',(-1.,-0.));
#1116 = ( GEOMETRIC_REPRESENTATION_CONTEXT(2) 
PARAMETRIC_REPRESENTATION_CONTEXT() REPRESENTATION_CONTEXT('2D SPACE',''
  ) );
#1117 = ORIENTED_EDGE('',*,*,#1118,.T.);
#1118 = EDGE_CURVE('',#1091,#1119,#1121,.T.);
#1119 = VERTEX_POINT('',#1120);
#1120 = CARTESIAN_POINT('',(-4.466065328896E-15,-18.9,0.));
#1121 = SURFACE_CURVE('',#1122,(#1126,#1132),.PCURVE_S1.);
#1122 = LINE('',#1123,#1124);
#1123 = CARTESIAN_POINT('',(0.,-25.,0.));
#1124 = VECTOR('',#1125,1.);
#1125 = DIRECTION('',(0.,1.,0.));
#1126 = PCURVE('',#238,#1127);
#1127 = DEFINITIONAL_REPRESENTATION('',(#1128),#1131);
#1128 = B_SPLINE_CURVE_WITH_KNOTS('',1,(#1129,#1130),.UNSPECIFIED.,.F.,
  .F.,(2,2),(5.,45.),.PIECEWISE_BEZIER_KNOTS.);
#1129 = CARTESIAN_POINT('',(0.,-20.));
#1130 = CARTESIAN_POINT('',(0.,20.));
#1131 = ( GEOMETRIC_REPRESENTATION_CONTEXT(2) 
PARAMETRIC_REPRESENTATION_CONTEXT() REPRESENTATION_CONTEXT('2D SPACE',''
  ) );
#1132 = PCURVE('',#455,#1133);
#1133 = DEFINITIONAL_REPRESENTATION('',(#1134),#1137);
#1134 = B_SPLINE_CURVE_WITH_KNOTS('',1,(#1135,#1136),.UNSPECIFIED.,.F.,
  .F.,(2,2),(5.,45.),.PIECEWISE_BEZIER_KNOTS.);
#1135 = CARTESIAN_POINT('',(50.,-30.));
#1136 = CARTESIAN_POINT('',(50.,-70.));
#1137 = ( GEOMETRIC_REPRESENTATION_CONTEXT(2) 
PARAMETRIC_REPRESENTATION_CONTEXT() REPRESENTATION_CONTEXT('2D SPACE',''
  ) );
#1138 = ORIENTED_EDGE('',*,*,#1139,.F.);
#1139 = EDGE_CURVE('',#1140,#1119,#1142,.T.);
#1140 = VERTEX_POINT('',#1141);
#1141 = CARTESIAN_POINT('',(3.345512923387E-16,-16.7,0.));
#1142 = SURFACE_CURVE('',#1143,(#1148,#1155),.PCURVE_S1.);
#1143 = CIRCLE('',#1144,1.1);
#1144 = AXIS2_PLACEMENT_3D('',#1145,#1146,#1147);
#1145 = CARTESIAN_POINT('',(-3.952393967666E-15,-17.8,0.));
#1146 = DIRECTION('',(0.,0.,1.));
#1147 = DIRECTION('',(-2.22044604925E-16,-1.,0.));
#1148 = PCURVE('',#238,#1149);
#1149 = DEFINITIONAL_REPRESENTATION('',(#1150),#1154);
#1150 = CIRCLE('',#1151,1.1);
#1151 = AXIS2_PLACEMENT_2D('',#1152,#1153);
#1152 = CARTESIAN_POINT('',(-3.952393967666E-15,-17.8));
#1153 = DIRECTION('',(-2.22044604925E-16,-1.));
#1154 = ( GEOMETRIC_REPRESENTATION_CONTEXT(2) 
PARAMETRIC_REPRESENTATION_CONTEXT() REPRESENTATION_CONTEXT('2D SPACE',''
  ) );
#1155 = PCURVE('',#483,#1156);
#1156 = DEFINITIONAL_REPRESENTATION('',(#1157),#1161);
#1157 = LINE('',#1158,#1159);
#1158 = CARTESIAN_POINT('',(0.,3.1));
#1159 = VECTOR('',#1160,1.);
#1160 = DIRECTION('',(1.,0.));
#1161 = ( GEOMETRIC_REPRESENTATION_CONTEXT(2) 
PARAMETRIC_REPRESENTATION_CONTEXT() REPRESENTATION_CONTEXT('2D SPACE',''
  ) );
#1162 = ORIENTED_EDGE('',*,*,#1163,.T.);
#1163 = EDGE_CURVE('',#1140,#1164,#1166,.T.);
#1164 = VERTEX_POINT('',#1165);
#1165 = CARTESIAN_POINT('',(-2.865673510005E-15,-15.6,0.));
#1166 = SURFACE_CURVE('',#1167,(#1171,#1177),.PCURVE_S1.);
#1167 = LINE('',#1168,#1169);
#1168 = CARTESIAN_POINT('',(0.,-25.,0.));
#1169 = VECTOR('',#1170,1.);
#1170 = DIRECTION('',(0.,1.,0.));
#1171 = PCURVE('',#238,#1172);
#1172 = DEFINITIONAL_REPRESENTATION('',(#1173),#1176);
#1173 = B_SPLINE_CURVE_WITH_KNOTS('',1,(#1174,#1175),.UNSPECIFIED.,.F.,
  .F.,(2,2),(5.,45.),.PIECEWISE_BEZIER_KNOTS.);
#1174 = CARTESIAN_POINT('',(0.,-20.));
#1175 = CARTESIAN_POINT('',(0.,20.));
#1176 = ( GEOMETRIC_REPRESENTATION_CONTEXT(2) 
PARAMETRIC_REPRESENTATION_CONTEXT() REPRESENTATION_CONTEXT('2D SPACE',''
  ) );
#1177 = PCURVE('',#510,#1178);
#1178 = DEFINITIONAL_REPRESENTATION('',(#1179),#1182);
#1179 = B_SPLINE_CURVE_WITH_KNOTS('',1,(#1180,#1181),.UNSPECIFIED.,.F.,
  .F.,(2,2),(5.,45.),.PIECEWISE_BEZIER_KNOTS.);
#1180 = CARTESIAN_POINT('',(50.,-30.));
#1181 = CARTESIAN_POINT('',(50.,-70.));
#1182 = ( GEOMETRIC_REPRESENTATION_CONTEXT(2) 
PARAMETRIC_REPRESENTATION_CONTEXT() REPRESENTATION_CONTEXT('2D SPACE',''
  ) );
#1183 = ORIENTED_EDGE('',*,*,#1184,.F.);
#1184 = EDGE_CURVE('',#734,#1164,#1185,.T.);
#1185 = SURFACE_CURVE('',#1186,(#1191,#1198),.PCURVE_S1.);
#1186 = CIRCLE('',#1187,15.6);
#1187 = AXIS2_PLACEMENT_3D('',#1188,#1189,#1190);
#1188 = CARTESIAN_POINT('',(0.,0.,0.));
#1189 = DIRECTION('',(0.,0.,1.));
#1190 = DIRECTION('',(1.,0.,-0.));
#1191 = PCURVE('',#238,#1192);
#1192 = DEFINITIONAL_REPRESENTATION('',(#1193),#1197);
#1193 = CIRCLE('',#1194,15.6);
#1194 = AXIS2_PLACEMENT_2D('',#1195,#1196);
#1195 = CARTESIAN_POINT('',(0.,0.));
#1196 = DIRECTION('',(1.,0.));
#1197 = ( GEOMETRIC_REPRESENTATION_CONTEXT(2) 
PARAMETRIC_REPRESENTATION_CONTEXT() REPRESENTATION_CONTEXT('2D SPACE',''
  ) );
#1198 = PCURVE('',#769,#1199);
#1199 = DEFINITIONAL_REPRESENTATION('',(#1200),#1204);
#1200 = LINE('',#1201,#1202);
#1201 = CARTESIAN_POINT('',(0.,0.));
#1202 = VECTOR('',#1203,1.);
#1203 = DIRECTION('',(1.,0.));
#1204 = ( GEOMETRIC_REPRESENTATION_CONTEXT(2) 
PARAMETRIC_REPRESENTATION_CONTEXT() REPRESENTATION_CONTEXT('2D SPACE',''
  ) );
#1205 = ORIENTED_EDGE('',*,*,#733,.T.);
#1206 = ORIENTED_EDGE('',*,*,#221,.F.);
#1207 = ORIENTED_EDGE('',*,*,#310,.T.);
#1208 = ORIENTED_EDGE('',*,*,#1209,.F.);
#1209 = EDGE_CURVE('',#1210,#311,#1212,.T.);
#1210 = VERTEX_POINT('',#1211);
#1211 = CARTESIAN_POINT('',(-6.7,15.117179608615,0.));
#1212 = SURFACE_CURVE('',#1213,(#1217,#1223),.PCURVE_S1.);
#1213 = LINE('',#1214,#1215);
#1214 = CARTESIAN_POINT('',(-6.7,8.1,0.));
#1215 = VECTOR('',#1216,1.);
#1216 = DIRECTION('',(0.,1.,0.));
#1217 = PCURVE('',#238,#1218);
#1218 = DEFINITIONAL_REPRESENTATION('',(#1219),#1222);
#1219 = B_SPLINE_CURVE_WITH_KNOTS('',1,(#1220,#1221),.UNSPECIFIED.,.F.,
  .F.,(2,2),(6.25,9.95),.PIECEWISE_BEZIER_KNOTS.);
#1220 = CARTESIAN_POINT('',(-6.7,14.35));
#1221 = CARTESIAN_POINT('',(-6.7,18.05));
#1222 = ( GEOMETRIC_REPRESENTATION_CONTEXT(2) 
PARAMETRIC_REPRESENTATION_CONTEXT() REPRESENTATION_CONTEXT('2D SPACE',''
  ) );
#1223 = PCURVE('',#348,#1224);
#1224 = DEFINITIONAL_REPRESENTATION('',(#1225),#1228);
#1225 = B_SPLINE_CURVE_WITH_KNOTS('',1,(#1226,#1227),.UNSPECIFIED.,.F.,
  .F.,(2,2),(6.25,9.95),.PIECEWISE_BEZIER_KNOTS.);
#1226 = CARTESIAN_POINT('',(1.5,1.85));
#1227 = CARTESIAN_POINT('',(1.5,-1.85));
#1228 = ( GEOMETRIC_REPRESENTATION_CONTEXT(2) 
PARAMETRIC_REPRESENTATION_CONTEXT() REPRESENTATION_CONTEXT('2D SPACE',''
  ) );
#1229 = ORIENTED_EDGE('',*,*,#1230,.F.);
#1230 = EDGE_CURVE('',#1231,#1210,#1233,.T.);
#1231 = VERTEX_POINT('',#1232);
#1232 = CARTESIAN_POINT('',(-13.09468902574,15.117179608615,0.));
#1233 = SURFACE_CURVE('',#1234,(#1238,#1244),.PCURVE_S1.);
#1234 = LINE('',#1235,#1236);
#1235 = CARTESIAN_POINT('',(-14.,15.117179608615,0.));
#1236 = VECTOR('',#1237,1.);
#1237 = DIRECTION('',(1.,0.,0.));
#1238 = PCURVE('',#238,#1239);
#1239 = DEFINITIONAL_REPRESENTATION('',(#1240),#1243);
#1240 = B_SPLINE_CURVE_WITH_KNOTS('',1,(#1241,#1242),.UNSPECIFIED.,.F.,
  .F.,(2,2),(-5.999999999062E-07,7.3000006),.PIECEWISE_BEZIER_KNOTS.);
#1241 = CARTESIAN_POINT('',(-14.0000006,15.117179608615));
#1242 = CARTESIAN_POINT('',(-6.6999994,15.117179608615));
#1243 = ( GEOMETRIC_REPRESENTATION_CONTEXT(2) 
PARAMETRIC_REPRESENTATION_CONTEXT() REPRESENTATION_CONTEXT('2D SPACE',''
  ) );
#1244 = PCURVE('',#607,#1245);
#1245 = DEFINITIONAL_REPRESENTATION('',(#1246),#1249);
#1246 = B_SPLINE_CURVE_WITH_KNOTS('',1,(#1247,#1248),.UNSPECIFIED.,.F.,
  .F.,(2,2),(-5.999999999062E-07,7.3000006),.PIECEWISE_BEZIER_KNOTS.);
#1247 = CARTESIAN_POINT('',(0.625260266517,-5.999999999062E-07));
#1248 = CARTESIAN_POINT('',(0.625260266517,7.3000006));
#1249 = ( GEOMETRIC_REPRESENTATION_CONTEXT(2) 
PARAMETRIC_REPRESENTATION_CONTEXT() REPRESENTATION_CONTEXT('2D SPACE',''
  ) );
#1250 = ORIENTED_EDGE('',*,*,#1251,.T.);
#1251 = EDGE_CURVE('',#1231,#1252,#1254,.T.);
#1252 = VERTEX_POINT('',#1253);
#1253 = CARTESIAN_POINT('',(-13.09468902574,-15.11717960861,0.));
#1254 = SURFACE_CURVE('',#1255,(#1260,#1267),.PCURVE_S1.);
#1255 = CIRCLE('',#1256,20.);
#1256 = AXIS2_PLACEMENT_3D('',#1257,#1258,#1259);
#1257 = CARTESIAN_POINT('',(0.,0.,0.));
#1258 = DIRECTION('',(0.,0.,1.));
#1259 = DIRECTION('',(1.,0.,-0.));
#1260 = PCURVE('',#238,#1261);
#1261 = DEFINITIONAL_REPRESENTATION('',(#1262),#1266);
#1262 = CIRCLE('',#1263,20.);
#1263 = AXIS2_PLACEMENT_2D('',#1264,#1265);
#1264 = CARTESIAN_POINT('',(0.,0.));
#1265 = DIRECTION('',(1.,0.));
#1266 = ( GEOMETRIC_REPRESENTATION_CONTEXT(2) 
PARAMETRIC_REPRESENTATION_CONTEXT() REPRESENTATION_CONTEXT('2D SPACE',''
  ) );
#1267 = PCURVE('',#635,#1268);
#1268 = DEFINITIONAL_REPRESENTATION('',(#1269),#1273);
#1269 = LINE('',#1270,#1271);
#1270 = CARTESIAN_POINT('',(0.,3.));
#1271 = VECTOR('',#1272,1.);
#1272 = DIRECTION('',(1.,0.));
#1273 = ( GEOMETRIC_REPRESENTATION_CONTEXT(2) 
PARAMETRIC_REPRESENTATION_CONTEXT() REPRESENTATION_CONTEXT('2D SPACE',''
  ) );
#1274 = ORIENTED_EDGE('',*,*,#1275,.T.);
#1275 = EDGE_CURVE('',#1252,#1276,#1278,.T.);
#1276 = VERTEX_POINT('',#1277);
#1277 = CARTESIAN_POINT('',(-6.7,-15.11717960861,-6.661338147751E-16));
#1278 = SURFACE_CURVE('',#1279,(#1283,#1289),.PCURVE_S1.);
#1279 = LINE('',#1280,#1281);
#1280 = CARTESIAN_POINT('',(-14.,-15.11717960861,0.));
#1281 = VECTOR('',#1282,1.);
#1282 = DIRECTION('',(1.,0.,0.));
#1283 = PCURVE('',#238,#1284);
#1284 = DEFINITIONAL_REPRESENTATION('',(#1285),#1288);
#1285 = B_SPLINE_CURVE_WITH_KNOTS('',1,(#1286,#1287),.UNSPECIFIED.,.F.,
  .F.,(2,2),(-5.999999999062E-07,7.3000006),.PIECEWISE_BEZIER_KNOTS.);
#1286 = CARTESIAN_POINT('',(-14.0000006,-15.11717960861));
#1287 = CARTESIAN_POINT('',(-6.6999994,-15.11717960861));
#1288 = ( GEOMETRIC_REPRESENTATION_CONTEXT(2) 
PARAMETRIC_REPRESENTATION_CONTEXT() REPRESENTATION_CONTEXT('2D SPACE',''
  ) );
#1289 = PCURVE('',#662,#1290);
#1290 = DEFINITIONAL_REPRESENTATION('',(#1291),#1294);
#1291 = B_SPLINE_CURVE_WITH_KNOTS('',1,(#1292,#1293),.UNSPECIFIED.,.F.,
  .F.,(2,2),(-5.999999999062E-07,7.3000006),.PIECEWISE_BEZIER_KNOTS.);
#1292 = CARTESIAN_POINT('',(5.657925040663,-5.999999999062E-07));
#1293 = CARTESIAN_POINT('',(5.657925040663,7.3000006));
#1294 = ( GEOMETRIC_REPRESENTATION_CONTEXT(2) 
PARAMETRIC_REPRESENTATION_CONTEXT() REPRESENTATION_CONTEXT('2D SPACE',''
  ) );
#1295 = ORIENTED_EDGE('',*,*,#1296,.F.);
#1296 = EDGE_CURVE('',#1070,#1276,#1297,.T.);
#1297 = SURFACE_CURVE('',#1298,(#1302,#1308),.PCURVE_S1.);
#1298 = LINE('',#1299,#1300);
#1299 = CARTESIAN_POINT('',(-6.7,-8.1,0.));
#1300 = VECTOR('',#1301,1.);
#1301 = DIRECTION('',(0.,1.,0.));
#1302 = PCURVE('',#238,#1303);
#1303 = DEFINITIONAL_REPRESENTATION('',(#1304),#1307);
#1304 = B_SPLINE_CURVE_WITH_KNOTS('',1,(#1305,#1306),.UNSPECIFIED.,.F.,
  .F.,(2,2),(-9.95,-6.25),.PIECEWISE_BEZIER_KNOTS.);
#1305 = CARTESIAN_POINT('',(-6.7,-18.05));
#1306 = CARTESIAN_POINT('',(-6.7,-14.35));
#1307 = ( GEOMETRIC_REPRESENTATION_CONTEXT(2) 
PARAMETRIC_REPRESENTATION_CONTEXT() REPRESENTATION_CONTEXT('2D SPACE',''
  ) );
#1308 = PCURVE('',#686,#1309);
#1309 = DEFINITIONAL_REPRESENTATION('',(#1310),#1313);
#1310 = B_SPLINE_CURVE_WITH_KNOTS('',1,(#1311,#1312),.UNSPECIFIED.,.F.,
  .F.,(2,2),(-9.95,-6.25),.PIECEWISE_BEZIER_KNOTS.);
#1311 = CARTESIAN_POINT('',(1.5,1.85));
#1312 = CARTESIAN_POINT('',(1.5,-1.85));
#1313 = ( GEOMETRIC_REPRESENTATION_CONTEXT(2) 
PARAMETRIC_REPRESENTATION_CONTEXT() REPRESENTATION_CONTEXT('2D SPACE',''
  ) );
#1314 = FACE_BOUND('',#1315,.T.);
#1315 = EDGE_LOOP('',(#1316));
#1316 = ORIENTED_EDGE('',*,*,#1317,.F.);
#1317 = EDGE_CURVE('',#1318,#1318,#1320,.T.);
#1318 = VERTEX_POINT('',#1319);
#1319 = CARTESIAN_POINT('',(-16.36788013152,9.45,0.));
#1320 = SURFACE_CURVE('',#1321,(#1326,#1333),.PCURVE_S1.);
#1321 = CIRCLE('',#1322,1.1);
#1322 = AXIS2_PLACEMENT_3D('',#1323,#1324,#1325);
#1323 = CARTESIAN_POINT('',(-15.41525218736,8.9,0.));
#1324 = DIRECTION('',(0.,0.,1.));
#1325 = DIRECTION('',(-0.866025403784,0.5,0.));
#1326 = PCURVE('',#238,#1327);
#1327 = DEFINITIONAL_REPRESENTATION('',(#1328),#1332);
#1328 = CIRCLE('',#1329,1.1);
#1329 = AXIS2_PLACEMENT_2D('',#1330,#1331);
#1330 = CARTESIAN_POINT('',(-15.41525218736,8.9));
#1331 = DIRECTION('',(-0.866025403784,0.5));
#1332 = ( GEOMETRIC_REPRESENTATION_CONTEXT(2) 
PARAMETRIC_REPRESENTATION_CONTEXT() REPRESENTATION_CONTEXT('2D SPACE',''
  ) );
#1333 = PCURVE('',#716,#1334);
#1334 = DEFINITIONAL_REPRESENTATION('',(#1335),#1339);
#1335 = LINE('',#1336,#1337);
#1336 = CARTESIAN_POINT('',(0.,3.1));
#1337 = VECTOR('',#1338,1.);
#1338 = DIRECTION('',(1.,0.));
#1339 = ( GEOMETRIC_REPRESENTATION_CONTEXT(2) 
PARAMETRIC_REPRESENTATION_CONTEXT() REPRESENTATION_CONTEXT('2D SPACE',''
  ) );
#1340 = ADVANCED_FACE('',(#1341,#1368),#348,.F.);
#1341 = FACE_BOUND('',#1342,.F.);
#1342 = EDGE_LOOP('',(#1343,#1344,#1366,#1367));
#1343 = ORIENTED_EDGE('',*,*,#1209,.F.);
#1344 = ORIENTED_EDGE('',*,*,#1345,.T.);
#1345 = EDGE_CURVE('',#1210,#572,#1346,.T.);
#1346 = SURFACE_CURVE('',#1347,(#1352,#1359),.PCURVE_S1.);
#1347 = CIRCLE('',#1348,1.85);
#1348 = AXIS2_PLACEMENT_3D('',#1349,#1350,#1351);
#1349 = CARTESIAN_POINT('',(-6.7,16.2,-1.5));
#1350 = DIRECTION('',(1.,0.,0.));
#1351 = DIRECTION('',(-0.,0.,1.));
#1352 = PCURVE('',#348,#1353);
#1353 = DEFINITIONAL_REPRESENTATION('',(#1354),#1358);
#1354 = CIRCLE('',#1355,1.85);
#1355 = AXIS2_PLACEMENT_2D('',#1356,#1357);
#1356 = CARTESIAN_POINT('',(0.,0.));
#1357 = DIRECTION('',(1.,0.));
#1358 = ( GEOMETRIC_REPRESENTATION_CONTEXT(2) 
PARAMETRIC_REPRESENTATION_CONTEXT() REPRESENTATION_CONTEXT('2D SPACE',''
  ) );
#1359 = PCURVE('',#607,#1360);
#1360 = DEFINITIONAL_REPRESENTATION('',(#1361),#1365);
#1361 = LINE('',#1362,#1363);
#1362 = CARTESIAN_POINT('',(0.,7.3));
#1363 = VECTOR('',#1364,1.);
#1364 = DIRECTION('',(1.,0.));
#1365 = ( GEOMETRIC_REPRESENTATION_CONTEXT(2) 
PARAMETRIC_REPRESENTATION_CONTEXT() REPRESENTATION_CONTEXT('2D SPACE',''
  ) );
#1366 = ORIENTED_EDGE('',*,*,#571,.T.);
#1367 = ORIENTED_EDGE('',*,*,#331,.T.);
#1368 = FACE_BOUND('',#1369,.F.);
#1369 = EDGE_LOOP('',(#1370));
#1370 = ORIENTED_EDGE('',*,*,#1371,.F.);
#1371 = EDGE_CURVE('',#1372,#1372,#1374,.T.);
#1372 = VERTEX_POINT('',#1373);
#1373 = CARTESIAN_POINT('',(-6.7,16.2,-0.4));
#1374 = SURFACE_CURVE('',#1375,(#1380,#1387),.PCURVE_S1.);
#1375 = CIRCLE('',#1376,1.1);
#1376 = AXIS2_PLACEMENT_3D('',#1377,#1378,#1379);
#1377 = CARTESIAN_POINT('',(-6.7,16.2,-1.5));
#1378 = DIRECTION('',(1.,0.,0.));
#1379 = DIRECTION('',(-0.,0.,1.));
#1380 = PCURVE('',#348,#1381);
#1381 = DEFINITIONAL_REPRESENTATION('',(#1382),#1386);
#1382 = CIRCLE('',#1383,1.1);
#1383 = AXIS2_PLACEMENT_2D('',#1384,#1385);
#1384 = CARTESIAN_POINT('',(0.,0.));
#1385 = DIRECTION('',(1.,0.));
#1386 = ( GEOMETRIC_REPRESENTATION_CONTEXT(2) 
PARAMETRIC_REPRESENTATION_CONTEXT() REPRESENTATION_CONTEXT('2D SPACE',''
  ) );
#1387 = PCURVE('',#1052,#1388);
#1388 = DEFINITIONAL_REPRESENTATION('',(#1389),#1393);
#1389 = LINE('',#1390,#1391);
#1390 = CARTESIAN_POINT('',(0.,7.3));
#1391 = VECTOR('',#1392,1.);
#1392 = DIRECTION('',(1.,0.));
#1393 = ( GEOMETRIC_REPRESENTATION_CONTEXT(2) 
PARAMETRIC_REPRESENTATION_CONTEXT() REPRESENTATION_CONTEXT('2D SPACE',''
  ) );
#1394 = ADVANCED_FACE('',(#1395),#400,.F.);
#1395 = FACE_BOUND('',#1396,.F.);
#1396 = EDGE_LOOP('',(#1397,#1419,#1420,#1606));
#1397 = ORIENTED_EDGE('',*,*,#1398,.F.);
#1398 = EDGE_CURVE('',#1070,#386,#1399,.T.);
#1399 = SURFACE_CURVE('',#1400,(#1405,#1412),.PCURVE_S1.);
#1400 = CIRCLE('',#1401,1.85);
#1401 = AXIS2_PLACEMENT_3D('',#1402,#1403,#1404);
#1402 = CARTESIAN_POINT('',(-6.7,-16.2,-1.5));
#1403 = DIRECTION('',(1.,0.,0.));
#1404 = DIRECTION('',(-0.,0.,1.));
#1405 = PCURVE('',#400,#1406);
#1406 = DEFINITIONAL_REPRESENTATION('',(#1407),#1411);
#1407 = LINE('',#1408,#1409);
#1408 = CARTESIAN_POINT('',(0.,7.3));
#1409 = VECTOR('',#1410,1.);
#1410 = DIRECTION('',(1.,0.));
#1411 = ( GEOMETRIC_REPRESENTATION_CONTEXT(2) 
PARAMETRIC_REPRESENTATION_CONTEXT() REPRESENTATION_CONTEXT('2D SPACE',''
  ) );
#1412 = PCURVE('',#686,#1413);
#1413 = DEFINITIONAL_REPRESENTATION('',(#1414),#1418);
#1414 = CIRCLE('',#1415,1.85);
#1415 = AXIS2_PLACEMENT_2D('',#1416,#1417);
#1416 = CARTESIAN_POINT('',(0.,0.));
#1417 = DIRECTION('',(1.,0.));
#1418 = ( GEOMETRIC_REPRESENTATION_CONTEXT(2) 
PARAMETRIC_REPRESENTATION_CONTEXT() REPRESENTATION_CONTEXT('2D SPACE',''
  ) );
#1419 = ORIENTED_EDGE('',*,*,#1067,.F.);
#1420 = ORIENTED_EDGE('',*,*,#1421,.T.);
#1421 = EDGE_CURVE('',#1068,#384,#1422,.T.);
#1422 = SURFACE_CURVE('',#1423,(#1482,#1544),.PCURVE_S1.);
#1423 = B_SPLINE_CURVE_WITH_KNOTS('',8,(#1424,#1425,#1426,#1427,#1428,
    #1429,#1430,#1431,#1432,#1433,#1434,#1435,#1436,#1437,#1438,#1439,
    #1440,#1441,#1442,#1443,#1444,#1445,#1446,#1447,#1448,#1449,#1450,
    #1451,#1452,#1453,#1454,#1455,#1456,#1457,#1458,#1459,#1460,#1461,
    #1462,#1463,#1464,#1465,#1466,#1467,#1468,#1469,#1470,#1471,#1472,
    #1473,#1474,#1475,#1476,#1477,#1478,#1479,#1480,#1481),
  .UNSPECIFIED.,.F.,.F.,(9,7,7,7,7,7,7,7,9),(0.,0.345572718798,
    0.408922611642,0.439771793014,0.500083833742,0.558550694064,
    0.589260466297,0.647996436682,1.),.UNSPECIFIED.);
#1424 = CARTESIAN_POINT('',(-10.06499617728,-17.28281956022,
    5.999999999062E-07));
#1425 = CARTESIAN_POINT('',(-9.890883766968,-17.38421741016,
    -7.319642090631E-02));
#1426 = CARTESIAN_POINT('',(-9.722409978803,-17.47964689503,
    -0.154000645559));
#1427 = CARTESIAN_POINT('',(-9.557747025848,-17.57054034299,
    -0.243317363365));
#1428 = CARTESIAN_POINT('',(-9.396309189388,-17.65741030952,
    -0.342637802831));
#1429 = CARTESIAN_POINT('',(-9.239327409301,-17.73973650326,
    -0.45359789032));
#1430 = CARTESIAN_POINT('',(-9.090252526723,-17.8159438226,
    -0.577675085835));
#1431 = CARTESIAN_POINT('',(-8.955054665748,-17.88359061399,
    -0.716017421615));
#1432 = CARTESIAN_POINT('',(-8.821567046667,-17.94938679713,
    -0.897472035154));
#1433 = CARTESIAN_POINT('',(-8.801599460824,-17.95919487351,
    -0.926141610079));
#1434 = CARTESIAN_POINT('',(-8.78241027618,-17.96858966722,
    -0.955366273166));
#1435 = CARTESIAN_POINT('',(-8.764066797794,-17.97754256154,
    -0.985141913188));
#1436 = CARTESIAN_POINT('',(-8.746637420716,-17.98602460146,
    -1.015464022399));
#1437 = CARTESIAN_POINT('',(-8.730191629988,-17.99400649369,
    -1.046327696537));
#1438 = CARTESIAN_POINT('',(-8.714800000643,-18.00145860664,
    -1.077727634818));
#1439 = CARTESIAN_POINT('',(-8.693587250802,-18.01170731046,
    -1.125207178773));
#1440 = CARTESIAN_POINT('',(-8.686909169325,-18.0149299681,
    -1.140877525608));
#1441 = CARTESIAN_POINT('',(-8.680509014701,-18.01801509077,
    -1.156666519058));
#1442 = CARTESIAN_POINT('',(-8.674395697444,-18.02095888699,
    -1.172570908348));
#1443 = CARTESIAN_POINT('',(-8.668577977154,-18.02375762636,
    -1.188586853311));
#1444 = CARTESIAN_POINT('',(-8.663064462518,-18.02640763961,
    -1.204709924389));
#1445 = CARTESIAN_POINT('',(-8.65786361131,-18.02890531854,
    -1.220935102635));
#1446 = CARTESIAN_POINT('',(-8.643443264049,-18.03582547384,
    -1.269166658966));
#1447 = CARTESIAN_POINT('',(-8.635121891242,-18.0398116869,
    -1.301469688489));
#1448 = CARTESIAN_POINT('',(-8.628090214336,-18.04317511358,
    -1.334102008706));
#1449 = CARTESIAN_POINT('',(-8.622405268693,-18.04589124069,
    -1.367000187486));
#1450 = CARTESIAN_POINT('',(-8.618110494303,-18.04794155876,
    -1.400101259321));
#1451 = CARTESIAN_POINT('',(-8.615235707409,-18.04931343729,
    -1.433342764496));
#1452 = CARTESIAN_POINT('',(-8.61379707214,-18.05,-1.466662788259));
#1453 = CARTESIAN_POINT('',(-8.61379707214,-18.05,-1.532317296494));
#1454 = CARTESIAN_POINT('',(-8.615149030265,-18.04935480424,
    -1.564619760071));
#1455 = CARTESIAN_POINT('',(-8.617850870031,-18.04806545559,
    -1.596850967476));
#1456 = CARTESIAN_POINT('',(-8.621888310896,-18.04613803142,
    -1.628953986342));
#1457 = CARTESIAN_POINT('',(-8.627234892102,-18.04358374812,
    -1.660871409671));
#1458 = CARTESIAN_POINT('',(-8.633851996512,-18.0404190657,
    -1.692545390315));
#1459 = CARTESIAN_POINT('',(-8.641688874443,-18.03666579225,
    -1.723917675468));
#1460 = CARTESIAN_POINT('',(-8.655406665598,-18.03008493893,
    -1.771218704676));
#1461 = CARTESIAN_POINT('',(-8.660451652945,-18.02766296628,
    -1.78741418012));
#1462 = CARTESIAN_POINT('',(-8.665809545023,-18.02508872354,
    -1.803510339833));
#1463 = CARTESIAN_POINT('',(-8.671472082845,-18.02236573496,
    -1.819502041172));
#1464 = CARTESIAN_POINT('',(-8.677430832964,-18.01949759615,
    -1.835384726489));
#1465 = CARTESIAN_POINT('',(-8.683677187471,-18.01648797398,
    -1.851154423131));
#1466 = CARTESIAN_POINT('',(-8.690202363994,-18.01334060668,
    -1.866807743444));
#1467 = CARTESIAN_POINT('',(-8.709993704261,-18.00378343465,
    -1.912052716154));
#1468 = CARTESIAN_POINT('',(-8.723971038363,-17.99702069354,
    -1.94131250559));
#1469 = CARTESIAN_POINT('',(-8.738872132912,-17.98979505561,
    -1.970115270189));
#1470 = CARTESIAN_POINT('',(-8.754640173851,-17.98213039871,
    -1.998455284523));
#1471 = CARTESIAN_POINT('',(-8.771218808166,-17.97405050329,
    -2.026327080632));
#1472 = CARTESIAN_POINT('',(-8.788552143885,-17.96557905247,
    -2.053725448019));
#1473 = CARTESIAN_POINT('',(-8.806584750079,-17.95673963197,
    -2.080645433649));
#1474 = CARTESIAN_POINT('',(-8.937192007129,-17.89251677984,
    -2.265518235068));
#1475 = CARTESIAN_POINT('',(-9.073404342323,-17.82454715167,
    -2.408218535626));
#1476 = CARTESIAN_POINT('',(-9.224581531722,-17.74746349906,
    -2.535932621474));
#1477 = CARTESIAN_POINT('',(-9.38417861073,-17.66393220384,
    -2.649866118593));
#1478 = CARTESIAN_POINT('',(-9.548415336594,-17.5756862961,
    -2.75159677873));
#1479 = CARTESIAN_POINT('',(-9.715956028472,-17.48329916891,
    -2.842891024759));
#1480 = CARTESIAN_POINT('',(-9.887469992734,-17.38620548997,
    -2.925368425198));
#1481 = CARTESIAN_POINT('',(-10.06499617728,-17.28281956022,-3.0000006)
  );
#1482 = PCURVE('',#400,#1483);
#1483 = DEFINITIONAL_REPRESENTATION('',(#1484),#1543);
#1484 = B_SPLINE_CURVE_WITH_KNOTS('',8,(#1485,#1486,#1487,#1488,#1489,
    #1490,#1491,#1492,#1493,#1494,#1495,#1496,#1497,#1498,#1499,#1500,
    #1501,#1502,#1503,#1504,#1505,#1506,#1507,#1508,#1509,#1510,#1511,
    #1512,#1513,#1514,#1515,#1516,#1517,#1518,#1519,#1520,#1521,#1522,
    #1523,#1524,#1525,#1526,#1527,#1528,#1529,#1530,#1531,#1532,#1533,
    #1534,#1535,#1536,#1537,#1538,#1539,#1540,#1541,#1542),
  .UNSPECIFIED.,.F.,.F.,(9,7,7,7,7,7,7,7,9),(0.,0.345572718798,
    0.408922611642,0.439771793014,0.500083833742,0.558550694064,
    0.589260466297,0.647996436682,1.),.UNSPECIFIED.);
#1485 = CARTESIAN_POINT('',(0.625259712408,3.935003822713));
#1486 = CARTESIAN_POINT('',(0.692858251994,4.109116233032));
#1487 = CARTESIAN_POINT('',(0.760247915999,4.277590021197));
#1488 = CARTESIAN_POINT('',(0.828812571951,4.442252974152));
#1489 = CARTESIAN_POINT('',(0.899710927659,4.603690810612));
#1490 = CARTESIAN_POINT('',(0.973864778649,4.760672590699));
#1491 = CARTESIAN_POINT('',(1.052002262261,4.909747473277));
#1492 = CARTESIAN_POINT('',(1.134767849973,5.044945334252));
#1493 = CARTESIAN_POINT('',(1.239100456408,5.178432953333));
#1494 = CARTESIAN_POINT('',(1.255476626615,5.198400539176));
#1495 = CARTESIAN_POINT('',(1.272065115625,5.21758972382));
#1496 = CARTESIAN_POINT('',(1.28886570215,5.235933202206));
#1497 = CARTESIAN_POINT('',(1.305878689215,5.253362579284));
#1498 = CARTESIAN_POINT('',(1.323104904161,5.269808370012));
#1499 = CARTESIAN_POINT('',(1.340545698637,5.285199999357));
#1500 = CARTESIAN_POINT('',(1.366801411567,5.306412749198));
#1501 = CARTESIAN_POINT('',(1.375448719991,5.313090830675));
#1502 = CARTESIAN_POINT('',(1.384144003483,5.319490985299));
#1503 = CARTESIAN_POINT('',(1.392886127995,5.325604302556));
#1504 = CARTESIAN_POINT('',(1.401673695837,5.331422022846));
#1505 = CARTESIAN_POINT('',(1.410505045673,5.336935537482));
#1506 = CARTESIAN_POINT('',(1.419378252524,5.34213638869));
#1507 = CARTESIAN_POINT('',(1.44571634524,5.356556735951));
#1508 = CARTESIAN_POINT('',(1.463306463236,5.364878108758));
#1509 = CARTESIAN_POINT('',(1.481033023976,5.371909785664));
#1510 = CARTESIAN_POINT('',(1.498868908934,5.377594731307));
#1511 = CARTESIAN_POINT('',(1.516788091203,5.381889505697));
#1512 = CARTESIAN_POINT('',(1.534765387861,5.384764292591));
#1513 = CARTESIAN_POINT('',(1.552776212341,5.38620292786));
#1514 = CARTESIAN_POINT('',(1.588265135711,5.38620292786));
#1515 = CARTESIAN_POINT('',(1.605725927495,5.384850969735));
#1516 = CARTESIAN_POINT('',(1.623156323876,5.382149129969));
#1517 = CARTESIAN_POINT('',(1.640533644629,5.378111689104));
#1518 = CARTESIAN_POINT('',(1.657834693504,5.372765107898));
#1519 = CARTESIAN_POINT('',(1.675035544157,5.366148003488));
#1520 = CARTESIAN_POINT('',(1.69211132608,5.358311125557));
#1521 = CARTESIAN_POINT('',(1.717925716632,5.344593334402));
#1522 = CARTESIAN_POINT('',(1.726776913718,5.339548347055));
#1523 = CARTESIAN_POINT('',(1.735587354569,5.334190454977));
#1524 = CARTESIAN_POINT('',(1.744355053847,5.328527917155));
#1525 = CARTESIAN_POINT('',(1.7530782881,5.322569167036));
#1526 = CARTESIAN_POINT('',(1.761755595762,5.316322812529));
#1527 = CARTESIAN_POINT('',(1.770385777156,5.309797636006));
#1528 = CARTESIAN_POINT('',(1.795382180653,5.290006295739));
#1529 = CARTESIAN_POINT('',(1.811612336814,5.276028961637));
#1530 = CARTESIAN_POINT('',(1.827659212747,5.261127867088));
#1531 = CARTESIAN_POINT('',(1.843523221453,5.245359826149));
#1532 = CARTESIAN_POINT('',(1.859204339158,5.228781191834));
#1533 = CARTESIAN_POINT('',(1.874702105315,5.211447856115));
#1534 = CARTESIAN_POINT('',(1.890015622601,5.193415249921));
#1535 = CARTESIAN_POINT('',(1.99580498212,5.062807992871));
#1536 = CARTESIAN_POINT('',(2.080725481917,4.926595657677));
#1537 = CARTESIAN_POINT('',(2.160744951988,4.775418468278));
#1538 = CARTESIAN_POINT('',(2.236542915654,4.61582138927));
#1539 = CARTESIAN_POINT('',(2.308887577164,4.451584663406));
#1540 = CARTESIAN_POINT('',(2.37876057817,4.284043971528));
#1541 = CARTESIAN_POINT('',(2.447409015586,4.112530007266));
#1542 = CARTESIAN_POINT('',(2.516332941181,3.935003822713));
#1543 = ( GEOMETRIC_REPRESENTATION_CONTEXT(2) 
PARAMETRIC_REPRESENTATION_CONTEXT() REPRESENTATION_CONTEXT('2D SPACE',''
  ) );
#1544 = PCURVE('',#428,#1545);
#1545 = DEFINITIONAL_REPRESENTATION('',(#1546),#1605);
#1546 = B_SPLINE_CURVE_WITH_KNOTS('',8,(#1547,#1548,#1549,#1550,#1551,
    #1552,#1553,#1554,#1555,#1556,#1557,#1558,#1559,#1560,#1561,#1562,
    #1563,#1564,#1565,#1566,#1567,#1568,#1569,#1570,#1571,#1572,#1573,
    #1574,#1575,#1576,#1577,#1578,#1579,#1580,#1581,#1582,#1583,#1584,
    #1585,#1586,#1587,#1588,#1589,#1590,#1591,#1592,#1593,#1594,#1595,
    #1596,#1597,#1598,#1599,#1600,#1601,#1602,#1603,#1604),
  .UNSPECIFIED.,.F.,.F.,(9,7,7,7,7,7,7,7,9),(3.54084696023E-07,
    0.345572718798,0.408922611642,0.439771793014,0.500083833742,
    0.558550694064,0.589260466297,0.647996436682,0.999999646262),
  .UNSPECIFIED.);
#1547 = CARTESIAN_POINT('',(4.18503364861,3.));
#1548 = CARTESIAN_POINT('',(4.195107941319,2.926802999532));
#1549 = CARTESIAN_POINT('',(4.20478842947,2.84599880534));
#1550 = CARTESIAN_POINT('',(4.214191676127,2.7566821278));
#1551 = CARTESIAN_POINT('',(4.223356964382,2.657361742396));
#1552 = CARTESIAN_POINT('',(4.232218929657,2.54640172828));
#1553 = CARTESIAN_POINT('',(4.240589612959,2.422324630665));
#1554 = CARTESIAN_POINT('',(4.248148330081,2.283982421264));
#1555 = CARTESIAN_POINT('',(4.255589439509,2.102527964846));
#1556 = CARTESIAN_POINT('',(4.256701759101,2.073858389921));
#1557 = CARTESIAN_POINT('',(4.257770035417,2.044633726834));
#1558 = CARTESIAN_POINT('',(4.25879061898,2.014858086812));
#1559 = CARTESIAN_POINT('',(4.259759803277,1.984535977601));
#1560 = CARTESIAN_POINT('',(4.260673824763,1.953672303463));
#1561 = CARTESIAN_POINT('',(4.261528862856,1.922272365182));
#1562 = CARTESIAN_POINT('',(4.262706802461,1.874792821227));
#1563 = CARTESIAN_POINT('',(4.26307755266,1.859122474392));
#1564 = CARTESIAN_POINT('',(4.263432798863,1.843333480942));
#1565 = CARTESIAN_POINT('',(4.263772057499,1.827429091652));
#1566 = CARTESIAN_POINT('',(4.264094853099,1.811413146689));
#1567 = CARTESIAN_POINT('',(4.264400718295,1.795290075611));
#1568 = CARTESIAN_POINT('',(4.26468919382,1.779064897365));
#1569 = CARTESIAN_POINT('',(4.26548893591,1.730833341034));
#1570 = CARTESIAN_POINT('',(4.265950279333,1.698530311511));
#1571 = CARTESIAN_POINT('',(4.266340013503,1.665897991294));
#1572 = CARTESIAN_POINT('',(4.266655037084,1.632999812514));
#1573 = CARTESIAN_POINT('',(4.266892991343,1.599898740679));
#1574 = CARTESIAN_POINT('',(4.267052258822,1.566657235504));
#1575 = CARTESIAN_POINT('',(4.26713196201,1.533337211741));
#1576 = CARTESIAN_POINT('',(4.26713196201,1.467682703506));
#1577 = CARTESIAN_POINT('',(4.267057060944,1.435380239929));
#1578 = CARTESIAN_POINT('',(4.266907374945,1.403149032524));
#1579 = CARTESIAN_POINT('',(4.266683679319,1.371046013658));
#1580 = CARTESIAN_POINT('',(4.266387409656,1.339128590329));
#1581 = CARTESIAN_POINT('',(4.266020662938,1.307454609685));
#1582 = CARTESIAN_POINT('',(4.26558619865,1.276082324532));
#1583 = CARTESIAN_POINT('',(4.264825466396,1.228781295324));
#1584 = CARTESIAN_POINT('',(4.264545654642,1.21258581988));
#1585 = CARTESIAN_POINT('',(4.264248443743,1.196489660167));
#1586 = CARTESIAN_POINT('',(4.263934282197,1.180497958828));
#1587 = CARTESIAN_POINT('',(4.263603627885,1.164615273511));
#1588 = CARTESIAN_POINT('',(4.263256948075,1.148845576869));
#1589 = CARTESIAN_POINT('',(4.262894719418,1.133192256556));
#1590 = CARTESIAN_POINT('',(4.261795814637,1.087947283846));
#1591 = CARTESIAN_POINT('',(4.26101944422,1.05868749441));
#1592 = CARTESIAN_POINT('',(4.260191416281,1.029884729811));
#1593 = CARTESIAN_POINT('',(4.259314807086,1.001544715477));
#1594 = CARTESIAN_POINT('',(4.258392669585,0.973672919368));
#1595 = CARTESIAN_POINT('',(4.257428033408,0.946274551981));
#1596 = CARTESIAN_POINT('',(4.25642390487,0.919354566351));
#1597 = CARTESIAN_POINT('',(4.249146749889,0.734481924149));
#1598 = CARTESIAN_POINT('',(4.2415354377,0.591781751181));
#1599 = CARTESIAN_POINT('',(4.233051220885,0.464067763556));
#1600 = CARTESIAN_POINT('',(4.224045521489,0.350134339387));
#1601 = CARTESIAN_POINT('',(4.21472444817,0.24840373243));
#1602 = CARTESIAN_POINT('',(4.205159185997,0.157109525706));
#1603 = CARTESIAN_POINT('',(4.195305465352,7.463215498944E-02));
#1604 = CARTESIAN_POINT('',(4.18503364861,1.485533839432E-14));
#1605 = ( GEOMETRIC_REPRESENTATION_CONTEXT(2) 
PARAMETRIC_REPRESENTATION_CONTEXT() REPRESENTATION_CONTEXT('2D SPACE',''
  ) );
#1606 = ORIENTED_EDGE('',*,*,#383,.T.);
#1607 = ADVANCED_FACE('',(#1608,#1635),#686,.F.);
#1608 = FACE_BOUND('',#1609,.F.);
#1609 = EDGE_LOOP('',(#1610,#1611,#1612,#1613));
#1610 = ORIENTED_EDGE('',*,*,#1296,.F.);
#1611 = ORIENTED_EDGE('',*,*,#1398,.T.);
#1612 = ORIENTED_EDGE('',*,*,#673,.T.);
#1613 = ORIENTED_EDGE('',*,*,#1614,.T.);
#1614 = EDGE_CURVE('',#648,#1276,#1615,.T.);
#1615 = SURFACE_CURVE('',#1616,(#1621,#1628),.PCURVE_S1.);
#1616 = CIRCLE('',#1617,1.85);
#1617 = AXIS2_PLACEMENT_3D('',#1618,#1619,#1620);
#1618 = CARTESIAN_POINT('',(-6.7,-16.2,-1.5));
#1619 = DIRECTION('',(1.,0.,0.));
#1620 = DIRECTION('',(-0.,0.,1.));
#1621 = PCURVE('',#686,#1622);
#1622 = DEFINITIONAL_REPRESENTATION('',(#1623),#1627);
#1623 = CIRCLE('',#1624,1.85);
#1624 = AXIS2_PLACEMENT_2D('',#1625,#1626);
#1625 = CARTESIAN_POINT('',(0.,0.));
#1626 = DIRECTION('',(1.,0.));
#1627 = ( GEOMETRIC_REPRESENTATION_CONTEXT(2) 
PARAMETRIC_REPRESENTATION_CONTEXT() REPRESENTATION_CONTEXT('2D SPACE',''
  ) );
#1628 = PCURVE('',#662,#1629);
#1629 = DEFINITIONAL_REPRESENTATION('',(#1630),#1634);
#1630 = LINE('',#1631,#1632);
#1631 = CARTESIAN_POINT('',(0.,7.3));
#1632 = VECTOR('',#1633,1.);
#1633 = DIRECTION('',(1.,0.));
#1634 = ( GEOMETRIC_REPRESENTATION_CONTEXT(2) 
PARAMETRIC_REPRESENTATION_CONTEXT() REPRESENTATION_CONTEXT('2D SPACE',''
  ) );
#1635 = FACE_BOUND('',#1636,.F.);
#1636 = EDGE_LOOP('',(#1637));
#1637 = ORIENTED_EDGE('',*,*,#1638,.F.);
#1638 = EDGE_CURVE('',#1639,#1639,#1641,.T.);
#1639 = VERTEX_POINT('',#1640);
#1640 = CARTESIAN_POINT('',(-6.7,-16.2,-0.4));
#1641 = SURFACE_CURVE('',#1642,(#1647,#1654),.PCURVE_S1.);
#1642 = CIRCLE('',#1643,1.1);
#1643 = AXIS2_PLACEMENT_3D('',#1644,#1645,#1646);
#1644 = CARTESIAN_POINT('',(-6.7,-16.2,-1.5));
#1645 = DIRECTION('',(1.,0.,0.));
#1646 = DIRECTION('',(-0.,0.,1.));
#1647 = PCURVE('',#686,#1648);
#1648 = DEFINITIONAL_REPRESENTATION('',(#1649),#1653);
#1649 = CIRCLE('',#1650,1.1);
#1650 = AXIS2_PLACEMENT_2D('',#1651,#1652);
#1651 = CARTESIAN_POINT('',(0.,0.));
#1652 = DIRECTION('',(1.,0.));
#1653 = ( GEOMETRIC_REPRESENTATION_CONTEXT(2) 
PARAMETRIC_REPRESENTATION_CONTEXT() REPRESENTATION_CONTEXT('2D SPACE',''
  ) );
#1654 = PCURVE('',#1655,#1660);
#1655 = CYLINDRICAL_SURFACE('',#1656,1.1);
#1656 = AXIS2_PLACEMENT_3D('',#1657,#1658,#1659);
#1657 = CARTESIAN_POINT('',(-14.,-16.2,-1.5));
#1658 = DIRECTION('',(1.,0.,0.));
#1659 = DIRECTION('',(-0.,0.,1.));
#1660 = DEFINITIONAL_REPRESENTATION('',(#1661),#1665);
#1661 = LINE('',#1662,#1663);
#1662 = CARTESIAN_POINT('',(0.,7.3));
#1663 = VECTOR('',#1664,1.);
#1664 = DIRECTION('',(1.,0.));
#1665 = ( GEOMETRIC_REPRESENTATION_CONTEXT(2) 
PARAMETRIC_REPRESENTATION_CONTEXT() REPRESENTATION_CONTEXT('2D SPACE',''
  ) );
#1666 = ADVANCED_FACE('',(#1667),#662,.F.);
#1667 = FACE_BOUND('',#1668,.F.);
#1668 = EDGE_LOOP('',(#1669,#1670,#1671,#1672));
#1669 = ORIENTED_EDGE('',*,*,#1275,.T.);
#1670 = ORIENTED_EDGE('',*,*,#1614,.F.);
#1671 = ORIENTED_EDGE('',*,*,#647,.F.);
#1672 = ORIENTED_EDGE('',*,*,#1673,.T.);
#1673 = EDGE_CURVE('',#619,#1252,#1674,.T.);
#1674 = SURFACE_CURVE('',#1675,(#1714,#1756),.PCURVE_S1.);
#1675 = B_SPLINE_CURVE_WITH_KNOTS('',5,(#1676,#1677,#1678,#1679,#1680,
    #1681,#1682,#1683,#1684,#1685,#1686,#1687,#1688,#1689,#1690,#1691,
    #1692,#1693,#1694,#1695,#1696,#1697,#1698,#1699,#1700,#1701,#1702,
    #1703,#1704,#1705,#1706,#1707,#1708,#1709,#1710,#1711,#1712,#1713),
  .UNSPECIFIED.,.F.,.F.,(6,4,4,4,4,4,4,4,4,6),(0.,0.184903331397,
    0.286369537811,0.35054987021,0.394687522238,0.499975222278,
    0.648980826757,0.715207307093,0.816361370288,1.),.UNSPECIFIED.);
#1676 = CARTESIAN_POINT('',(-13.0946880662,-15.11718043977,-3.0000006));
#1677 = CARTESIAN_POINT('',(-13.20145209436,-15.02470012236,
    -2.933240962282));
#1678 = CARTESIAN_POINT('',(-13.30342587234,-14.93471979522,
    -2.857445234938));
#1679 = CARTESIAN_POINT('',(-13.39927640419,-14.84863768228,
    -2.772379963999));
#1680 = CARTESIAN_POINT('',(-13.48772857311,-14.76797123721,
    -2.678081147577));
#1681 = CARTESIAN_POINT('',(-13.61131699602,-14.65385962523,
    -2.518230119753));
#1682 = CARTESIAN_POINT('',(-13.65247928216,-14.6155514992,
    -2.458935247724));
#1683 = CARTESIAN_POINT('',(-13.69076258133,-14.57966777613,
    -2.397104511833));
#1684 = CARTESIAN_POINT('',(-13.72594375026,-14.54649089937,
    -2.332901779124));
#1685 = CARTESIAN_POINT('',(-13.77798987558,-14.4971640984,
    -2.224553293568));
#1686 = CARTESIAN_POINT('',(-13.79683223902,-14.47923967994,
    -2.181712390492));
#1687 = CARTESIAN_POINT('',(-13.81429868787,-14.46257003039,
    -2.138069396143));
#1688 = CARTESIAN_POINT('',(-13.83034194216,-14.44721598943,
    -2.093693129704));
#1689 = CARTESIAN_POINT('',(-13.85494596985,-14.42361484423,
    -2.017694210748));
#1690 = CARTESIAN_POINT('',(-13.86427892199,-14.41464558708,
    -1.986416397203));
#1691 = CARTESIAN_POINT('',(-13.87290563562,-14.40634165948,
    -1.954854616231));
#1692 = CARTESIAN_POINT('',(-13.88081432819,-14.39871845552,
    -1.92303632067));
#1693 = CARTESIAN_POINT('',(-13.90512379293,-14.37525996001,
    -1.814548072898));
#1694 = CARTESIAN_POINT('',(-13.9181113232,-14.36267780194,
    -1.736803953541));
#1695 = CARTESIAN_POINT('',(-13.92681676361,-14.3542262115,
    -1.65817160291));
#1696 = CARTESIAN_POINT('',(-13.93117008725,-14.35,-1.579086427178));
#1697 = CARTESIAN_POINT('',(-13.93117008725,-14.35,-1.388075046913));
#1698 = CARTESIAN_POINT('',(-13.92245114377,-14.35846407809,
    -1.276167901968));
#1699 = CARTESIAN_POINT('',(-13.90501982614,-14.3753883681,
    -1.165534519428));
#1700 = CARTESIAN_POINT('',(-13.87915549405,-14.40038993335,
    -1.057408192847));
#1701 = CARTESIAN_POINT('',(-13.83040329887,-14.44715808401,
    -0.906356559904));
#1702 = CARTESIAN_POINT('',(-13.81384203464,-14.46300801551,
    -0.860573259133));
#1703 = CARTESIAN_POINT('',(-13.79576623191,-14.48025780814,
    -0.815571668051));
#1704 = CARTESIAN_POINT('',(-13.77622792109,-14.49884052382,
    -0.771427163604));
#1705 = CARTESIAN_POINT('',(-13.72329785073,-14.54898751575,
    -0.662184538738));
#1706 = CARTESIAN_POINT('',(-13.68804074858,-14.58222362291,
    -0.598328003203));
#1707 = CARTESIAN_POINT('',(-13.64971123836,-14.61813681961,
    -0.536836336131));
#1708 = CARTESIAN_POINT('',(-13.60853066985,-14.6564471439,
    -0.477869947218));
#1709 = CARTESIAN_POINT('',(-13.48526376849,-14.7702187115,
    -0.31929568551));
#1710 = CARTESIAN_POINT('',(-13.39727360679,-14.8504361539,
    -0.225844831672));
#1711 = CARTESIAN_POINT('',(-13.30200659962,-14.93597201223,
    -0.141500740229));
#1712 = CARTESIAN_POINT('',(-13.20071047641,-15.02534252097,
    -6.629530338061E-02));
#1713 = CARTESIAN_POINT('',(-13.0946880662,-15.11718043977,
    5.999999999062E-07));
#1714 = PCURVE('',#662,#1715);
#1715 = DEFINITIONAL_REPRESENTATION('',(#1716),#1755);
#1716 = B_SPLINE_CURVE_WITH_KNOTS('',5,(#1717,#1718,#1719,#1720,#1721,
    #1722,#1723,#1724,#1725,#1726,#1727,#1728,#1729,#1730,#1731,#1732,
    #1733,#1734,#1735,#1736,#1737,#1738,#1739,#1740,#1741,#1742,#1743,
    #1744,#1745,#1746,#1747,#1748,#1749,#1750,#1751,#1752,#1753,#1754),
  .UNSPECIFIED.,.F.,.F.,(6,4,4,4,4,4,4,4,4,6),(0.,0.184903331397,
    0.286369537811,0.35054987021,0.394687522238,0.499975222278,
    0.648980826757,0.715207307093,0.816361370288,1.),.UNSPECIFIED.);
#1717 = CARTESIAN_POINT('',(3.766852365998,0.905311933796));
#1718 = CARTESIAN_POINT('',(3.82850588628,0.798547905632));
#1719 = CARTESIAN_POINT('',(3.891922487476,0.696574127651));
#1720 = CARTESIAN_POINT('',(3.957052001554,0.600723595807));
#1721 = CARTESIAN_POINT('',(4.023872329468,0.512271426885));
#1722 = CARTESIAN_POINT('',(4.130035662821,0.388683003977));
#1723 = CARTESIAN_POINT('',(4.168153122431,0.347520717839));
#1724 = CARTESIAN_POINT('',(4.206735663727,0.309237418662));
#1725 = CARTESIAN_POINT('',(4.245751250862,0.274056249736));
#1726 = CARTESIAN_POINT('',(4.310101751136,0.222010124411));
#1727 = CARTESIAN_POINT('',(4.335192097263,0.203167760971));
#1728 = CARTESIAN_POINT('',(4.360428480376,0.185701312121));
#1729 = CARTESIAN_POINT('',(4.385797820255,0.169658057834));
#1730 = CARTESIAN_POINT('',(4.428813606297,0.145054030145));
#1731 = CARTESIAN_POINT('',(4.446397739964,0.135721078002));
#1732 = CARTESIAN_POINT('',(4.464033058669,0.127094364373));
#1733 = CARTESIAN_POINT('',(4.481714504644,0.119185671809));
#1734 = CARTESIAN_POINT('',(4.541712071958,9.487620706817E-02));
#1735 = CARTESIAN_POINT('',(4.584224063559,8.188867679751E-02));
#1736 = CARTESIAN_POINT('',(4.626890820166,7.318323638632E-02));
#1737 = CARTESIAN_POINT('',(4.669639560288,6.882991274602E-02));
#1738 = CARTESIAN_POINT('',(4.772888955027,6.882991274602E-02));
#1739 = CARTESIAN_POINT('',(4.833379223524,7.754885622226E-02));
#1740 = CARTESIAN_POINT('',(4.893642737461,9.498017386012E-02));
#1741 = CARTESIAN_POINT('',(4.953471661881,0.120844505943));
#1742 = CARTESIAN_POINT('',(5.038945216168,0.169596701121));
#1743 = CARTESIAN_POINT('',(5.065119661389,0.186157965359));
#1744 = CARTESIAN_POINT('',(5.091152366863,0.204233768089));
#1745 = CARTESIAN_POINT('',(5.117028999665,0.223772078902));
#1746 = CARTESIAN_POINT('',(5.182003393423,0.276702149269));
#1747 = CARTESIAN_POINT('',(5.220868151025,0.311959251419));
#1748 = CARTESIAN_POINT('',(5.259301019331,0.350288761631));
#1749 = CARTESIAN_POINT('',(5.297270580721,0.391469330145));
#1750 = CARTESIAN_POINT('',(5.402765713799,0.514736231508));
#1751 = CARTESIAN_POINT('',(5.469085941241,0.602726393204));
#1752 = CARTESIAN_POINT('',(5.533737762628,0.697993400372));
#1753 = CARTESIAN_POINT('',(5.59670034006,0.799289523585));
#1754 = CARTESIAN_POINT('',(5.657925594771,0.905311933796));
#1755 = ( GEOMETRIC_REPRESENTATION_CONTEXT(2) 
PARAMETRIC_REPRESENTATION_CONTEXT() REPRESENTATION_CONTEXT('2D SPACE',''
  ) );
#1756 = PCURVE('',#635,#1757);
#1757 = DEFINITIONAL_REPRESENTATION('',(#1758),#1797);
#1758 = B_SPLINE_CURVE_WITH_KNOTS('',5,(#1759,#1760,#1761,#1762,#1763,
    #1764,#1765,#1766,#1767,#1768,#1769,#1770,#1771,#1772,#1773,#1774,
    #1775,#1776,#1777,#1778,#1779,#1780,#1781,#1782,#1783,#1784,#1785,
    #1786,#1787,#1788,#1789,#1790,#1791,#1792,#1793,#1794,#1795,#1796),
  .UNSPECIFIED.,.F.,.F.,(6,4,4,4,4,4,4,4,4,6),(0.,0.184903331397,
    0.286369537811,0.35054987021,0.394687522238,0.499975222278,
    0.648980826757,0.715207307093,0.816361370288,1.),.UNSPECIFIED.);
#1759 = CARTESIAN_POINT('',(3.998557797306,-6.E-07));
#1760 = CARTESIAN_POINT('',(3.991495367339,6.675903771794E-02));
#1761 = CARTESIAN_POINT('',(3.98469581925,0.142554765062));
#1762 = CARTESIAN_POINT('',(3.978254553459,0.227620036001));
#1763 = CARTESIAN_POINT('',(3.972269085767,0.321918852423));
#1764 = CARTESIAN_POINT('',(3.963858443957,0.481769880247));
#1765 = CARTESIAN_POINT('',(3.961046951109,0.541064752276));
#1766 = CARTESIAN_POINT('',(3.958423397172,0.602895488167));
#1767 = CARTESIAN_POINT('',(3.956005544082,0.667098220876));
#1768 = CARTESIAN_POINT('',(3.952420180623,0.775446706432));
#1769 = CARTESIAN_POINT('',(3.951119875644,0.818287609508));
#1770 = CARTESIAN_POINT('',(3.949912655505,0.861930603857));
#1771 = CARTESIAN_POINT('',(3.948802326704,0.906306870296));
#1772 = CARTESIAN_POINT('',(3.947097647677,0.982305789252));
#1773 = CARTESIAN_POINT('',(3.94645043938,1.013583602797));
#1774 = CARTESIAN_POINT('',(3.94585174228,1.045145383769));
#1775 = CARTESIAN_POINT('',(3.945302514129,1.07696367933));
#1776 = CARTESIAN_POINT('',(3.943613393731,1.185451927102));
#1777 = CARTESIAN_POINT('',(3.942709256783,1.263196046459));
#1778 = CARTESIAN_POINT('',(3.942102597352,1.34182839709));
#1779 = CARTESIAN_POINT('',(3.941799231775,1.420913572822));
#1780 = CARTESIAN_POINT('',(3.941799231775,1.611924953087));
#1781 = CARTESIAN_POINT('',(3.94240680958,1.723832098032));
#1782 = CARTESIAN_POINT('',(3.943621598691,1.834465480572));
#1783 = CARTESIAN_POINT('',(3.945420225886,1.942591807153));
#1784 = CARTESIAN_POINT('',(3.948798108526,2.093643440096));
#1785 = CARTESIAN_POINT('',(3.949944292605,2.139426740867));
#1786 = CARTESIAN_POINT('',(3.951193580246,2.184428331949));
#1787 = CARTESIAN_POINT('',(3.952541783062,2.228572836396));
#1788 = CARTESIAN_POINT('',(3.956187435661,2.337815461262));
#1789 = CARTESIAN_POINT('',(3.95861008272,2.401671996797));
#1790 = CARTESIAN_POINT('',(3.961236330222,2.463163663869));
#1791 = CARTESIAN_POINT('',(3.964048567202,2.522130052782));
#1792 = CARTESIAN_POINT('',(3.972435863931,2.68070431449));
#1793 = CARTESIAN_POINT('',(3.978389136729,2.774155168328));
#1794 = CARTESIAN_POINT('',(3.984790451107,2.858499259771));
#1795 = CARTESIAN_POINT('',(3.991544425293,2.933704696619));
#1796 = CARTESIAN_POINT('',(3.998557797306,3.0000006));
#1797 = ( GEOMETRIC_REPRESENTATION_CONTEXT(2) 
PARAMETRIC_REPRESENTATION_CONTEXT() REPRESENTATION_CONTEXT('2D SPACE',''
  ) );
#1798 = ADVANCED_FACE('',(#1799),#635,.T.);
#1799 = FACE_BOUND('',#1800,.T.);
#1800 = EDGE_LOOP('',(#1801,#1802,#1928,#1929));
#1801 = ORIENTED_EDGE('',*,*,#1251,.F.);
#1802 = ORIENTED_EDGE('',*,*,#1803,.T.);
#1803 = EDGE_CURVE('',#1231,#593,#1804,.T.);
#1804 = SURFACE_CURVE('',#1805,(#1844,#1886),.PCURVE_S1.);
#1805 = B_SPLINE_CURVE_WITH_KNOTS('',5,(#1806,#1807,#1808,#1809,#1810,
    #1811,#1812,#1813,#1814,#1815,#1816,#1817,#1818,#1819,#1820,#1821,
    #1822,#1823,#1824,#1825,#1826,#1827,#1828,#1829,#1830,#1831,#1832,
    #1833,#1834,#1835,#1836,#1837,#1838,#1839,#1840,#1841,#1842,#1843),
  .UNSPECIFIED.,.F.,.F.,(6,4,4,4,4,4,4,4,4,6),(0.,0.18513656805,
    0.28656828962,0.350735006762,0.394866346372,0.499975278536,
    0.648980868323,0.715207340817,0.816361392034,1.),.UNSPECIFIED.);
#1806 = CARTESIAN_POINT('',(-13.0946880662,15.117180439778,
    5.999999994621E-07));
#1807 = CARTESIAN_POINT('',(-13.20158648235,15.024583713833,
    -6.684307063974E-02));
#1808 = CARTESIAN_POINT('',(-13.30368308995,14.934492836812,
    -0.142745909928));
#1809 = CARTESIAN_POINT('',(-13.39963927341,14.848311782864,
    -0.227942124401));
#1810 = CARTESIAN_POINT('',(-13.48817490487,14.767564176571,
    -0.322394940117));
#1811 = CARTESIAN_POINT('',(-13.61178070718,14.653428682273,
    -0.482425592694));
#1812 = CARTESIAN_POINT('',(-13.65290408182,14.615154387765,
    -0.541723033366));
#1813 = CARTESIAN_POINT('',(-13.6911489231,14.579304718212,
    -0.603553686404));
#1814 = CARTESIAN_POINT('',(-13.72629236482,14.546161791823,
    -0.667753568567));
#1815 = CARTESIAN_POINT('',(-13.77828113071,14.496887232872,
    -0.776098130026));
#1816 = CARTESIAN_POINT('',(-13.79710292181,14.478981676245,
    -0.818939891374));
#1817 = CARTESIAN_POINT('',(-13.81454893315,14.462330932148,
    -0.862582807744));
#1818 = CARTESIAN_POINT('',(-13.83057194756,14.446995763116,
    -0.9069580434));
#1819 = CARTESIAN_POINT('',(-13.85514295356,14.423425607048,
    -0.982955749865));
#1820 = CARTESIAN_POINT('',(-13.86446288896,14.414468618445,
    -1.014233928563));
#1821 = CARTESIAN_POINT('',(-13.87307663333,14.406176970495,
    -1.045795659121));
#1822 = CARTESIAN_POINT('',(-13.88097242316,14.39856603309,
    -1.07761348544));
#1823 = CARTESIAN_POINT('',(-13.90521190797,14.375174595269,
    -1.185979852492));
#1824 = CARTESIAN_POINT('',(-13.91815561975,14.362634796469,
    -1.263596507667));
#1825 = CARTESIAN_POINT('',(-13.92683153396,14.35421187277,
    -1.342096917448));
#1826 = CARTESIAN_POINT('',(-13.93117008725,14.35,-1.421047844254));
#1827 = CARTESIAN_POINT('',(-13.93117008725,14.35,-1.611924955281));
#1828 = CARTESIAN_POINT('',(-13.92245114435,14.358464077542,
    -1.723832092614));
#1829 = CARTESIAN_POINT('',(-13.90501982504,14.375388369162,
    -1.8344654859));
#1830 = CARTESIAN_POINT('',(-13.87915549472,14.400389932711,
    -1.94259180508));
#1831 = CARTESIAN_POINT('',(-13.83040329887,14.447158084013,
    -2.093643440096));
#1832 = CARTESIAN_POINT('',(-13.81384203464,14.463008015516,
    -2.139426740867));
#1833 = CARTESIAN_POINT('',(-13.79576623191,14.480257808148,
    -2.184428331949));
#1834 = CARTESIAN_POINT('',(-13.77622792109,14.498840523829,
    -2.228572836396));
#1835 = CARTESIAN_POINT('',(-13.72329785073,14.548987515758,
    -2.337815461262));
#1836 = CARTESIAN_POINT('',(-13.68804074858,14.582223622919,
    -2.401671996797));
#1837 = CARTESIAN_POINT('',(-13.64971123836,14.618136819617,
    -2.463163663869));
#1838 = CARTESIAN_POINT('',(-13.60853066985,14.656447143902,
    -2.522130052782));
#1839 = CARTESIAN_POINT('',(-13.48526376849,14.770218711505,
    -2.68070431449));
#1840 = CARTESIAN_POINT('',(-13.39727360679,14.850436153899,
    -2.774155168328));
#1841 = CARTESIAN_POINT('',(-13.30200659962,14.935972012233,
    -2.858499259771));
#1842 = CARTESIAN_POINT('',(-13.20071047641,15.025342520976,
    -2.933704696619));
#1843 = CARTESIAN_POINT('',(-13.0946880662,15.117180439778,-3.0000006));
#1844 = PCURVE('',#635,#1845);
#1845 = DEFINITIONAL_REPRESENTATION('',(#1846),#1885);
#1846 = B_SPLINE_CURVE_WITH_KNOTS('',5,(#1847,#1848,#1849,#1850,#1851,
    #1852,#1853,#1854,#1855,#1856,#1857,#1858,#1859,#1860,#1861,#1862,
    #1863,#1864,#1865,#1866,#1867,#1868,#1869,#1870,#1871,#1872,#1873,
    #1874,#1875,#1876,#1877,#1878,#1879,#1880,#1881,#1882,#1883,#1884),
  .UNSPECIFIED.,.F.,.F.,(6,4,4,4,4,4,4,4,4,6),(0.,0.18513656805,
    0.28656828962,0.350735006762,0.394866346372,0.499975278536,
    0.648980868323,0.715207340817,0.816361392034,1.),.UNSPECIFIED.);
#1847 = CARTESIAN_POINT('',(2.284627509873,3.0000006));
#1848 = CARTESIAN_POINT('',(2.291698829593,2.93315692936));
#1849 = CARTESIAN_POINT('',(2.298506638793,2.857254090072));
#1850 = CARTESIAN_POINT('',(2.304955139346,2.772057875599));
#1851 = CARTESIAN_POINT('',(2.310946424748,2.677605059883));
#1852 = CARTESIAN_POINT('',(2.319358515068,2.517574407306));
#1853 = CARTESIAN_POINT('',(2.32216743133,2.458276966634));
#1854 = CARTESIAN_POINT('',(2.324788417963,2.396446313596));
#1855 = CARTESIAN_POINT('',(2.32720373407,2.332246431433));
#1856 = CARTESIAN_POINT('',(2.330785219075,2.223901869974));
#1857 = CARTESIAN_POINT('',(2.332084128777,2.181060108626));
#1858 = CARTESIAN_POINT('',(2.333289957053,2.137417192256));
#1859 = CARTESIAN_POINT('',(2.334398902318,2.0930419566));
#1860 = CARTESIAN_POINT('',(2.336101317215,2.017044250135));
#1861 = CARTESIAN_POINT('',(2.336747631195,1.985766071437));
#1862 = CARTESIAN_POINT('',(2.33734543531,1.954204340879));
#1863 = CARTESIAN_POINT('',(2.33789377333,1.92238651456));
#1864 = CARTESIAN_POINT('',(2.339578047645,1.814020147508));
#1865 = CARTESIAN_POINT('',(2.34047913733,1.736403492333));
#1866 = CARTESIAN_POINT('',(2.341083739102,1.657903082552));
#1867 = CARTESIAN_POINT('',(2.341386075404,1.578952155746));
#1868 = CARTESIAN_POINT('',(2.341386075404,1.388075044719));
#1869 = CARTESIAN_POINT('',(2.34077849764,1.276167907386));
#1870 = CARTESIAN_POINT('',(2.339563708412,1.1655345141));
#1871 = CARTESIAN_POINT('',(2.33776508134,1.05740819492));
#1872 = CARTESIAN_POINT('',(2.334387198654,0.906356559904));
#1873 = CARTESIAN_POINT('',(2.333241014574,0.860573259133));
#1874 = CARTESIAN_POINT('',(2.331991726934,0.815571668051));
#1875 = CARTESIAN_POINT('',(2.330643524118,0.771427163604));
#1876 = CARTESIAN_POINT('',(2.326997871519,0.662184538738));
#1877 = CARTESIAN_POINT('',(2.32457522446,0.598328003203));
#1878 = CARTESIAN_POINT('',(2.321948976958,0.536836336131));
#1879 = CARTESIAN_POINT('',(2.319136739977,0.477869947218));
#1880 = CARTESIAN_POINT('',(2.310749443248,0.31929568551));
#1881 = CARTESIAN_POINT('',(2.304796170451,0.225844831672));
#1882 = CARTESIAN_POINT('',(2.298394856073,0.141500740229));
#1883 = CARTESIAN_POINT('',(2.291640881886,6.629530338062E-02));
#1884 = CARTESIAN_POINT('',(2.284627509873,-6.E-07));
#1885 = ( GEOMETRIC_REPRESENTATION_CONTEXT(2) 
PARAMETRIC_REPRESENTATION_CONTEXT() REPRESENTATION_CONTEXT('2D SPACE',''
  ) );
#1886 = PCURVE('',#607,#1887);
#1887 = DEFINITIONAL_REPRESENTATION('',(#1888),#1927);
#1888 = B_SPLINE_CURVE_WITH_KNOTS('',5,(#1889,#1890,#1891,#1892,#1893,
    #1894,#1895,#1896,#1897,#1898,#1899,#1900,#1901,#1902,#1903,#1904,
    #1905,#1906,#1907,#1908,#1909,#1910,#1911,#1912,#1913,#1914,#1915,
    #1916,#1917,#1918,#1919,#1920,#1921,#1922,#1923,#1924,#1925,#1926),
  .UNSPECIFIED.,.F.,.F.,(6,4,4,4,4,4,4,4,4,6),(0.,0.18513656805,
    0.28656828962,0.350735006762,0.394866346372,0.499975278536,
    0.648980868323,0.715207340817,0.816361392034,1.),.UNSPECIFIED.);
#1889 = CARTESIAN_POINT('',(0.625259712408,0.905311933796));
#1890 = CARTESIAN_POINT('',(0.686990838346,0.798413517646));
#1891 = CARTESIAN_POINT('',(0.750489778861,0.69631691005));
#1892 = CARTESIAN_POINT('',(0.815705932247,0.600360726587));
#1893 = CARTESIAN_POINT('',(0.882616962658,0.511825095123));
#1894 = CARTESIAN_POINT('',(0.988866831232,0.388219292816));
#1895 = CARTESIAN_POINT('',(1.026975563188,0.347095918174));
#1896 = CARTESIAN_POINT('',(1.065548872365,0.308851076896));
#1897 = CARTESIAN_POINT('',(1.104554707298,0.273707635174));
#1898 = CARTESIAN_POINT('',(1.16889158129,0.22171886929));
#1899 = CARTESIAN_POINT('',(1.19397842675,0.202897078182));
#1900 = CARTESIAN_POINT('',(1.219211133271,0.185451066842));
#1901 = CARTESIAN_POINT('',(1.244576619089,0.169428052434));
#1902 = CARTESIAN_POINT('',(1.287586814238,0.144857046436));
#1903 = CARTESIAN_POINT('',(1.305169311897,0.135537111038));
#1904 = CARTESIAN_POINT('',(1.322802918182,0.126923366668));
#1905 = CARTESIAN_POINT('',(1.340482575173,0.119027576833));
#1906 = CARTESIAN_POINT('',(1.400408092301,9.478809202356E-02));
#1907 = CARTESIAN_POINT('',(1.442848703228,8.184438024564E-02));
#1908 = CARTESIAN_POINT('',(1.485443312695,7.316846603231E-02));
#1909 = CARTESIAN_POINT('',(1.528119485851,6.882991274602E-02));
#1910 = CARTESIAN_POINT('',(1.631296302622,6.882991274602E-02));
#1911 = CARTESIAN_POINT('',(1.691786566964,7.754885564379E-02));
#1912 = CARTESIAN_POINT('',(1.752050086832,9.498017495635E-02));
#1913 = CARTESIAN_POINT('',(1.811879007119,0.120844505274));
#1914 = CARTESIAN_POINT('',(1.897352562578,0.169596701121));
#1915 = CARTESIAN_POINT('',(1.923527007799,0.186157965359));
#1916 = CARTESIAN_POINT('',(1.949559713273,0.204233768089));
#1917 = CARTESIAN_POINT('',(1.975436346075,0.223772078902));
#1918 = CARTESIAN_POINT('',(2.040410739834,0.276702149269));
#1919 = CARTESIAN_POINT('',(2.079275497435,0.311959251419));
#1920 = CARTESIAN_POINT('',(2.117708365741,0.350288761631));
#1921 = CARTESIAN_POINT('',(2.155677927131,0.391469330144));
#1922 = CARTESIAN_POINT('',(2.261173060209,0.514736231508));
#1923 = CARTESIAN_POINT('',(2.327493287651,0.602726393204));
#1924 = CARTESIAN_POINT('',(2.392145109038,0.697993400372));
#1925 = CARTESIAN_POINT('',(2.455107686471,0.799289523585));
#1926 = CARTESIAN_POINT('',(2.516332941181,0.905311933796));
#1927 = ( GEOMETRIC_REPRESENTATION_CONTEXT(2) 
PARAMETRIC_REPRESENTATION_CONTEXT() REPRESENTATION_CONTEXT('2D SPACE',''
  ) );
#1928 = ORIENTED_EDGE('',*,*,#618,.T.);
#1929 = ORIENTED_EDGE('',*,*,#1673,.T.);
#1930 = ADVANCED_FACE('',(#1931),#607,.F.);
#1931 = FACE_BOUND('',#1932,.F.);
#1932 = EDGE_LOOP('',(#1933,#1934,#1935,#1936));
#1933 = ORIENTED_EDGE('',*,*,#1345,.F.);
#1934 = ORIENTED_EDGE('',*,*,#1230,.F.);
#1935 = ORIENTED_EDGE('',*,*,#1803,.T.);
#1936 = ORIENTED_EDGE('',*,*,#592,.T.);
#1937 = ADVANCED_FACE('',(#1938),#538,.T.);
#1938 = FACE_BOUND('',#1939,.T.);
#1939 = EDGE_LOOP('',(#1940,#1941,#1942,#1966));
#1940 = ORIENTED_EDGE('',*,*,#521,.F.);
#1941 = ORIENTED_EDGE('',*,*,#1014,.F.);
#1942 = ORIENTED_EDGE('',*,*,#1943,.T.);
#1943 = EDGE_CURVE('',#989,#1944,#1946,.T.);
#1944 = VERTEX_POINT('',#1945);
#1945 = CARTESIAN_POINT('',(-1.212400331156E-15,-6.6,-4.3));
#1946 = SURFACE_CURVE('',#1947,(#1952,#1959),.PCURVE_S1.);
#1947 = CIRCLE('',#1948,6.6);
#1948 = AXIS2_PLACEMENT_3D('',#1949,#1950,#1951);
#1949 = CARTESIAN_POINT('',(0.,0.,-4.3));
#1950 = DIRECTION('',(0.,0.,1.));
#1951 = DIRECTION('',(1.,0.,-0.));
#1952 = PCURVE('',#538,#1953);
#1953 = DEFINITIONAL_REPRESENTATION('',(#1954),#1958);
#1954 = LINE('',#1955,#1956);
#1955 = CARTESIAN_POINT('',(0.,0.));
#1956 = VECTOR('',#1957,1.);
#1957 = DIRECTION('',(1.,0.));
#1958 = ( GEOMETRIC_REPRESENTATION_CONTEXT(2) 
PARAMETRIC_REPRESENTATION_CONTEXT() REPRESENTATION_CONTEXT('2D SPACE',''
  ) );
#1959 = PCURVE('',#1003,#1960);
#1960 = DEFINITIONAL_REPRESENTATION('',(#1961),#1965);
#1961 = CIRCLE('',#1962,6.6);
#1962 = AXIS2_PLACEMENT_2D('',#1963,#1964);
#1963 = CARTESIAN_POINT('',(0.,0.));
#1964 = DIRECTION('',(1.,0.));
#1965 = ( GEOMETRIC_REPRESENTATION_CONTEXT(2) 
PARAMETRIC_REPRESENTATION_CONTEXT() REPRESENTATION_CONTEXT('2D SPACE',''
  ) );
#1966 = ORIENTED_EDGE('',*,*,#1967,.T.);
#1967 = EDGE_CURVE('',#1944,#496,#1968,.T.);
#1968 = SURFACE_CURVE('',#1969,(#1973,#1979),.PCURVE_S1.);
#1969 = LINE('',#1970,#1971);
#1970 = CARTESIAN_POINT('',(0.,-6.6,-4.3));
#1971 = VECTOR('',#1972,1.);
#1972 = DIRECTION('',(0.,0.,1.));
#1973 = PCURVE('',#538,#1974);
#1974 = DEFINITIONAL_REPRESENTATION('',(#1975),#1978);
#1975 = B_SPLINE_CURVE_WITH_KNOTS('',1,(#1976,#1977),.UNSPECIFIED.,.F.,
  .F.,(2,2),(-5.999999999062E-07,1.3000006),.PIECEWISE_BEZIER_KNOTS.);
#1976 = CARTESIAN_POINT('',(4.712388980385,-5.999999999062E-07));
#1977 = CARTESIAN_POINT('',(4.712388980385,1.3000006));
#1978 = ( GEOMETRIC_REPRESENTATION_CONTEXT(2) 
PARAMETRIC_REPRESENTATION_CONTEXT() REPRESENTATION_CONTEXT('2D SPACE',''
  ) );
#1979 = PCURVE('',#510,#1980);
#1980 = DEFINITIONAL_REPRESENTATION('',(#1981),#1984);
#1981 = B_SPLINE_CURVE_WITH_KNOTS('',1,(#1982,#1983),.UNSPECIFIED.,.F.,
  .F.,(2,2),(-5.999999999062E-07,1.3000006),.PIECEWISE_BEZIER_KNOTS.);
#1982 = CARTESIAN_POINT('',(45.6999994,-43.4));
#1983 = CARTESIAN_POINT('',(47.0000006,-43.4));
#1984 = ( GEOMETRIC_REPRESENTATION_CONTEXT(2) 
PARAMETRIC_REPRESENTATION_CONTEXT() REPRESENTATION_CONTEXT('2D SPACE',''
  ) );
#1985 = ADVANCED_FACE('',(#1986),#510,.T.);
#1986 = FACE_BOUND('',#1987,.T.);
#1987 = EDGE_LOOP('',(#1988,#1989,#2010,#2034,#2058,#2077,#2078,#2079,
    #2100,#2121,#2142,#2163,#2184,#2205,#2226,#2252,#2273));
#1988 = ORIENTED_EDGE('',*,*,#1163,.F.);
#1989 = ORIENTED_EDGE('',*,*,#1990,.F.);
#1990 = EDGE_CURVE('',#1991,#1140,#1993,.T.);
#1991 = VERTEX_POINT('',#1992);
#1992 = CARTESIAN_POINT('',(1.739575693094E-16,-16.7,-0.520204102887));
#1993 = SURFACE_CURVE('',#1994,(#1998,#2004),.PCURVE_S1.);
#1994 = LINE('',#1995,#1996);
#1995 = CARTESIAN_POINT('',(0.,-16.7,-3.1));
#1996 = VECTOR('',#1997,1.);
#1997 = DIRECTION('',(0.,0.,1.));
#1998 = PCURVE('',#510,#1999);
#1999 = DEFINITIONAL_REPRESENTATION('',(#2000),#2003);
#2000 = B_SPLINE_CURVE_WITH_KNOTS('',1,(#2001,#2002),.UNSPECIFIED.,.F.,
  .F.,(2,2),(9.99994E-02,3.1000006),.PIECEWISE_BEZIER_KNOTS.);
#2001 = CARTESIAN_POINT('',(46.9999994,-33.3));
#2002 = CARTESIAN_POINT('',(50.0000006,-33.3));
#2003 = ( GEOMETRIC_REPRESENTATION_CONTEXT(2) 
PARAMETRIC_REPRESENTATION_CONTEXT() REPRESENTATION_CONTEXT('2D SPACE',''
  ) );
#2004 = PCURVE('',#483,#2005);
#2005 = DEFINITIONAL_REPRESENTATION('',(#2006),#2009);
#2006 = B_SPLINE_CURVE_WITH_KNOTS('',1,(#2007,#2008),.UNSPECIFIED.,.F.,
  .F.,(2,2),(9.99994E-02,3.1000006),.PIECEWISE_BEZIER_KNOTS.);
#2007 = CARTESIAN_POINT('',(3.14159265359,9.99994E-02));
#2008 = CARTESIAN_POINT('',(3.14159265359,3.1000006));
#2009 = ( GEOMETRIC_REPRESENTATION_CONTEXT(2) 
PARAMETRIC_REPRESENTATION_CONTEXT() REPRESENTATION_CONTEXT('2D SPACE',''
  ) );
#2010 = ORIENTED_EDGE('',*,*,#2011,.F.);
#2011 = EDGE_CURVE('',#2012,#1991,#2014,.T.);
#2012 = VERTEX_POINT('',#2013);
#2013 = CARTESIAN_POINT('',(0.,-16.2,-0.4));
#2014 = SURFACE_CURVE('',#2015,(#2020,#2027),.PCURVE_S1.);
#2015 = CIRCLE('',#2016,1.1);
#2016 = AXIS2_PLACEMENT_3D('',#2017,#2018,#2019);
#2017 = CARTESIAN_POINT('',(0.,-16.2,-1.5));
#2018 = DIRECTION('',(1.,0.,0.));
#2019 = DIRECTION('',(-0.,0.,1.));
#2020 = PCURVE('',#510,#2021);
#2021 = DEFINITIONAL_REPRESENTATION('',(#2022),#2026);
#2022 = CIRCLE('',#2023,1.1);
#2023 = AXIS2_PLACEMENT_2D('',#2024,#2025);
#2024 = CARTESIAN_POINT('',(48.5,-33.8));
#2025 = DIRECTION('',(1.,0.));
#2026 = ( GEOMETRIC_REPRESENTATION_CONTEXT(2) 
PARAMETRIC_REPRESENTATION_CONTEXT() REPRESENTATION_CONTEXT('2D SPACE',''
  ) );
#2027 = PCURVE('',#1655,#2028);
#2028 = DEFINITIONAL_REPRESENTATION('',(#2029),#2033);
#2029 = LINE('',#2030,#2031);
#2030 = CARTESIAN_POINT('',(0.,14.));
#2031 = VECTOR('',#2032,1.);
#2032 = DIRECTION('',(1.,0.));
#2033 = ( GEOMETRIC_REPRESENTATION_CONTEXT(2) 
PARAMETRIC_REPRESENTATION_CONTEXT() REPRESENTATION_CONTEXT('2D SPACE',''
  ) );
#2034 = ORIENTED_EDGE('',*,*,#2035,.F.);
#2035 = EDGE_CURVE('',#2036,#2012,#2038,.T.);
#2036 = VERTEX_POINT('',#2037);
#2037 = CARTESIAN_POINT('',(1.205349604665E-17,-16.7,-2.479795897113));
#2038 = SURFACE_CURVE('',#2039,(#2044,#2051),.PCURVE_S1.);
#2039 = CIRCLE('',#2040,1.1);
#2040 = AXIS2_PLACEMENT_3D('',#2041,#2042,#2043);
#2041 = CARTESIAN_POINT('',(0.,-16.2,-1.5));
#2042 = DIRECTION('',(1.,0.,0.));
#2043 = DIRECTION('',(-0.,0.,1.));
#2044 = PCURVE('',#510,#2045);
#2045 = DEFINITIONAL_REPRESENTATION('',(#2046),#2050);
#2046 = CIRCLE('',#2047,1.1);
#2047 = AXIS2_PLACEMENT_2D('',#2048,#2049);
#2048 = CARTESIAN_POINT('',(48.5,-33.8));
#2049 = DIRECTION('',(1.,0.));
#2050 = ( GEOMETRIC_REPRESENTATION_CONTEXT(2) 
PARAMETRIC_REPRESENTATION_CONTEXT() REPRESENTATION_CONTEXT('2D SPACE',''
  ) );
#2051 = PCURVE('',#1655,#2052);
#2052 = DEFINITIONAL_REPRESENTATION('',(#2053),#2057);
#2053 = LINE('',#2054,#2055);
#2054 = CARTESIAN_POINT('',(0.,14.));
#2055 = VECTOR('',#2056,1.);
#2056 = DIRECTION('',(1.,0.));
#2057 = ( GEOMETRIC_REPRESENTATION_CONTEXT(2) 
PARAMETRIC_REPRESENTATION_CONTEXT() REPRESENTATION_CONTEXT('2D SPACE',''
  ) );
#2058 = ORIENTED_EDGE('',*,*,#2059,.F.);
#2059 = EDGE_CURVE('',#467,#2036,#2060,.T.);
#2060 = SURFACE_CURVE('',#2061,(#2065,#2071),.PCURVE_S1.);
#2061 = LINE('',#2062,#2063);
#2062 = CARTESIAN_POINT('',(0.,-16.7,-3.1));
#2063 = VECTOR('',#2064,1.);
#2064 = DIRECTION('',(0.,0.,1.));
#2065 = PCURVE('',#510,#2066);
#2066 = DEFINITIONAL_REPRESENTATION('',(#2067),#2070);
#2067 = B_SPLINE_CURVE_WITH_KNOTS('',1,(#2068,#2069),.UNSPECIFIED.,.F.,
  .F.,(2,2),(9.99994E-02,3.1000006),.PIECEWISE_BEZIER_KNOTS.);
#2068 = CARTESIAN_POINT('',(46.9999994,-33.3));
#2069 = CARTESIAN_POINT('',(50.0000006,-33.3));
#2070 = ( GEOMETRIC_REPRESENTATION_CONTEXT(2) 
PARAMETRIC_REPRESENTATION_CONTEXT() REPRESENTATION_CONTEXT('2D SPACE',''
  ) );
#2071 = PCURVE('',#483,#2072);
#2072 = DEFINITIONAL_REPRESENTATION('',(#2073),#2076);
#2073 = B_SPLINE_CURVE_WITH_KNOTS('',1,(#2074,#2075),.UNSPECIFIED.,.F.,
  .F.,(2,2),(9.99994E-02,3.1000006),.PIECEWISE_BEZIER_KNOTS.);
#2074 = CARTESIAN_POINT('',(3.14159265359,9.99994E-02));
#2075 = CARTESIAN_POINT('',(3.14159265359,3.1000006));
#2076 = ( GEOMETRIC_REPRESENTATION_CONTEXT(2) 
PARAMETRIC_REPRESENTATION_CONTEXT() REPRESENTATION_CONTEXT('2D SPACE',''
  ) );
#2077 = ORIENTED_EDGE('',*,*,#495,.T.);
#2078 = ORIENTED_EDGE('',*,*,#1967,.F.);
#2079 = ORIENTED_EDGE('',*,*,#2080,.T.);
#2080 = EDGE_CURVE('',#1944,#2081,#2083,.T.);
#2081 = VERTEX_POINT('',#2082);
#2082 = CARTESIAN_POINT('',(-5.878304635907E-16,-3.2,-4.3));
#2083 = SURFACE_CURVE('',#2084,(#2088,#2094),.PCURVE_S1.);
#2084 = LINE('',#2085,#2086);
#2085 = CARTESIAN_POINT('',(0.,-25.,-4.3));
#2086 = VECTOR('',#2087,1.);
#2087 = DIRECTION('',(0.,1.,0.));
#2088 = PCURVE('',#510,#2089);
#2089 = DEFINITIONAL_REPRESENTATION('',(#2090),#2093);
#2090 = B_SPLINE_CURVE_WITH_KNOTS('',1,(#2091,#2092),.UNSPECIFIED.,.F.,
  .F.,(2,2),(18.4,31.6),.PIECEWISE_BEZIER_KNOTS.);
#2091 = CARTESIAN_POINT('',(45.7,-43.4));
#2092 = CARTESIAN_POINT('',(45.7,-56.6));
#2093 = ( GEOMETRIC_REPRESENTATION_CONTEXT(2) 
PARAMETRIC_REPRESENTATION_CONTEXT() REPRESENTATION_CONTEXT('2D SPACE',''
  ) );
#2094 = PCURVE('',#1003,#2095);
#2095 = DEFINITIONAL_REPRESENTATION('',(#2096),#2099);
#2096 = B_SPLINE_CURVE_WITH_KNOTS('',1,(#2097,#2098),.UNSPECIFIED.,.F.,
  .F.,(2,2),(18.4,31.6),.PIECEWISE_BEZIER_KNOTS.);
#2097 = CARTESIAN_POINT('',(0.,-6.6));
#2098 = CARTESIAN_POINT('',(0.,6.6));
#2099 = ( GEOMETRIC_REPRESENTATION_CONTEXT(2) 
PARAMETRIC_REPRESENTATION_CONTEXT() REPRESENTATION_CONTEXT('2D SPACE',''
  ) );
#2100 = ORIENTED_EDGE('',*,*,#2101,.T.);
#2101 = EDGE_CURVE('',#2081,#2102,#2104,.T.);
#2102 = VERTEX_POINT('',#2103);
#2103 = CARTESIAN_POINT('',(-5.878304635907E-16,-3.2,-3.9));
#2104 = SURFACE_CURVE('',#2105,(#2109,#2115),.PCURVE_S1.);
#2105 = LINE('',#2106,#2107);
#2106 = CARTESIAN_POINT('',(0.,-3.2,-4.31));
#2107 = VECTOR('',#2108,1.);
#2108 = DIRECTION('',(0.,0.,1.));
#2109 = PCURVE('',#510,#2110);
#2110 = DEFINITIONAL_REPRESENTATION('',(#2111),#2114);
#2111 = B_SPLINE_CURVE_WITH_KNOTS('',1,(#2112,#2113),.UNSPECIFIED.,.F.,
  .F.,(2,2),(9.9994E-03,0.4100006),.PIECEWISE_BEZIER_KNOTS.);
#2112 = CARTESIAN_POINT('',(45.6999994,-46.8));
#2113 = CARTESIAN_POINT('',(46.1000006,-46.8));
#2114 = ( GEOMETRIC_REPRESENTATION_CONTEXT(2) 
PARAMETRIC_REPRESENTATION_CONTEXT() REPRESENTATION_CONTEXT('2D SPACE',''
  ) );
#2115 = PCURVE('',#977,#2116);
#2116 = DEFINITIONAL_REPRESENTATION('',(#2117),#2120);
#2117 = B_SPLINE_CURVE_WITH_KNOTS('',1,(#2118,#2119),.UNSPECIFIED.,.F.,
  .F.,(2,2),(9.9994E-03,0.4100006),.PIECEWISE_BEZIER_KNOTS.);
#2118 = CARTESIAN_POINT('',(4.712388980385,9.9994E-03));
#2119 = CARTESIAN_POINT('',(4.712388980385,0.4100006));
#2120 = ( GEOMETRIC_REPRESENTATION_CONTEXT(2) 
PARAMETRIC_REPRESENTATION_CONTEXT() REPRESENTATION_CONTEXT('2D SPACE',''
  ) );
#2121 = ORIENTED_EDGE('',*,*,#2122,.F.);
#2122 = EDGE_CURVE('',#2123,#2102,#2125,.T.);
#2123 = VERTEX_POINT('',#2124);
#2124 = CARTESIAN_POINT('',(-9.184850993605E-16,-5.,-3.9));
#2125 = SURFACE_CURVE('',#2126,(#2130,#2136),.PCURVE_S1.);
#2126 = LINE('',#2127,#2128);
#2127 = CARTESIAN_POINT('',(0.,-25.,-3.9));
#2128 = VECTOR('',#2129,1.);
#2129 = DIRECTION('',(0.,1.,0.));
#2130 = PCURVE('',#510,#2131);
#2131 = DEFINITIONAL_REPRESENTATION('',(#2132),#2135);
#2132 = B_SPLINE_CURVE_WITH_KNOTS('',1,(#2133,#2134),.UNSPECIFIED.,.F.,
  .F.,(2,2),(20.,30.),.PIECEWISE_BEZIER_KNOTS.);
#2133 = CARTESIAN_POINT('',(46.1,-45.));
#2134 = CARTESIAN_POINT('',(46.1,-55.));
#2135 = ( GEOMETRIC_REPRESENTATION_CONTEXT(2) 
PARAMETRIC_REPRESENTATION_CONTEXT() REPRESENTATION_CONTEXT('2D SPACE',''
  ) );
#2136 = PCURVE('',#951,#2137);
#2137 = DEFINITIONAL_REPRESENTATION('',(#2138),#2141);
#2138 = B_SPLINE_CURVE_WITH_KNOTS('',1,(#2139,#2140),.UNSPECIFIED.,.F.,
  .F.,(2,2),(20.,30.),.PIECEWISE_BEZIER_KNOTS.);
#2139 = CARTESIAN_POINT('',(0.,-5.));
#2140 = CARTESIAN_POINT('',(0.,5.));
#2141 = ( GEOMETRIC_REPRESENTATION_CONTEXT(2) 
PARAMETRIC_REPRESENTATION_CONTEXT() REPRESENTATION_CONTEXT('2D SPACE',''
  ) );
#2142 = ORIENTED_EDGE('',*,*,#2143,.T.);
#2143 = EDGE_CURVE('',#2123,#2144,#2146,.T.);
#2144 = VERTEX_POINT('',#2145);
#2145 = CARTESIAN_POINT('',(-9.184850993605E-16,-5.,-3.));
#2146 = SURFACE_CURVE('',#2147,(#2151,#2157),.PCURVE_S1.);
#2147 = LINE('',#2148,#2149);
#2148 = CARTESIAN_POINT('',(0.,-5.,-3.9));
#2149 = VECTOR('',#2150,1.);
#2150 = DIRECTION('',(0.,0.,1.));
#2151 = PCURVE('',#510,#2152);
#2152 = DEFINITIONAL_REPRESENTATION('',(#2153),#2156);
#2153 = B_SPLINE_CURVE_WITH_KNOTS('',1,(#2154,#2155),.UNSPECIFIED.,.F.,
  .F.,(2,2),(-5.999999999062E-07,0.9000006),.PIECEWISE_BEZIER_KNOTS.);
#2154 = CARTESIAN_POINT('',(46.0999994,-45.));
#2155 = CARTESIAN_POINT('',(47.0000006,-45.));
#2156 = ( GEOMETRIC_REPRESENTATION_CONTEXT(2) 
PARAMETRIC_REPRESENTATION_CONTEXT() REPRESENTATION_CONTEXT('2D SPACE',''
  ) );
#2157 = PCURVE('',#925,#2158);
#2158 = DEFINITIONAL_REPRESENTATION('',(#2159),#2162);
#2159 = B_SPLINE_CURVE_WITH_KNOTS('',1,(#2160,#2161),.UNSPECIFIED.,.F.,
  .F.,(2,2),(-5.999999999062E-07,0.9000006),.PIECEWISE_BEZIER_KNOTS.);
#2160 = CARTESIAN_POINT('',(4.712388980385,-5.999999999062E-07));
#2161 = CARTESIAN_POINT('',(4.712388980385,0.9000006));
#2162 = ( GEOMETRIC_REPRESENTATION_CONTEXT(2) 
PARAMETRIC_REPRESENTATION_CONTEXT() REPRESENTATION_CONTEXT('2D SPACE',''
  ) );
#2163 = ORIENTED_EDGE('',*,*,#2164,.F.);
#2164 = EDGE_CURVE('',#2165,#2144,#2167,.T.);
#2165 = VERTEX_POINT('',#2166);
#2166 = CARTESIAN_POINT('',(-9.368548013477E-16,-5.1,-3.));
#2167 = SURFACE_CURVE('',#2168,(#2172,#2178),.PCURVE_S1.);
#2168 = LINE('',#2169,#2170);
#2169 = CARTESIAN_POINT('',(0.,-25.,-3.));
#2170 = VECTOR('',#2171,1.);
#2171 = DIRECTION('',(0.,1.,0.));
#2172 = PCURVE('',#510,#2173);
#2173 = DEFINITIONAL_REPRESENTATION('',(#2174),#2177);
#2174 = B_SPLINE_CURVE_WITH_KNOTS('',1,(#2175,#2176),.UNSPECIFIED.,.F.,
  .F.,(2,2),(19.9,30.1),.PIECEWISE_BEZIER_KNOTS.);
#2175 = CARTESIAN_POINT('',(47.,-44.9));
#2176 = CARTESIAN_POINT('',(47.,-55.1));
#2177 = ( GEOMETRIC_REPRESENTATION_CONTEXT(2) 
PARAMETRIC_REPRESENTATION_CONTEXT() REPRESENTATION_CONTEXT('2D SPACE',''
  ) );
#2178 = PCURVE('',#899,#2179);
#2179 = DEFINITIONAL_REPRESENTATION('',(#2180),#2183);
#2180 = B_SPLINE_CURVE_WITH_KNOTS('',1,(#2181,#2182),.UNSPECIFIED.,.F.,
  .F.,(2,2),(19.9,30.1),.PIECEWISE_BEZIER_KNOTS.);
#2181 = CARTESIAN_POINT('',(0.,-5.1));
#2182 = CARTESIAN_POINT('',(0.,5.1));
#2183 = ( GEOMETRIC_REPRESENTATION_CONTEXT(2) 
PARAMETRIC_REPRESENTATION_CONTEXT() REPRESENTATION_CONTEXT('2D SPACE',''
  ) );
#2184 = ORIENTED_EDGE('',*,*,#2185,.T.);
#2185 = EDGE_CURVE('',#2165,#2186,#2188,.T.);
#2186 = VERTEX_POINT('',#2187);
#2187 = CARTESIAN_POINT('',(-9.368548013477E-16,-5.1,0.));
#2188 = SURFACE_CURVE('',#2189,(#2193,#2199),.PCURVE_S1.);
#2189 = LINE('',#2190,#2191);
#2190 = CARTESIAN_POINT('',(0.,-5.1,-3.01));
#2191 = VECTOR('',#2192,1.);
#2192 = DIRECTION('',(0.,0.,1.));
#2193 = PCURVE('',#510,#2194);
#2194 = DEFINITIONAL_REPRESENTATION('',(#2195),#2198);
#2195 = B_SPLINE_CURVE_WITH_KNOTS('',1,(#2196,#2197),.UNSPECIFIED.,.F.,
  .F.,(2,2),(9.9994E-03,3.0100006),.PIECEWISE_BEZIER_KNOTS.);
#2196 = CARTESIAN_POINT('',(46.9999994,-44.9));
#2197 = CARTESIAN_POINT('',(50.0000006,-44.9));
#2198 = ( GEOMETRIC_REPRESENTATION_CONTEXT(2) 
PARAMETRIC_REPRESENTATION_CONTEXT() REPRESENTATION_CONTEXT('2D SPACE',''
  ) );
#2199 = PCURVE('',#873,#2200);
#2200 = DEFINITIONAL_REPRESENTATION('',(#2201),#2204);
#2201 = B_SPLINE_CURVE_WITH_KNOTS('',1,(#2202,#2203),.UNSPECIFIED.,.F.,
  .F.,(2,2),(9.9994E-03,3.0100006),.PIECEWISE_BEZIER_KNOTS.);
#2202 = CARTESIAN_POINT('',(4.712388980385,9.9994E-03));
#2203 = CARTESIAN_POINT('',(4.712388980385,3.0100006));
#2204 = ( GEOMETRIC_REPRESENTATION_CONTEXT(2) 
PARAMETRIC_REPRESENTATION_CONTEXT() REPRESENTATION_CONTEXT('2D SPACE',''
  ) );
#2205 = ORIENTED_EDGE('',*,*,#2206,.F.);
#2206 = EDGE_CURVE('',#2207,#2186,#2209,.T.);
#2207 = VERTEX_POINT('',#2208);
#2208 = CARTESIAN_POINT('',(-2.579106159004E-15,-14.04,0.));
#2209 = SURFACE_CURVE('',#2210,(#2214,#2220),.PCURVE_S1.);
#2210 = LINE('',#2211,#2212);
#2211 = CARTESIAN_POINT('',(0.,-25.,0.));
#2212 = VECTOR('',#2213,1.);
#2213 = DIRECTION('',(0.,1.,0.));
#2214 = PCURVE('',#510,#2215);
#2215 = DEFINITIONAL_REPRESENTATION('',(#2216),#2219);
#2216 = B_SPLINE_CURVE_WITH_KNOTS('',1,(#2217,#2218),.UNSPECIFIED.,.F.,
  .F.,(2,2),(10.96,39.04),.PIECEWISE_BEZIER_KNOTS.);
#2217 = CARTESIAN_POINT('',(50.,-35.96));
#2218 = CARTESIAN_POINT('',(50.,-64.04));
#2219 = ( GEOMETRIC_REPRESENTATION_CONTEXT(2) 
PARAMETRIC_REPRESENTATION_CONTEXT() REPRESENTATION_CONTEXT('2D SPACE',''
  ) );
#2220 = PCURVE('',#847,#2221);
#2221 = DEFINITIONAL_REPRESENTATION('',(#2222),#2225);
#2222 = B_SPLINE_CURVE_WITH_KNOTS('',1,(#2223,#2224),.UNSPECIFIED.,.F.,
  .F.,(2,2),(10.96,39.04),.PIECEWISE_BEZIER_KNOTS.);
#2223 = CARTESIAN_POINT('',(0.,-14.04));
#2224 = CARTESIAN_POINT('',(0.,14.04));
#2225 = ( GEOMETRIC_REPRESENTATION_CONTEXT(2) 
PARAMETRIC_REPRESENTATION_CONTEXT() REPRESENTATION_CONTEXT('2D SPACE',''
  ) );
#2226 = ORIENTED_EDGE('',*,*,#2227,.T.);
#2227 = EDGE_CURVE('',#2207,#2228,#2230,.T.);
#2228 = VERTEX_POINT('',#2229);
#2229 = CARTESIAN_POINT('',(-2.579106159004E-15,-14.04,0.6));
#2230 = SURFACE_CURVE('',#2231,(#2235,#2241),.PCURVE_S1.);
#2231 = LINE('',#2232,#2233);
#2232 = CARTESIAN_POINT('',(0.,-14.04,-1.E-02));
#2233 = VECTOR('',#2234,1.);
#2234 = DIRECTION('',(0.,0.,1.));
#2235 = PCURVE('',#510,#2236);
#2236 = DEFINITIONAL_REPRESENTATION('',(#2237),#2240);
#2237 = B_SPLINE_CURVE_WITH_KNOTS('',1,(#2238,#2239),.UNSPECIFIED.,.F.,
  .F.,(2,2),(9.9994E-03,0.6100006),.PIECEWISE_BEZIER_KNOTS.);
#2238 = CARTESIAN_POINT('',(49.9999994,-35.96));
#2239 = CARTESIAN_POINT('',(50.6000006,-35.96));
#2240 = ( GEOMETRIC_REPRESENTATION_CONTEXT(2) 
PARAMETRIC_REPRESENTATION_CONTEXT() REPRESENTATION_CONTEXT('2D SPACE',''
  ) );
#2241 = PCURVE('',#2242,#2247);
#2242 = CYLINDRICAL_SURFACE('',#2243,14.04);
#2243 = AXIS2_PLACEMENT_3D('',#2244,#2245,#2246);
#2244 = CARTESIAN_POINT('',(0.,0.,-1.E-02));
#2245 = DIRECTION('',(0.,0.,1.));
#2246 = DIRECTION('',(1.,0.,-0.));
#2247 = DEFINITIONAL_REPRESENTATION('',(#2248),#2251);
#2248 = B_SPLINE_CURVE_WITH_KNOTS('',1,(#2249,#2250),.UNSPECIFIED.,.F.,
  .F.,(2,2),(9.9994E-03,0.6100006),.PIECEWISE_BEZIER_KNOTS.);
#2249 = CARTESIAN_POINT('',(4.712388980385,9.9994E-03));
#2250 = CARTESIAN_POINT('',(4.712388980385,0.6100006));
#2251 = ( GEOMETRIC_REPRESENTATION_CONTEXT(2) 
PARAMETRIC_REPRESENTATION_CONTEXT() REPRESENTATION_CONTEXT('2D SPACE',''
  ) );
#2252 = ORIENTED_EDGE('',*,*,#2253,.F.);
#2253 = EDGE_CURVE('',#2254,#2228,#2256,.T.);
#2254 = VERTEX_POINT('',#2255);
#2255 = CARTESIAN_POINT('',(-2.865673510005E-15,-15.6,0.6));
#2256 = SURFACE_CURVE('',#2257,(#2261,#2267),.PCURVE_S1.);
#2257 = LINE('',#2258,#2259);
#2258 = CARTESIAN_POINT('',(0.,-25.,0.6));
#2259 = VECTOR('',#2260,1.);
#2260 = DIRECTION('',(0.,1.,0.));
#2261 = PCURVE('',#510,#2262);
#2262 = DEFINITIONAL_REPRESENTATION('',(#2263),#2266);
#2263 = B_SPLINE_CURVE_WITH_KNOTS('',1,(#2264,#2265),.UNSPECIFIED.,.F.,
  .F.,(2,2),(9.4,40.6),.PIECEWISE_BEZIER_KNOTS.);
#2264 = CARTESIAN_POINT('',(50.6,-34.4));
#2265 = CARTESIAN_POINT('',(50.6,-65.6));
#2266 = ( GEOMETRIC_REPRESENTATION_CONTEXT(2) 
PARAMETRIC_REPRESENTATION_CONTEXT() REPRESENTATION_CONTEXT('2D SPACE',''
  ) );
#2267 = PCURVE('',#795,#2268);
#2268 = DEFINITIONAL_REPRESENTATION('',(#2269),#2272);
#2269 = B_SPLINE_CURVE_WITH_KNOTS('',1,(#2270,#2271),.UNSPECIFIED.,.F.,
  .F.,(2,2),(9.4,40.6),.PIECEWISE_BEZIER_KNOTS.);
#2270 = CARTESIAN_POINT('',(0.,-15.6));
#2271 = CARTESIAN_POINT('',(0.,15.6));
#2272 = ( GEOMETRIC_REPRESENTATION_CONTEXT(2) 
PARAMETRIC_REPRESENTATION_CONTEXT() REPRESENTATION_CONTEXT('2D SPACE',''
  ) );
#2273 = ORIENTED_EDGE('',*,*,#2274,.F.);
#2274 = EDGE_CURVE('',#1164,#2254,#2275,.T.);
#2275 = SURFACE_CURVE('',#2276,(#2280,#2286),.PCURVE_S1.);
#2276 = LINE('',#2277,#2278);
#2277 = CARTESIAN_POINT('',(0.,-15.6,0.));
#2278 = VECTOR('',#2279,1.);
#2279 = DIRECTION('',(0.,0.,1.));
#2280 = PCURVE('',#510,#2281);
#2281 = DEFINITIONAL_REPRESENTATION('',(#2282),#2285);
#2282 = B_SPLINE_CURVE_WITH_KNOTS('',1,(#2283,#2284),.UNSPECIFIED.,.F.,
  .F.,(2,2),(-6.E-07,0.6000006),.PIECEWISE_BEZIER_KNOTS.);
#2283 = CARTESIAN_POINT('',(49.9999994,-34.4));
#2284 = CARTESIAN_POINT('',(50.6000006,-34.4));
#2285 = ( GEOMETRIC_REPRESENTATION_CONTEXT(2) 
PARAMETRIC_REPRESENTATION_CONTEXT() REPRESENTATION_CONTEXT('2D SPACE',''
  ) );
#2286 = PCURVE('',#769,#2287);
#2287 = DEFINITIONAL_REPRESENTATION('',(#2288),#2291);
#2288 = B_SPLINE_CURVE_WITH_KNOTS('',1,(#2289,#2290),.UNSPECIFIED.,.F.,
  .F.,(2,2),(-6.E-07,0.6000006),.PIECEWISE_BEZIER_KNOTS.);
#2289 = CARTESIAN_POINT('',(4.712388980385,-6.E-07));
#2290 = CARTESIAN_POINT('',(4.712388980385,0.6000006));
#2291 = ( GEOMETRIC_REPRESENTATION_CONTEXT(2) 
PARAMETRIC_REPRESENTATION_CONTEXT() REPRESENTATION_CONTEXT('2D SPACE',''
  ) );
#2292 = ADVANCED_FACE('',(#2293),#483,.F.);
#2293 = FACE_BOUND('',#2294,.F.);
#2294 = EDGE_LOOP('',(#2295,#2296,#2317,#2318,#2319,#2577));
#2295 = ORIENTED_EDGE('',*,*,#466,.T.);
#2296 = ORIENTED_EDGE('',*,*,#2297,.T.);
#2297 = EDGE_CURVE('',#441,#1119,#2298,.T.);
#2298 = SURFACE_CURVE('',#2299,(#2303,#2310),.PCURVE_S1.);
#2299 = LINE('',#2300,#2301);
#2300 = CARTESIAN_POINT('',(-4.466065328896E-15,-18.9,-3.1));
#2301 = VECTOR('',#2302,1.);
#2302 = DIRECTION('',(0.,0.,1.));
#2303 = PCURVE('',#483,#2304);
#2304 = DEFINITIONAL_REPRESENTATION('',(#2305),#2309);
#2305 = LINE('',#2306,#2307);
#2306 = CARTESIAN_POINT('',(6.28318530718,-0.));
#2307 = VECTOR('',#2308,1.);
#2308 = DIRECTION('',(0.,1.));
#2309 = ( GEOMETRIC_REPRESENTATION_CONTEXT(2) 
PARAMETRIC_REPRESENTATION_CONTEXT() REPRESENTATION_CONTEXT('2D SPACE',''
  ) );
#2310 = PCURVE('',#455,#2311);
#2311 = DEFINITIONAL_REPRESENTATION('',(#2312),#2316);
#2312 = LINE('',#2313,#2314);
#2313 = CARTESIAN_POINT('',(46.9,-31.1));
#2314 = VECTOR('',#2315,1.);
#2315 = DIRECTION('',(1.,0.));
#2316 = ( GEOMETRIC_REPRESENTATION_CONTEXT(2) 
PARAMETRIC_REPRESENTATION_CONTEXT() REPRESENTATION_CONTEXT('2D SPACE',''
  ) );
#2317 = ORIENTED_EDGE('',*,*,#1139,.F.);
#2318 = ORIENTED_EDGE('',*,*,#1990,.F.);
#2319 = ORIENTED_EDGE('',*,*,#2320,.F.);
#2320 = EDGE_CURVE('',#2036,#1991,#2321,.T.);
#2321 = SURFACE_CURVE('',#2322,(#2405,#2491),.PCURVE_S1.);
#2322 = B_SPLINE_CURVE_WITH_KNOTS('',6,(#2323,#2324,#2325,#2326,#2327,
    #2328,#2329,#2330,#2331,#2332,#2333,#2334,#2335,#2336,#2337,#2338,
    #2339,#2340,#2341,#2342,#2343,#2344,#2345,#2346,#2347,#2348,#2349,
    #2350,#2351,#2352,#2353,#2354,#2355,#2356,#2357,#2358,#2359,#2360,
    #2361,#2362,#2363,#2364,#2365,#2366,#2367,#2368,#2369,#2370,#2371,
    #2372,#2373,#2374,#2375,#2376,#2377,#2378,#2379,#2380,#2381,#2382,
    #2383,#2384,#2385,#2386,#2387,#2388,#2389,#2390,#2391,#2392,#2393,
    #2394,#2395,#2396,#2397,#2398,#2399,#2400,#2401,#2402,#2403,#2404),
  .UNSPECIFIED.,.F.,.F.,(7,5,5,5,5,5,5,5,5,5,5,5,5,5,5,5,7),(0.,
    2.720737609191E-02,0.160263976344,0.197616942293,0.263649805674,
    0.330831133584,0.366423783051,0.407317668719,0.500009306417,
    0.593127152638,0.632527801125,0.670133886331,0.735799226968,
    0.80390005005,0.840489137513,0.972803365412,1.),.UNSPECIFIED.);
#2323 = CARTESIAN_POINT('',(0.1000006,-16.70455493976,-2.477458087471));
#2324 = CARTESIAN_POINT('',(8.338932607842E-02,-16.70303853568,
    -2.478240841411));
#2325 = CARTESIAN_POINT('',(6.674469710149E-02,-16.70182387993,
    -2.478864260216));
#2326 = CARTESIAN_POINT('',(5.007511874958E-02,-16.70091212574,
    -2.479330429971));
#2327 = CARTESIAN_POINT('',(3.338894708656E-02,-16.70030403934,
    -2.479640742849));
#2328 = CARTESIAN_POINT('',(1.669448855977E-02,-16.7,-2.479795897113));
#2329 = CARTESIAN_POINT('',(-8.164373819858E-02,-16.7,-2.479795897113));
#2330 = CARTESIAN_POINT('',(-0.163452479733,-16.7072716447,
    -2.476084708743));
#2331 = CARTESIAN_POINT('',(-0.244292475103,-16.72187022106,
    -2.468636756415));
#2332 = CARTESIAN_POINT('',(-0.323039147042,-16.7435378596,
    -2.457064745636));
#2333 = CARTESIAN_POINT('',(-0.398648801929,-16.77172539258,
    -2.440624264053));
#2334 = CARTESIAN_POINT('',(-0.490324707966,-16.81507574996,
    -2.412036939381));
#2335 = CARTESIAN_POINT('',(-0.510086157808,-16.82501657551,
    -2.405312312145));
#2336 = CARTESIAN_POINT('',(-0.529483732862,-16.83536994758,
    -2.398111563371));
#2337 = CARTESIAN_POINT('',(-0.548490132877,-16.84610705785,
    -2.390417357668));
#2338 = CARTESIAN_POINT('',(-0.567081159658,-16.85719637661,
    -2.382212724086));
#2339 = CARTESIAN_POINT('',(-0.617329484678,-16.88876952441,
    -2.358045145637));
#2340 = CARTESIAN_POINT('',(-0.648073180011,-16.90993800586,
    -2.340955870926));
#2341 = CARTESIAN_POINT('',(-0.677298028128,-16.93189172003,
    -2.32214355832));
#2342 = CARTESIAN_POINT('',(-0.704885246939,-16.95438243271,
    -2.301561508765));
#2343 = CARTESIAN_POINT('',(-0.730762561324,-16.97714677022,
    -2.279194310655));
#2344 = CARTESIAN_POINT('',(-0.77945869166,-17.02309321646,
    -2.230518350088));
#2345 = CARTESIAN_POINT('',(-0.802193355996,-17.04625387534,
    -2.204170938472));
#2346 = CARTESIAN_POINT('',(-0.823079722331,-17.06912760866,
    -2.176054270177));
#2347 = CARTESIAN_POINT('',(-0.842135034509,-17.09143747888,
    -2.146244651238));
#2348 = CARTESIAN_POINT('',(-0.859409704419,-17.11292294108,
    -2.114868066574));
#2349 = CARTESIAN_POINT('',(-0.88322645859,-17.14418275739,
    -2.064745461323));
#2350 = CARTESIAN_POINT('',(-0.890998785264,-17.15471769858,
    -2.046990622233));
#2351 = CARTESIAN_POINT('',(-0.898308447293,-17.16493060294,
    -2.028860820991));
#2352 = CARTESIAN_POINT('',(-0.905169734932,-17.17479371475,
    -2.010378052851));
#2353 = CARTESIAN_POINT('',(-0.911598009681,-17.18428261139,
    -1.991564875269));
#2354 = CARTESIAN_POINT('',(-0.924516791974,-17.20382421207,
    -1.95047610213));
#2355 = CARTESIAN_POINT('',(-0.930872595836,-17.21374878534,
    -1.928105362586));
#2356 = CARTESIAN_POINT('',(-0.936703211995,-17.22312012522,
    -1.905362583766));
#2357 = CARTESIAN_POINT('',(-0.942033040429,-17.23191204475,
    -1.882280406383));
#2358 = CARTESIAN_POINT('',(-0.946884784966,-17.24010196795,
    -1.85889371736));
#2359 = CARTESIAN_POINT('',(-0.96124057574,-17.26482702686,
    -1.781624440074));
#2360 = CARTESIAN_POINT('',(-0.968849099259,-17.27878636862,
    -1.726655665758));
#2361 = CARTESIAN_POINT('',(-0.974370826503,-17.28936865398,
    -1.670661828507));
#2362 = CARTESIAN_POINT('',(-0.977988235193,-17.29645791877,
    -1.613985974418));
#2363 = CARTESIAN_POINT('',(-0.979795897113,-17.3,-1.556980173648));
#2364 = CARTESIAN_POINT('',(-0.979795897113,-17.3,-1.442757823908));
#2365 = CARTESIAN_POINT('',(-0.97797156894,-17.29642526638,
    -1.385489405064));
#2366 = CARTESIAN_POINT('',(-0.974320770641,-17.28927055034,
    -1.328555519591));
#2367 = CARTESIAN_POINT('',(-0.968747178169,-17.27859105373,
    -1.27231333556));
#2368 = CARTESIAN_POINT('',(-0.961065005856,-17.2645050187,
    -1.217110749205));
#2369 = CARTESIAN_POINT('',(-0.946746530948,-17.2398725435,
    -1.140503798141));
#2370 = CARTESIAN_POINT('',(-0.94206422834,-17.23197308786,
    -1.117976599399));
#2371 = CARTESIAN_POINT('',(-0.936937978614,-17.22351499405,
    -1.095732195918));
#2372 = CARTESIAN_POINT('',(-0.931347466569,-17.2145184126,
    -1.07380173703));
#2373 = CARTESIAN_POINT('',(-0.925270902243,-17.20500660101,
    -1.0522144504));
#2374 = CARTESIAN_POINT('',(-0.912399103705,-17.18546074267,
    -1.010747185903));
#2375 = CARTESIAN_POINT('',(-0.905649185639,-17.17546985534,
    -0.99083368341));
#2376 = CARTESIAN_POINT('',(-0.898417188393,-17.16505977693,
    -0.971288196505));
#2377 = CARTESIAN_POINT('',(-0.890685395484,-17.15425982065,
    -0.952138610016));
#2378 = CARTESIAN_POINT('',(-0.882436452279,-17.14310209772,
    -0.93340963165));
#2379 = CARTESIAN_POINT('',(-0.858316902484,-17.11157486216,
    -0.883191482226));
#2380 = CARTESIAN_POINT('',(-0.841345891213,-17.09053533766,
    -0.852595035143));
#2381 = CARTESIAN_POINT('',(-0.822671654904,-17.06871647355,
    -0.823499252959));
#2382 = CARTESIAN_POINT('',(-0.802247832267,-17.04636194619,
    -0.796021174726));
#2383 = CARTESIAN_POINT('',(-0.780058469702,-17.0237303411,
    -0.770232415424));
#2384 = CARTESIAN_POINT('',(-0.731306121641,-16.9775894014,
    -0.721199858232));
#2385 = CARTESIAN_POINT('',(-0.704635467619,-16.95410136563,
    -0.698110060598));
#2386 = CARTESIAN_POINT('',(-0.676144800818,-16.93090377204,
    -0.676920262292));
#2387 = CARTESIAN_POINT('',(-0.645913249853,-16.90828551178,
    -0.657612819738));
#2388 = CARTESIAN_POINT('',(-0.614072442277,-16.88651816069,
    -0.640135004016));
#2389 = CARTESIAN_POINT('',(-0.562939621676,-16.85472659564,
    -0.615959313896));
#2390 = CARTESIAN_POINT('',(-0.544650865323,-16.84392460315,
    -0.60801224443));
#2391 = CARTESIAN_POINT('',(-0.525967605526,-16.83346539156,
    -0.600553022034));
#2392 = CARTESIAN_POINT('',(-0.506913787406,-16.82337887855,
    -0.593566024613));
#2393 = CARTESIAN_POINT('',(-0.487513951389,-16.81369126699,
    -0.587034486764));
#2394 = CARTESIAN_POINT('',(-0.396478757162,-16.77091633816,
    -0.558903295828));
#2395 = CARTESIAN_POINT('',(-0.321230832662,-16.74304289126,
    -0.54267177075));
#2396 = CARTESIAN_POINT('',(-0.242921046123,-16.72162823705,
    -0.531240096049));
#2397 = CARTESIAN_POINT('',(-0.162557448224,-16.70719641532,
    -0.523876722153));
#2398 = CARTESIAN_POINT('',(-8.122025947818E-02,-16.7,-0.520204102887));
#2399 = CARTESIAN_POINT('',(1.669448367893E-02,-16.7,-0.520204102887));
#2400 = CARTESIAN_POINT('',(3.338894395419E-02,-16.70030403946,
    -0.520359257218));
#2401 = CARTESIAN_POINT('',(5.007511799309E-02,-16.70091212588,
    -0.520669570109));
#2402 = CARTESIAN_POINT('',(6.674469667196E-02,-16.70182387994,
    -0.521135739795));
#2403 = CARTESIAN_POINT('',(8.338932457614E-02,-16.70303853554,
    -0.521759158518));
#2404 = CARTESIAN_POINT('',(0.1000006,-16.70455493976,-0.522541912529));
#2405 = PCURVE('',#483,#2406);
#2406 = DEFINITIONAL_REPRESENTATION('',(#2407),#2490);
#2407 = B_SPLINE_CURVE_WITH_KNOTS('',6,(#2408,#2409,#2410,#2411,#2412,
    #2413,#2414,#2415,#2416,#2417,#2418,#2419,#2420,#2421,#2422,#2423,
    #2424,#2425,#2426,#2427,#2428,#2429,#2430,#2431,#2432,#2433,#2434,
    #2435,#2436,#2437,#2438,#2439,#2440,#2441,#2442,#2443,#2444,#2445,
    #2446,#2447,#2448,#2449,#2450,#2451,#2452,#2453,#2454,#2455,#2456,
    #2457,#2458,#2459,#2460,#2461,#2462,#2463,#2464,#2465,#2466,#2467,
    #2468,#2469,#2470,#2471,#2472,#2473,#2474,#2475,#2476,#2477,#2478,
    #2479,#2480,#2481,#2482,#2483,#2484,#2485,#2486,#2487,#2488,#2489),
  .UNSPECIFIED.,.F.,.F.,(7,5,5,5,5,5,5,5,5,5,5,5,5,5,5,5,7),(0.,
    2.720737609191E-02,0.160263976344,0.197616942293,0.263649805674,
    0.330831133584,0.366423783051,0.407317668719,0.500009306417,
    0.593127152638,0.632527801125,0.670133886331,0.735799226968,
    0.80390005005,0.840489137513,0.972803365412,1.),.UNSPECIFIED.);
#2408 = CARTESIAN_POINT('',(3.05055732783,0.622541912529));
#2409 = CARTESIAN_POINT('',(3.065721277648,0.621759158589));
#2410 = CARTESIAN_POINT('',(3.080890481863,0.621135739784));
#2411 = CARTESIAN_POINT('',(3.096063526861,0.620669570029));
#2412 = CARTESIAN_POINT('',(3.11123907124,0.620359257151));
#2413 = CARTESIAN_POINT('',(3.126415845808,0.620204102887));
#2414 = CARTESIAN_POINT('',(3.21581423377,0.620204102887));
#2415 = CARTESIAN_POINT('',(3.29018571952,0.623915291257));
#2416 = CARTESIAN_POINT('',(3.364413073697,0.631363243585));
#2417 = CARTESIAN_POINT('',(3.438222484571,0.642935254364));
#2418 = CARTESIAN_POINT('',(3.511315668278,0.659375735947));
#2419 = CARTESIAN_POINT('',(3.60350539912,0.687963060619));
#2420 = CARTESIAN_POINT('',(3.623609261588,0.694687687855));
#2421 = CARTESIAN_POINT('',(3.643589435169,0.701888436629));
#2422 = CARTESIAN_POINT('',(3.663426185098,0.709582642332));
#2423 = CARTESIAN_POINT('',(3.683100042925,0.717787275914));
#2424 = CARTESIAN_POINT('',(3.737049497606,0.741954854363));
#2425 = CARTESIAN_POINT('',(3.770952726043,0.759044129074));
#2426 = CARTESIAN_POINT('',(3.804140884963,0.77785644168));
#2427 = CARTESIAN_POINT('',(3.836462777277,0.798438491235));
#2428 = CARTESIAN_POINT('',(3.86777588448,0.820805689345));
#2429 = CARTESIAN_POINT('',(3.928640108337,0.869481649912));
#2430 = CARTESIAN_POINT('',(3.958122188492,0.895829061528));
#2431 = CARTESIAN_POINT('',(3.986255779361,0.923945729823));
#2432 = CARTESIAN_POINT('',(4.01290949336,0.953755348762));
#2433 = CARTESIAN_POINT('',(4.037963653236,0.985131933426));
#2434 = CARTESIAN_POINT('',(4.07369004572,1.035254538677));
#2435 = CARTESIAN_POINT('',(4.085590271398,1.053009377767));
#2436 = CARTESIAN_POINT('',(4.097006034835,1.071139179009));
#2437 = CARTESIAN_POINT('',(4.107927332809,1.089621947149));
#2438 = CARTESIAN_POINT('',(4.1183460945,1.108435124731));
#2439 = CARTESIAN_POINT('',(4.139642295482,1.14952389787));
#2440 = CARTESIAN_POINT('',(4.150355177298,1.171894637414));
#2441 = CARTESIAN_POINT('',(4.160387669544,1.194637416234));
#2442 = CARTESIAN_POINT('',(4.169733438145,1.217719593617));
#2443 = CARTESIAN_POINT('',(4.178386972349,1.24110628264));
#2444 = CARTESIAN_POINT('',(4.204378345154,1.318375559926));
#2445 = CARTESIAN_POINT('',(4.218826375757,1.373344334242));
#2446 = CARTESIAN_POINT('',(4.229675949322,1.429338171493));
#2447 = CARTESIAN_POINT('',(4.236912370121,1.486014025582));
#2448 = CARTESIAN_POINT('',(4.240527143105,1.543019826352));
#2449 = CARTESIAN_POINT('',(4.240527143105,1.657242176092));
#2450 = CARTESIAN_POINT('',(4.236879053622,1.714510594936));
#2451 = CARTESIAN_POINT('',(4.229575806165,1.771444480409));
#2452 = CARTESIAN_POINT('',(4.2186261154,1.82768666444));
#2453 = CARTESIAN_POINT('',(4.204045048146,1.882889250795));
#2454 = CARTESIAN_POINT('',(4.178143493291,1.959496201859));
#2455 = CARTESIAN_POINT('',(4.169795643528,1.982023400601));
#2456 = CARTESIAN_POINT('',(4.160805236172,2.004267804082));
#2457 = CARTESIAN_POINT('',(4.151177170385,2.02619826297));
#2458 = CARTESIAN_POINT('',(4.140917051408,2.0477855496));
#2459 = CARTESIAN_POINT('',(4.119641143027,2.089252814097));
#2460 = CARTESIAN_POINT('',(4.108680638349,2.10916631659));
#2461 = CARTESIAN_POINT('',(4.097158929864,2.128711803495));
#2462 = CARTESIAN_POINT('',(4.085086162173,2.147861389984));
#2463 = CARTESIAN_POINT('',(4.072473371135,2.16659036835));
#2464 = CARTESIAN_POINT('',(4.036386707036,2.216808517774));
#2465 = CARTESIAN_POINT('',(4.011821030039,2.247404964857));
#2466 = CARTESIAN_POINT('',(3.985730564132,2.276500747041));
#2467 = CARTESIAN_POINT('',(3.958227372475,2.303978825274));
#2468 = CARTESIAN_POINT('',(3.92943422272,2.329767584576));
#2469 = CARTESIAN_POINT('',(3.868411413286,2.378800141768));
#2470 = CARTESIAN_POINT('',(3.836123936594,2.401889939402));
#2471 = CARTESIAN_POINT('',(3.802762967662,2.423079737708));
#2472 = CARTESIAN_POINT('',(3.768484395131,2.442387180262));
#2473 = CARTESIAN_POINT('',(3.733453867392,2.459864995984));
#2474 = CARTESIAN_POINT('',(3.678717316146,2.484040686104));
#2475 = CARTESIAN_POINT('',(3.659412785717,2.49198775557));
#2476 = CARTESIAN_POINT('',(3.639955460822,2.499446977966));
#2477 = CARTESIAN_POINT('',(3.620364607285,2.506433975387));
#2478 = CARTESIAN_POINT('',(3.600657426486,2.512965513236));
#2479 = CARTESIAN_POINT('',(3.509217606941,2.541096704172));
#2480 = CARTESIAN_POINT('',(3.43652850375,2.55732822925));
#2481 = CARTESIAN_POINT('',(3.363154899262,2.568759903951));
#2482 = CARTESIAN_POINT('',(3.289372087247,2.576123277847));
#2483 = CARTESIAN_POINT('',(3.215429253115,2.579795897113));
#2484 = CARTESIAN_POINT('',(3.126415850245,2.579795897113));
#2485 = CARTESIAN_POINT('',(3.11123907387,2.579640742782));
#2486 = CARTESIAN_POINT('',(3.096063527225,2.579330429891));
#2487 = CARTESIAN_POINT('',(3.080890482041,2.578864260205));
#2488 = CARTESIAN_POINT('',(3.065721279019,2.578240841482));
#2489 = CARTESIAN_POINT('',(3.05055732783,2.577458087471));
#2490 = ( GEOMETRIC_REPRESENTATION_CONTEXT(2) 
PARAMETRIC_REPRESENTATION_CONTEXT() REPRESENTATION_CONTEXT('2D SPACE',''
  ) );
#2491 = PCURVE('',#1655,#2492);
#2492 = DEFINITIONAL_REPRESENTATION('',(#2493),#2576);
#2493 = B_SPLINE_CURVE_WITH_KNOTS('',6,(#2494,#2495,#2496,#2497,#2498,
    #2499,#2500,#2501,#2502,#2503,#2504,#2505,#2506,#2507,#2508,#2509,
    #2510,#2511,#2512,#2513,#2514,#2515,#2516,#2517,#2518,#2519,#2520,
    #2521,#2522,#2523,#2524,#2525,#2526,#2527,#2528,#2529,#2530,#2531,
    #2532,#2533,#2534,#2535,#2536,#2537,#2538,#2539,#2540,#2541,#2542,
    #2543,#2544,#2545,#2546,#2547,#2548,#2549,#2550,#2551,#2552,#2553,
    #2554,#2555,#2556,#2557,#2558,#2559,#2560,#2561,#2562,#2563,#2564,
    #2565,#2566,#2567,#2568,#2569,#2570,#2571,#2572,#2573,#2574,#2575),
  .UNSPECIFIED.,.F.,.F.,(7,5,5,5,5,5,5,5,5,5,5,5,5,5,5,5,7),(0.,
    2.720737609191E-02,0.160263976344,0.197616942293,0.263649805674,
    0.330831133584,0.366423783051,0.407317668719,0.500009306417,
    0.593127152638,0.632527801125,0.670133886331,0.735799226968,
    0.80390005005,0.840489137513,0.972803365412,1.),.UNSPECIFIED.);
#2494 = CARTESIAN_POINT('',(2.665076406024,14.1000006));
#2495 = CARTESIAN_POINT('',(2.666627781065,14.083389326078));
#2496 = CARTESIAN_POINT('',(2.667868959803,14.066744697101));
#2497 = CARTESIAN_POINT('',(2.668799881213,14.05007511875));
#2498 = CARTESIAN_POINT('',(2.669420505942,14.033388947087));
#2499 = CARTESIAN_POINT('',(2.66973081631,14.01669448856));
#2500 = CARTESIAN_POINT('',(2.66973081631,13.918356261801));
#2501 = CARTESIAN_POINT('',(2.662309135013,13.836547520267));
#2502 = CARTESIAN_POINT('',(2.647409939445,13.755707524897));
#2503 = CARTESIAN_POINT('',(2.625083676334,13.676960852958));
#2504 = CARTESIAN_POINT('',(2.595463427687,13.601351198071));
#2505 = CARTESIAN_POINT('',(2.548256405025,13.509675292034));
#2506 = CARTESIAN_POINT('',(2.537346473638,13.489913842192));
#2507 = CARTESIAN_POINT('',(2.525883284717,13.470516267138));
#2508 = CARTESIAN_POINT('',(2.513876826303,13.451509867123));
#2509 = CARTESIAN_POINT('',(2.501337955334,13.432918840342));
#2510 = CARTESIAN_POINT('',(2.465191610117,13.382670515322));
#2511 = CARTESIAN_POINT('',(2.440467318554,13.351926819989));
#2512 = CARTESIAN_POINT('',(2.414202457033,13.322701971872));
#2513 = CARTESIAN_POINT('',(2.386511332313,13.295114753061));
#2514 = CARTESIAN_POINT('',(2.357519243704,13.269237438676));
#2515 = CARTESIAN_POINT('',(2.296668355232,13.22054130834));
#2516 = CARTESIAN_POINT('',(2.264797365068,13.197806644004));
#2517 = CARTESIAN_POINT('',(2.231884389143,13.176920277669));
#2518 = CARTESIAN_POINT('',(2.198079027405,13.157864965491));
#2519 = CARTESIAN_POINT('',(2.163540100467,13.140590295581));
#2520 = CARTESIAN_POINT('',(2.109838663262,13.11677354141));
#2521 = CARTESIAN_POINT('',(2.091075069802,13.109001214736));
#2522 = CARTESIAN_POINT('',(2.072165448266,13.101691552707));
#2523 = CARTESIAN_POINT('',(2.053127653679,13.094830265068));
#2524 = CARTESIAN_POINT('',(2.033977694482,13.088401990319));
#2525 = CARTESIAN_POINT('',(1.992614942889,13.075483208026));
#2526 = CARTESIAN_POINT('',(1.970374250017,13.069127404164));
#2527 = CARTESIAN_POINT('',(1.948024450767,13.063296788005));
#2528 = CARTESIAN_POINT('',(1.925582199269,13.057966959571));
#2529 = CARTESIAN_POINT('',(1.903064006928,13.053115215034));
#2530 = CARTESIAN_POINT('',(1.829310622075,13.03875942426));
#2531 = CARTESIAN_POINT('',(1.777848746829,13.031150900741));
#2532 = CARTESIAN_POINT('',(1.726193555485,13.025629173497));
#2533 = CARTESIAN_POINT('',(1.674419998562,13.022011764807));
#2534 = CARTESIAN_POINT('',(1.622596484656,13.020204102887));
#2535 = CARTESIAN_POINT('',(1.518757984893,13.020204102887));
#2536 = CARTESIAN_POINT('',(1.466695725577,13.02202843106));
#2537 = CARTESIAN_POINT('',(1.414684131396,13.025679229359));
#2538 = CARTESIAN_POINT('',(1.362792731543,13.031252821831));
#2539 = CARTESIAN_POINT('',(1.311097739088,13.038934994144));
#2540 = CARTESIAN_POINT('',(1.237943403279,13.053253469052));
#2541 = CARTESIAN_POINT('',(1.216249029583,13.05793577166));
#2542 = CARTESIAN_POINT('',(1.194625244433,13.063062021386));
#2543 = CARTESIAN_POINT('',(1.173086750848,13.068652533431));
#2544 = CARTESIAN_POINT('',(1.151648377559,13.074729097757));
#2545 = CARTESIAN_POINT('',(1.109972982962,13.087600896295));
#2546 = CARTESIAN_POINT('',(1.089725303513,13.094350814361));
#2547 = CARTESIAN_POINT('',(1.06960240818,13.101582811607));
#2548 = CARTESIAN_POINT('',(1.049624393876,13.109314604516));
#2549 = CARTESIAN_POINT('',(1.029811086918,13.117563547721));
#2550 = CARTESIAN_POINT('',(0.975907062064,13.141683097516));
#2551 = CARTESIAN_POINT('',(0.942180075436,13.158654108787));
#2552 = CARTESIAN_POINT('',(0.909158724066,13.177328345096));
#2553 = CARTESIAN_POINT('',(0.876991446922,13.197752167733));
#2554 = CARTESIAN_POINT('',(0.845818239356,13.219941530298));
#2555 = CARTESIAN_POINT('',(0.784610167308,13.268693878359));
#2556 = CARTESIAN_POINT('',(0.754690550957,13.295364532381));
#2557 = CARTESIAN_POINT('',(0.726154667559,13.323855199182));
#2558 = CARTESIAN_POINT('',(0.699139680809,13.354086750147));
#2559 = CARTESIAN_POINT('',(0.673770344639,13.385927557723));
#2560 = CARTESIAN_POINT('',(0.637461663423,13.437060378324));
#2561 = CARTESIAN_POINT('',(0.62527186243,13.455349134677));
#2562 = CARTESIAN_POINT('',(0.613594993453,13.474032394474));
#2563 = CARTESIAN_POINT('',(0.602441779653,13.493086212594));
#2564 = CARTESIAN_POINT('',(0.591820805843,13.512486048611));
#2565 = CARTESIAN_POINT('',(0.545278738852,13.603521242838));
#2566 = CARTESIAN_POINT('',(0.51599941996,13.678769167338));
#2567 = CARTESIAN_POINT('',(0.493935793837,13.757078953877));
#2568 = CARTESIAN_POINT('',(0.47920670081,13.837442551776));
#2569 = CARTESIAN_POINT('',(0.47186183728,13.918779740522));
#2570 = CARTESIAN_POINT('',(0.47186183728,14.016694483679));
#2571 = CARTESIAN_POINT('',(0.4721721477,14.033388943954));
#2572 = CARTESIAN_POINT('',(0.472792772413,14.050075117993));
#2573 = CARTESIAN_POINT('',(0.473723693727,14.066744696672));
#2574 = CARTESIAN_POINT('',(0.474964872385,14.083389324576));
#2575 = CARTESIAN_POINT('',(0.476516247566,14.1000006));
#2576 = ( GEOMETRIC_REPRESENTATION_CONTEXT(2) 
PARAMETRIC_REPRESENTATION_CONTEXT() REPRESENTATION_CONTEXT('2D SPACE',''
  ) );
#2577 = ORIENTED_EDGE('',*,*,#2059,.F.);
#2578 = ADVANCED_FACE('',(#2579),#455,.T.);
#2579 = FACE_BOUND('',#2580,.T.);
#2580 = EDGE_LOOP('',(#2581,#2582,#2583,#2584));
#2581 = ORIENTED_EDGE('',*,*,#440,.T.);
#2582 = ORIENTED_EDGE('',*,*,#2297,.T.);
#2583 = ORIENTED_EDGE('',*,*,#1118,.F.);
#2584 = ORIENTED_EDGE('',*,*,#2585,.F.);
#2585 = EDGE_CURVE('',#412,#1091,#2586,.T.);
#2586 = SURFACE_CURVE('',#2587,(#2591,#2597),.PCURVE_S1.);
#2587 = LINE('',#2588,#2589);
#2588 = CARTESIAN_POINT('',(0.,-20.,-3.));
#2589 = VECTOR('',#2590,1.);
#2590 = DIRECTION('',(0.,0.,1.));
#2591 = PCURVE('',#455,#2592);
#2592 = DEFINITIONAL_REPRESENTATION('',(#2593),#2596);
#2593 = B_SPLINE_CURVE_WITH_KNOTS('',1,(#2594,#2595),.UNSPECIFIED.,.F.,
  .F.,(2,2),(-5.999999999062E-07,3.0000006),.PIECEWISE_BEZIER_KNOTS.);
#2594 = CARTESIAN_POINT('',(46.9999994,-30.));
#2595 = CARTESIAN_POINT('',(50.0000006,-30.));
#2596 = ( GEOMETRIC_REPRESENTATION_CONTEXT(2) 
PARAMETRIC_REPRESENTATION_CONTEXT() REPRESENTATION_CONTEXT('2D SPACE',''
  ) );
#2597 = PCURVE('',#428,#2598);
#2598 = DEFINITIONAL_REPRESENTATION('',(#2599),#2602);
#2599 = B_SPLINE_CURVE_WITH_KNOTS('',1,(#2600,#2601),.UNSPECIFIED.,.F.,
  .F.,(2,2),(-5.999999999062E-07,3.0000006),.PIECEWISE_BEZIER_KNOTS.);
#2600 = CARTESIAN_POINT('',(4.712388980385,-5.999999999062E-07));
#2601 = CARTESIAN_POINT('',(4.712388980385,3.0000006));
#2602 = ( GEOMETRIC_REPRESENTATION_CONTEXT(2) 
PARAMETRIC_REPRESENTATION_CONTEXT() REPRESENTATION_CONTEXT('2D SPACE',''
  ) );
#2603 = ADVANCED_FACE('',(#2604),#428,.T.);
#2604 = FACE_BOUND('',#2605,.T.);
#2605 = EDGE_LOOP('',(#2606,#2607,#2608,#2609));
#2606 = ORIENTED_EDGE('',*,*,#2585,.T.);
#2607 = ORIENTED_EDGE('',*,*,#1090,.T.);
#2608 = ORIENTED_EDGE('',*,*,#1421,.T.);
#2609 = ORIENTED_EDGE('',*,*,#411,.T.);
#2610 = ADVANCED_FACE('',(#2611),#716,.F.);
#2611 = FACE_BOUND('',#2612,.F.);
#2612 = EDGE_LOOP('',(#2613,#2614,#2635,#2636));
#2613 = ORIENTED_EDGE('',*,*,#1317,.F.);
#2614 = ORIENTED_EDGE('',*,*,#2615,.F.);
#2615 = EDGE_CURVE('',#700,#1318,#2616,.T.);
#2616 = SEAM_CURVE('',#2617,(#2621,#2628),.PCURVE_S1.);
#2617 = LINE('',#2618,#2619);
#2618 = CARTESIAN_POINT('',(-16.36788013152,9.45,-3.1));
#2619 = VECTOR('',#2620,1.);
#2620 = DIRECTION('',(0.,0.,1.));
#2621 = PCURVE('',#716,#2622);
#2622 = DEFINITIONAL_REPRESENTATION('',(#2623),#2627);
#2623 = LINE('',#2624,#2625);
#2624 = CARTESIAN_POINT('',(6.28318530718,-0.));
#2625 = VECTOR('',#2626,1.);
#2626 = DIRECTION('',(0.,1.));
#2627 = ( GEOMETRIC_REPRESENTATION_CONTEXT(2) 
PARAMETRIC_REPRESENTATION_CONTEXT() REPRESENTATION_CONTEXT('2D SPACE',''
  ) );
#2628 = PCURVE('',#716,#2629);
#2629 = DEFINITIONAL_REPRESENTATION('',(#2630),#2634);
#2630 = LINE('',#2631,#2632);
#2631 = CARTESIAN_POINT('',(0.,-0.));
#2632 = VECTOR('',#2633,1.);
#2633 = DIRECTION('',(0.,1.));
#2634 = ( GEOMETRIC_REPRESENTATION_CONTEXT(2) 
PARAMETRIC_REPRESENTATION_CONTEXT() REPRESENTATION_CONTEXT('2D SPACE',''
  ) );
#2635 = ORIENTED_EDGE('',*,*,#699,.T.);
#2636 = ORIENTED_EDGE('',*,*,#2615,.T.);
#2637 = ADVANCED_FACE('',(#2638),#1003,.F.);
#2638 = FACE_BOUND('',#2639,.F.);
#2639 = EDGE_LOOP('',(#2640,#2641,#2642,#2643));
#2640 = ORIENTED_EDGE('',*,*,#988,.T.);
#2641 = ORIENTED_EDGE('',*,*,#1943,.T.);
#2642 = ORIENTED_EDGE('',*,*,#2080,.T.);
#2643 = ORIENTED_EDGE('',*,*,#2644,.F.);
#2644 = EDGE_CURVE('',#963,#2081,#2645,.T.);
#2645 = SURFACE_CURVE('',#2646,(#2651,#2658),.PCURVE_S1.);
#2646 = CIRCLE('',#2647,3.2);
#2647 = AXIS2_PLACEMENT_3D('',#2648,#2649,#2650);
#2648 = CARTESIAN_POINT('',(0.,0.,-4.3));
#2649 = DIRECTION('',(0.,0.,1.));
#2650 = DIRECTION('',(1.,0.,-0.));
#2651 = PCURVE('',#1003,#2652);
#2652 = DEFINITIONAL_REPRESENTATION('',(#2653),#2657);
#2653 = CIRCLE('',#2654,3.2);
#2654 = AXIS2_PLACEMENT_2D('',#2655,#2656);
#2655 = CARTESIAN_POINT('',(0.,0.));
#2656 = DIRECTION('',(1.,0.));
#2657 = ( GEOMETRIC_REPRESENTATION_CONTEXT(2) 
PARAMETRIC_REPRESENTATION_CONTEXT() REPRESENTATION_CONTEXT('2D SPACE',''
  ) );
#2658 = PCURVE('',#977,#2659);
#2659 = DEFINITIONAL_REPRESENTATION('',(#2660),#2664);
#2660 = LINE('',#2661,#2662);
#2661 = CARTESIAN_POINT('',(0.,1.E-02));
#2662 = VECTOR('',#2663,1.);
#2663 = DIRECTION('',(1.,0.));
#2664 = ( GEOMETRIC_REPRESENTATION_CONTEXT(2) 
PARAMETRIC_REPRESENTATION_CONTEXT() REPRESENTATION_CONTEXT('2D SPACE',''
  ) );
#2665 = ADVANCED_FACE('',(#2666),#977,.F.);
#2666 = FACE_BOUND('',#2667,.F.);
#2667 = EDGE_LOOP('',(#2668,#2690,#2691,#2692));
#2668 = ORIENTED_EDGE('',*,*,#2669,.F.);
#2669 = EDGE_CURVE('',#937,#2102,#2670,.T.);
#2670 = SURFACE_CURVE('',#2671,(#2676,#2683),.PCURVE_S1.);
#2671 = CIRCLE('',#2672,3.2);
#2672 = AXIS2_PLACEMENT_3D('',#2673,#2674,#2675);
#2673 = CARTESIAN_POINT('',(0.,0.,-3.9));
#2674 = DIRECTION('',(0.,0.,1.));
#2675 = DIRECTION('',(1.,0.,-0.));
#2676 = PCURVE('',#977,#2677);
#2677 = DEFINITIONAL_REPRESENTATION('',(#2678),#2682);
#2678 = LINE('',#2679,#2680);
#2679 = CARTESIAN_POINT('',(0.,0.41));
#2680 = VECTOR('',#2681,1.);
#2681 = DIRECTION('',(1.,0.));
#2682 = ( GEOMETRIC_REPRESENTATION_CONTEXT(2) 
PARAMETRIC_REPRESENTATION_CONTEXT() REPRESENTATION_CONTEXT('2D SPACE',''
  ) );
#2683 = PCURVE('',#951,#2684);
#2684 = DEFINITIONAL_REPRESENTATION('',(#2685),#2689);
#2685 = CIRCLE('',#2686,3.2);
#2686 = AXIS2_PLACEMENT_2D('',#2687,#2688);
#2687 = CARTESIAN_POINT('',(0.,0.));
#2688 = DIRECTION('',(1.,0.));
#2689 = ( GEOMETRIC_REPRESENTATION_CONTEXT(2) 
PARAMETRIC_REPRESENTATION_CONTEXT() REPRESENTATION_CONTEXT('2D SPACE',''
  ) );
#2690 = ORIENTED_EDGE('',*,*,#962,.F.);
#2691 = ORIENTED_EDGE('',*,*,#2644,.T.);
#2692 = ORIENTED_EDGE('',*,*,#2101,.T.);
#2693 = ADVANCED_FACE('',(#2694),#951,.T.);
#2694 = FACE_BOUND('',#2695,.T.);
#2695 = EDGE_LOOP('',(#2696,#2697,#2719,#2720));
#2696 = ORIENTED_EDGE('',*,*,#936,.T.);
#2697 = ORIENTED_EDGE('',*,*,#2698,.T.);
#2698 = EDGE_CURVE('',#911,#2123,#2699,.T.);
#2699 = SURFACE_CURVE('',#2700,(#2705,#2712),.PCURVE_S1.);
#2700 = CIRCLE('',#2701,5.);
#2701 = AXIS2_PLACEMENT_3D('',#2702,#2703,#2704);
#2702 = CARTESIAN_POINT('',(0.,0.,-3.9));
#2703 = DIRECTION('',(0.,0.,1.));
#2704 = DIRECTION('',(1.,0.,-0.));
#2705 = PCURVE('',#951,#2706);
#2706 = DEFINITIONAL_REPRESENTATION('',(#2707),#2711);
#2707 = CIRCLE('',#2708,5.);
#2708 = AXIS2_PLACEMENT_2D('',#2709,#2710);
#2709 = CARTESIAN_POINT('',(0.,0.));
#2710 = DIRECTION('',(1.,0.));
#2711 = ( GEOMETRIC_REPRESENTATION_CONTEXT(2) 
PARAMETRIC_REPRESENTATION_CONTEXT() REPRESENTATION_CONTEXT('2D SPACE',''
  ) );
#2712 = PCURVE('',#925,#2713);
#2713 = DEFINITIONAL_REPRESENTATION('',(#2714),#2718);
#2714 = LINE('',#2715,#2716);
#2715 = CARTESIAN_POINT('',(0.,0.));
#2716 = VECTOR('',#2717,1.);
#2717 = DIRECTION('',(1.,0.));
#2718 = ( GEOMETRIC_REPRESENTATION_CONTEXT(2) 
PARAMETRIC_REPRESENTATION_CONTEXT() REPRESENTATION_CONTEXT('2D SPACE',''
  ) );
#2719 = ORIENTED_EDGE('',*,*,#2122,.T.);
#2720 = ORIENTED_EDGE('',*,*,#2669,.F.);
#2721 = ADVANCED_FACE('',(#2722),#925,.F.);
#2722 = FACE_BOUND('',#2723,.F.);
#2723 = EDGE_LOOP('',(#2724,#2746,#2747,#2748));
#2724 = ORIENTED_EDGE('',*,*,#2725,.F.);
#2725 = EDGE_CURVE('',#885,#2144,#2726,.T.);
#2726 = SURFACE_CURVE('',#2727,(#2732,#2739),.PCURVE_S1.);
#2727 = CIRCLE('',#2728,5.);
#2728 = AXIS2_PLACEMENT_3D('',#2729,#2730,#2731);
#2729 = CARTESIAN_POINT('',(0.,0.,-3.));
#2730 = DIRECTION('',(0.,0.,1.));
#2731 = DIRECTION('',(1.,0.,-0.));
#2732 = PCURVE('',#925,#2733);
#2733 = DEFINITIONAL_REPRESENTATION('',(#2734),#2738);
#2734 = LINE('',#2735,#2736);
#2735 = CARTESIAN_POINT('',(0.,0.9));
#2736 = VECTOR('',#2737,1.);
#2737 = DIRECTION('',(1.,0.));
#2738 = ( GEOMETRIC_REPRESENTATION_CONTEXT(2) 
PARAMETRIC_REPRESENTATION_CONTEXT() REPRESENTATION_CONTEXT('2D SPACE',''
  ) );
#2739 = PCURVE('',#899,#2740);
#2740 = DEFINITIONAL_REPRESENTATION('',(#2741),#2745);
#2741 = CIRCLE('',#2742,5.);
#2742 = AXIS2_PLACEMENT_2D('',#2743,#2744);
#2743 = CARTESIAN_POINT('',(0.,0.));
#2744 = DIRECTION('',(1.,0.));
#2745 = ( GEOMETRIC_REPRESENTATION_CONTEXT(2) 
PARAMETRIC_REPRESENTATION_CONTEXT() REPRESENTATION_CONTEXT('2D SPACE',''
  ) );
#2746 = ORIENTED_EDGE('',*,*,#910,.F.);
#2747 = ORIENTED_EDGE('',*,*,#2698,.T.);
#2748 = ORIENTED_EDGE('',*,*,#2143,.T.);
#2749 = ADVANCED_FACE('',(#2750),#899,.T.);
#2750 = FACE_BOUND('',#2751,.T.);
#2751 = EDGE_LOOP('',(#2752,#2753,#2775,#2776));
#2752 = ORIENTED_EDGE('',*,*,#884,.T.);
#2753 = ORIENTED_EDGE('',*,*,#2754,.T.);
#2754 = EDGE_CURVE('',#859,#2165,#2755,.T.);
#2755 = SURFACE_CURVE('',#2756,(#2761,#2768),.PCURVE_S1.);
#2756 = CIRCLE('',#2757,5.1);
#2757 = AXIS2_PLACEMENT_3D('',#2758,#2759,#2760);
#2758 = CARTESIAN_POINT('',(0.,0.,-3.));
#2759 = DIRECTION('',(0.,0.,1.));
#2760 = DIRECTION('',(1.,0.,-0.));
#2761 = PCURVE('',#899,#2762);
#2762 = DEFINITIONAL_REPRESENTATION('',(#2763),#2767);
#2763 = CIRCLE('',#2764,5.1);
#2764 = AXIS2_PLACEMENT_2D('',#2765,#2766);
#2765 = CARTESIAN_POINT('',(0.,0.));
#2766 = DIRECTION('',(1.,0.));
#2767 = ( GEOMETRIC_REPRESENTATION_CONTEXT(2) 
PARAMETRIC_REPRESENTATION_CONTEXT() REPRESENTATION_CONTEXT('2D SPACE',''
  ) );
#2768 = PCURVE('',#873,#2769);
#2769 = DEFINITIONAL_REPRESENTATION('',(#2770),#2774);
#2770 = LINE('',#2771,#2772);
#2771 = CARTESIAN_POINT('',(0.,1.E-02));
#2772 = VECTOR('',#2773,1.);
#2773 = DIRECTION('',(1.,0.));
#2774 = ( GEOMETRIC_REPRESENTATION_CONTEXT(2) 
PARAMETRIC_REPRESENTATION_CONTEXT() REPRESENTATION_CONTEXT('2D SPACE',''
  ) );
#2775 = ORIENTED_EDGE('',*,*,#2164,.T.);
#2776 = ORIENTED_EDGE('',*,*,#2725,.F.);
#2777 = ADVANCED_FACE('',(#2778),#873,.F.);
#2778 = FACE_BOUND('',#2779,.F.);
#2779 = EDGE_LOOP('',(#2780,#2802,#2803,#2804));
#2780 = ORIENTED_EDGE('',*,*,#2781,.F.);
#2781 = EDGE_CURVE('',#833,#2186,#2782,.T.);
#2782 = SURFACE_CURVE('',#2783,(#2788,#2795),.PCURVE_S1.);
#2783 = CIRCLE('',#2784,5.1);
#2784 = AXIS2_PLACEMENT_3D('',#2785,#2786,#2787);
#2785 = CARTESIAN_POINT('',(0.,0.,0.));
#2786 = DIRECTION('',(0.,0.,1.));
#2787 = DIRECTION('',(1.,0.,-0.));
#2788 = PCURVE('',#873,#2789);
#2789 = DEFINITIONAL_REPRESENTATION('',(#2790),#2794);
#2790 = LINE('',#2791,#2792);
#2791 = CARTESIAN_POINT('',(0.,3.01));
#2792 = VECTOR('',#2793,1.);
#2793 = DIRECTION('',(1.,0.));
#2794 = ( GEOMETRIC_REPRESENTATION_CONTEXT(2) 
PARAMETRIC_REPRESENTATION_CONTEXT() REPRESENTATION_CONTEXT('2D SPACE',''
  ) );
#2795 = PCURVE('',#847,#2796);
#2796 = DEFINITIONAL_REPRESENTATION('',(#2797),#2801);
#2797 = CIRCLE('',#2798,5.1);
#2798 = AXIS2_PLACEMENT_2D('',#2799,#2800);
#2799 = CARTESIAN_POINT('',(0.,0.));
#2800 = DIRECTION('',(1.,0.));
#2801 = ( GEOMETRIC_REPRESENTATION_CONTEXT(2) 
PARAMETRIC_REPRESENTATION_CONTEXT() REPRESENTATION_CONTEXT('2D SPACE',''
  ) );
#2802 = ORIENTED_EDGE('',*,*,#858,.F.);
#2803 = ORIENTED_EDGE('',*,*,#2754,.T.);
#2804 = ORIENTED_EDGE('',*,*,#2185,.T.);
#2805 = ADVANCED_FACE('',(#2806),#847,.T.);
#2806 = FACE_BOUND('',#2807,.T.);
#2807 = EDGE_LOOP('',(#2808,#2809,#2833,#2860,#2887,#2914,#2943,#2970,
    #2997,#3024,#3046,#3047));
#2808 = ORIENTED_EDGE('',*,*,#832,.T.);
#2809 = ORIENTED_EDGE('',*,*,#2810,.T.);
#2810 = EDGE_CURVE('',#807,#2811,#2813,.T.);
#2811 = VERTEX_POINT('',#2812);
#2812 = CARTESIAN_POINT('',(-6.127126607584,12.632494588743,0.));
#2813 = SURFACE_CURVE('',#2814,(#2819,#2826),.PCURVE_S1.);
#2814 = CIRCLE('',#2815,14.04);
#2815 = AXIS2_PLACEMENT_3D('',#2816,#2817,#2818);
#2816 = CARTESIAN_POINT('',(0.,0.,0.));
#2817 = DIRECTION('',(0.,0.,1.));
#2818 = DIRECTION('',(1.,0.,-0.));
#2819 = PCURVE('',#847,#2820);
#2820 = DEFINITIONAL_REPRESENTATION('',(#2821),#2825);
#2821 = CIRCLE('',#2822,14.04);
#2822 = AXIS2_PLACEMENT_2D('',#2823,#2824);
#2823 = CARTESIAN_POINT('',(0.,0.));
#2824 = DIRECTION('',(1.,0.));
#2825 = ( GEOMETRIC_REPRESENTATION_CONTEXT(2) 
PARAMETRIC_REPRESENTATION_CONTEXT() REPRESENTATION_CONTEXT('2D SPACE',''
  ) );
#2826 = PCURVE('',#821,#2827);
#2827 = DEFINITIONAL_REPRESENTATION('',(#2828),#2832);
#2828 = LINE('',#2829,#2830);
#2829 = CARTESIAN_POINT('',(0.,1.E-02));
#2830 = VECTOR('',#2831,1.);
#2831 = DIRECTION('',(1.,0.));
#2832 = ( GEOMETRIC_REPRESENTATION_CONTEXT(2) 
PARAMETRIC_REPRESENTATION_CONTEXT() REPRESENTATION_CONTEXT('2D SPACE',''
  ) );
#2833 = ORIENTED_EDGE('',*,*,#2834,.F.);
#2834 = EDGE_CURVE('',#2835,#2811,#2837,.T.);
#2835 = VERTEX_POINT('',#2836);
#2836 = CARTESIAN_POINT('',(-6.780314342178,13.76384893194,0.));
#2837 = SURFACE_CURVE('',#2838,(#2842,#2849),.PCURVE_S1.);
#2838 = LINE('',#2839,#2840);
#2839 = CARTESIAN_POINT('',(-2.597814342178,6.519546429283,
    8.673617379884E-19));
#2840 = VECTOR('',#2841,1.);
#2841 = DIRECTION('',(0.5,-0.866025403784,0.));
#2842 = PCURVE('',#847,#2843);
#2843 = DEFINITIONAL_REPRESENTATION('',(#2844),#2848);
#2844 = LINE('',#2845,#2846);
#2845 = CARTESIAN_POINT('',(-2.597814342178,6.519546429283));
#2846 = VECTOR('',#2847,1.);
#2847 = DIRECTION('',(0.5,-0.866025403784));
#2848 = ( GEOMETRIC_REPRESENTATION_CONTEXT(2) 
PARAMETRIC_REPRESENTATION_CONTEXT() REPRESENTATION_CONTEXT('2D SPACE',''
  ) );
#2849 = PCURVE('',#2850,#2855);
#2850 = PLANE('',#2851);
#2851 = AXIS2_PLACEMENT_3D('',#2852,#2853,#2854);
#2852 = CARTESIAN_POINT('',(-6.070314342178,12.534092858566,-1.E-02));
#2853 = DIRECTION('',(-0.866025403784,-0.5,0.));
#2854 = DIRECTION('',(0.,0.,1.));
#2855 = DEFINITIONAL_REPRESENTATION('',(#2856),#2859);
#2856 = B_SPLINE_CURVE_WITH_KNOTS('',1,(#2857,#2858),.UNSPECIFIED.,.F.,
  .F.,(2,2),(-8.365,-7.018520329774),.PIECEWISE_BEZIER_KNOTS.);
#2857 = CARTESIAN_POINT('',(1.E-02,1.42));
#2858 = CARTESIAN_POINT('',(1.E-02,7.352032977358E-02));
#2859 = ( GEOMETRIC_REPRESENTATION_CONTEXT(2) 
PARAMETRIC_REPRESENTATION_CONTEXT() REPRESENTATION_CONTEXT('2D SPACE',''
  ) );
#2860 = ORIENTED_EDGE('',*,*,#2861,.T.);
#2861 = EDGE_CURVE('',#2835,#2862,#2864,.T.);
#2862 = VERTEX_POINT('',#2863);
#2863 = CARTESIAN_POINT('',(-8.529685657822,12.75384893194,0.));
#2864 = SURFACE_CURVE('',#2865,(#2869,#2876),.PCURVE_S1.);
#2865 = LINE('',#2866,#2867);
#2866 = CARTESIAN_POINT('',(-7.217657171089,13.51134893194,
    8.673617379884E-19));
#2867 = VECTOR('',#2868,1.);
#2868 = DIRECTION('',(-0.866025403784,-0.5,0.));
#2869 = PCURVE('',#847,#2870);
#2870 = DEFINITIONAL_REPRESENTATION('',(#2871),#2875);
#2871 = LINE('',#2872,#2873);
#2872 = CARTESIAN_POINT('',(-7.217657171089,13.51134893194));
#2873 = VECTOR('',#2874,1.);
#2874 = DIRECTION('',(-0.866025403784,-0.5));
#2875 = ( GEOMETRIC_REPRESENTATION_CONTEXT(2) 
PARAMETRIC_REPRESENTATION_CONTEXT() REPRESENTATION_CONTEXT('2D SPACE',''
  ) );
#2876 = PCURVE('',#2877,#2882);
#2877 = PLANE('',#2878);
#2878 = AXIS2_PLACEMENT_3D('',#2879,#2880,#2881);
#2879 = CARTESIAN_POINT('',(-6.780314342178,13.76384893194,-1.E-02));
#2880 = DIRECTION('',(-0.5,0.866025403784,0.));
#2881 = DIRECTION('',(0.,0.,1.));
#2882 = DEFINITIONAL_REPRESENTATION('',(#2883),#2886);
#2883 = B_SPLINE_CURVE_WITH_KNOTS('',1,(#2884,#2885),.UNSPECIFIED.,.F.,
  .F.,(2,2),(-0.505,1.515),.PIECEWISE_BEZIER_KNOTS.);
#2884 = CARTESIAN_POINT('',(1.E-02,0.));
#2885 = CARTESIAN_POINT('',(1.E-02,-2.02));
#2886 = ( GEOMETRIC_REPRESENTATION_CONTEXT(2) 
PARAMETRIC_REPRESENTATION_CONTEXT() REPRESENTATION_CONTEXT('2D SPACE',''
  ) );
#2887 = ORIENTED_EDGE('',*,*,#2888,.T.);
#2888 = EDGE_CURVE('',#2862,#2889,#2891,.T.);
#2889 = VERTEX_POINT('',#2890);
#2890 = CARTESIAN_POINT('',(-7.876497923229,11.622494588743,0.));
#2891 = SURFACE_CURVE('',#2892,(#2896,#2903),.PCURVE_S1.);
#2892 = LINE('',#2893,#2894);
#2893 = CARTESIAN_POINT('',(-4.347185657822,5.509546429283,
    8.673617379884E-19));
#2894 = VECTOR('',#2895,1.);
#2895 = DIRECTION('',(0.5,-0.866025403784,0.));
#2896 = PCURVE('',#847,#2897);
#2897 = DEFINITIONAL_REPRESENTATION('',(#2898),#2902);
#2898 = LINE('',#2899,#2900);
#2899 = CARTESIAN_POINT('',(-4.347185657822,5.509546429283));
#2900 = VECTOR('',#2901,1.);
#2901 = DIRECTION('',(0.5,-0.866025403784));
#2902 = ( GEOMETRIC_REPRESENTATION_CONTEXT(2) 
PARAMETRIC_REPRESENTATION_CONTEXT() REPRESENTATION_CONTEXT('2D SPACE',''
  ) );
#2903 = PCURVE('',#2904,#2909);
#2904 = PLANE('',#2905);
#2905 = AXIS2_PLACEMENT_3D('',#2906,#2907,#2908);
#2906 = CARTESIAN_POINT('',(-7.819685657822,11.524092858566,-1.E-02));
#2907 = DIRECTION('',(-0.866025403784,-0.5,0.));
#2908 = DIRECTION('',(0.,0.,1.));
#2909 = DEFINITIONAL_REPRESENTATION('',(#2910),#2913);
#2910 = B_SPLINE_CURVE_WITH_KNOTS('',1,(#2911,#2912),.UNSPECIFIED.,.F.,
  .F.,(2,2),(-8.365,-7.018520329774),.PIECEWISE_BEZIER_KNOTS.);
#2911 = CARTESIAN_POINT('',(1.E-02,1.42));
#2912 = CARTESIAN_POINT('',(1.E-02,7.352032977358E-02));
#2913 = ( GEOMETRIC_REPRESENTATION_CONTEXT(2) 
PARAMETRIC_REPRESENTATION_CONTEXT() REPRESENTATION_CONTEXT('2D SPACE',''
  ) );
#2914 = ORIENTED_EDGE('',*,*,#2915,.T.);
#2915 = EDGE_CURVE('',#2889,#2916,#2918,.T.);
#2916 = VERTEX_POINT('',#2917);
#2917 = CARTESIAN_POINT('',(-7.876497923229,-11.62249458874,0.));
#2918 = SURFACE_CURVE('',#2919,(#2924,#2931),.PCURVE_S1.);
#2919 = CIRCLE('',#2920,14.04);
#2920 = AXIS2_PLACEMENT_3D('',#2921,#2922,#2923);
#2921 = CARTESIAN_POINT('',(0.,0.,0.));
#2922 = DIRECTION('',(0.,0.,1.));
#2923 = DIRECTION('',(1.,0.,-0.));
#2924 = PCURVE('',#847,#2925);
#2925 = DEFINITIONAL_REPRESENTATION('',(#2926),#2930);
#2926 = CIRCLE('',#2927,14.04);
#2927 = AXIS2_PLACEMENT_2D('',#2928,#2929);
#2928 = CARTESIAN_POINT('',(0.,0.));
#2929 = DIRECTION('',(1.,0.));
#2930 = ( GEOMETRIC_REPRESENTATION_CONTEXT(2) 
PARAMETRIC_REPRESENTATION_CONTEXT() REPRESENTATION_CONTEXT('2D SPACE',''
  ) );
#2931 = PCURVE('',#2932,#2937);
#2932 = CYLINDRICAL_SURFACE('',#2933,14.04);
#2933 = AXIS2_PLACEMENT_3D('',#2934,#2935,#2936);
#2934 = CARTESIAN_POINT('',(0.,0.,-1.E-02));
#2935 = DIRECTION('',(0.,0.,1.));
#2936 = DIRECTION('',(1.,0.,-0.));
#2937 = DEFINITIONAL_REPRESENTATION('',(#2938),#2942);
#2938 = LINE('',#2939,#2940);
#2939 = CARTESIAN_POINT('',(0.,1.E-02));
#2940 = VECTOR('',#2941,1.);
#2941 = DIRECTION('',(1.,0.));
#2942 = ( GEOMETRIC_REPRESENTATION_CONTEXT(2) 
PARAMETRIC_REPRESENTATION_CONTEXT() REPRESENTATION_CONTEXT('2D SPACE',''
  ) );
#2943 = ORIENTED_EDGE('',*,*,#2944,.F.);
#2944 = EDGE_CURVE('',#2945,#2916,#2947,.T.);
#2945 = VERTEX_POINT('',#2946);
#2946 = CARTESIAN_POINT('',(-8.529685657822,-12.75384893194,0.));
#2947 = SURFACE_CURVE('',#2948,(#2952,#2959),.PCURVE_S1.);
#2948 = LINE('',#2949,#2950);
#2949 = CARTESIAN_POINT('',(-4.347185657822,-5.509546429283,0.));
#2950 = VECTOR('',#2951,1.);
#2951 = DIRECTION('',(0.5,0.866025403784,-0.));
#2952 = PCURVE('',#847,#2953);
#2953 = DEFINITIONAL_REPRESENTATION('',(#2954),#2958);
#2954 = LINE('',#2955,#2956);
#2955 = CARTESIAN_POINT('',(-4.347185657822,-5.509546429283));
#2956 = VECTOR('',#2957,1.);
#2957 = DIRECTION('',(0.5,0.866025403784));
#2958 = ( GEOMETRIC_REPRESENTATION_CONTEXT(2) 
PARAMETRIC_REPRESENTATION_CONTEXT() REPRESENTATION_CONTEXT('2D SPACE',''
  ) );
#2959 = PCURVE('',#2960,#2965);
#2960 = PLANE('',#2961);
#2961 = AXIS2_PLACEMENT_3D('',#2962,#2963,#2964);
#2962 = CARTESIAN_POINT('',(-7.819685657822,-11.52409285856,-1.E-02));
#2963 = DIRECTION('',(0.866025403784,-0.5,0.));
#2964 = DIRECTION('',(0.,0.,1.));
#2965 = DEFINITIONAL_REPRESENTATION('',(#2966),#2969);
#2966 = B_SPLINE_CURVE_WITH_KNOTS('',1,(#2967,#2968),.UNSPECIFIED.,.F.,
  .F.,(2,2),(-8.365,-7.018520329774),.PIECEWISE_BEZIER_KNOTS.);
#2967 = CARTESIAN_POINT('',(1.E-02,1.42));
#2968 = CARTESIAN_POINT('',(1.E-02,7.352032977357E-02));
#2969 = ( GEOMETRIC_REPRESENTATION_CONTEXT(2) 
PARAMETRIC_REPRESENTATION_CONTEXT() REPRESENTATION_CONTEXT('2D SPACE',''
  ) );
#2970 = ORIENTED_EDGE('',*,*,#2971,.T.);
#2971 = EDGE_CURVE('',#2945,#2972,#2974,.T.);
#2972 = VERTEX_POINT('',#2973);
#2973 = CARTESIAN_POINT('',(-6.780314342178,-13.76384893194,0.));
#2974 = SURFACE_CURVE('',#2975,(#2979,#2986),.PCURVE_S1.);
#2975 = LINE('',#2976,#2977);
#2976 = CARTESIAN_POINT('',(-8.092342828911,-13.00634893194,0.));
#2977 = VECTOR('',#2978,1.);
#2978 = DIRECTION('',(0.866025403784,-0.5,0.));
#2979 = PCURVE('',#847,#2980);
#2980 = DEFINITIONAL_REPRESENTATION('',(#2981),#2985);
#2981 = LINE('',#2982,#2983);
#2982 = CARTESIAN_POINT('',(-8.092342828911,-13.00634893194));
#2983 = VECTOR('',#2984,1.);
#2984 = DIRECTION('',(0.866025403784,-0.5));
#2985 = ( GEOMETRIC_REPRESENTATION_CONTEXT(2) 
PARAMETRIC_REPRESENTATION_CONTEXT() REPRESENTATION_CONTEXT('2D SPACE',''
  ) );
#2986 = PCURVE('',#2987,#2992);
#2987 = PLANE('',#2988);
#2988 = AXIS2_PLACEMENT_3D('',#2989,#2990,#2991);
#2989 = CARTESIAN_POINT('',(-8.529685657822,-12.75384893194,-1.E-02));
#2990 = DIRECTION('',(-0.5,-0.866025403784,0.));
#2991 = DIRECTION('',(0.,0.,1.));
#2992 = DEFINITIONAL_REPRESENTATION('',(#2993),#2996);
#2993 = B_SPLINE_CURVE_WITH_KNOTS('',1,(#2994,#2995),.UNSPECIFIED.,.F.,
  .F.,(2,2),(-0.505,1.515),.PIECEWISE_BEZIER_KNOTS.);
#2994 = CARTESIAN_POINT('',(1.E-02,0.));
#2995 = CARTESIAN_POINT('',(1.E-02,-2.02));
#2996 = ( GEOMETRIC_REPRESENTATION_CONTEXT(2) 
PARAMETRIC_REPRESENTATION_CONTEXT() REPRESENTATION_CONTEXT('2D SPACE',''
  ) );
#2997 = ORIENTED_EDGE('',*,*,#2998,.T.);
#2998 = EDGE_CURVE('',#2972,#2999,#3001,.T.);
#2999 = VERTEX_POINT('',#3000);
#3000 = CARTESIAN_POINT('',(-6.127126607584,-12.63249458874,0.));
#3001 = SURFACE_CURVE('',#3002,(#3006,#3013),.PCURVE_S1.);
#3002 = LINE('',#3003,#3004);
#3003 = CARTESIAN_POINT('',(-2.597814342178,-6.519546429283,0.));
#3004 = VECTOR('',#3005,1.);
#3005 = DIRECTION('',(0.5,0.866025403784,-0.));
#3006 = PCURVE('',#847,#3007);
#3007 = DEFINITIONAL_REPRESENTATION('',(#3008),#3012);
#3008 = LINE('',#3009,#3010);
#3009 = CARTESIAN_POINT('',(-2.597814342178,-6.519546429283));
#3010 = VECTOR('',#3011,1.);
#3011 = DIRECTION('',(0.5,0.866025403784));
#3012 = ( GEOMETRIC_REPRESENTATION_CONTEXT(2) 
PARAMETRIC_REPRESENTATION_CONTEXT() REPRESENTATION_CONTEXT('2D SPACE',''
  ) );
#3013 = PCURVE('',#3014,#3019);
#3014 = PLANE('',#3015);
#3015 = AXIS2_PLACEMENT_3D('',#3016,#3017,#3018);
#3016 = CARTESIAN_POINT('',(-6.070314342178,-12.53409285856,-1.E-02));
#3017 = DIRECTION('',(0.866025403784,-0.5,0.));
#3018 = DIRECTION('',(0.,0.,1.));
#3019 = DEFINITIONAL_REPRESENTATION('',(#3020),#3023);
#3020 = B_SPLINE_CURVE_WITH_KNOTS('',1,(#3021,#3022),.UNSPECIFIED.,.F.,
  .F.,(2,2),(-8.365,-7.018520329774),.PIECEWISE_BEZIER_KNOTS.);
#3021 = CARTESIAN_POINT('',(1.E-02,1.42));
#3022 = CARTESIAN_POINT('',(1.E-02,7.352032977358E-02));
#3023 = ( GEOMETRIC_REPRESENTATION_CONTEXT(2) 
PARAMETRIC_REPRESENTATION_CONTEXT() REPRESENTATION_CONTEXT('2D SPACE',''
  ) );
#3024 = ORIENTED_EDGE('',*,*,#3025,.T.);
#3025 = EDGE_CURVE('',#2999,#2207,#3026,.T.);
#3026 = SURFACE_CURVE('',#3027,(#3032,#3039),.PCURVE_S1.);
#3027 = CIRCLE('',#3028,14.04);
#3028 = AXIS2_PLACEMENT_3D('',#3029,#3030,#3031);
#3029 = CARTESIAN_POINT('',(0.,0.,0.));
#3030 = DIRECTION('',(0.,0.,1.));
#3031 = DIRECTION('',(1.,0.,-0.));
#3032 = PCURVE('',#847,#3033);
#3033 = DEFINITIONAL_REPRESENTATION('',(#3034),#3038);
#3034 = CIRCLE('',#3035,14.04);
#3035 = AXIS2_PLACEMENT_2D('',#3036,#3037);
#3036 = CARTESIAN_POINT('',(0.,0.));
#3037 = DIRECTION('',(1.,0.));
#3038 = ( GEOMETRIC_REPRESENTATION_CONTEXT(2) 
PARAMETRIC_REPRESENTATION_CONTEXT() REPRESENTATION_CONTEXT('2D SPACE',''
  ) );
#3039 = PCURVE('',#2242,#3040);
#3040 = DEFINITIONAL_REPRESENTATION('',(#3041),#3045);
#3041 = LINE('',#3042,#3043);
#3042 = CARTESIAN_POINT('',(0.,1.E-02));
#3043 = VECTOR('',#3044,1.);
#3044 = DIRECTION('',(1.,0.));
#3045 = ( GEOMETRIC_REPRESENTATION_CONTEXT(2) 
PARAMETRIC_REPRESENTATION_CONTEXT() REPRESENTATION_CONTEXT('2D SPACE',''
  ) );
#3046 = ORIENTED_EDGE('',*,*,#2206,.T.);
#3047 = ORIENTED_EDGE('',*,*,#2781,.F.);
#3048 = ADVANCED_FACE('',(#3049),#821,.F.);
#3049 = FACE_BOUND('',#3050,.F.);
#3050 = EDGE_LOOP('',(#3051,#3075,#3076,#3077));
#3051 = ORIENTED_EDGE('',*,*,#3052,.F.);
#3052 = EDGE_CURVE('',#781,#3053,#3055,.T.);
#3053 = VERTEX_POINT('',#3054);
#3054 = CARTESIAN_POINT('',(-6.127126607584,12.632494588743,0.6));
#3055 = SURFACE_CURVE('',#3056,(#3061,#3068),.PCURVE_S1.);
#3056 = CIRCLE('',#3057,14.04);
#3057 = AXIS2_PLACEMENT_3D('',#3058,#3059,#3060);
#3058 = CARTESIAN_POINT('',(0.,0.,0.6));
#3059 = DIRECTION('',(0.,0.,1.));
#3060 = DIRECTION('',(1.,0.,-0.));
#3061 = PCURVE('',#821,#3062);
#3062 = DEFINITIONAL_REPRESENTATION('',(#3063),#3067);
#3063 = LINE('',#3064,#3065);
#3064 = CARTESIAN_POINT('',(0.,0.61));
#3065 = VECTOR('',#3066,1.);
#3066 = DIRECTION('',(1.,0.));
#3067 = ( GEOMETRIC_REPRESENTATION_CONTEXT(2) 
PARAMETRIC_REPRESENTATION_CONTEXT() REPRESENTATION_CONTEXT('2D SPACE',''
  ) );
#3068 = PCURVE('',#795,#3069);
#3069 = DEFINITIONAL_REPRESENTATION('',(#3070),#3074);
#3070 = CIRCLE('',#3071,14.04);
#3071 = AXIS2_PLACEMENT_2D('',#3072,#3073);
#3072 = CARTESIAN_POINT('',(0.,0.));
#3073 = DIRECTION('',(1.,0.));
#3074 = ( GEOMETRIC_REPRESENTATION_CONTEXT(2) 
PARAMETRIC_REPRESENTATION_CONTEXT() REPRESENTATION_CONTEXT('2D SPACE',''
  ) );
#3075 = ORIENTED_EDGE('',*,*,#806,.F.);
#3076 = ORIENTED_EDGE('',*,*,#2810,.T.);
#3077 = ORIENTED_EDGE('',*,*,#3078,.T.);
#3078 = EDGE_CURVE('',#2811,#3053,#3079,.T.);
#3079 = SURFACE_CURVE('',#3080,(#3084,#3090),.PCURVE_S1.);
#3080 = LINE('',#3081,#3082);
#3081 = CARTESIAN_POINT('',(-6.127126607584,12.632494588743,-1.E-02));
#3082 = VECTOR('',#3083,1.);
#3083 = DIRECTION('',(0.,0.,1.));
#3084 = PCURVE('',#821,#3085);
#3085 = DEFINITIONAL_REPRESENTATION('',(#3086),#3089);
#3086 = B_SPLINE_CURVE_WITH_KNOTS('',1,(#3087,#3088),.UNSPECIFIED.,.F.,
  .F.,(2,2),(9.9994E-03,0.6100006),.PIECEWISE_BEZIER_KNOTS.);
#3087 = CARTESIAN_POINT('',(2.022395589841,9.9994E-03));
#3088 = CARTESIAN_POINT('',(2.022395589841,0.6100006));
#3089 = ( GEOMETRIC_REPRESENTATION_CONTEXT(2) 
PARAMETRIC_REPRESENTATION_CONTEXT() REPRESENTATION_CONTEXT('2D SPACE',''
  ) );
#3090 = PCURVE('',#2850,#3091);
#3091 = DEFINITIONAL_REPRESENTATION('',(#3092),#3095);
#3092 = B_SPLINE_CURVE_WITH_KNOTS('',1,(#3093,#3094),.UNSPECIFIED.,.F.,
  .F.,(2,2),(9.9994E-03,0.6100006),.PIECEWISE_BEZIER_KNOTS.);
#3093 = CARTESIAN_POINT('',(9.9994E-03,0.113624530813));
#3094 = CARTESIAN_POINT('',(0.6100006,0.113624530813));
#3095 = ( GEOMETRIC_REPRESENTATION_CONTEXT(2) 
PARAMETRIC_REPRESENTATION_CONTEXT() REPRESENTATION_CONTEXT('2D SPACE',''
  ) );
#3096 = ADVANCED_FACE('',(#3097),#795,.T.);
#3097 = FACE_BOUND('',#3098,.T.);
#3098 = EDGE_LOOP('',(#3099,#3100,#3122,#3123,#3147,#3168,#3189,#3210,
    #3234,#3255,#3276,#3295));
#3099 = ORIENTED_EDGE('',*,*,#780,.T.);
#3100 = ORIENTED_EDGE('',*,*,#3101,.T.);
#3101 = EDGE_CURVE('',#755,#2254,#3102,.T.);
#3102 = SURFACE_CURVE('',#3103,(#3108,#3115),.PCURVE_S1.);
#3103 = CIRCLE('',#3104,15.6);
#3104 = AXIS2_PLACEMENT_3D('',#3105,#3106,#3107);
#3105 = CARTESIAN_POINT('',(0.,0.,0.6));
#3106 = DIRECTION('',(0.,0.,1.));
#3107 = DIRECTION('',(1.,0.,-0.));
#3108 = PCURVE('',#795,#3109);
#3109 = DEFINITIONAL_REPRESENTATION('',(#3110),#3114);
#3110 = CIRCLE('',#3111,15.6);
#3111 = AXIS2_PLACEMENT_2D('',#3112,#3113);
#3112 = CARTESIAN_POINT('',(0.,0.));
#3113 = DIRECTION('',(1.,0.));
#3114 = ( GEOMETRIC_REPRESENTATION_CONTEXT(2) 
PARAMETRIC_REPRESENTATION_CONTEXT() REPRESENTATION_CONTEXT('2D SPACE',''
  ) );
#3115 = PCURVE('',#769,#3116);
#3116 = DEFINITIONAL_REPRESENTATION('',(#3117),#3121);
#3117 = LINE('',#3118,#3119);
#3118 = CARTESIAN_POINT('',(0.,0.6));
#3119 = VECTOR('',#3120,1.);
#3120 = DIRECTION('',(1.,0.));
#3121 = ( GEOMETRIC_REPRESENTATION_CONTEXT(2) 
PARAMETRIC_REPRESENTATION_CONTEXT() REPRESENTATION_CONTEXT('2D SPACE',''
  ) );
#3122 = ORIENTED_EDGE('',*,*,#2253,.T.);
#3123 = ORIENTED_EDGE('',*,*,#3124,.F.);
#3124 = EDGE_CURVE('',#3125,#2228,#3127,.T.);
#3125 = VERTEX_POINT('',#3126);
#3126 = CARTESIAN_POINT('',(-6.127126607584,-12.63249458874,0.6));
#3127 = SURFACE_CURVE('',#3128,(#3133,#3140),.PCURVE_S1.);
#3128 = CIRCLE('',#3129,14.04);
#3129 = AXIS2_PLACEMENT_3D('',#3130,#3131,#3132);
#3130 = CARTESIAN_POINT('',(0.,0.,0.6));
#3131 = DIRECTION('',(0.,0.,1.));
#3132 = DIRECTION('',(1.,0.,-0.));
#3133 = PCURVE('',#795,#3134);
#3134 = DEFINITIONAL_REPRESENTATION('',(#3135),#3139);
#3135 = CIRCLE('',#3136,14.04);
#3136 = AXIS2_PLACEMENT_2D('',#3137,#3138);
#3137 = CARTESIAN_POINT('',(0.,0.));
#3138 = DIRECTION('',(1.,0.));
#3139 = ( GEOMETRIC_REPRESENTATION_CONTEXT(2) 
PARAMETRIC_REPRESENTATION_CONTEXT() REPRESENTATION_CONTEXT('2D SPACE',''
  ) );
#3140 = PCURVE('',#2242,#3141);
#3141 = DEFINITIONAL_REPRESENTATION('',(#3142),#3146);
#3142 = LINE('',#3143,#3144);
#3143 = CARTESIAN_POINT('',(0.,0.61));
#3144 = VECTOR('',#3145,1.);
#3145 = DIRECTION('',(1.,0.));
#3146 = ( GEOMETRIC_REPRESENTATION_CONTEXT(2) 
PARAMETRIC_REPRESENTATION_CONTEXT() REPRESENTATION_CONTEXT('2D SPACE',''
  ) );
#3147 = ORIENTED_EDGE('',*,*,#3148,.F.);
#3148 = EDGE_CURVE('',#3149,#3125,#3151,.T.);
#3149 = VERTEX_POINT('',#3150);
#3150 = CARTESIAN_POINT('',(-6.780314342178,-13.76384893194,0.6));
#3151 = SURFACE_CURVE('',#3152,(#3156,#3162),.PCURVE_S1.);
#3152 = LINE('',#3153,#3154);
#3153 = CARTESIAN_POINT('',(-2.597814342178,-6.519546429283,0.6));
#3154 = VECTOR('',#3155,1.);
#3155 = DIRECTION('',(0.5,0.866025403784,-0.));
#3156 = PCURVE('',#795,#3157);
#3157 = DEFINITIONAL_REPRESENTATION('',(#3158),#3161);
#3158 = B_SPLINE_CURVE_WITH_KNOTS('',1,(#3159,#3160),.UNSPECIFIED.,.F.,
  .F.,(2,2),(-8.365,-7.018520329774),.PIECEWISE_BEZIER_KNOTS.);
#3159 = CARTESIAN_POINT('',(-6.780314342178,-13.76384893194));
#3160 = CARTESIAN_POINT('',(-6.107074507065,-12.59776333184));
#3161 = ( GEOMETRIC_REPRESENTATION_CONTEXT(2) 
PARAMETRIC_REPRESENTATION_CONTEXT() REPRESENTATION_CONTEXT('2D SPACE',''
  ) );
#3162 = PCURVE('',#3014,#3163);
#3163 = DEFINITIONAL_REPRESENTATION('',(#3164),#3167);
#3164 = B_SPLINE_CURVE_WITH_KNOTS('',1,(#3165,#3166),.UNSPECIFIED.,.F.,
  .F.,(2,2),(-8.365,-7.018520329774),.PIECEWISE_BEZIER_KNOTS.);
#3165 = CARTESIAN_POINT('',(0.61,1.42));
#3166 = CARTESIAN_POINT('',(0.61,7.352032977358E-02));
#3167 = ( GEOMETRIC_REPRESENTATION_CONTEXT(2) 
PARAMETRIC_REPRESENTATION_CONTEXT() REPRESENTATION_CONTEXT('2D SPACE',''
  ) );
#3168 = ORIENTED_EDGE('',*,*,#3169,.F.);
#3169 = EDGE_CURVE('',#3170,#3149,#3172,.T.);
#3170 = VERTEX_POINT('',#3171);
#3171 = CARTESIAN_POINT('',(-8.529685657822,-12.75384893194,0.6));
#3172 = SURFACE_CURVE('',#3173,(#3177,#3183),.PCURVE_S1.);
#3173 = LINE('',#3174,#3175);
#3174 = CARTESIAN_POINT('',(-8.092342828911,-13.00634893194,0.6));
#3175 = VECTOR('',#3176,1.);
#3176 = DIRECTION('',(0.866025403784,-0.5,0.));
#3177 = PCURVE('',#795,#3178);
#3178 = DEFINITIONAL_REPRESENTATION('',(#3179),#3182);
#3179 = B_SPLINE_CURVE_WITH_KNOTS('',1,(#3180,#3181),.UNSPECIFIED.,.F.,
  .F.,(2,2),(-0.505,1.515),.PIECEWISE_BEZIER_KNOTS.);
#3180 = CARTESIAN_POINT('',(-8.529685657822,-12.75384893194));
#3181 = CARTESIAN_POINT('',(-6.780314342178,-13.76384893194));
#3182 = ( GEOMETRIC_REPRESENTATION_CONTEXT(2) 
PARAMETRIC_REPRESENTATION_CONTEXT() REPRESENTATION_CONTEXT('2D SPACE',''
  ) );
#3183 = PCURVE('',#2987,#3184);
#3184 = DEFINITIONAL_REPRESENTATION('',(#3185),#3188);
#3185 = B_SPLINE_CURVE_WITH_KNOTS('',1,(#3186,#3187),.UNSPECIFIED.,.F.,
  .F.,(2,2),(-0.505,1.515),.PIECEWISE_BEZIER_KNOTS.);
#3186 = CARTESIAN_POINT('',(0.61,0.));
#3187 = CARTESIAN_POINT('',(0.61,-2.02));
#3188 = ( GEOMETRIC_REPRESENTATION_CONTEXT(2) 
PARAMETRIC_REPRESENTATION_CONTEXT() REPRESENTATION_CONTEXT('2D SPACE',''
  ) );
#3189 = ORIENTED_EDGE('',*,*,#3190,.T.);
#3190 = EDGE_CURVE('',#3170,#3191,#3193,.T.);
#3191 = VERTEX_POINT('',#3192);
#3192 = CARTESIAN_POINT('',(-7.876497923229,-11.62249458874,0.6));
#3193 = SURFACE_CURVE('',#3194,(#3198,#3204),.PCURVE_S1.);
#3194 = LINE('',#3195,#3196);
#3195 = CARTESIAN_POINT('',(-4.347185657822,-5.509546429283,0.6));
#3196 = VECTOR('',#3197,1.);
#3197 = DIRECTION('',(0.5,0.866025403784,-0.));
#3198 = PCURVE('',#795,#3199);
#3199 = DEFINITIONAL_REPRESENTATION('',(#3200),#3203);
#3200 = B_SPLINE_CURVE_WITH_KNOTS('',1,(#3201,#3202),.UNSPECIFIED.,.F.,
  .F.,(2,2),(-8.365,-7.018520329774),.PIECEWISE_BEZIER_KNOTS.);
#3201 = CARTESIAN_POINT('',(-8.529685657822,-12.75384893194));
#3202 = CARTESIAN_POINT('',(-7.856445822709,-11.58776333184));
#3203 = ( GEOMETRIC_REPRESENTATION_CONTEXT(2) 
PARAMETRIC_REPRESENTATION_CONTEXT() REPRESENTATION_CONTEXT('2D SPACE',''
  ) );
#3204 = PCURVE('',#2960,#3205);
#3205 = DEFINITIONAL_REPRESENTATION('',(#3206),#3209);
#3206 = B_SPLINE_CURVE_WITH_KNOTS('',1,(#3207,#3208),.UNSPECIFIED.,.F.,
  .F.,(2,2),(-8.365,-7.018520329774),.PIECEWISE_BEZIER_KNOTS.);
#3207 = CARTESIAN_POINT('',(0.61,1.42));
#3208 = CARTESIAN_POINT('',(0.61,7.352032977357E-02));
#3209 = ( GEOMETRIC_REPRESENTATION_CONTEXT(2) 
PARAMETRIC_REPRESENTATION_CONTEXT() REPRESENTATION_CONTEXT('2D SPACE',''
  ) );
#3210 = ORIENTED_EDGE('',*,*,#3211,.F.);
#3211 = EDGE_CURVE('',#3212,#3191,#3214,.T.);
#3212 = VERTEX_POINT('',#3213);
#3213 = CARTESIAN_POINT('',(-7.876497923229,11.622494588743,0.6));
#3214 = SURFACE_CURVE('',#3215,(#3220,#3227),.PCURVE_S1.);
#3215 = CIRCLE('',#3216,14.04);
#3216 = AXIS2_PLACEMENT_3D('',#3217,#3218,#3219);
#3217 = CARTESIAN_POINT('',(0.,0.,0.6));
#3218 = DIRECTION('',(0.,0.,1.));
#3219 = DIRECTION('',(1.,0.,-0.));
#3220 = PCURVE('',#795,#3221);
#3221 = DEFINITIONAL_REPRESENTATION('',(#3222),#3226);
#3222 = CIRCLE('',#3223,14.04);
#3223 = AXIS2_PLACEMENT_2D('',#3224,#3225);
#3224 = CARTESIAN_POINT('',(0.,0.));
#3225 = DIRECTION('',(1.,0.));
#3226 = ( GEOMETRIC_REPRESENTATION_CONTEXT(2) 
PARAMETRIC_REPRESENTATION_CONTEXT() REPRESENTATION_CONTEXT('2D SPACE',''
  ) );
#3227 = PCURVE('',#2932,#3228);
#3228 = DEFINITIONAL_REPRESENTATION('',(#3229),#3233);
#3229 = LINE('',#3230,#3231);
#3230 = CARTESIAN_POINT('',(0.,0.61));
#3231 = VECTOR('',#3232,1.);
#3232 = DIRECTION('',(1.,0.));
#3233 = ( GEOMETRIC_REPRESENTATION_CONTEXT(2) 
PARAMETRIC_REPRESENTATION_CONTEXT() REPRESENTATION_CONTEXT('2D SPACE',''
  ) );
#3234 = ORIENTED_EDGE('',*,*,#3235,.F.);
#3235 = EDGE_CURVE('',#3236,#3212,#3238,.T.);
#3236 = VERTEX_POINT('',#3237);
#3237 = CARTESIAN_POINT('',(-8.529685657822,12.75384893194,0.6));
#3238 = SURFACE_CURVE('',#3239,(#3243,#3249),.PCURVE_S1.);
#3239 = LINE('',#3240,#3241);
#3240 = CARTESIAN_POINT('',(-4.347185657822,5.509546429283,0.6));
#3241 = VECTOR('',#3242,1.);
#3242 = DIRECTION('',(0.5,-0.866025403784,0.));
#3243 = PCURVE('',#795,#3244);
#3244 = DEFINITIONAL_REPRESENTATION('',(#3245),#3248);
#3245 = B_SPLINE_CURVE_WITH_KNOTS('',1,(#3246,#3247),.UNSPECIFIED.,.F.,
  .F.,(2,2),(-8.365,-7.018520329774),.PIECEWISE_BEZIER_KNOTS.);
#3246 = CARTESIAN_POINT('',(-8.529685657822,12.75384893194));
#3247 = CARTESIAN_POINT('',(-7.856445822709,11.587763331844));
#3248 = ( GEOMETRIC_REPRESENTATION_CONTEXT(2) 
PARAMETRIC_REPRESENTATION_CONTEXT() REPRESENTATION_CONTEXT('2D SPACE',''
  ) );
#3249 = PCURVE('',#2904,#3250);
#3250 = DEFINITIONAL_REPRESENTATION('',(#3251),#3254);
#3251 = B_SPLINE_CURVE_WITH_KNOTS('',1,(#3252,#3253),.UNSPECIFIED.,.F.,
  .F.,(2,2),(-8.365,-7.018520329774),.PIECEWISE_BEZIER_KNOTS.);
#3252 = CARTESIAN_POINT('',(0.61,1.42));
#3253 = CARTESIAN_POINT('',(0.61,7.352032977358E-02));
#3254 = ( GEOMETRIC_REPRESENTATION_CONTEXT(2) 
PARAMETRIC_REPRESENTATION_CONTEXT() REPRESENTATION_CONTEXT('2D SPACE',''
  ) );
#3255 = ORIENTED_EDGE('',*,*,#3256,.F.);
#3256 = EDGE_CURVE('',#3257,#3236,#3259,.T.);
#3257 = VERTEX_POINT('',#3258);
#3258 = CARTESIAN_POINT('',(-6.780314342178,13.76384893194,0.6));
#3259 = SURFACE_CURVE('',#3260,(#3264,#3270),.PCURVE_S1.);
#3260 = LINE('',#3261,#3262);
#3261 = CARTESIAN_POINT('',(-7.217657171089,13.51134893194,0.6));
#3262 = VECTOR('',#3263,1.);
#3263 = DIRECTION('',(-0.866025403784,-0.5,0.));
#3264 = PCURVE('',#795,#3265);
#3265 = DEFINITIONAL_REPRESENTATION('',(#3266),#3269);
#3266 = B_SPLINE_CURVE_WITH_KNOTS('',1,(#3267,#3268),.UNSPECIFIED.,.F.,
  .F.,(2,2),(-0.505,1.515),.PIECEWISE_BEZIER_KNOTS.);
#3267 = CARTESIAN_POINT('',(-6.780314342178,13.76384893194));
#3268 = CARTESIAN_POINT('',(-8.529685657822,12.75384893194));
#3269 = ( GEOMETRIC_REPRESENTATION_CONTEXT(2) 
PARAMETRIC_REPRESENTATION_CONTEXT() REPRESENTATION_CONTEXT('2D SPACE',''
  ) );
#3270 = PCURVE('',#2877,#3271);
#3271 = DEFINITIONAL_REPRESENTATION('',(#3272),#3275);
#3272 = B_SPLINE_CURVE_WITH_KNOTS('',1,(#3273,#3274),.UNSPECIFIED.,.F.,
  .F.,(2,2),(-0.505,1.515),.PIECEWISE_BEZIER_KNOTS.);
#3273 = CARTESIAN_POINT('',(0.61,0.));
#3274 = CARTESIAN_POINT('',(0.61,-2.02));
#3275 = ( GEOMETRIC_REPRESENTATION_CONTEXT(2) 
PARAMETRIC_REPRESENTATION_CONTEXT() REPRESENTATION_CONTEXT('2D SPACE',''
  ) );
#3276 = ORIENTED_EDGE('',*,*,#3277,.T.);
#3277 = EDGE_CURVE('',#3257,#3053,#3278,.T.);
#3278 = SURFACE_CURVE('',#3279,(#3283,#3289),.PCURVE_S1.);
#3279 = LINE('',#3280,#3281);
#3280 = CARTESIAN_POINT('',(-2.597814342178,6.519546429283,0.6));
#3281 = VECTOR('',#3282,1.);
#3282 = DIRECTION('',(0.5,-0.866025403784,0.));
#3283 = PCURVE('',#795,#3284);
#3284 = DEFINITIONAL_REPRESENTATION('',(#3285),#3288);
#3285 = B_SPLINE_CURVE_WITH_KNOTS('',1,(#3286,#3287),.UNSPECIFIED.,.F.,
  .F.,(2,2),(-8.365,-7.018520329774),.PIECEWISE_BEZIER_KNOTS.);
#3286 = CARTESIAN_POINT('',(-6.780314342178,13.76384893194));
#3287 = CARTESIAN_POINT('',(-6.107074507065,12.597763331844));
#3288 = ( GEOMETRIC_REPRESENTATION_CONTEXT(2) 
PARAMETRIC_REPRESENTATION_CONTEXT() REPRESENTATION_CONTEXT('2D SPACE',''
  ) );
#3289 = PCURVE('',#2850,#3290);
#3290 = DEFINITIONAL_REPRESENTATION('',(#3291),#3294);
#3291 = B_SPLINE_CURVE_WITH_KNOTS('',1,(#3292,#3293),.UNSPECIFIED.,.F.,
  .F.,(2,2),(-8.365,-7.018520329774),.PIECEWISE_BEZIER_KNOTS.);
#3292 = CARTESIAN_POINT('',(0.61,1.42));
#3293 = CARTESIAN_POINT('',(0.61,7.352032977358E-02));
#3294 = ( GEOMETRIC_REPRESENTATION_CONTEXT(2) 
PARAMETRIC_REPRESENTATION_CONTEXT() REPRESENTATION_CONTEXT('2D SPACE',''
  ) );
#3295 = ORIENTED_EDGE('',*,*,#3052,.F.);
#3296 = ADVANCED_FACE('',(#3297),#769,.T.);
#3297 = FACE_BOUND('',#3298,.T.);
#3298 = EDGE_LOOP('',(#3299,#3300,#3301,#3302));
#3299 = ORIENTED_EDGE('',*,*,#3101,.F.);
#3300 = ORIENTED_EDGE('',*,*,#754,.F.);
#3301 = ORIENTED_EDGE('',*,*,#1184,.T.);
#3302 = ORIENTED_EDGE('',*,*,#2274,.T.);
#3303 = ADVANCED_FACE('',(#3304),#1052,.F.);
#3304 = FACE_BOUND('',#3305,.F.);
#3305 = EDGE_LOOP('',(#3306,#3327,#3328,#3329));
#3306 = ORIENTED_EDGE('',*,*,#3307,.F.);
#3307 = EDGE_CURVE('',#1372,#1036,#3308,.T.);
#3308 = SEAM_CURVE('',#3309,(#3313,#3320),.PCURVE_S1.);
#3309 = LINE('',#3310,#3311);
#3310 = CARTESIAN_POINT('',(-14.,16.2,-0.4));
#3311 = VECTOR('',#3312,1.);
#3312 = DIRECTION('',(1.,0.,0.));
#3313 = PCURVE('',#1052,#3314);
#3314 = DEFINITIONAL_REPRESENTATION('',(#3315),#3319);
#3315 = LINE('',#3316,#3317);
#3316 = CARTESIAN_POINT('',(0.,-0.));
#3317 = VECTOR('',#3318,1.);
#3318 = DIRECTION('',(0.,1.));
#3319 = ( GEOMETRIC_REPRESENTATION_CONTEXT(2) 
PARAMETRIC_REPRESENTATION_CONTEXT() REPRESENTATION_CONTEXT('2D SPACE',''
  ) );
#3320 = PCURVE('',#1052,#3321);
#3321 = DEFINITIONAL_REPRESENTATION('',(#3322),#3326);
#3322 = LINE('',#3323,#3324);
#3323 = CARTESIAN_POINT('',(6.28318530718,-0.));
#3324 = VECTOR('',#3325,1.);
#3325 = DIRECTION('',(0.,1.));
#3326 = ( GEOMETRIC_REPRESENTATION_CONTEXT(2) 
PARAMETRIC_REPRESENTATION_CONTEXT() REPRESENTATION_CONTEXT('2D SPACE',''
  ) );
#3327 = ORIENTED_EDGE('',*,*,#1371,.T.);
#3328 = ORIENTED_EDGE('',*,*,#3307,.T.);
#3329 = ORIENTED_EDGE('',*,*,#1035,.F.);
#3330 = ADVANCED_FACE('',(#3331),#1655,.F.);
#3331 = FACE_BOUND('',#3332,.F.);
#3332 = EDGE_LOOP('',(#3333,#3354,#3355,#3356,#3357,#3358));
#3333 = ORIENTED_EDGE('',*,*,#3334,.F.);
#3334 = EDGE_CURVE('',#1639,#2012,#3335,.T.);
#3335 = SEAM_CURVE('',#3336,(#3340,#3347),.PCURVE_S1.);
#3336 = LINE('',#3337,#3338);
#3337 = CARTESIAN_POINT('',(-14.,-16.2,-0.4));
#3338 = VECTOR('',#3339,1.);
#3339 = DIRECTION('',(1.,0.,0.));
#3340 = PCURVE('',#1655,#3341);
#3341 = DEFINITIONAL_REPRESENTATION('',(#3342),#3346);
#3342 = LINE('',#3343,#3344);
#3343 = CARTESIAN_POINT('',(0.,-0.));
#3344 = VECTOR('',#3345,1.);
#3345 = DIRECTION('',(0.,1.));
#3346 = ( GEOMETRIC_REPRESENTATION_CONTEXT(2) 
PARAMETRIC_REPRESENTATION_CONTEXT() REPRESENTATION_CONTEXT('2D SPACE',''
  ) );
#3347 = PCURVE('',#1655,#3348);
#3348 = DEFINITIONAL_REPRESENTATION('',(#3349),#3353);
#3349 = LINE('',#3350,#3351);
#3350 = CARTESIAN_POINT('',(6.28318530718,-0.));
#3351 = VECTOR('',#3352,1.);
#3352 = DIRECTION('',(0.,1.));
#3353 = ( GEOMETRIC_REPRESENTATION_CONTEXT(2) 
PARAMETRIC_REPRESENTATION_CONTEXT() REPRESENTATION_CONTEXT('2D SPACE',''
  ) );
#3354 = ORIENTED_EDGE('',*,*,#1638,.T.);
#3355 = ORIENTED_EDGE('',*,*,#3334,.T.);
#3356 = ORIENTED_EDGE('',*,*,#2035,.F.);
#3357 = ORIENTED_EDGE('',*,*,#2320,.T.);
#3358 = ORIENTED_EDGE('',*,*,#2011,.F.);
#3359 = ADVANCED_FACE('',(#3360),#2242,.F.);
#3360 = FACE_BOUND('',#3361,.F.);
#3361 = EDGE_LOOP('',(#3362,#3363,#3364,#3365));
#3362 = ORIENTED_EDGE('',*,*,#3025,.T.);
#3363 = ORIENTED_EDGE('',*,*,#2227,.T.);
#3364 = ORIENTED_EDGE('',*,*,#3124,.F.);
#3365 = ORIENTED_EDGE('',*,*,#3366,.F.);
#3366 = EDGE_CURVE('',#2999,#3125,#3367,.T.);
#3367 = SURFACE_CURVE('',#3368,(#3372,#3378),.PCURVE_S1.);
#3368 = LINE('',#3369,#3370);
#3369 = CARTESIAN_POINT('',(-6.127126607584,-12.63249458874,-1.E-02));
#3370 = VECTOR('',#3371,1.);
#3371 = DIRECTION('',(0.,0.,1.));
#3372 = PCURVE('',#2242,#3373);
#3373 = DEFINITIONAL_REPRESENTATION('',(#3374),#3377);
#3374 = B_SPLINE_CURVE_WITH_KNOTS('',1,(#3375,#3376),.UNSPECIFIED.,.F.,
  .F.,(2,2),(9.9994E-03,0.6100006),.PIECEWISE_BEZIER_KNOTS.);
#3375 = CARTESIAN_POINT('',(4.260789717338,9.9994E-03));
#3376 = CARTESIAN_POINT('',(4.260789717338,0.6100006));
#3377 = ( GEOMETRIC_REPRESENTATION_CONTEXT(2) 
PARAMETRIC_REPRESENTATION_CONTEXT() REPRESENTATION_CONTEXT('2D SPACE',''
  ) );
#3378 = PCURVE('',#3014,#3379);
#3379 = DEFINITIONAL_REPRESENTATION('',(#3380),#3383);
#3380 = B_SPLINE_CURVE_WITH_KNOTS('',1,(#3381,#3382),.UNSPECIFIED.,.F.,
  .F.,(2,2),(9.9994E-03,0.6100006),.PIECEWISE_BEZIER_KNOTS.);
#3381 = CARTESIAN_POINT('',(9.9994E-03,0.113624530813));
#3382 = CARTESIAN_POINT('',(0.6100006,0.113624530813));
#3383 = ( GEOMETRIC_REPRESENTATION_CONTEXT(2) 
PARAMETRIC_REPRESENTATION_CONTEXT() REPRESENTATION_CONTEXT('2D SPACE',''
  ) );
#3384 = ADVANCED_FACE('',(#3385),#3014,.F.);
#3385 = FACE_BOUND('',#3386,.F.);
#3386 = EDGE_LOOP('',(#3387,#3408,#3409,#3410));
#3387 = ORIENTED_EDGE('',*,*,#3388,.F.);
#3388 = EDGE_CURVE('',#2972,#3149,#3389,.T.);
#3389 = SURFACE_CURVE('',#3390,(#3394,#3401),.PCURVE_S1.);
#3390 = LINE('',#3391,#3392);
#3391 = CARTESIAN_POINT('',(-6.780314342178,-13.76384893194,-1.E-02));
#3392 = VECTOR('',#3393,1.);
#3393 = DIRECTION('',(0.,0.,1.));
#3394 = PCURVE('',#3014,#3395);
#3395 = DEFINITIONAL_REPRESENTATION('',(#3396),#3400);
#3396 = LINE('',#3397,#3398);
#3397 = CARTESIAN_POINT('',(0.,1.42));
#3398 = VECTOR('',#3399,1.);
#3399 = DIRECTION('',(1.,0.));
#3400 = ( GEOMETRIC_REPRESENTATION_CONTEXT(2) 
PARAMETRIC_REPRESENTATION_CONTEXT() REPRESENTATION_CONTEXT('2D SPACE',''
  ) );
#3401 = PCURVE('',#2987,#3402);
#3402 = DEFINITIONAL_REPRESENTATION('',(#3403),#3407);
#3403 = LINE('',#3404,#3405);
#3404 = CARTESIAN_POINT('',(0.,-2.02));
#3405 = VECTOR('',#3406,1.);
#3406 = DIRECTION('',(1.,0.));
#3407 = ( GEOMETRIC_REPRESENTATION_CONTEXT(2) 
PARAMETRIC_REPRESENTATION_CONTEXT() REPRESENTATION_CONTEXT('2D SPACE',''
  ) );
#3408 = ORIENTED_EDGE('',*,*,#2998,.T.);
#3409 = ORIENTED_EDGE('',*,*,#3366,.T.);
#3410 = ORIENTED_EDGE('',*,*,#3148,.F.);
#3411 = ADVANCED_FACE('',(#3412),#2987,.F.);
#3412 = FACE_BOUND('',#3413,.F.);
#3413 = EDGE_LOOP('',(#3414,#3435,#3436,#3437));
#3414 = ORIENTED_EDGE('',*,*,#3415,.F.);
#3415 = EDGE_CURVE('',#2945,#3170,#3416,.T.);
#3416 = SURFACE_CURVE('',#3417,(#3421,#3428),.PCURVE_S1.);
#3417 = LINE('',#3418,#3419);
#3418 = CARTESIAN_POINT('',(-8.529685657822,-12.75384893194,-1.E-02));
#3419 = VECTOR('',#3420,1.);
#3420 = DIRECTION('',(0.,0.,1.));
#3421 = PCURVE('',#2987,#3422);
#3422 = DEFINITIONAL_REPRESENTATION('',(#3423),#3427);
#3423 = LINE('',#3424,#3425);
#3424 = CARTESIAN_POINT('',(0.,0.));
#3425 = VECTOR('',#3426,1.);
#3426 = DIRECTION('',(1.,0.));
#3427 = ( GEOMETRIC_REPRESENTATION_CONTEXT(2) 
PARAMETRIC_REPRESENTATION_CONTEXT() REPRESENTATION_CONTEXT('2D SPACE',''
  ) );
#3428 = PCURVE('',#2960,#3429);
#3429 = DEFINITIONAL_REPRESENTATION('',(#3430),#3434);
#3430 = LINE('',#3431,#3432);
#3431 = CARTESIAN_POINT('',(0.,1.42));
#3432 = VECTOR('',#3433,1.);
#3433 = DIRECTION('',(1.,0.));
#3434 = ( GEOMETRIC_REPRESENTATION_CONTEXT(2) 
PARAMETRIC_REPRESENTATION_CONTEXT() REPRESENTATION_CONTEXT('2D SPACE',''
  ) );
#3435 = ORIENTED_EDGE('',*,*,#2971,.T.);
#3436 = ORIENTED_EDGE('',*,*,#3388,.T.);
#3437 = ORIENTED_EDGE('',*,*,#3169,.F.);
#3438 = ADVANCED_FACE('',(#3439),#2960,.T.);
#3439 = FACE_BOUND('',#3440,.T.);
#3440 = EDGE_LOOP('',(#3441,#3442,#3443,#3462));
#3441 = ORIENTED_EDGE('',*,*,#3415,.F.);
#3442 = ORIENTED_EDGE('',*,*,#2944,.T.);
#3443 = ORIENTED_EDGE('',*,*,#3444,.T.);
#3444 = EDGE_CURVE('',#2916,#3191,#3445,.T.);
#3445 = SURFACE_CURVE('',#3446,(#3450,#3456),.PCURVE_S1.);
#3446 = LINE('',#3447,#3448);
#3447 = CARTESIAN_POINT('',(-7.876497923229,-11.62249458874,-1.E-02));
#3448 = VECTOR('',#3449,1.);
#3449 = DIRECTION('',(0.,0.,1.));
#3450 = PCURVE('',#2960,#3451);
#3451 = DEFINITIONAL_REPRESENTATION('',(#3452),#3455);
#3452 = B_SPLINE_CURVE_WITH_KNOTS('',1,(#3453,#3454),.UNSPECIFIED.,.F.,
  .F.,(2,2),(9.9994E-03,0.6100006),.PIECEWISE_BEZIER_KNOTS.);
#3453 = CARTESIAN_POINT('',(9.9994E-03,0.113624530813));
#3454 = CARTESIAN_POINT('',(0.6100006,0.113624530813));
#3455 = ( GEOMETRIC_REPRESENTATION_CONTEXT(2) 
PARAMETRIC_REPRESENTATION_CONTEXT() REPRESENTATION_CONTEXT('2D SPACE',''
  ) );
#3456 = PCURVE('',#2932,#3457);
#3457 = DEFINITIONAL_REPRESENTATION('',(#3458),#3461);
#3458 = B_SPLINE_CURVE_WITH_KNOTS('',1,(#3459,#3460),.UNSPECIFIED.,.F.,
  .F.,(2,2),(9.9994E-03,0.6100006),.PIECEWISE_BEZIER_KNOTS.);
#3459 = CARTESIAN_POINT('',(4.116790692234,9.9994E-03));
#3460 = CARTESIAN_POINT('',(4.116790692234,0.6100006));
#3461 = ( GEOMETRIC_REPRESENTATION_CONTEXT(2) 
PARAMETRIC_REPRESENTATION_CONTEXT() REPRESENTATION_CONTEXT('2D SPACE',''
  ) );
#3462 = ORIENTED_EDGE('',*,*,#3190,.F.);
#3463 = ADVANCED_FACE('',(#3464),#2932,.F.);
#3464 = FACE_BOUND('',#3465,.F.);
#3465 = EDGE_LOOP('',(#3466,#3467,#3486,#3487));
#3466 = ORIENTED_EDGE('',*,*,#3211,.F.);
#3467 = ORIENTED_EDGE('',*,*,#3468,.F.);
#3468 = EDGE_CURVE('',#2889,#3212,#3469,.T.);
#3469 = SURFACE_CURVE('',#3470,(#3474,#3480),.PCURVE_S1.);
#3470 = LINE('',#3471,#3472);
#3471 = CARTESIAN_POINT('',(-7.876497923229,11.622494588743,-1.E-02));
#3472 = VECTOR('',#3473,1.);
#3473 = DIRECTION('',(0.,0.,1.));
#3474 = PCURVE('',#2932,#3475);
#3475 = DEFINITIONAL_REPRESENTATION('',(#3476),#3479);
#3476 = B_SPLINE_CURVE_WITH_KNOTS('',1,(#3477,#3478),.UNSPECIFIED.,.F.,
  .F.,(2,2),(9.9994E-03,0.6100006),.PIECEWISE_BEZIER_KNOTS.);
#3477 = CARTESIAN_POINT('',(2.166394614945,9.9994E-03));
#3478 = CARTESIAN_POINT('',(2.166394614945,0.6100006));
#3479 = ( GEOMETRIC_REPRESENTATION_CONTEXT(2) 
PARAMETRIC_REPRESENTATION_CONTEXT() REPRESENTATION_CONTEXT('2D SPACE',''
  ) );
#3480 = PCURVE('',#2904,#3481);
#3481 = DEFINITIONAL_REPRESENTATION('',(#3482),#3485);
#3482 = B_SPLINE_CURVE_WITH_KNOTS('',1,(#3483,#3484),.UNSPECIFIED.,.F.,
  .F.,(2,2),(9.9994E-03,0.6100006),.PIECEWISE_BEZIER_KNOTS.);
#3483 = CARTESIAN_POINT('',(9.9994E-03,0.113624530813));
#3484 = CARTESIAN_POINT('',(0.6100006,0.113624530813));
#3485 = ( GEOMETRIC_REPRESENTATION_CONTEXT(2) 
PARAMETRIC_REPRESENTATION_CONTEXT() REPRESENTATION_CONTEXT('2D SPACE',''
  ) );
#3486 = ORIENTED_EDGE('',*,*,#2915,.T.);
#3487 = ORIENTED_EDGE('',*,*,#3444,.T.);
#3488 = ADVANCED_FACE('',(#3489),#2904,.F.);
#3489 = FACE_BOUND('',#3490,.F.);
#3490 = EDGE_LOOP('',(#3491,#3512,#3513,#3514));
#3491 = ORIENTED_EDGE('',*,*,#3492,.F.);
#3492 = EDGE_CURVE('',#2862,#3236,#3493,.T.);
#3493 = SURFACE_CURVE('',#3494,(#3498,#3505),.PCURVE_S1.);
#3494 = LINE('',#3495,#3496);
#3495 = CARTESIAN_POINT('',(-8.529685657822,12.75384893194,-1.E-02));
#3496 = VECTOR('',#3497,1.);
#3497 = DIRECTION('',(0.,0.,1.));
#3498 = PCURVE('',#2904,#3499);
#3499 = DEFINITIONAL_REPRESENTATION('',(#3500),#3504);
#3500 = LINE('',#3501,#3502);
#3501 = CARTESIAN_POINT('',(0.,1.42));
#3502 = VECTOR('',#3503,1.);
#3503 = DIRECTION('',(1.,0.));
#3504 = ( GEOMETRIC_REPRESENTATION_CONTEXT(2) 
PARAMETRIC_REPRESENTATION_CONTEXT() REPRESENTATION_CONTEXT('2D SPACE',''
  ) );
#3505 = PCURVE('',#2877,#3506);
#3506 = DEFINITIONAL_REPRESENTATION('',(#3507),#3511);
#3507 = LINE('',#3508,#3509);
#3508 = CARTESIAN_POINT('',(0.,-2.02));
#3509 = VECTOR('',#3510,1.);
#3510 = DIRECTION('',(1.,0.));
#3511 = ( GEOMETRIC_REPRESENTATION_CONTEXT(2) 
PARAMETRIC_REPRESENTATION_CONTEXT() REPRESENTATION_CONTEXT('2D SPACE',''
  ) );
#3512 = ORIENTED_EDGE('',*,*,#2888,.T.);
#3513 = ORIENTED_EDGE('',*,*,#3468,.T.);
#3514 = ORIENTED_EDGE('',*,*,#3235,.F.);
#3515 = ADVANCED_FACE('',(#3516),#2877,.F.);
#3516 = FACE_BOUND('',#3517,.F.);
#3517 = EDGE_LOOP('',(#3518,#3539,#3540,#3541));
#3518 = ORIENTED_EDGE('',*,*,#3519,.F.);
#3519 = EDGE_CURVE('',#2835,#3257,#3520,.T.);
#3520 = SURFACE_CURVE('',#3521,(#3525,#3532),.PCURVE_S1.);
#3521 = LINE('',#3522,#3523);
#3522 = CARTESIAN_POINT('',(-6.780314342178,13.76384893194,-1.E-02));
#3523 = VECTOR('',#3524,1.);
#3524 = DIRECTION('',(0.,0.,1.));
#3525 = PCURVE('',#2877,#3526);
#3526 = DEFINITIONAL_REPRESENTATION('',(#3527),#3531);
#3527 = LINE('',#3528,#3529);
#3528 = CARTESIAN_POINT('',(0.,0.));
#3529 = VECTOR('',#3530,1.);
#3530 = DIRECTION('',(1.,0.));
#3531 = ( GEOMETRIC_REPRESENTATION_CONTEXT(2) 
PARAMETRIC_REPRESENTATION_CONTEXT() REPRESENTATION_CONTEXT('2D SPACE',''
  ) );
#3532 = PCURVE('',#2850,#3533);
#3533 = DEFINITIONAL_REPRESENTATION('',(#3534),#3538);
#3534 = LINE('',#3535,#3536);
#3535 = CARTESIAN_POINT('',(0.,1.42));
#3536 = VECTOR('',#3537,1.);
#3537 = DIRECTION('',(1.,0.));
#3538 = ( GEOMETRIC_REPRESENTATION_CONTEXT(2) 
PARAMETRIC_REPRESENTATION_CONTEXT() REPRESENTATION_CONTEXT('2D SPACE',''
  ) );
#3539 = ORIENTED_EDGE('',*,*,#2861,.T.);
#3540 = ORIENTED_EDGE('',*,*,#3492,.T.);
#3541 = ORIENTED_EDGE('',*,*,#3256,.F.);
#3542 = ADVANCED_FACE('',(#3543),#2850,.T.);
#3543 = FACE_BOUND('',#3544,.T.);
#3544 = EDGE_LOOP('',(#3545,#3546,#3547,#3548));
#3545 = ORIENTED_EDGE('',*,*,#3519,.F.);
#3546 = ORIENTED_EDGE('',*,*,#2834,.T.);
#3547 = ORIENTED_EDGE('',*,*,#3078,.T.);
#3548 = ORIENTED_EDGE('',*,*,#3277,.F.);
#3549 = ( GEOMETRIC_REPRESENTATION_CONTEXT(3) 
GLOBAL_UNCERTAINTY_ASSIGNED_CONTEXT((#3553)) 
GLOBAL_UNIT_ASSIGNED_CONTEXT((#3550,#3551,#3552)) REPRESENTATION_CONTEXT
('Context #1','3D Context with UNIT and UNCERTAINTY') );
#3550 = ( LENGTH_UNIT() NAMED_UNIT(*) SI_UNIT(.MILLI.,.METRE.) );
#3551 = ( NAMED_UNIT(*) PLANE_ANGLE_UNIT() SI_UNIT($,.RADIAN.) );
#3552 = ( NAMED_UNIT(*) SI_UNIT($,.STERADIAN.) SOLID_ANGLE_UNIT() );
#3553 = UNCERTAINTY_MEASURE_WITH_UNIT(LENGTH_MEASURE(1.E-07),#3550,
  'distance_accuracy_value','confusion accuracy');
#3554 = PRODUCT_RELATED_PRODUCT_CATEGORY('part',$,(#7));
ENDSEC;
END-ISO-10303-21;
