ISO-10303-21;
HEADER;
FILE_DESCRIPTION(('Open CASCADE Model'),'2;1');
FILE_NAME('Open CASCADE Shape Model','2026-09-24T19:52:59',('Author'),(
    'Open CASCADE'),'Open CASCADE STEP processor 7.8','Open CASCADE 7.8'
  ,'Unknown');
FILE_SCHEMA(('AUTOMOTIVE_DESIGN { 1 0 10303 214 1 1 1 1 }'));
ENDSEC;
DATA;
#1 = APPLICATION_PROTOCOL_DEFINITION('international standard',
  'automotive_design',2000,#2);
#2 = APPLICATION_CONTEXT(
  'core data for automotive mechanical design processes');
#3 = SHAPE_DEFINITION_REPRESENTATION(#4,#10);
#4 = PRODUCT_DEFINITION_SHAPE('','',#5);
#5 = PRODUCT_DEFINITION('design','',#6,#9);
#6 = PRODUCT_DEFINITION_FORMATION('','',#7);
#7 = PRODUCT('Open CASCADE STEP translator 7.8 67',
  'Open CASCADE STEP translator 7.8 67','',(#8));
#8 = PRODUCT_CONTEXT('',#2,'mechanical');
#9 = PRODUCT_DEFINITION_CONTEXT('part definition',#2,'design');
#10 = ADVANCED_BREP_SHAPE_REPRESENTATION('',(#11,#15),#8575);
#11 = AXIS2_PLACEMENT_3D('',#12,#13,#14);
#12 = CARTESIAN_POINT('',(0.,0.,0.));
#13 = DIRECTION('',(0.,0.,1.));
#14 = DIRECTION('',(1.,0.,-0.));
#15 = MANIFOLD_SOLID_BREP('',#16);
#16 = CLOSED_SHELL('',(#17,#474,#1958,#2326,#2371,#2406,#2516,#2751,
    #2986,#3200,#3414,#3663,#3710,#3929,#5444,#5501,#5578,#5627,#5677,
    #5851,#5878,#5954,#6003,#6052,#6079,#6155,#6204,#6253,#6280,#6356,
    #6405,#6454,#6481,#6557,#6606,#6655,#6682,#6758,#6807,#6856,#6883,
    #6959,#7008,#7057,#7084,#7160,#7209,#7258,#7285,#7361,#7410,#7459,
    #7486,#7562,#7611,#7660,#7687,#7763,#7812,#7861,#7888,#7964,#8013,
    #8062,#8089,#8124,#8131,#8207,#8256,#8305,#8354,#8403,#8430,#8437,
    #8444,#8451,#8458,#8465,#8472,#8479,#8486,#8493,#8500,#8507,#8562,
    #8571));
#17 = ADVANCED_FACE('',(#18),#94,.T.);
#18 = FACE_BOUND('',#19,.T.);
#19 = EDGE_LOOP('',(#20,#369,#392,#419,#420,#448));
#20 = ORIENTED_EDGE('',*,*,#21,.T.);
#21 = EDGE_CURVE('',#22,#24,#26,.T.);
#22 = VERTEX_POINT('',#23);
#23 = CARTESIAN_POINT('',(12.219618447398,-7.055,9.692431585642));
#24 = VERTEX_POINT('',#25);
#25 = CARTESIAN_POINT('',(12.219618447813,-7.054999999281,
    10.192431471454));
#26 = SURFACE_CURVE('',#27,(#93,#167),.PCURVE_S1.);
#27 = B_SPLINE_CURVE_WITH_KNOTS('',8,(#28,#29,#30,#31,#32,#33,#34,#35,
    #36,#37,#38,#39,#40,#41,#42,#43,#44,#45,#46,#47,#48,#49,#50,#51,#52,
    #53,#54,#55,#56,#57,#58,#59,#60,#61,#62,#63,#64,#65,#66,#67,#68,#69,
    #70,#71,#72,#73,#74,#75,#76,#77,#78,#79,#80,#81,#82,#83,#84,#85,#86,
    #87,#88,#89,#90,#91,#92),.UNSPECIFIED.,.F.,.F.,(9,7,7,7,7,7,7,7,7,9)
  ,(0.,9.33958594469E-02,0.129339742464,0.155160832207,0.274655951676,
    0.360161482212,0.547536821189,0.703630729965,0.886036454584,1.),
  .UNSPECIFIED.);
#28 = CARTESIAN_POINT('',(12.219618447398,-7.055,9.692431585642));
#29 = CARTESIAN_POINT('',(12.318958199269,-6.882938502548,9.698263509846
    ));
#30 = CARTESIAN_POINT('',(12.403899298724,-6.702522536318,9.704094518886
    ));
#31 = CARTESIAN_POINT('',(12.47359414315,-6.515200454273,9.709923262268)
  );
#32 = CARTESIAN_POINT('',(12.527403549497,-6.322484375439,9.715749846617
    ));
#33 = CARTESIAN_POINT('',(12.564869889289,-6.125936115721,9.721576819087
    ));
#34 = CARTESIAN_POINT('',(12.585709045281,-5.927157671284,9.727408196892
    ));
#35 = CARTESIAN_POINT('',(12.589821189772,-5.727786254471,9.733246542969
    ));
#36 = CARTESIAN_POINT('',(12.572509384565,-5.453180029933,9.741336236709
    ));
#37 = CARTESIAN_POINT('',(12.565237616618,-5.377021871117,9.743585062461
    ));
#38 = CARTESIAN_POINT('',(12.555510831509,-5.301111736849,9.745834324902
    ));
#39 = CARTESIAN_POINT('',(12.543338988323,-5.225541567901,9.74808365952)
  );
#40 = CARTESIAN_POINT('',(12.528736254446,-5.150402914817,9.750332577412
    ));
#41 = CARTESIAN_POINT('',(12.51172100557,-5.075786937911,9.752580465284)
  );
#42 = CARTESIAN_POINT('',(12.492315825688,-5.001784407267,9.754826585451
    ));
#43 = CARTESIAN_POINT('',(12.454909750102,-4.875829944129,9.758681737174
    ));
#44 = CARTESIAN_POINT('',(12.438052362964,-4.82353657575,9.760292498591)
  );
#45 = CARTESIAN_POINT('',(12.419984802735,-4.771637862326,9.761902725814
    ));
#46 = CARTESIAN_POINT('',(12.400717705566,-4.720166010209,9.763512716293
    ));
#47 = CARTESIAN_POINT('',(12.380262886699,-4.669153167392,9.7651226992)
  );
#48 = CARTESIAN_POINT('',(12.358633340472,-4.618631423497,9.766732835431
    ));
#49 = CARTESIAN_POINT('',(12.335843240314,-4.568632809784,9.768343217604
    ));
#50 = CARTESIAN_POINT('',(12.201139890283,-4.290374083789,9.777407664977
    ));
#51 = CARTESIAN_POINT('',(12.065796096777,-4.07334199667,9.784870880833)
  );
#52 = CARTESIAN_POINT('',(11.907399899996,-3.871322840322,9.792346234158
    ));
#53 = CARTESIAN_POINT('',(11.727944627076,-3.687139425151,9.799824484513
    ));
#54 = CARTESIAN_POINT('',(11.529771119926,-3.523261061899,9.807299824678
    ));
#55 = CARTESIAN_POINT('',(11.315531033007,-3.381823089065,9.814772093416
    ));
#56 = CARTESIAN_POINT('',(11.088204903108,-3.264585350662,9.822242137132
    ));
#57 = CARTESIAN_POINT('',(10.681513479073,-3.107126736475,9.83504792644)
  );
#58 = CARTESIAN_POINT('',(10.506810418145,-3.054450140125,9.840389137271
    ));
#59 = CARTESIAN_POINT('',(10.328235907649,-3.015248044637,9.845729660292
    ));
#60 = CARTESIAN_POINT('',(10.147013324947,-2.989842168097,9.851070063737
    ));
#61 = CARTESIAN_POINT('',(9.964380503001,-2.978419740441,9.856411254566)
  );
#62 = CARTESIAN_POINT('',(9.781583823849,-2.981041254249,9.861753851923)
  );
#63 = CARTESIAN_POINT('',(9.599874231644,-2.997636878535,9.867097782498)
  );
#64 = CARTESIAN_POINT('',(9.027438899161,-3.094510205282,9.884153537782)
  );
#65 = CARTESIAN_POINT('',(8.644541295054,-3.227284276234,9.89589853551)
  );
#66 = CARTESIAN_POINT('',(8.286565416708,-3.424418573411,9.907624248098)
  );
#67 = CARTESIAN_POINT('',(7.965599220541,-3.679770013992,9.9193315688));
#68 = CARTESIAN_POINT('',(7.692192985445,-3.985504061755,9.931023906694)
  );
#69 = CARTESIAN_POINT('',(7.474776461101,-4.331538184515,9.942722918266)
  );
#70 = CARTESIAN_POINT('',(7.320180209987,-4.706159492145,9.954446548443)
  );
#71 = CARTESIAN_POINT('',(7.156972440609,-5.418451052714,9.975895758661)
  );
#72 = CARTESIAN_POINT('',(7.128046496578,-5.752944308112,9.985661016652)
  );
#73 = CARTESIAN_POINT('',(7.146401015515,-6.090222056629,9.995426234612)
  );
#74 = CARTESIAN_POINT('',(7.211978623657,-6.422515204583,10.005192944688
    ));
#75 = CARTESIAN_POINT('',(7.323482225261,-6.742339609753,10.014960104501
    ));
#76 = CARTESIAN_POINT('',(7.478247591469,-7.042580686534,10.024726391401
    ));
#77 = CARTESIAN_POINT('',(7.672392513437,-7.316502227044,10.03449339418)
  );
#78 = CARTESIAN_POINT('',(8.166207389888,-7.840705399119,10.055637240241
    ));
#79 = CARTESIAN_POINT('',(8.479166762085,-8.08029872013,10.06705130905)
  );
#80 = CARTESIAN_POINT('',(8.830011350244,-8.266730838904,10.078445209374
    ));
#81 = CARTESIAN_POINT('',(9.207921843136,-8.393745605872,10.089833312817
    ));
#82 = CARTESIAN_POINT('',(9.601531027447,-8.457124887241,10.10123711305)
  );
#83 = CARTESIAN_POINT('',(9.99881293059,-8.455321046718,10.112652215609)
  );
#84 = CARTESIAN_POINT('',(10.387293145577,-8.388845256928,
    10.124073753603));
#85 = CARTESIAN_POINT('',(10.983541302373,-8.183726537655,
    10.142577369634));
#86 = CARTESIAN_POINT('',(11.204834342207,-8.081379543687,
    10.149692387507));
#87 = CARTESIAN_POINT('',(11.415214629074,-7.956536988512,
    10.156804063311));
#88 = CARTESIAN_POINT('',(11.612033241675,-7.810599388722,
    10.163915234972));
#89 = CARTESIAN_POINT('',(11.792892944014,-7.64529339306,10.17103288136)
  );
#90 = CARTESIAN_POINT('',(11.955638354694,-7.462641742019,
    10.178165535201));
#91 = CARTESIAN_POINT('',(12.098386377185,-7.264980105264,
    10.185311753622));
#92 = CARTESIAN_POINT('',(12.219618448228,-7.054999998562,
    10.192431471454));
#93 = PCURVE('',#94,#99);
#94 = CYLINDRICAL_SURFACE('',#95,2.71);
#95 = AXIS2_PLACEMENT_3D('',#96,#97,#98);
#96 = CARTESIAN_POINT('',(9.872689603143,-5.7,5.675));
#97 = DIRECTION('',(0.,0.,1.));
#98 = DIRECTION('',(0.866025403784,-0.5,0.));
#99 = DEFINITIONAL_REPRESENTATION('',(#100),#166);
#100 = B_SPLINE_CURVE_WITH_KNOTS('',8,(#101,#102,#103,#104,#105,#106,
    #107,#108,#109,#110,#111,#112,#113,#114,#115,#116,#117,#118,#119,
    #120,#121,#122,#123,#124,#125,#126,#127,#128,#129,#130,#131,#132,
    #133,#134,#135,#136,#137,#138,#139,#140,#141,#142,#143,#144,#145,
    #146,#147,#148,#149,#150,#151,#152,#153,#154,#155,#156,#157,#158,
    #159,#160,#161,#162,#163,#164,#165),.UNSPECIFIED.,.F.,.F.,(9,7,7,7,7
    ,7,7,7,7,9),(0.,9.33958594469E-02,0.129339742464,0.155160832207,
    0.274655951676,0.360161482212,0.547536821189,0.703630729965,
    0.886036454584,1.),.UNSPECIFIED.);
#101 = CARTESIAN_POINT('',(0.,4.017431585642));
#102 = CARTESIAN_POINT('',(7.331347001553E-02,4.023263509846));
#103 = CARTESIAN_POINT('',(0.146639929287,4.029094518886));
#104 = CARTESIAN_POINT('',(0.219961716894,4.034923262268));
#105 = CARTESIAN_POINT('',(0.29327714221,4.040749846617));
#106 = CARTESIAN_POINT('',(0.366592575601,4.046576819087));
#107 = CARTESIAN_POINT('',(0.439914549824,4.052408196892));
#108 = CARTESIAN_POINT('',(0.513241872138,4.058246542969));
#109 = CARTESIAN_POINT('',(0.614773743484,4.066336236709));
#110 = CARTESIAN_POINT('',(0.642989442722,4.068585062461));
#111 = CARTESIAN_POINT('',(0.671205117897,4.070834324902));
#112 = CARTESIAN_POINT('',(0.699420910789,4.07308365952));
#113 = CARTESIAN_POINT('',(0.727636831864,4.075332577412));
#114 = CARTESIAN_POINT('',(0.755852760283,4.077580465284));
#115 = CARTESIAN_POINT('',(0.784068443893,4.079826585451));
#116 = CARTESIAN_POINT('',(0.8325524133,4.083681737174));
#117 = CARTESIAN_POINT('',(0.85282124602,4.085292498591));
#118 = CARTESIAN_POINT('',(0.873090313088,4.086902725814));
#119 = CARTESIAN_POINT('',(0.89335979458,4.088512716293));
#120 = CARTESIAN_POINT('',(0.913629734949,4.0901226992));
#121 = CARTESIAN_POINT('',(0.933900043028,4.091732835431));
#122 = CARTESIAN_POINT('',(0.954170492032,4.093343217604));
#123 = CARTESIAN_POINT('',(1.068247498561,4.102407664977));
#124 = CARTESIAN_POINT('',(1.162092108632,4.109870880833));
#125 = CARTESIAN_POINT('',(1.255914684078,4.117346234158));
#126 = CARTESIAN_POINT('',(1.349719233934,4.124824484513));
#127 = CARTESIAN_POINT('',(1.44352451859,4.132299824678));
#128 = CARTESIAN_POINT('',(1.537348718788,4.139772093416));
#129 = CARTESIAN_POINT('',(1.631194113897,4.147242137132));
#130 = CARTESIAN_POINT('',(1.792119973636,4.16004792644));
#131 = CARTESIAN_POINT('',(1.859255480507,4.165389137271));
#132 = CARTESIAN_POINT('',(1.92638926462,4.170729660292));
#133 = CARTESIAN_POINT('',(1.993518064096,4.176070063737));
#134 = CARTESIAN_POINT('',(2.060645100039,4.181411254566));
#135 = CARTESIAN_POINT('',(2.127774840441,4.186753851923));
#136 = CARTESIAN_POINT('',(2.194908025519,4.192097782498));
#137 = CARTESIAN_POINT('',(2.409142126981,4.209153537782));
#138 = CARTESIAN_POINT('',(2.556625438562,4.22089853551));
#139 = CARTESIAN_POINT('',(2.703866285174,4.232624248098));
#140 = CARTESIAN_POINT('',(2.850992878046,4.2443315688));
#141 = CARTESIAN_POINT('',(2.998119824224,4.256023906694));
#142 = CARTESIAN_POINT('',(3.145360896011,4.267722918266));
#143 = CARTESIAN_POINT('',(3.292845009581,4.279446548443));
#144 = CARTESIAN_POINT('',(3.562494577455,4.300895758661));
#145 = CARTESIAN_POINT('',(3.685189580856,4.310661016652));
#146 = CARTESIAN_POINT('',(3.807796128941,4.320426234612));
#147 = CARTESIAN_POINT('',(3.930347136277,4.330192944688));
#148 = CARTESIAN_POINT('',(4.052898858896,4.339960104502));
#149 = CARTESIAN_POINT('',(4.175507298762,4.349726391401));
#150 = CARTESIAN_POINT('',(4.298203922484,4.35949339418));
#151 = CARTESIAN_POINT('',(4.563948610256,4.380637240241));
#152 = CARTESIAN_POINT('',(4.707486751717,4.39205130905));
#153 = CARTESIAN_POINT('',(4.850815836563,4.403445209374));
#154 = CARTESIAN_POINT('',(4.99403988869,4.414833312817));
#155 = CARTESIAN_POINT('',(5.137262695847,4.42623711305));
#156 = CARTESIAN_POINT('',(5.280586570617,4.437652215609));
#157 = CARTESIAN_POINT('',(5.424118692246,4.449073753603));
#158 = CARTESIAN_POINT('',(5.656791701588,4.467577369634));
#159 = CARTESIAN_POINT('',(5.746293813613,4.474692387507));
#160 = CARTESIAN_POINT('',(5.835779775681,4.481804063311));
#161 = CARTESIAN_POINT('',(5.925251694668,4.488915234972));
#162 = CARTESIAN_POINT('',(6.014724294465,4.49603288136));
#163 = CARTESIAN_POINT('',(6.104211805516,4.503165535201));
#164 = CARTESIAN_POINT('',(6.193715144001,4.510311753622));
#165 = CARTESIAN_POINT('',(6.28318530718,4.517431471454));
#166 = ( GEOMETRIC_REPRESENTATION_CONTEXT(2) 
PARAMETRIC_REPRESENTATION_CONTEXT() REPRESENTATION_CONTEXT('2D SPACE',''
  ) );
#167 = PCURVE('',#168,#301);
#168 = B_SPLINE_SURFACE_WITH_KNOTS('',1,9,(
    (#169,#170,#171,#172,#173,#174,#175,#176,#177,#178,#179,#180,#181
      ,#182,#183,#184,#185,#186,#187,#188,#189,#190,#191,#192,#193,#194
      ,#195,#196,#197,#198,#199,#200,#201,#202,#203,#204,#205,#206,#207
      ,#208,#209,#210,#211,#212,#213,#214,#215,#216,#217,#218,#219,#220
      ,#221,#222,#223,#224,#225,#226,#227,#228,#229,#230,#231,#232,#233
      ,#234)
    ,(#235,#236,#237,#238,#239,#240,#241,#242,#243,#244,#245,#246,#247
      ,#248,#249,#250,#251,#252,#253,#254,#255,#256,#257,#258,#259,#260
      ,#261,#262,#263,#264,#265,#266,#267,#268,#269,#270,#271,#272,#273
      ,#274,#275,#276,#277,#278,#279,#280,#281,#282,#283,#284,#285,#286
      ,#287,#288,#289,#290,#291,#292,#293,#294,#295,#296,#297,#298,#299
      ,#300)),.UNSPECIFIED.,.F.,.F.,.F.,(2,2),(10,8,8,8,8,8,8,8,10),(0.,
    0.346410161514),(0.,5.515167243913,11.030334487827,16.54550173174,
    22.060668975654,27.575836219567,33.091003463481,38.606170707394,
    44.121337951308),.UNSPECIFIED.);
#169 = CARTESIAN_POINT('',(12.470765814496,-7.2,6.525));
#170 = CARTESIAN_POINT('',(13.387063811593,-5.612925187699,
    6.573611489713));
#171 = CARTESIAN_POINT('',(13.211511742599,-3.393860941424,
    6.622220950486));
#172 = CARTESIAN_POINT('',(11.458781382561,-1.419317292208,
    6.670836233031));
#173 = CARTESIAN_POINT('',(8.38582309333,-0.913370004689,6.719440314902)
  );
#174 = CARTESIAN_POINT('',(5.633988762714,-3.024925207874,6.76805972471)
  );
#175 = CARTESIAN_POINT('',(5.327357239941,-6.124125572778,6.816663891068
    ));
#176 = CARTESIAN_POINT('',(6.780979433791,-8.328181443417,6.865279043196
    ));
#177 = CARTESIAN_POINT('',(8.878994840209,-9.072088294477,6.913888629746
    ));
#178 = CARTESIAN_POINT('',(12.419298632052,-8.123466653283,
    7.011111432686));
#179 = CARTESIAN_POINT('',(13.864279939766,-6.43021719632,7.059721031787
    ));
#180 = CARTESIAN_POINT('',(14.021125633603,-3.794636496776,
    7.108336140665));
#181 = CARTESIAN_POINT('',(12.205974733815,-1.263968066066,
    7.156940398863));
#182 = CARTESIAN_POINT('',(8.767039025628,-0.81122237626,7.205559664354)
  );
#183 = CARTESIAN_POINT('',(6.358752195332,-2.785866726526,7.254163924196
    ));
#184 = CARTESIAN_POINT('',(5.828115457042,-5.372235696641,7.30277903053)
  );
#185 = CARTESIAN_POINT('',(6.785614797884,-7.38177819411,7.351388632091)
  );
#186 = CARTESIAN_POINT('',(9.959764412082,-9.214374218067,7.448611431569
    ));
#187 = CARTESIAN_POINT('',(12.178828666512,-9.038822125747,
    7.497221033373));
#188 = CARTESIAN_POINT('',(14.153372305489,-7.286091794993,
    7.545836138863));
#189 = CARTESIAN_POINT('',(14.659319603404,-4.213133476029,
    7.594440400507));
#190 = CARTESIAN_POINT('',(12.54776439171,-1.46129916975,7.643059663159)
  );
#191 = CARTESIAN_POINT('',(9.448564032318,-1.154667631211,7.691663924862
    ));
#192 = CARTESIAN_POINT('',(7.244508158979,-2.608289832786,7.74027903027)
  );
#193 = CARTESIAN_POINT('',(6.500601308803,-4.706305236671,7.78888863214)
  );
#194 = CARTESIAN_POINT('',(7.449222949794,-8.246609029098,7.886111431545
    ));
#195 = CARTESIAN_POINT('',(9.142472406916,-9.691590336355,7.934721033409
    ));
#196 = CARTESIAN_POINT('',(11.778053106261,-9.848436030765,
    7.983336138824));
#197 = CARTESIAN_POINT('',(14.308721537172,-8.033285130394,
    8.031940400539));
#198 = CARTESIAN_POINT('',(14.761467226813,-4.594349422688,
    8.080559663141));
#199 = CARTESIAN_POINT('',(12.786822876655,-2.186062592077,
    8.129163924869));
#200 = CARTESIAN_POINT('',(10.200453906486,-1.655425853943,
    8.177779030269));
#201 = CARTESIAN_POINT('',(8.190911409036,-2.612925194733,8.226388632141
    ));
#202 = CARTESIAN_POINT('',(6.358315385074,-5.787074808943,8.323611431544
    ));
#203 = CARTESIAN_POINT('',(6.533867477399,-8.006139063364,8.372221033413
    ));
#204 = CARTESIAN_POINT('',(8.286597808146,-9.980682702354,8.420836138819
    ));
#205 = CARTESIAN_POINT('',(11.359556127115,-10.48663000025,
    8.469440400542));
#206 = CARTESIAN_POINT('',(14.111390433392,-8.375074788572,
    8.518059663143));
#207 = CARTESIAN_POINT('',(14.418021971931,-5.275874429173,
    8.566663924864));
#208 = CARTESIAN_POINT('',(12.964399770357,-3.071818555837,
    8.615279030272));
#209 = CARTESIAN_POINT('',(10.866384366472,-2.327911705661,8.66388863214
    ));
#210 = CARTESIAN_POINT('',(7.326080574045,-3.276533346651,8.761111431544
    ));
#211 = CARTESIAN_POINT('',(5.88109926679,-4.969782803775,8.809721033413)
  );
#212 = CARTESIAN_POINT('',(5.724253572374,-7.605363503115,8.858336138825
    ));
#213 = CARTESIAN_POINT('',(7.539404472753,-10.13603193403,8.906940400522
    ));
#214 = CARTESIAN_POINT('',(10.978340180451,-10.58877762367,
    8.955559663178));
#215 = CARTESIAN_POINT('',(13.38662701107,-8.614133273511,9.004163924821
    ));
#216 = CARTESIAN_POINT('',(13.917263749196,-6.027764303344,9.05277903031
    ));
#217 = CARTESIAN_POINT('',(12.959764408413,-4.018221805894,
    9.101388632115));
#218 = CARTESIAN_POINT('',(9.785614794192,-2.185625781929,9.198611431592
    ));
#219 = CARTESIAN_POINT('',(7.566550539817,-2.36117787427,9.247221033158)
  );
#220 = CARTESIAN_POINT('',(5.592006900689,-4.113908204967,9.295836139484
    ));
#221 = CARTESIAN_POINT('',(5.086059603071,-7.186866524042,9.344440399331
    ));
#222 = CARTESIAN_POINT('',(7.197614814317,-9.93870083015,9.393059664826)
  );
#223 = CARTESIAN_POINT('',(10.296815174248,-10.2453323689,9.441663923013
    ));
#224 = CARTESIAN_POINT('',(12.500871047059,-8.791710167116,
    9.490279031901));
#225 = CARTESIAN_POINT('',(13.244777897654,-6.693694763399,
    9.538888630997));
#226 = CARTESIAN_POINT('',(12.29615625613,-3.153390970757,9.636111433937
    ));
#227 = CARTESIAN_POINT('',(10.602906801322,-1.70840966443,9.684721020492
    ));
#228 = CARTESIAN_POINT('',(7.967326094916,-1.551563967186,9.733336172613
    ));
#229 = CARTESIAN_POINT('',(5.436657678423,-3.366714873336,9.781940338972
    ));
#230 = CARTESIAN_POINT('',(4.983911966519,-6.805650572127,9.830559748793
    ));
#231 = CARTESIAN_POINT('',(6.958556343882,-9.213937413627,9.879163830638
    ));
#232 = CARTESIAN_POINT('',(9.544925287254,-9.744574141035,9.927779113211
    ));
#233 = CARTESIAN_POINT('',(11.554467806048,-8.78707480879,9.976388573964
    ));
#234 = CARTESIAN_POINT('',(12.470765804414,-7.199999996233,
    10.025000063686));
#235 = CARTESIAN_POINT('',(12.210958193361,-7.05,6.698205080757));
#236 = CARTESIAN_POINT('',(13.035625619421,-5.621633115132,
    6.746815813266));
#237 = CARTESIAN_POINT('',(12.877632833377,-3.624472997849,
    6.795428574714));
#238 = CARTESIAN_POINT('',(11.300163977511,-1.84738950459,6.844035514396
    ));
#239 = CARTESIAN_POINT('',(8.534522346502,-1.392028195658,6.892653654739
    ));
#240 = CARTESIAN_POINT('',(6.057846156463,-3.292436428689,6.941256467165
    ));
#241 = CARTESIAN_POINT('',(5.781899089067,-6.081711527628,6.989874523017
    ));
#242 = CARTESIAN_POINT('',(7.090146851985,-8.065363354676,7.03848159312)
  );
#243 = CARTESIAN_POINT('',(8.978365145496,-8.734879559076,7.087094228787
    ));
#244 = CARTESIAN_POINT('',(12.16463688348,-7.881119822911,7.184315870295
    ));
#245 = CARTESIAN_POINT('',(13.46512452891,-6.357196413275,7.232928493407
    ));
#246 = CARTESIAN_POINT('',(13.606273450672,-3.985169921831,
    7.281535606769));
#247 = CARTESIAN_POINT('',(11.972658509559,-1.707576674909,7.33015357078
    ));
#248 = CARTESIAN_POINT('',(8.87759248042,-1.300093879582,7.378756527507)
  );
#249 = CARTESIAN_POINT('',(6.710153069502,-3.0772850543,7.427374489908)
  );
#250 = CARTESIAN_POINT('',(6.232570291036,-5.405009635995,7.475981605772
    ));
#251 = CARTESIAN_POINT('',(7.094322797466,-7.213601024723,7.524594226448
    ));
#252 = CARTESIAN_POINT('',(9.951056450209,-8.862936082837,7.621815871405
    ));
#253 = CARTESIAN_POINT('',(11.948216659179,-8.704943135356,
    7.670428491843));
#254 = CARTESIAN_POINT('',(13.725300037337,-7.127474482151,
    7.719035608535));
#255 = CARTESIAN_POINT('',(14.180661463137,-4.361832645385,
    7.767653569161));
#256 = CARTESIAN_POINT('',(12.280253134433,-1.88515662376,7.816256528702
    ));
#257 = CARTESIAN_POINT('',(9.490978097493,-1.609209447252,7.864874489223
    ));
#258 = CARTESIAN_POINT('',(7.507326240058,-2.917457263633,7.913481606048
    ));
#259 = CARTESIAN_POINT('',(6.837810045624,-4.805675539614,7.962094226393
    ));
#260 = CARTESIAN_POINT('',(7.691569779493,-7.991947281644,8.059315871434
    ));
#261 = CARTESIAN_POINT('',(9.215493190912,-9.292434923907,8.107928491796
    ));
#262 = CARTESIAN_POINT('',(11.58751968013,-9.433583849639,8.156535608593
    ));
#263 = CARTESIAN_POINT('',(13.865112929315,-7.799968904503,8.20515356911
    ));
#264 = CARTESIAN_POINT('',(14.272595722765,-4.704902878648,8.25375652873
    ));
#265 = CARTESIAN_POINT('',(12.495404549296,-2.537463465612,
    8.302374489215));
#266 = CARTESIAN_POINT('',(10.167679966966,-2.059880688176,
    8.350981606048));
#267 = CARTESIAN_POINT('',(8.359088578456,-2.921633194273,8.399594226393
    ));
#268 = CARTESIAN_POINT('',(6.709753520285,-5.778366847089,8.496815871436
    ));
#269 = CARTESIAN_POINT('',(6.867746467825,-7.775527056011,8.545428491785
    ));
#270 = CARTESIAN_POINT('',(8.44521512094,-9.552610434221,8.594035608612)
  );
#271 = CARTESIAN_POINT('',(11.210856957805,-10.00797185996,
    8.642653569095));
#272 = CARTESIAN_POINT('',(13.687532979353,-8.107563531325,
    8.691256528733));
#273 = CARTESIAN_POINT('',(13.963480155903,-5.318288494322,
    8.739874489221));
#274 = CARTESIAN_POINT('',(12.655232339507,-3.33463663693,8.788481606043
    ));
#275 = CARTESIAN_POINT('',(10.767014063529,-2.66512044248,8.837094226393
    ));
#276 = CARTESIAN_POINT('',(7.580742321496,-3.518880176346,8.934315871438
    ));
#277 = CARTESIAN_POINT('',(6.280254679245,-5.04280358779,8.98292849178)
  );
#278 = CARTESIAN_POINT('',(6.13910575348,-7.414830076953,9.03153560861)
  );
#279 = CARTESIAN_POINT('',(7.77272069868,-9.692423326202,9.08015356912)
  );
#280 = CARTESIAN_POINT('',(10.86778672444,-10.09990611961,9.12875652868)
  );
#281 = CARTESIAN_POINT('',(13.035226137587,-8.322714946152,
    9.177374489284));
#282 = CARTESIAN_POINT('',(13.512808914921,-5.99499036382,9.225981605993
    ));
#283 = CARTESIAN_POINT('',(12.651056408898,-4.186398975324,
    9.274594226422));
#284 = CARTESIAN_POINT('',(9.794322755999,-2.537063917112,9.371815871385
    ));
#285 = CARTESIAN_POINT('',(7.79716254742,-2.69505686486,9.420428492046)
  );
#286 = CARTESIAN_POINT('',(6.020079168172,-4.272525517325,9.469035607938
    ));
#287 = CARTESIAN_POINT('',(5.564717744538,-7.038167355529,9.517653570313
    ));
#288 = CARTESIAN_POINT('',(7.465126069935,-9.514843375,9.566256527047));
#289 = CARTESIAN_POINT('',(10.254401110888,-9.790790554094,
    9.614874491071));
#290 = CARTESIAN_POINT('',(12.238052964394,-8.48254273519,9.663481604416
    ));
#291 = CARTESIAN_POINT('',(12.907569161939,-6.59432446121,9.712094227535
    ));
#292 = CARTESIAN_POINT('',(12.053809424125,-3.40805271663,9.809315869046
    ));
#293 = CARTESIAN_POINT('',(10.529886029782,-2.107565085408,
    9.857928504698));
#294 = CARTESIAN_POINT('',(8.157859488457,-1.966416126006,9.906535574828
    ));
#295 = CARTESIAN_POINT('',(5.88026634568,-3.60003113986,9.955153630664)
  );
#296 = CARTESIAN_POINT('',(5.472783387913,-6.695097059647,
    10.003756443069));
#297 = CARTESIAN_POINT('',(7.249974762181,-8.862536602265,
    10.052374583468));
#298 = CARTESIAN_POINT('',(9.577699146731,-9.340119252082,10.10098152309
    ));
#299 = CARTESIAN_POINT('',(11.386290692768,-8.47836684763,
    10.149594284574));
#300 = CARTESIAN_POINT('',(12.210958121371,-7.049999956383,
    10.198205017071));
#301 = DEFINITIONAL_REPRESENTATION('',(#302),#368);
#302 = B_SPLINE_CURVE_WITH_KNOTS('',8,(#303,#304,#305,#306,#307,#308,
    #309,#310,#311,#312,#313,#314,#315,#316,#317,#318,#319,#320,#321,
    #322,#323,#324,#325,#326,#327,#328,#329,#330,#331,#332,#333,#334,
    #335,#336,#337,#338,#339,#340,#341,#342,#343,#344,#345,#346,#347,
    #348,#349,#350,#351,#352,#353,#354,#355,#356,#357,#358,#359,#360,
    #361,#362,#363,#364,#365,#366,#367),.UNSPECIFIED.,.F.,.F.,(9,7,7,7,7
    ,7,7,7,7,9),(0.,9.33958594469E-02,0.129339742464,0.155160832207,
    0.274655951676,0.360161482212,0.547536821189,0.703630729965,
    0.886036454584,1.),.UNSPECIFIED.);
#303 = CARTESIAN_POINT('',(0.334864276455,37.818283210947));
#304 = CARTESIAN_POINT('',(0.334858871866,37.891835076145));
#305 = CARTESIAN_POINT('',(0.334849396093,37.965401045077));
#306 = CARTESIAN_POINT('',(0.334836110405,38.038962439673));
#307 = CARTESIAN_POINT('',(0.334819764692,38.112515873447));
#308 = CARTESIAN_POINT('',(0.334804709766,38.186066033462));
#309 = CARTESIAN_POINT('',(0.334798097551,38.259618494202));
#310 = CARTESIAN_POINT('',(0.334805169142,38.333172563339));
#311 = CARTESIAN_POINT('',(0.334826581237,38.43501702574));
#312 = CARTESIAN_POINT('',(0.334834019724,38.463319040128));
#313 = CARTESIAN_POINT('',(0.334842309207,38.491621220659));
#314 = CARTESIAN_POINT('',(0.334850628849,38.519924162777));
#315 = CARTESIAN_POINT('',(0.334857973986,38.548228039277));
#316 = CARTESIAN_POINT('',(0.334863156126,38.57653260031));
#317 = CARTESIAN_POINT('',(0.334864802948,38.604837173384));
#318 = CARTESIAN_POINT('',(0.334858883769,38.653473106411));
#319 = CARTESIAN_POINT('',(0.334854687119,38.673805038848));
#320 = CARTESIAN_POINT('',(0.334849433998,38.694136878462));
#321 = CARTESIAN_POINT('',(0.334843676278,38.714468899129));
#322 = CARTESIAN_POINT('',(0.334837852066,38.734801230809));
#323 = CARTESIAN_POINT('',(0.3348322857,38.755133859547));
#324 = CARTESIAN_POINT('',(0.33482718775,38.775466627471));
#325 = CARTESIAN_POINT('',(0.334801678396,38.88989468446));
#326 = CARTESIAN_POINT('',(0.334793307425,38.984029289691));
#327 = CARTESIAN_POINT('',(0.334811580266,39.078148967134));
#328 = CARTESIAN_POINT('',(0.334837312677,39.172258202226));
#329 = CARTESIAN_POINT('',(0.334856544689,39.266371783904));
#330 = CARTESIAN_POINT('',(0.334866777336,39.360503418163));
#331 = CARTESIAN_POINT('',(0.334869639332,39.454653491734));
#332 = CARTESIAN_POINT('',(0.334867896666,39.616095553795));
#333 = CARTESIAN_POINT('',(0.334865175358,39.683444559282));
#334 = CARTESIAN_POINT('',(0.334861690381,39.750789709832));
#335 = CARTESIAN_POINT('',(0.334859064427,39.818127935724));
#336 = CARTESIAN_POINT('',(0.334858514491,39.885462995863));
#337 = CARTESIAN_POINT('',(0.33486045834,39.95280006025));
#338 = CARTESIAN_POINT('',(0.334864525058,40.020140542375));
#339 = CARTESIAN_POINT('',(0.334881900914,40.235037526576));
#340 = CARTESIAN_POINT('',(0.334900432432,40.382979264464));
#341 = CARTESIAN_POINT('',(0.334917854235,40.530684855714));
#342 = CARTESIAN_POINT('',(0.334915225429,40.67828497769));
#343 = CARTESIAN_POINT('',(0.334882568814,40.825885523487));
#344 = CARTESIAN_POINT('',(0.33484587199,40.97359570014));
#345 = CARTESIAN_POINT('',(0.33482028684,41.121546208193));
#346 = CARTESIAN_POINT('',(0.334802964712,41.3920462741));
#347 = CARTESIAN_POINT('',(0.334806243392,41.515127430286));
#348 = CARTESIAN_POINT('',(0.334823437684,41.63812036724));
#349 = CARTESIAN_POINT('',(0.334852061392,41.761060058583));
#350 = CARTESIAN_POINT('',(0.334880891835,41.884004093043));
#351 = CARTESIAN_POINT('',(0.334898792106,42.007005994928));
#352 = CARTESIAN_POINT('',(0.334904397039,42.130094408193));
#353 = CARTESIAN_POINT('',(0.334897269848,42.396680615187));
#354 = CARTESIAN_POINT('',(0.334881179797,42.540668843037));
#355 = CARTESIAN_POINT('',(0.334859068154,42.68444080092));
#356 = CARTESIAN_POINT('',(0.334843011436,42.828101564127));
#357 = CARTESIAN_POINT('',(0.33485823283,42.971763110396));
#358 = CARTESIAN_POINT('',(0.334877340714,43.115542671213));
#359 = CARTESIAN_POINT('',(0.334874495896,43.259541665768));
#360 = CARTESIAN_POINT('',(0.334847034267,43.492973073453));
#361 = CARTESIAN_POINT('',(0.334830900089,43.582767315562));
#362 = CARTESIAN_POINT('',(0.334810980371,43.67254324719));
#363 = CARTESIAN_POINT('',(0.334793033355,43.762300353303));
#364 = CARTESIAN_POINT('',(0.334789159959,43.852050363022));
#365 = CARTESIAN_POINT('',(0.334813967618,43.941808839421));
#366 = CARTESIAN_POINT('',(0.334863144251,44.031584928643));
#367 = CARTESIAN_POINT('',(0.334863061789,44.121337951308));
#368 = ( GEOMETRIC_REPRESENTATION_CONTEXT(2) 
PARAMETRIC_REPRESENTATION_CONTEXT() REPRESENTATION_CONTEXT('2D SPACE',''
  ) );
#369 = ORIENTED_EDGE('',*,*,#370,.T.);
#370 = EDGE_CURVE('',#24,#371,#373,.T.);
#371 = VERTEX_POINT('',#372);
#372 = CARTESIAN_POINT('',(12.219618447398,-7.055,10.2));
#373 = SEAM_CURVE('',#374,(#378,#385),.PCURVE_S1.);
#374 = LINE('',#375,#376);
#375 = CARTESIAN_POINT('',(12.219618447398,-7.055,5.675));
#376 = VECTOR('',#377,1.);
#377 = DIRECTION('',(0.,0.,1.));
#378 = PCURVE('',#94,#379);
#379 = DEFINITIONAL_REPRESENTATION('',(#380),#384);
#380 = LINE('',#381,#382);
#381 = CARTESIAN_POINT('',(0.,-0.));
#382 = VECTOR('',#383,1.);
#383 = DIRECTION('',(0.,1.));
#384 = ( GEOMETRIC_REPRESENTATION_CONTEXT(2) 
PARAMETRIC_REPRESENTATION_CONTEXT() REPRESENTATION_CONTEXT('2D SPACE',''
  ) );
#385 = PCURVE('',#94,#386);
#386 = DEFINITIONAL_REPRESENTATION('',(#387),#391);
#387 = LINE('',#388,#389);
#388 = CARTESIAN_POINT('',(6.28318530718,-0.));
#389 = VECTOR('',#390,1.);
#390 = DIRECTION('',(0.,1.));
#391 = ( GEOMETRIC_REPRESENTATION_CONTEXT(2) 
PARAMETRIC_REPRESENTATION_CONTEXT() REPRESENTATION_CONTEXT('2D SPACE',''
  ) );
#392 = ORIENTED_EDGE('',*,*,#393,.F.);
#393 = EDGE_CURVE('',#371,#371,#394,.T.);
#394 = SURFACE_CURVE('',#395,(#400,#407),.PCURVE_S1.);
#395 = CIRCLE('',#396,2.71);
#396 = AXIS2_PLACEMENT_3D('',#397,#398,#399);
#397 = CARTESIAN_POINT('',(9.872689603143,-5.7,10.2));
#398 = DIRECTION('',(-0.,0.,1.));
#399 = DIRECTION('',(0.866025403784,-0.5,0.));
#400 = PCURVE('',#94,#401);
#401 = DEFINITIONAL_REPRESENTATION('',(#402),#406);
#402 = LINE('',#403,#404);
#403 = CARTESIAN_POINT('',(0.,4.525));
#404 = VECTOR('',#405,1.);
#405 = DIRECTION('',(1.,0.));
#406 = ( GEOMETRIC_REPRESENTATION_CONTEXT(2) 
PARAMETRIC_REPRESENTATION_CONTEXT() REPRESENTATION_CONTEXT('2D SPACE',''
  ) );
#407 = PCURVE('',#408,#413);
#408 = PLANE('',#409);
#409 = AXIS2_PLACEMENT_3D('',#410,#411,#412);
#410 = CARTESIAN_POINT('',(9.872689603143,-5.7,10.2));
#411 = DIRECTION('',(0.,0.,1.));
#412 = DIRECTION('',(0.866025403784,-0.5,0.));
#413 = DEFINITIONAL_REPRESENTATION('',(#414),#418);
#414 = CIRCLE('',#415,2.71);
#415 = AXIS2_PLACEMENT_2D('',#416,#417);
#416 = CARTESIAN_POINT('',(0.,0.));
#417 = DIRECTION('',(1.,0.));
#418 = ( GEOMETRIC_REPRESENTATION_CONTEXT(2) 
PARAMETRIC_REPRESENTATION_CONTEXT() REPRESENTATION_CONTEXT('2D SPACE',''
  ) );
#419 = ORIENTED_EDGE('',*,*,#370,.F.);
#420 = ORIENTED_EDGE('',*,*,#421,.F.);
#421 = EDGE_CURVE('',#422,#24,#424,.T.);
#422 = VERTEX_POINT('',#423);
#423 = CARTESIAN_POINT('',(12.219618447813,-7.054999999281,
    9.807568315324));
#424 = SURFACE_CURVE('',#425,(#429,#436),.PCURVE_S1.);
#425 = LINE('',#426,#427);
#426 = CARTESIAN_POINT('',(12.219618447398,-7.055,5.675));
#427 = VECTOR('',#428,1.);
#428 = DIRECTION('',(0.,0.,1.));
#429 = PCURVE('',#94,#430);
#430 = DEFINITIONAL_REPRESENTATION('',(#431),#435);
#431 = LINE('',#432,#433);
#432 = CARTESIAN_POINT('',(0.,-0.));
#433 = VECTOR('',#434,1.);
#434 = DIRECTION('',(0.,1.));
#435 = ( GEOMETRIC_REPRESENTATION_CONTEXT(2) 
PARAMETRIC_REPRESENTATION_CONTEXT() REPRESENTATION_CONTEXT('2D SPACE',''
  ) );
#436 = PCURVE('',#437,#442);
#437 = PLANE('',#438);
#438 = AXIS2_PLACEMENT_3D('',#439,#440,#441);
#439 = CARTESIAN_POINT('',(12.301361656718,-7.102194463281,
    9.999999980635));
#440 = DIRECTION('',(-0.500000010267,-0.866025397857,1.175287118078E-12)
  );
#441 = DIRECTION('',(-0.866025397857,0.500000010267,0.));
#442 = DEFINITIONAL_REPRESENTATION('',(#443),#447);
#443 = LINE('',#444,#445);
#444 = CARTESIAN_POINT('',(9.438892749786E-02,4.324999980635));
#445 = VECTOR('',#446,1.);
#446 = DIRECTION('',(0.,-1.));
#447 = ( GEOMETRIC_REPRESENTATION_CONTEXT(2) 
PARAMETRIC_REPRESENTATION_CONTEXT() REPRESENTATION_CONTEXT('2D SPACE',''
  ) );
#448 = ORIENTED_EDGE('',*,*,#449,.F.);
#449 = EDGE_CURVE('',#22,#422,#450,.T.);
#450 = SURFACE_CURVE('',#451,(#455,#462),.PCURVE_S1.);
#451 = LINE('',#452,#453);
#452 = CARTESIAN_POINT('',(12.219618447398,-7.055,5.675));
#453 = VECTOR('',#454,1.);
#454 = DIRECTION('',(0.,0.,1.));
#455 = PCURVE('',#94,#456);
#456 = DEFINITIONAL_REPRESENTATION('',(#457),#461);
#457 = LINE('',#458,#459);
#458 = CARTESIAN_POINT('',(0.,-0.));
#459 = VECTOR('',#460,1.);
#460 = DIRECTION('',(0.,1.));
#461 = ( GEOMETRIC_REPRESENTATION_CONTEXT(2) 
PARAMETRIC_REPRESENTATION_CONTEXT() REPRESENTATION_CONTEXT('2D SPACE',''
  ) );
#462 = PCURVE('',#463,#468);
#463 = CYLINDRICAL_SURFACE('',#464,2.71);
#464 = AXIS2_PLACEMENT_3D('',#465,#466,#467);
#465 = CARTESIAN_POINT('',(9.872689603143,-5.7,5.675));
#466 = DIRECTION('',(0.,0.,1.));
#467 = DIRECTION('',(0.866025403784,-0.5,0.));
#468 = DEFINITIONAL_REPRESENTATION('',(#469),#473);
#469 = LINE('',#470,#471);
#470 = CARTESIAN_POINT('',(6.28318530718,-0.));
#471 = VECTOR('',#472,1.);
#472 = DIRECTION('',(0.,1.));
#473 = ( GEOMETRIC_REPRESENTATION_CONTEXT(2) 
PARAMETRIC_REPRESENTATION_CONTEXT() REPRESENTATION_CONTEXT('2D SPACE',''
  ) );
#474 = ADVANCED_FACE('',(#475),#168,.F.);
#475 = FACE_BOUND('',#476,.F.);
#476 = EDGE_LOOP('',(#477,#698,#724,#959,#1173,#1387,#1559,#1731,#1938,
    #1939));
#477 = ORIENTED_EDGE('',*,*,#478,.F.);
#478 = EDGE_CURVE('',#479,#481,#483,.T.);
#479 = VERTEX_POINT('',#480);
#480 = CARTESIAN_POINT('',(12.470765814496,-7.2,6.525));
#481 = VERTEX_POINT('',#482);
#482 = CARTESIAN_POINT('',(12.470765804414,-7.199999996233,
    10.025000063686));
#483 = SURFACE_CURVE('',#484,(#551,#558),.PCURVE_S1.);
#484 = B_SPLINE_CURVE_WITH_KNOTS('',9,(#485,#486,#487,#488,#489,#490,
    #491,#492,#493,#494,#495,#496,#497,#498,#499,#500,#501,#502,#503,
    #504,#505,#506,#507,#508,#509,#510,#511,#512,#513,#514,#515,#516,
    #517,#518,#519,#520,#521,#522,#523,#524,#525,#526,#527,#528,#529,
    #530,#531,#532,#533,#534,#535,#536,#537,#538,#539,#540,#541,#542,
    #543,#544,#545,#546,#547,#548,#549,#550),.UNSPECIFIED.,.F.,.F.,(10,8
    ,8,8,8,8,8,8,10),(0.,5.515167243913,11.030334487827,16.54550173174,
    22.060668975654,27.575836219567,33.091003463481,38.606170707394,
    44.121337951308),.UNSPECIFIED.);
#485 = CARTESIAN_POINT('',(12.470765814496,-7.2,6.525));
#486 = CARTESIAN_POINT('',(13.387063811593,-5.612925187699,
    6.573611489713));
#487 = CARTESIAN_POINT('',(13.211511742599,-3.393860941424,
    6.622220950486));
#488 = CARTESIAN_POINT('',(11.458781382561,-1.419317292208,6.67083623303
    ));
#489 = CARTESIAN_POINT('',(8.38582309333,-0.913370004689,6.719440314903)
  );
#490 = CARTESIAN_POINT('',(5.633988762714,-3.024925207874,6.768059724709
    ));
#491 = CARTESIAN_POINT('',(5.327357239941,-6.124125572778,6.816663891068
    ));
#492 = CARTESIAN_POINT('',(6.780979433791,-8.328181443417,6.865279043196
    ));
#493 = CARTESIAN_POINT('',(8.878994840209,-9.072088294477,6.913888629746
    ));
#494 = CARTESIAN_POINT('',(12.419298632052,-8.123466653283,
    7.011111432686));
#495 = CARTESIAN_POINT('',(13.864279939766,-6.43021719632,7.059721031787
    ));
#496 = CARTESIAN_POINT('',(14.021125633603,-3.794636496776,
    7.108336140664));
#497 = CARTESIAN_POINT('',(12.205974733815,-1.263968066066,
    7.156940398863));
#498 = CARTESIAN_POINT('',(8.767039025628,-0.81122237626,7.205559664353)
  );
#499 = CARTESIAN_POINT('',(6.358752195332,-2.785866726526,7.254163924196
    ));
#500 = CARTESIAN_POINT('',(5.828115457042,-5.372235696641,7.30277903053)
  );
#501 = CARTESIAN_POINT('',(6.785614797884,-7.38177819411,7.351388632091)
  );
#502 = CARTESIAN_POINT('',(9.959764412082,-9.214374218067,7.448611431569
    ));
#503 = CARTESIAN_POINT('',(12.178828666512,-9.038822125747,
    7.497221033373));
#504 = CARTESIAN_POINT('',(14.153372305489,-7.286091794993,
    7.545836138864));
#505 = CARTESIAN_POINT('',(14.659319603404,-4.213133476029,
    7.594440400506));
#506 = CARTESIAN_POINT('',(12.54776439171,-1.46129916975,7.64305966316)
  );
#507 = CARTESIAN_POINT('',(9.448564032318,-1.154667631211,7.691663924861
    ));
#508 = CARTESIAN_POINT('',(7.244508158979,-2.608289832786,7.74027903027)
  );
#509 = CARTESIAN_POINT('',(6.500601308803,-4.706305236671,7.78888863214)
  );
#510 = CARTESIAN_POINT('',(7.449222949794,-8.246609029098,7.886111431545
    ));
#511 = CARTESIAN_POINT('',(9.142472406916,-9.691590336354,7.934721033409
    ));
#512 = CARTESIAN_POINT('',(11.778053106261,-9.848436030765,
    7.983336138824));
#513 = CARTESIAN_POINT('',(14.308721537172,-8.033285130393,
    8.031940400539));
#514 = CARTESIAN_POINT('',(14.761467226813,-4.594349422688,
    8.080559663141));
#515 = CARTESIAN_POINT('',(12.786822876655,-2.186062592077,
    8.129163924869));
#516 = CARTESIAN_POINT('',(10.200453906487,-1.655425853943,
    8.177779030269));
#517 = CARTESIAN_POINT('',(8.190911409036,-2.612925194733,8.226388632141
    ));
#518 = CARTESIAN_POINT('',(6.358315385074,-5.787074808943,8.323611431544
    ));
#519 = CARTESIAN_POINT('',(6.533867477399,-8.006139063364,8.372221033413
    ));
#520 = CARTESIAN_POINT('',(8.286597808146,-9.980682702354,8.420836138818
    ));
#521 = CARTESIAN_POINT('',(11.359556127115,-10.48663000025,
    8.469440400542));
#522 = CARTESIAN_POINT('',(14.111390433392,-8.375074788572,
    8.518059663142));
#523 = CARTESIAN_POINT('',(14.418021971931,-5.275874429173,
    8.566663924865));
#524 = CARTESIAN_POINT('',(12.964399770357,-3.071818555837,
    8.615279030272));
#525 = CARTESIAN_POINT('',(10.866384366472,-2.327911705661,8.66388863214
    ));
#526 = CARTESIAN_POINT('',(7.326080574045,-3.276533346651,8.761111431544
    ));
#527 = CARTESIAN_POINT('',(5.88109926679,-4.969782803775,8.809721033413)
  );
#528 = CARTESIAN_POINT('',(5.724253572374,-7.605363503115,8.858336138825
    ));
#529 = CARTESIAN_POINT('',(7.539404472753,-10.13603193403,8.906940400522
    ));
#530 = CARTESIAN_POINT('',(10.978340180451,-10.58877762367,
    8.955559663179));
#531 = CARTESIAN_POINT('',(13.38662701107,-8.614133273511,9.004163924821
    ));
#532 = CARTESIAN_POINT('',(13.917263749195,-6.027764303344,9.05277903031
    ));
#533 = CARTESIAN_POINT('',(12.959764408413,-4.018221805894,
    9.101388632115));
#534 = CARTESIAN_POINT('',(9.785614794192,-2.185625781929,9.198611431592
    ));
#535 = CARTESIAN_POINT('',(7.566550539817,-2.36117787427,9.247221033158)
  );
#536 = CARTESIAN_POINT('',(5.592006900689,-4.113908204967,9.295836139484
    ));
#537 = CARTESIAN_POINT('',(5.086059603071,-7.186866524043,9.344440399332
    ));
#538 = CARTESIAN_POINT('',(7.197614814317,-9.93870083015,9.393059664826)
  );
#539 = CARTESIAN_POINT('',(10.296815174249,-10.2453323689,9.441663923013
    ));
#540 = CARTESIAN_POINT('',(12.500871047059,-8.791710167116,
    9.490279031901));
#541 = CARTESIAN_POINT('',(13.244777897654,-6.693694763399,
    9.538888630997));
#542 = CARTESIAN_POINT('',(12.29615625613,-3.153390970757,9.636111433937
    ));
#543 = CARTESIAN_POINT('',(10.602906801322,-1.70840966443,9.684721020492
    ));
#544 = CARTESIAN_POINT('',(7.967326094915,-1.551563967186,9.733336172613
    ));
#545 = CARTESIAN_POINT('',(5.436657678423,-3.366714873336,9.781940338972
    ));
#546 = CARTESIAN_POINT('',(4.983911966519,-6.805650572127,9.830559748793
    ));
#547 = CARTESIAN_POINT('',(6.958556343882,-9.213937413627,9.879163830638
    ));
#548 = CARTESIAN_POINT('',(9.544925287254,-9.744574141035,9.927779113211
    ));
#549 = CARTESIAN_POINT('',(11.554467806048,-8.78707480879,9.976388573964
    ));
#550 = CARTESIAN_POINT('',(12.470765804414,-7.199999996233,
    10.025000063686));
#551 = PCURVE('',#168,#552);
#552 = DEFINITIONAL_REPRESENTATION('',(#553),#557);
#553 = LINE('',#554,#555);
#554 = CARTESIAN_POINT('',(0.,0.));
#555 = VECTOR('',#556,1.);
#556 = DIRECTION('',(0.,1.));
#557 = ( GEOMETRIC_REPRESENTATION_CONTEXT(2) 
PARAMETRIC_REPRESENTATION_CONTEXT() REPRESENTATION_CONTEXT('2D SPACE',''
  ) );
#558 = PCURVE('',#559,#692);
#559 = B_SPLINE_SURFACE_WITH_KNOTS('',1,9,(
    (#560,#561,#562,#563,#564,#565,#566,#567,#568,#569,#570,#571,#572
      ,#573,#574,#575,#576,#577,#578,#579,#580,#581,#582,#583,#584,#585
      ,#586,#587,#588,#589,#590,#591,#592,#593,#594,#595,#596,#597,#598
      ,#599,#600,#601,#602,#603,#604,#605,#606,#607,#608,#609,#610,#611
      ,#612,#613,#614,#615,#616,#617,#618,#619,#620,#621,#622,#623,#624
      ,#625)
    ,(#626,#627,#628,#629,#630,#631,#632,#633,#634,#635,#636,#637,#638
      ,#639,#640,#641,#642,#643,#644,#645,#646,#647,#648,#649,#650,#651
      ,#652,#653,#654,#655,#656,#657,#658,#659,#660,#661,#662,#663,#664
      ,#665,#666,#667,#668,#669,#670,#671,#672,#673,#674,#675,#676,#677
      ,#678,#679,#680,#681,#682,#683,#684,#685,#686,#687,#688,#689,#690
      ,#691
    )),.UNSPECIFIED.,.F.,.F.,.F.,(2,2),(10,8,8,8,8,8,8,8,10),(0.,5.E-02)
  ,(0.,5.515167243913,11.030334487827,16.54550173174,22.060668975654,
    27.575836219567,33.091003463481,38.606170707394,44.121337951308),
  .UNSPECIFIED.);
#560 = CARTESIAN_POINT('',(12.470765814496,-7.2,6.475));
#561 = CARTESIAN_POINT('',(13.387063924876,-5.612925244626,
    6.523611489713));
#562 = CARTESIAN_POINT('',(13.211511412003,-3.393860699292,
    6.572220950486));
#563 = CARTESIAN_POINT('',(11.458782049174,-1.419317846443,
    6.620836233031));
#564 = CARTESIAN_POINT('',(8.385822265574,-0.913369069356,6.669440314902
    ));
#565 = CARTESIAN_POINT('',(5.633989433411,-3.024926212545,6.71805972471)
  );
#566 = CARTESIAN_POINT('',(5.327356842304,-6.124124813647,6.766663891068
    ));
#567 = CARTESIAN_POINT('',(6.780979557632,-8.328181819155,6.815279043196
    ));
#568 = CARTESIAN_POINT('',(8.878994811291,-9.072088212675,6.863888629746
    ));
#569 = CARTESIAN_POINT('',(12.419298666683,-8.123466755235,
    6.961111432686));
#570 = CARTESIAN_POINT('',(13.864279884652,-6.430216817581,
    7.009721031787));
#571 = CARTESIAN_POINT('',(14.021125704613,-3.794637330235,
    7.058336140665));
#572 = CARTESIAN_POINT('',(12.205974817568,-1.263966846471,
    7.106940398862));
#573 = CARTESIAN_POINT('',(8.767038783948,-0.811223541448,7.155559664354
    ));
#574 = CARTESIAN_POINT('',(6.35875245398,-2.785865919256,7.204163924195)
  );
#575 = CARTESIAN_POINT('',(5.828115277763,-5.372236045811,7.25277903053)
  );
#576 = CARTESIAN_POINT('',(6.785614835494,-7.381778116574,7.301388632091
    ));
#577 = CARTESIAN_POINT('',(9.959764364375,-9.214374314286,7.398611431569
    ));
#578 = CARTESIAN_POINT('',(12.178828895501,-9.038821819476,
    7.447221033373));
#579 = CARTESIAN_POINT('',(14.153371766184,-7.286092433972,
    7.495836138864));
#580 = CARTESIAN_POINT('',(14.659320525164,-4.213132673393,
    7.544440400506));
#581 = CARTESIAN_POINT('',(12.547763396799,-1.461299822387,7.59305966316
    ));
#582 = CARTESIAN_POINT('',(9.448564786088,-1.154667243489,7.641663924861
    ));
#583 = CARTESIAN_POINT('',(7.244507785292,-2.608289952834,7.69027903027)
  );
#584 = CARTESIAN_POINT('',(6.500601390226,-4.706305208455,7.73888863214)
  );
#585 = CARTESIAN_POINT('',(7.449222848022,-8.246609063394,7.836111431545
    ));
#586 = CARTESIAN_POINT('',(9.142472785401,-9.691590281718,7.884721033409
    ));
#587 = CARTESIAN_POINT('',(11.778052273089,-9.848436101234,
    7.933336138825));
#588 = CARTESIAN_POINT('',(14.308722756504,-8.033285214638,
    7.981940400539));
#589 = CARTESIAN_POINT('',(14.76146606182,-4.594349180655,8.030559663141
    ));
#590 = CARTESIAN_POINT('',(12.786823683814,-2.186062850917,
    8.079163924868));
#591 = CARTESIAN_POINT('',(10.200453557361,-1.655425674591,
    8.127779030269));
#592 = CARTESIAN_POINT('',(8.190911486562,-2.612925232357,8.176388632141
    ));
#593 = CARTESIAN_POINT('',(6.35831528886,-5.787074761231,8.273611431544)
  );
#594 = CARTESIAN_POINT('',(6.53386778366,-8.006139292358,8.322221033413)
  );
#595 = CARTESIAN_POINT('',(8.28659716918,-9.980682163044,8.370836138819)
  );
#596 = CARTESIAN_POINT('',(11.35955692974,-10.48663092202,8.419440400541
    ));
#597 = CARTESIAN_POINT('',(14.111389780762,-8.375073793654,
    8.468059663144));
#598 = CARTESIAN_POINT('',(14.418022359651,-5.27587518295,8.516663924864
    ));
#599 = CARTESIAN_POINT('',(12.964399650309,-3.071818182146,
    8.565279030272));
#600 = CARTESIAN_POINT('',(10.866384394688,-2.327911787084,8.61388863214
    ));
#601 = CARTESIAN_POINT('',(7.326080539749,-3.27653324488,8.711111431544)
  );
#602 = CARTESIAN_POINT('',(5.881099321424,-4.969783182255,8.759721033413
    ));
#603 = CARTESIAN_POINT('',(5.724253501911,-7.605362669953,8.808336138825
    ));
#604 = CARTESIAN_POINT('',(7.539404388499,-10.13603315335,8.856940400522
    ));
#605 = CARTESIAN_POINT('',(10.978340422497,-10.58877645868,
    8.905559663179));
#606 = CARTESIAN_POINT('',(13.386626752216,-8.614134080671,
    8.954163924821));
#607 = CARTESIAN_POINT('',(13.917263928559,-6.02776395422,9.00277903031)
  );
#608 = CARTESIAN_POINT('',(12.959764370782,-4.018221883418,
    9.051388632115));
#609 = CARTESIAN_POINT('',(9.785614841918,-2.185625685722,9.148611431592
    ));
#610 = CARTESIAN_POINT('',(7.56655031075,-2.361178180488,9.197221033158)
  );
#611 = CARTESIAN_POINT('',(5.592007440189,-4.113907566115,9.245836139484
    ));
#612 = CARTESIAN_POINT('',(5.086058680959,-7.186867326457,9.294440399331
    ));
#613 = CARTESIAN_POINT('',(7.197615809714,-9.938700177813,9.343059664827
    ));
#614 = CARTESIAN_POINT('',(10.296814419945,-10.24533275629,
    9.391663923012));
#615 = CARTESIAN_POINT('',(12.500871421213,-8.791710047353,
    9.440279031901));
#616 = CARTESIAN_POINT('',(13.244777815907,-6.693694791415,
    9.488888630997));
#617 = CARTESIAN_POINT('',(12.29615635858,-3.15339093688,9.586111433937)
  );
#618 = CARTESIAN_POINT('',(10.602906419173,-1.708409716805,
    9.634721020492));
#619 = CARTESIAN_POINT('',(7.967326937675,-1.551563902631,9.683336172613
    ));
#620 = CARTESIAN_POINT('',(5.436656441614,-3.366714778319,9.731940338972
    ));
#621 = CARTESIAN_POINT('',(4.983913155831,-6.805650829143,9.780559748794
    ));
#622 = CARTESIAN_POINT('',(6.958555509965,-9.213937138304,9.829163830637
    ));
#623 = CARTESIAN_POINT('',(9.544925659931,-9.744574334895,9.877779113211
    ));
#624 = CARTESIAN_POINT('',(11.554467712004,-8.787074760991,
    9.926388573964));
#625 = CARTESIAN_POINT('',(12.470765822799,-7.200000006847,
    9.975000063686));
#626 = CARTESIAN_POINT('',(12.470765814496,-7.2,6.525));
#627 = CARTESIAN_POINT('',(13.387063811593,-5.612925187699,
    6.573611489713));
#628 = CARTESIAN_POINT('',(13.211511742599,-3.393860941424,
    6.622220950486));
#629 = CARTESIAN_POINT('',(11.458781382561,-1.419317292208,6.67083623303
    ));
#630 = CARTESIAN_POINT('',(8.38582309333,-0.913370004689,6.719440314903)
  );
#631 = CARTESIAN_POINT('',(5.633988762714,-3.024925207874,6.768059724709
    ));
#632 = CARTESIAN_POINT('',(5.327357239941,-6.124125572778,6.816663891068
    ));
#633 = CARTESIAN_POINT('',(6.780979433791,-8.328181443417,6.865279043196
    ));
#634 = CARTESIAN_POINT('',(8.878994840209,-9.072088294477,6.913888629746
    ));
#635 = CARTESIAN_POINT('',(12.419298632052,-8.123466653283,
    7.011111432686));
#636 = CARTESIAN_POINT('',(13.864279939766,-6.43021719632,7.059721031787
    ));
#637 = CARTESIAN_POINT('',(14.021125633603,-3.794636496776,
    7.108336140664));
#638 = CARTESIAN_POINT('',(12.205974733815,-1.263968066066,
    7.156940398863));
#639 = CARTESIAN_POINT('',(8.767039025628,-0.81122237626,7.205559664353)
  );
#640 = CARTESIAN_POINT('',(6.358752195332,-2.785866726526,7.254163924196
    ));
#641 = CARTESIAN_POINT('',(5.828115457042,-5.372235696641,7.30277903053)
  );
#642 = CARTESIAN_POINT('',(6.785614797884,-7.38177819411,7.351388632091)
  );
#643 = CARTESIAN_POINT('',(9.959764412082,-9.214374218067,7.448611431569
    ));
#644 = CARTESIAN_POINT('',(12.178828666512,-9.038822125747,
    7.497221033373));
#645 = CARTESIAN_POINT('',(14.153372305489,-7.286091794993,
    7.545836138864));
#646 = CARTESIAN_POINT('',(14.659319603404,-4.213133476029,
    7.594440400506));
#647 = CARTESIAN_POINT('',(12.54776439171,-1.46129916975,7.64305966316)
  );
#648 = CARTESIAN_POINT('',(9.448564032318,-1.154667631211,7.691663924861
    ));
#649 = CARTESIAN_POINT('',(7.244508158979,-2.608289832786,7.74027903027)
  );
#650 = CARTESIAN_POINT('',(6.500601308803,-4.706305236671,7.78888863214)
  );
#651 = CARTESIAN_POINT('',(7.449222949794,-8.246609029098,7.886111431545
    ));
#652 = CARTESIAN_POINT('',(9.142472406916,-9.691590336354,7.934721033409
    ));
#653 = CARTESIAN_POINT('',(11.778053106261,-9.848436030765,
    7.983336138824));
#654 = CARTESIAN_POINT('',(14.308721537172,-8.033285130393,
    8.031940400539));
#655 = CARTESIAN_POINT('',(14.761467226813,-4.594349422688,
    8.080559663141));
#656 = CARTESIAN_POINT('',(12.786822876655,-2.186062592077,
    8.129163924869));
#657 = CARTESIAN_POINT('',(10.200453906487,-1.655425853943,
    8.177779030269));
#658 = CARTESIAN_POINT('',(8.190911409036,-2.612925194733,8.226388632141
    ));
#659 = CARTESIAN_POINT('',(6.358315385074,-5.787074808943,8.323611431544
    ));
#660 = CARTESIAN_POINT('',(6.533867477399,-8.006139063364,8.372221033413
    ));
#661 = CARTESIAN_POINT('',(8.286597808146,-9.980682702354,8.420836138818
    ));
#662 = CARTESIAN_POINT('',(11.359556127115,-10.48663000025,
    8.469440400542));
#663 = CARTESIAN_POINT('',(14.111390433392,-8.375074788572,
    8.518059663142));
#664 = CARTESIAN_POINT('',(14.418021971931,-5.275874429173,
    8.566663924865));
#665 = CARTESIAN_POINT('',(12.964399770357,-3.071818555837,
    8.615279030272));
#666 = CARTESIAN_POINT('',(10.866384366472,-2.327911705661,8.66388863214
    ));
#667 = CARTESIAN_POINT('',(7.326080574045,-3.276533346651,8.761111431544
    ));
#668 = CARTESIAN_POINT('',(5.88109926679,-4.969782803775,8.809721033413)
  );
#669 = CARTESIAN_POINT('',(5.724253572374,-7.605363503115,8.858336138825
    ));
#670 = CARTESIAN_POINT('',(7.539404472753,-10.13603193403,8.906940400522
    ));
#671 = CARTESIAN_POINT('',(10.978340180451,-10.58877762367,
    8.955559663179));
#672 = CARTESIAN_POINT('',(13.38662701107,-8.614133273511,9.004163924821
    ));
#673 = CARTESIAN_POINT('',(13.917263749195,-6.027764303344,9.05277903031
    ));
#674 = CARTESIAN_POINT('',(12.959764408413,-4.018221805894,
    9.101388632115));
#675 = CARTESIAN_POINT('',(9.785614794192,-2.185625781929,9.198611431592
    ));
#676 = CARTESIAN_POINT('',(7.566550539817,-2.36117787427,9.247221033158)
  );
#677 = CARTESIAN_POINT('',(5.592006900689,-4.113908204967,9.295836139484
    ));
#678 = CARTESIAN_POINT('',(5.086059603071,-7.186866524043,9.344440399332
    ));
#679 = CARTESIAN_POINT('',(7.197614814317,-9.93870083015,9.393059664826)
  );
#680 = CARTESIAN_POINT('',(10.296815174249,-10.2453323689,9.441663923013
    ));
#681 = CARTESIAN_POINT('',(12.500871047059,-8.791710167116,
    9.490279031901));
#682 = CARTESIAN_POINT('',(13.244777897654,-6.693694763399,
    9.538888630997));
#683 = CARTESIAN_POINT('',(12.29615625613,-3.153390970757,9.636111433937
    ));
#684 = CARTESIAN_POINT('',(10.602906801322,-1.70840966443,9.684721020492
    ));
#685 = CARTESIAN_POINT('',(7.967326094915,-1.551563967186,9.733336172613
    ));
#686 = CARTESIAN_POINT('',(5.436657678423,-3.366714873336,9.781940338972
    ));
#687 = CARTESIAN_POINT('',(4.983911966519,-6.805650572127,9.830559748793
    ));
#688 = CARTESIAN_POINT('',(6.958556343882,-9.213937413627,9.879163830638
    ));
#689 = CARTESIAN_POINT('',(9.544925287254,-9.744574141035,9.927779113211
    ));
#690 = CARTESIAN_POINT('',(11.554467806048,-8.78707480879,9.976388573964
    ));
#691 = CARTESIAN_POINT('',(12.470765804414,-7.199999996233,
    10.025000063686));
#692 = DEFINITIONAL_REPRESENTATION('',(#693),#697);
#693 = LINE('',#694,#695);
#694 = CARTESIAN_POINT('',(5.E-02,0.));
#695 = VECTOR('',#696,1.);
#696 = DIRECTION('',(0.,1.));
#697 = ( GEOMETRIC_REPRESENTATION_CONTEXT(2) 
PARAMETRIC_REPRESENTATION_CONTEXT() REPRESENTATION_CONTEXT('2D SPACE',''
  ) );
#698 = ORIENTED_EDGE('',*,*,#699,.T.);
#699 = EDGE_CURVE('',#479,#700,#702,.T.);
#700 = VERTEX_POINT('',#701);
#701 = CARTESIAN_POINT('',(12.219618447398,-7.055,6.692431578065));
#702 = SURFACE_CURVE('',#703,(#706,#713),.PCURVE_S1.);
#703 = B_SPLINE_CURVE_WITH_KNOTS('',1,(#704,#705),.UNSPECIFIED.,.F.,.F.,
  (2,2),(0.,0.346410161514),.PIECEWISE_BEZIER_KNOTS.);
#704 = CARTESIAN_POINT('',(12.470765814496,-7.2,6.525));
#705 = CARTESIAN_POINT('',(12.210958193361,-7.05,6.698205080757));
#706 = PCURVE('',#168,#707);
#707 = DEFINITIONAL_REPRESENTATION('',(#708),#712);
#708 = LINE('',#709,#710);
#709 = CARTESIAN_POINT('',(0.,0.));
#710 = VECTOR('',#711,1.);
#711 = DIRECTION('',(1.,0.));
#712 = ( GEOMETRIC_REPRESENTATION_CONTEXT(2) 
PARAMETRIC_REPRESENTATION_CONTEXT() REPRESENTATION_CONTEXT('2D SPACE',''
  ) );
#713 = PCURVE('',#714,#719);
#714 = PLANE('',#715);
#715 = AXIS2_PLACEMENT_3D('',#716,#717,#718);
#716 = CARTESIAN_POINT('',(12.301361656448,-7.102194463749,6.5));
#717 = DIRECTION('',(-0.5,-0.866025403784,4.715581680969E-16));
#718 = DIRECTION('',(-0.866025403784,0.5,0.));
#719 = DEFINITIONAL_REPRESENTATION('',(#720),#723);
#720 = B_SPLINE_CURVE_WITH_KNOTS('',1,(#721,#722),.UNSPECIFIED.,.F.,.F.,
  (2,2),(0.,0.346410161514),.PIECEWISE_BEZIER_KNOTS.);
#721 = CARTESIAN_POINT('',(-0.195611072502,-2.5E-02));
#722 = CARTESIAN_POINT('',(0.104388927498,-0.198205080757));
#723 = ( GEOMETRIC_REPRESENTATION_CONTEXT(2) 
PARAMETRIC_REPRESENTATION_CONTEXT() REPRESENTATION_CONTEXT('2D SPACE',''
  ) );
#724 = ORIENTED_EDGE('',*,*,#725,.T.);
#725 = EDGE_CURVE('',#700,#726,#728,.T.);
#726 = VERTEX_POINT('',#727);
#727 = CARTESIAN_POINT('',(12.219618447398,-7.055,7.192432644267));
#728 = SURFACE_CURVE('',#729,(#802,#878),.PCURVE_S1.);
#729 = B_SPLINE_CURVE_WITH_KNOTS('',8,(#730,#731,#732,#733,#734,#735,
    #736,#737,#738,#739,#740,#741,#742,#743,#744,#745,#746,#747,#748,
    #749,#750,#751,#752,#753,#754,#755,#756,#757,#758,#759,#760,#761,
    #762,#763,#764,#765,#766,#767,#768,#769,#770,#771,#772,#773,#774,
    #775,#776,#777,#778,#779,#780,#781,#782,#783,#784,#785,#786,#787,
    #788,#789,#790,#791,#792,#793,#794,#795,#796,#797,#798,#799,#800,
    #801),.UNSPECIFIED.,.F.,.F.,(9,7,7,7,7,7,7,7,7,7,9),(0.,
    9.6543894137E-02,0.200057860842,0.325552024767,0.423560592412,
    0.526132163993,0.697930596246,0.821851663715,0.860546137359,
    0.92898657916,1.),.UNSPECIFIED.);
#730 = CARTESIAN_POINT('',(12.219618447398,-7.055,6.692431578065));
#731 = CARTESIAN_POINT('',(12.322343177898,-6.877075547581,
    6.698464396919));
#732 = CARTESIAN_POINT('',(12.409673224118,-6.69021414891,6.704480287347
    ));
#733 = CARTESIAN_POINT('',(12.480667880757,-6.496021196577,
    6.710500126854));
#734 = CARTESIAN_POINT('',(12.5346280024,-6.296173542683,6.716528991466)
  );
#735 = CARTESIAN_POINT('',(12.571062634983,-6.092402694837,
    6.722565106098));
#736 = CARTESIAN_POINT('',(12.589678764602,-5.88648346866,6.728605312131
    ));
#737 = CARTESIAN_POINT('',(12.590394183633,-5.680228096772,
    6.734647052201));
#738 = CARTESIAN_POINT('',(12.555123939481,-5.25596193861,6.747162742395
    ));
#739 = CARTESIAN_POINT('',(12.516476653233,-5.038079656702,
    6.753639322335));
#740 = CARTESIAN_POINT('',(12.457606195193,-4.824132469772,
    6.760112062519));
#741 = CARTESIAN_POINT('',(12.379004966921,-4.616304639518,
    6.766580643366));
#742 = CARTESIAN_POINT('',(12.281429767615,-4.416680316315,
    6.773047099336));
#743 = CARTESIAN_POINT('',(12.165880453014,-4.227238603837,6.77951396964
    ));
#744 = CARTESIAN_POINT('',(12.033610677381,-4.049834540107,
    6.785982475561));
#745 = CARTESIAN_POINT('',(11.707423299777,-3.687744005315,
    6.800292443677));
#746 = CARTESIAN_POINT('',(11.506232834546,-3.509347869508,6.80814019497
    ));
#747 = CARTESIAN_POINT('',(11.285349742118,-3.35410971947,6.815988491128
    ));
#748 = CARTESIAN_POINT('',(11.047938735881,-3.224505846881,
    6.823836986205));
#749 = CARTESIAN_POINT('',(10.797439402979,-3.122473121554,6.83168504663
    ));
#750 = CARTESIAN_POINT('',(10.537527008832,-3.049451448524,6.83953207972
    ));
#751 = CARTESIAN_POINT('',(10.272120385827,-3.006326956487,6.84737773326
    ));
#752 = CARTESIAN_POINT('',(9.797067511592,-2.983038231119,6.861337680367
    ));
#753 = CARTESIAN_POINT('',(9.587811962214,-2.991146730518,6.867458574298
    ));
#754 = CARTESIAN_POINT('',(9.379558893438,-3.01768302016,6.873577217382)
  );
#755 = CARTESIAN_POINT('',(9.174200962704,-3.062492297577,6.879694187433
    ));
#756 = CARTESIAN_POINT('',(8.97358210426,-3.125197393127,6.885811154251)
  );
#757 = CARTESIAN_POINT('',(8.779491366864,-3.205213522214,6.891929832881
    ));
#758 = CARTESIAN_POINT('',(8.593650193662,-3.30173844267,6.898050920312)
  );
#759 = CARTESIAN_POINT('',(8.233544028237,-3.530911046699,6.910580138475
    ));
#760 = CARTESIAN_POINT('',(8.060141256509,-3.665081966283,6.916991071008
    ));
#761 = CARTESIAN_POINT('',(7.899377580917,-3.815043505135,6.923404165121
    ));
#762 = CARTESIAN_POINT('',(7.75291260629,-3.979386146963,6.929819127992)
  );
#763 = CARTESIAN_POINT('',(7.622203164637,-4.156518764716,6.936236034255
    ));
#764 = CARTESIAN_POINT('',(7.508507887423,-4.344688429472,6.942654514042
    ));
#765 = CARTESIAN_POINT('',(7.412865975886,-4.541979393602,6.949073116877
    ));
#766 = CARTESIAN_POINT('',(7.207390396345,-5.088495776874,6.966234646928
    ));
#767 = CARTESIAN_POINT('',(7.131253516352,-5.451169002871,6.976996468319
    ));
#768 = CARTESIAN_POINT('',(7.111930820904,-5.823916505098,6.987738532339
    ));
#769 = CARTESIAN_POINT('',(7.150385118613,-6.196376149489,6.998464988505
    ));
#770 = CARTESIAN_POINT('',(7.245858016731,-6.558451396229,7.00918866866)
  );
#771 = CARTESIAN_POINT('',(7.395508609819,-6.900412623714,7.01992691552)
  );
#772 = CARTESIAN_POINT('',(7.594765860861,-7.212884567002,7.030683154606
    ));
#773 = CARTESIAN_POINT('',(8.009881618892,-7.68584678973,7.049165809601)
  );
#774 = CARTESIAN_POINT('',(8.205954032958,-7.864783165501,7.056915244079
    ));
#775 = CARTESIAN_POINT('',(8.421542201107,-8.021431715013,7.064661554403
    ));
#776 = CARTESIAN_POINT('',(8.653645041901,-8.153368704168,7.072403032025
    ));
#777 = CARTESIAN_POINT('',(8.898990233832,-8.25867208053,7.080138467292)
  );
#778 = CARTESIAN_POINT('',(9.154067832857,-8.33588575423,7.08787144085)
  );
#779 = CARTESIAN_POINT('',(9.41512010543,-8.384076490667,7.095610760744)
  );
#780 = CARTESIAN_POINT('',(9.760264739514,-8.408918695848,7.105771431217
    ));
#781 = CARTESIAN_POINT('',(9.842593613265,-8.411978190532,7.108189744455
    ));
#782 = CARTESIAN_POINT('',(9.925011208767,-8.412177607955,7.110608948037
    ));
#783 = CARTESIAN_POINT('',(10.007403707693,-8.409514253652,
    7.113029161825));
#784 = CARTESIAN_POINT('',(10.089656235494,-8.403991091779,
    7.115450310293));
#785 = CARTESIAN_POINT('',(10.171652861408,-8.395616745111,
    7.117872122532));
#786 = CARTESIAN_POINT('',(10.253276598453,-8.384405495043,
    7.120294132246));
#787 = CARTESIAN_POINT('',(10.477912195799,-8.345565027121,
    7.126998760811));
#788 = CARTESIAN_POINT('',(10.619894610305,-8.311938865706,
    7.131283036203));
#789 = CARTESIAN_POINT('',(10.759718762696,-8.269608260257,
    7.135551574429));
#790 = CARTESIAN_POINT('',(10.896763716365,-8.218737894474,
    7.139813965731));
#791 = CARTESIAN_POINT('',(11.030426072024,-8.159543823833,
    7.144081210057));
#792 = CARTESIAN_POINT('',(11.1601216389,-8.092291937164,7.148354478519)
  );
#793 = CARTESIAN_POINT('',(11.285288187453,-8.017298728826,
    7.152627746316));
#794 = CARTESIAN_POINT('',(11.530005511398,-7.849473593857,
    7.161341622451));
#795 = CARTESIAN_POINT('',(11.649181491415,-7.756067901388,
    7.165781932628));
#796 = CARTESIAN_POINT('',(11.762316804772,-7.655127308234,
    7.170224264014));
#797 = CARTESIAN_POINT('',(11.868858573867,-7.547111158764,
    7.174667343278));
#798 = CARTESIAN_POINT('',(11.968298742596,-7.432523183179,
    7.179110195882));
#799 = CARTESIAN_POINT('',(12.060173920396,-7.311909143189,7.18355226117
    ));
#800 = CARTESIAN_POINT('',(12.144068086084,-7.185857059146,
    7.187993207926));
#801 = CARTESIAN_POINT('',(12.219618447398,-7.055,7.192432644267));
#802 = PCURVE('',#168,#803);
#803 = DEFINITIONAL_REPRESENTATION('',(#804),#877);
#804 = B_SPLINE_CURVE_WITH_KNOTS('',8,(#805,#806,#807,#808,#809,#810,
    #811,#812,#813,#814,#815,#816,#817,#818,#819,#820,#821,#822,#823,
    #824,#825,#826,#827,#828,#829,#830,#831,#832,#833,#834,#835,#836,
    #837,#838,#839,#840,#841,#842,#843,#844,#845,#846,#847,#848,#849,
    #850,#851,#852,#853,#854,#855,#856,#857,#858,#859,#860,#861,#862,
    #863,#864,#865,#866,#867,#868,#869,#870,#871,#872,#873,#874,#875,
    #876),.UNSPECIFIED.,.F.,.F.,(9,7,7,7,7,7,7,7,7,7,9),(0.,
    9.6543894137E-02,0.200057860842,0.325552024767,0.423560592412,
    0.526132163993,0.697930596246,0.821851663715,0.860546137359,
    0.92898657916,1.),.UNSPECIFIED.);
#805 = CARTESIAN_POINT('',(0.33486315613,0.));
#806 = CARTESIAN_POINT('',(0.334863086316,7.605128985463E-02));
#807 = CARTESIAN_POINT('',(0.334827839541,0.152110526933));
#808 = CARTESIAN_POINT('',(0.33480171683,0.228161849116));
#809 = CARTESIAN_POINT('',(0.334794510228,0.304207634479));
#810 = CARTESIAN_POINT('',(0.334801132497,0.380257630462));
#811 = CARTESIAN_POINT('',(0.334814084034,0.456319319118));
#812 = CARTESIAN_POINT('',(0.334828757007,0.532389518411));
#813 = CARTESIAN_POINT('',(0.334855321946,0.689995974371));
#814 = CARTESIAN_POINT('',(0.334867145744,0.771565816279));
#815 = CARTESIAN_POINT('',(0.334872739439,0.853126554598));
#816 = CARTESIAN_POINT('',(0.334872106524,0.934674129577));
#817 = CARTESIAN_POINT('',(0.334867747781,1.016218413038));
#818 = CARTESIAN_POINT('',(0.33486298377,1.097770474908));
#819 = CARTESIAN_POINT('',(0.334860414675,1.179329315652));
#820 = CARTESIAN_POINT('',(0.33486064217,1.359720784305));
#821 = CARTESIAN_POINT('',(0.334864785695,1.458624199291));
#822 = CARTESIAN_POINT('',(0.334874388644,1.557500052399));
#823 = CARTESIAN_POINT('',(0.334887706412,1.6563549795));
#824 = CARTESIAN_POINT('',(0.334899694495,1.755212795735));
#825 = CARTESIAN_POINT('',(0.334905618747,1.854095877532));
#826 = CARTESIAN_POINT('',(0.334904256391,1.953007498906));
#827 = CARTESIAN_POINT('',(0.334890537779,2.129074365228));
#828 = CARTESIAN_POINT('',(0.334880673045,2.206297108048));
#829 = CARTESIAN_POINT('',(0.334867364253,2.283513190976));
#830 = CARTESIAN_POINT('',(0.334852107956,2.360720466363));
#831 = CARTESIAN_POINT('',(0.334836974483,2.437926934466));
#832 = CARTESIAN_POINT('',(0.334824078686,2.515140884101));
#833 = CARTESIAN_POINT('',(0.334815039323,2.59236089642));
#834 = CARTESIAN_POINT('',(0.334805600058,2.750364966774));
#835 = CARTESIAN_POINT('',(0.334805621982,2.831181685992));
#836 = CARTESIAN_POINT('',(0.334811295644,2.911990030775));
#837 = CARTESIAN_POINT('',(0.334822223113,2.992788814885));
#838 = CARTESIAN_POINT('',(0.334836831167,3.073588892554));
#839 = CARTESIAN_POINT('',(0.334852739065,3.154400605378));
#840 = CARTESIAN_POINT('',(0.334867468641,3.235221288105));
#841 = CARTESIAN_POINT('',(0.334899642659,3.451358370941));
#842 = CARTESIAN_POINT('',(0.334912186856,3.586943826286));
#843 = CARTESIAN_POINT('',(0.334909632004,3.722375372642));
#844 = CARTESIAN_POINT('',(0.334889570513,3.857720510496));
#845 = CARTESIAN_POINT('',(0.334864882633,3.993059838374));
#846 = CARTESIAN_POINT('',(0.334856079226,4.128482722895));
#847 = CARTESIAN_POINT('',(0.334858681087,4.264060569948));
#848 = CARTESIAN_POINT('',(0.33486682244,4.49700349906));
#849 = CARTESIAN_POINT('',(0.334871380253,4.594664940092));
#850 = CARTESIAN_POINT('',(0.334873223307,4.692304100319));
#851 = CARTESIAN_POINT('',(0.334867887444,4.789927561068));
#852 = CARTESIAN_POINT('',(0.334849789698,4.887555241142));
#853 = CARTESIAN_POINT('',(0.334823455005,4.985203739231));
#854 = CARTESIAN_POINT('',(0.334806756828,5.082871440932));
#855 = CARTESIAN_POINT('',(0.334806345469,5.210960247262));
#856 = CARTESIAN_POINT('',(0.334807726885,5.241436990184));
#857 = CARTESIAN_POINT('',(0.334811009623,5.271912977535));
#858 = CARTESIAN_POINT('',(0.334816295374,5.3023890826));
#859 = CARTESIAN_POINT('',(0.334823365499,5.33286573577));
#860 = CARTESIAN_POINT('',(0.334831681026,5.363342924536));
#861 = CARTESIAN_POINT('',(0.334840382651,5.393820193498));
#862 = CARTESIAN_POINT('',(0.334862278091,5.478201545105));
#863 = CARTESIAN_POINT('',(0.334877832756,5.532111814754));
#864 = CARTESIAN_POINT('',(0.334862165378,5.586020475189));
#865 = CARTESIAN_POINT('',(0.334834865398,5.639924786588));
#866 = CARTESIAN_POINT('',(0.334817617268,5.693826736691));
#867 = CARTESIAN_POINT('',(0.33481205667,5.747730913377));
#868 = CARTESIAN_POINT('',(0.334805766734,5.801639760561));
#869 = CARTESIAN_POINT('',(0.33480708611,5.911479256506));
#870 = CARTESIAN_POINT('',(0.334812885034,5.967416659412));
#871 = CARTESIAN_POINT('',(0.334823256847,6.023354728433));
#872 = CARTESIAN_POINT('',(0.334834153004,6.079292876757));
#873 = CARTESIAN_POINT('',(0.334844651274,6.135232407896));
#874 = CARTESIAN_POINT('',(0.33485421485,6.191174228869));
#875 = CARTESIAN_POINT('',(0.33486007037,6.247116686005));
#876 = CARTESIAN_POINT('',(0.334864185379,6.303054712231));
#877 = ( GEOMETRIC_REPRESENTATION_CONTEXT(2) 
PARAMETRIC_REPRESENTATION_CONTEXT() REPRESENTATION_CONTEXT('2D SPACE',''
  ) );
#878 = PCURVE('',#879,#884);
#879 = CYLINDRICAL_SURFACE('',#880,2.71);
#880 = AXIS2_PLACEMENT_3D('',#881,#882,#883);
#881 = CARTESIAN_POINT('',(9.872689603143,-5.7,5.675));
#882 = DIRECTION('',(0.,0.,1.));
#883 = DIRECTION('',(0.866025403784,-0.5,0.));
#884 = DEFINITIONAL_REPRESENTATION('',(#885),#958);
#885 = B_SPLINE_CURVE_WITH_KNOTS('',8,(#886,#887,#888,#889,#890,#891,
    #892,#893,#894,#895,#896,#897,#898,#899,#900,#901,#902,#903,#904,
    #905,#906,#907,#908,#909,#910,#911,#912,#913,#914,#915,#916,#917,
    #918,#919,#920,#921,#922,#923,#924,#925,#926,#927,#928,#929,#930,
    #931,#932,#933,#934,#935,#936,#937,#938,#939,#940,#941,#942,#943,
    #944,#945,#946,#947,#948,#949,#950,#951,#952,#953,#954,#955,#956,
    #957),.UNSPECIFIED.,.F.,.F.,(9,7,7,7,7,7,7,7,7,7,9),(0.,
    9.6543894137E-02,0.200057860842,0.325552024767,0.423560592412,
    0.526132163993,0.697930596246,0.821851663715,0.860546137359,
    0.92898657916,1.),.UNSPECIFIED.);
#886 = CARTESIAN_POINT('',(0.,1.017431578065));
#887 = CARTESIAN_POINT('',(7.581160922459E-02,1.023464396919));
#888 = CARTESIAN_POINT('',(0.151638519687,1.029480287347));
#889 = CARTESIAN_POINT('',(0.22745948308,1.035500126854));
#890 = CARTESIAN_POINT('',(0.303272339443,1.041528991466));
#891 = CARTESIAN_POINT('',(0.37908457889,1.047565106098));
#892 = CARTESIAN_POINT('',(0.454903952118,1.053605312131));
#893 = CARTESIAN_POINT('',(0.530729129705,1.059647052201));
#894 = CARTESIAN_POINT('',(0.687824953732,1.072162742395));
#895 = CARTESIAN_POINT('',(0.769128922568,1.078639322335));
#896 = CARTESIAN_POINT('',(0.850424175849,1.085112062519));
#897 = CARTESIAN_POINT('',(0.931708662881,1.091580643366));
#898 = CARTESIAN_POINT('',(1.012993332021,1.098047099336));
#899 = CARTESIAN_POINT('',(1.094289126601,1.10451396964));
#900 = CARTESIAN_POINT('',(1.175594067888,1.110982475561));
#901 = CARTESIAN_POINT('',(1.355427159947,1.125292443677));
#902 = CARTESIAN_POINT('',(1.454026526115,1.13314019497));
#903 = CARTESIAN_POINT('',(1.552598722314,1.140988491128));
#904 = CARTESIAN_POINT('',(1.651148017465,1.148836986205));
#905 = CARTESIAN_POINT('',(1.749696960946,1.15668504663));
#906 = CARTESIAN_POINT('',(1.848268118497,1.16453207972));
#907 = CARTESIAN_POINT('',(1.946865879325,1.17237773326));
#908 = CARTESIAN_POINT('',(2.12237266101,1.186337680367));
#909 = CARTESIAN_POINT('',(2.199349274777,1.192458574298));
#910 = CARTESIAN_POINT('',(2.276319285619,1.198577217382));
#911 = CARTESIAN_POINT('',(2.353281088728,1.204694187433));
#912 = CARTESIAN_POINT('',(2.430242979409,1.210811154251));
#913 = CARTESIAN_POINT('',(2.507213228482,1.216929832881));
#914 = CARTESIAN_POINT('',(2.584190163824,1.223050920312));
#915 = CARTESIAN_POINT('',(2.741697491505,1.235580138475));
#916 = CARTESIAN_POINT('',(2.822260466584,1.241991071008));
#917 = CARTESIAN_POINT('',(2.902815060027,1.248404165121));
#918 = CARTESIAN_POINT('',(2.983359553649,1.254819127992));
#919 = CARTESIAN_POINT('',(3.063904382281,1.261236034255));
#920 = CARTESIAN_POINT('',(3.144459791747,1.267654514042));
#921 = CARTESIAN_POINT('',(3.225023406891,1.274073116877));
#922 = CARTESIAN_POINT('',(3.440472388723,1.291234646928));
#923 = CARTESIAN_POINT('',(3.575625509344,1.301996468319));
#924 = CARTESIAN_POINT('',(3.710626885838,1.312738532339));
#925 = CARTESIAN_POINT('',(3.845547278534,1.323464988505));
#926 = CARTESIAN_POINT('',(3.980470758865,1.33418866866));
#927 = CARTESIAN_POINT('',(4.115480681745,1.34492691552));
#928 = CARTESIAN_POINT('',(4.250640603585,1.355683154606));
#929 = CARTESIAN_POINT('',(4.482853413895,1.374165809601));
#930 = CARTESIAN_POINT('',(4.580205075115,1.381915244079));
#931 = CARTESIAN_POINT('',(4.677529954862,1.389661554403));
#932 = CARTESIAN_POINT('',(4.774834568614,1.397403032025));
#933 = CARTESIAN_POINT('',(4.872141650708,1.405138467292));
#934 = CARTESIAN_POINT('',(4.969472692786,1.41287144085));
#935 = CARTESIAN_POINT('',(5.066830038953,1.420610760744));
#936 = CARTESIAN_POINT('',(5.194519154512,1.430771431217));
#937 = CARTESIAN_POINT('',(5.224901344611,1.433189744455));
#938 = CARTESIAN_POINT('',(5.255283289097,1.435608948037));
#939 = CARTESIAN_POINT('',(5.285665766663,1.438029161825));
#940 = CARTESIAN_POINT('',(5.316049062423,1.440450310293));
#941 = CARTESIAN_POINT('',(5.346432967905,1.442872122532));
#942 = CARTESIAN_POINT('',(5.376816781052,1.445294132246));
#943 = CARTESIAN_POINT('',(5.460938076906,1.451998760811));
#944 = CARTESIAN_POINT('',(5.514678125999,1.456283036203));
#945 = CARTESIAN_POINT('',(5.56841722322,1.460551574429));
#946 = CARTESIAN_POINT('',(5.622155580664,1.464813965731));
#947 = CARTESIAN_POINT('',(5.675894488994,1.469081210057));
#948 = CARTESIAN_POINT('',(5.729634927559,1.473354478519));
#949 = CARTESIAN_POINT('',(5.783376148459,1.477627746316));
#950 = CARTESIAN_POINT('',(5.89287257304,1.486341622451));
#951 = CARTESIAN_POINT('',(5.948633439102,1.490781932628));
#952 = CARTESIAN_POINT('',(6.004392699571,1.495224264014));
#953 = CARTESIAN_POINT('',(6.060150502696,1.499667343278));
#954 = CARTESIAN_POINT('',(6.115908436733,1.504110195882));
#955 = CARTESIAN_POINT('',(6.171667923893,1.50855226117));
#956 = CARTESIAN_POINT('',(6.227428584618,1.512993207926));
#957 = CARTESIAN_POINT('',(6.28318530718,1.517432644267));
#958 = ( GEOMETRIC_REPRESENTATION_CONTEXT(2) 
PARAMETRIC_REPRESENTATION_CONTEXT() REPRESENTATION_CONTEXT('2D SPACE',''
  ) );
#959 = ORIENTED_EDGE('',*,*,#960,.T.);
#960 = EDGE_CURVE('',#726,#961,#963,.T.);
#961 = VERTEX_POINT('',#962);
#962 = CARTESIAN_POINT('',(12.219618447398,-7.055,7.692438738947));
#963 = SURFACE_CURVE('',#964,(#1030,#1099),.PCURVE_S1.);
#964 = B_SPLINE_CURVE_WITH_KNOTS('',8,(#965,#966,#967,#968,#969,#970,
    #971,#972,#973,#974,#975,#976,#977,#978,#979,#980,#981,#982,#983,
    #984,#985,#986,#987,#988,#989,#990,#991,#992,#993,#994,#995,#996,
    #997,#998,#999,#1000,#1001,#1002,#1003,#1004,#1005,#1006,#1007,#1008
    ,#1009,#1010,#1011,#1012,#1013,#1014,#1015,#1016,#1017,#1018,#1019,
    #1020,#1021,#1022,#1023,#1024,#1025,#1026,#1027,#1028,#1029),
  .UNSPECIFIED.,.F.,.F.,(9,7,7,7,7,7,7,7,7,9),(0.,0.105993244177,
    0.202720871884,0.300739371049,0.403897693517,0.575519519594,
    0.744494880084,0.818677975769,0.906921464614,1.),.UNSPECIFIED.);
#965 = CARTESIAN_POINT('',(12.219618447398,-7.055,7.192432644267));
#966 = CARTESIAN_POINT('',(12.332390316485,-6.859673393077,
    7.199059262456));
#967 = CARTESIAN_POINT('',(12.426617571567,-6.653560845108,7.20568518901
    ));
#968 = CARTESIAN_POINT('',(12.50104327951,-6.438796977006,7.212307705435
    ));
#969 = CARTESIAN_POINT('',(12.55477057638,-6.21761757994,7.218928142978)
  );
#970 = CARTESIAN_POINT('',(12.587206434193,-5.992331543277,
    7.225549197281));
#971 = CARTESIAN_POINT('',(12.598044209013,-5.765301154263,
    7.232172872255));
#972 = CARTESIAN_POINT('',(12.587284970387,-5.538930769452,
    7.238799053204));
#973 = CARTESIAN_POINT('',(12.526106494281,-5.111914280526,
    7.251471169848));
#974 = CARTESIAN_POINT('',(12.479223616741,-4.910658907302,
    7.257519811365));
#975 = CARTESIAN_POINT('',(12.414902699159,-4.71374873708,7.263568648457
    ));
#976 = CARTESIAN_POINT('',(12.33363239215,-4.522943511639,7.269616621789
    ));
#977 = CARTESIAN_POINT('',(12.236100764544,-4.339917985842,7.2756633589)
  );
#978 = CARTESIAN_POINT('',(12.12318062528,-4.166258268418,7.281708774344
    ));
#979 = CARTESIAN_POINT('',(11.995935679911,-4.00344823334,7.287752509021
    ));
#980 = CARTESIAN_POINT('',(11.713487158252,-3.70023391923,7.29991452411)
  );
#981 = CARTESIAN_POINT('',(11.557875447634,-3.560095773076,
    7.306035162757));
#982 = CARTESIAN_POINT('',(11.390129334173,-3.433862512527,
    7.312153629155));
#983 = CARTESIAN_POINT('',(11.211713105781,-3.322743280557,
    7.318270544681));
#984 = CARTESIAN_POINT('',(11.024211232454,-3.227753882068,
    7.324387597952));
#985 = CARTESIAN_POINT('',(10.82931365875,-3.149723055351,7.33050649115)
  );
#986 = CARTESIAN_POINT('',(10.628813550281,-3.089276546861,
    7.336627882311));
#987 = CARTESIAN_POINT('',(10.209713952781,-3.00209402429,7.349193808992
    ));
#988 = CARTESIAN_POINT('',(9.990621221855,-2.977272101669,7.355641254561
    ));
#989 = CARTESIAN_POINT('',(9.769562512863,-2.972811490233,7.362090879019
    ));
#990 = CARTESIAN_POINT('',(9.548747985605,-2.988860278149,7.368542294748
    ));
#991 = CARTESIAN_POINT('',(9.33036799529,-3.025288645318,7.37499551833)
  );
#992 = CARTESIAN_POINT('',(9.116582248789,-3.081707112683,7.381450152877
    ));
#993 = CARTESIAN_POINT('',(8.90950487011,-3.157450768511,7.387904742147)
  );
#994 = CARTESIAN_POINT('',(8.381246373862,-3.408045770491,7.405089580012
    ));
#995 = CARTESIAN_POINT('',(8.074794326249,-3.615667237943,7.415838762015
    ));
#996 = CARTESIAN_POINT('',(7.802115088062,-3.869916027519,7.426568121502
    ));
#997 = CARTESIAN_POINT('',(7.571082705527,-4.164027273109,7.437281960207
    ));
#998 = CARTESIAN_POINT('',(7.388145897624,-4.490235784502,7.447993688714
    ));
#999 = CARTESIAN_POINT('',(7.258005130372,-4.839603040969,7.458720151144
    ));
#1000 = CARTESIAN_POINT('',(7.183875649918,-5.202259100904,
    7.469464370836));
#1001 = CARTESIAN_POINT('',(7.148309881586,-5.92614201825,7.490750988526
    ));
#1002 = CARTESIAN_POINT('',(7.185092311779,-6.288549124346,
    7.501330484961));
#1003 = CARTESIAN_POINT('',(7.277138172451,-6.643638161236,7.51189550039
    ));
#1004 = CARTESIAN_POINT('',(7.422385581272,-6.981728590852,
    7.522444874093));
#1005 = CARTESIAN_POINT('',(7.617261251214,-7.293860078069,
    7.532977027746));
#1006 = CARTESIAN_POINT('',(7.856446470527,-7.571988145492,7.54352291529
    ));
#1007 = CARTESIAN_POINT('',(8.133161851359,-7.808893170661,7.55414064612
    ));
#1008 = CARTESIAN_POINT('',(8.572152107594,-8.082775805349,
    7.569347827459));
#1009 = CARTESIAN_POINT('',(8.711648338975,-8.157420528205,
    7.573980991746));
#1010 = CARTESIAN_POINT('',(8.856018081884,-8.222717263646,
    7.578593580307));
#1011 = CARTESIAN_POINT('',(9.004514979213,-8.27829263701,7.58323088307)
  );
#1012 = CARTESIAN_POINT('',(9.156388286549,-8.323858802656,
    7.587853350239));
#1013 = CARTESIAN_POINT('',(9.310845304333,-8.359184822506,
    7.592490753554));
#1014 = CARTESIAN_POINT('',(9.467080616146,-8.384119340621,
    7.597127580858));
#1015 = CARTESIAN_POINT('',(9.811234420307,-8.415801595712,
    7.607284251892));
#1016 = CARTESIAN_POINT('',(9.999593882788,-8.418211022409,
    7.612805546956));
#1017 = CARTESIAN_POINT('',(10.187936917162,-8.40568206166,
    7.618327147627));
#1018 = CARTESIAN_POINT('',(10.374880841057,-8.378248655906,
    7.623847048298));
#1019 = CARTESIAN_POINT('',(10.559064806402,-8.33609299785,
    7.629364595503));
#1020 = CARTESIAN_POINT('',(10.739153839215,-8.279537997078,
    7.63488022709));
#1021 = CARTESIAN_POINT('',(10.913845621926,-8.209053311147,
    7.640394642631));
#1022 = CARTESIAN_POINT('',(11.2591213729,-8.036906177821,7.651722223377
    ));
#1023 = CARTESIAN_POINT('',(11.429012943637,-7.933718502694,
    7.657537069254));
#1024 = CARTESIAN_POINT('',(11.590062900198,-7.816445196078,
    7.663351414723));
#1025 = CARTESIAN_POINT('',(11.740916298509,-7.685985512483,
    7.669166112701));
#1026 = CARTESIAN_POINT('',(11.880340870809,-7.543378642219,
    7.674982252157));
#1027 = CARTESIAN_POINT('',(12.007225592779,-7.389791278536,
    7.680800335793));
#1028 = CARTESIAN_POINT('',(12.120592027666,-7.226518790269,
    7.686619780267));
#1029 = CARTESIAN_POINT('',(12.219618447398,-7.055,7.692438738947));
#1030 = PCURVE('',#168,#1031);
#1031 = DEFINITIONAL_REPRESENTATION('',(#1032),#1098);
#1032 = B_SPLINE_CURVE_WITH_KNOTS('',8,(#1033,#1034,#1035,#1036,#1037,
    #1038,#1039,#1040,#1041,#1042,#1043,#1044,#1045,#1046,#1047,#1048,
    #1049,#1050,#1051,#1052,#1053,#1054,#1055,#1056,#1057,#1058,#1059,
    #1060,#1061,#1062,#1063,#1064,#1065,#1066,#1067,#1068,#1069,#1070,
    #1071,#1072,#1073,#1074,#1075,#1076,#1077,#1078,#1079,#1080,#1081,
    #1082,#1083,#1084,#1085,#1086,#1087,#1088,#1089,#1090,#1091,#1092,
    #1093,#1094,#1095,#1096,#1097),.UNSPECIFIED.,.F.,.F.,(9,7,7,7,7,7,7,
    7,7,9),(0.,0.105993244177,0.202720871884,0.300739371049,
    0.403897693517,0.575519519594,0.744494880084,0.818677975769,
    0.906921464614,1.),.UNSPECIFIED.);
#1033 = CARTESIAN_POINT('',(0.334864301245,6.303054746633));
#1034 = CARTESIAN_POINT('',(0.334870439136,6.38655184819));
#1035 = CARTESIAN_POINT('',(0.334871485307,6.470072350847));
#1036 = CARTESIAN_POINT('',(0.334867502435,6.553581580066));
#1037 = CARTESIAN_POINT('',(0.334861854645,6.637075101156));
#1038 = CARTESIAN_POINT('',(0.33485808399,6.720564559781));
#1039 = CARTESIAN_POINT('',(0.334858125292,6.80406301655));
#1040 = CARTESIAN_POINT('',(0.334861859334,6.887569775682));
#1041 = CARTESIAN_POINT('',(0.334873612301,7.04724163354));
#1042 = CARTESIAN_POINT('',(0.334881221776,7.123443424996));
#1043 = CARTESIAN_POINT('',(0.33488996313,7.199640538067));
#1044 = CARTESIAN_POINT('',(0.334897971874,7.275831373063));
#1045 = CARTESIAN_POINT('',(0.334903347051,7.35202321986));
#1046 = CARTESIAN_POINT('',(0.334904795401,7.428223156237));
#1047 = CARTESIAN_POINT('',(0.334901961368,7.504428899342));
#1048 = CARTESIAN_POINT('',(0.33488883758,7.657827118798));
#1049 = CARTESIAN_POINT('',(0.334878452404,7.735049924843));
#1050 = CARTESIAN_POINT('',(0.334864790506,7.81226600731));
#1051 = CARTESIAN_POINT('',(0.334849432916,7.889473235097));
#1052 = CARTESIAN_POINT('',(0.334834483238,7.966679635774));
#1053 = CARTESIAN_POINT('',(0.334822025935,8.043893527408));
#1054 = CARTESIAN_POINT('',(0.334813598285,8.121113513584));
#1055 = CARTESIAN_POINT('',(0.334805548062,8.279571580638));
#1056 = CARTESIAN_POINT('',(0.334806409378,8.360843296085));
#1057 = CARTESIAN_POINT('',(0.334812969989,8.442106555106));
#1058 = CARTESIAN_POINT('',(0.334824678262,8.52335994522));
#1059 = CARTESIAN_POINT('',(0.334839812657,8.604614523757));
#1060 = CARTESIAN_POINT('',(0.334855897382,8.685880890941));
#1061 = CARTESIAN_POINT('',(0.334870441966,8.767156386606));
#1062 = CARTESIAN_POINT('',(0.334901241391,8.983595950471));
#1063 = CARTESIAN_POINT('',(0.334912193485,9.119032105957));
#1064 = CARTESIAN_POINT('',(0.334907880002,9.254314582381));
#1065 = CARTESIAN_POINT('',(0.334886743532,9.389507441021));
#1066 = CARTESIAN_POINT('',(0.334862742714,9.524691778745));
#1067 = CARTESIAN_POINT('',(0.334855447073,9.659956608762));
#1068 = CARTESIAN_POINT('',(0.334859083157,9.795376422369));
#1069 = CARTESIAN_POINT('',(0.334868803779,10.063656438755));
#1070 = CARTESIAN_POINT('',(0.334874974001,10.196983767915));
#1071 = CARTESIAN_POINT('',(0.334872018212,10.330186042323));
#1072 = CARTESIAN_POINT('',(0.334848912015,10.463318060587));
#1073 = CARTESIAN_POINT('',(0.334791668665,10.596448032931));
#1074 = CARTESIAN_POINT('',(0.334754338699,10.729625458075));
#1075 = CARTESIAN_POINT('',(0.33484093882,10.862927436994));
#1076 = CARTESIAN_POINT('',(0.334868959733,11.054454776421));
#1077 = CARTESIAN_POINT('',(0.334863420515,11.112896390684));
#1078 = CARTESIAN_POINT('',(0.334820018394,11.17131623491));
#1079 = CARTESIAN_POINT('',(0.334823469895,11.229753222874));
#1080 = CARTESIAN_POINT('',(0.334799287534,11.288176543596));
#1081 = CARTESIAN_POINT('',(0.334803216245,11.346611360571));
#1082 = CARTESIAN_POINT('',(0.334805929331,11.405046445377));
#1083 = CARTESIAN_POINT('',(0.334821616536,11.532983369004));
#1084 = CARTESIAN_POINT('',(0.334835017335,11.602500798044));
#1085 = CARTESIAN_POINT('',(0.334849274836,11.672016706485));
#1086 = CARTESIAN_POINT('',(0.334860723464,11.741528917892));
#1087 = CARTESIAN_POINT('',(0.334867495757,11.811040960814));
#1088 = CARTESIAN_POINT('',(0.334869872033,11.880556581242));
#1089 = CARTESIAN_POINT('',(0.334869537553,11.950073969266));
#1090 = CARTESIAN_POINT('',(0.334865858718,12.092893795977));
#1091 = CARTESIAN_POINT('',(0.334862398371,12.166218153141));
#1092 = CARTESIAN_POINT('',(0.334859123124,12.23953503442));
#1093 = CARTESIAN_POINT('',(0.334857927979,12.312843242066));
#1094 = CARTESIAN_POINT('',(0.334859856233,12.386149924537));
#1095 = CARTESIAN_POINT('',(0.334864726952,12.459462558472));
#1096 = CARTESIAN_POINT('',(0.334871379658,12.532781105707));
#1097 = CARTESIAN_POINT('',(0.334878536207,12.606090345341));
#1098 = ( GEOMETRIC_REPRESENTATION_CONTEXT(2) 
PARAMETRIC_REPRESENTATION_CONTEXT() REPRESENTATION_CONTEXT('2D SPACE',''
  ) );
#1099 = PCURVE('',#1100,#1105);
#1100 = CYLINDRICAL_SURFACE('',#1101,2.71);
#1101 = AXIS2_PLACEMENT_3D('',#1102,#1103,#1104);
#1102 = CARTESIAN_POINT('',(9.872689603143,-5.7,5.675));
#1103 = DIRECTION('',(0.,0.,1.));
#1104 = DIRECTION('',(0.866025403784,-0.5,0.));
#1105 = DEFINITIONAL_REPRESENTATION('',(#1106),#1172);
#1106 = B_SPLINE_CURVE_WITH_KNOTS('',8,(#1107,#1108,#1109,#1110,#1111,
    #1112,#1113,#1114,#1115,#1116,#1117,#1118,#1119,#1120,#1121,#1122,
    #1123,#1124,#1125,#1126,#1127,#1128,#1129,#1130,#1131,#1132,#1133,
    #1134,#1135,#1136,#1137,#1138,#1139,#1140,#1141,#1142,#1143,#1144,
    #1145,#1146,#1147,#1148,#1149,#1150,#1151,#1152,#1153,#1154,#1155,
    #1156,#1157,#1158,#1159,#1160,#1161,#1162,#1163,#1164,#1165,#1166,
    #1167,#1168,#1169,#1170,#1171),.UNSPECIFIED.,.F.,.F.,(9,7,7,7,7,7,7,
    7,7,9),(0.,0.105993244177,0.202720871884,0.300739371049,
    0.403897693517,0.575519519594,0.744494880084,0.818677975769,
    0.906921464614,1.),.UNSPECIFIED.);
#1107 = CARTESIAN_POINT('',(0.,1.517432644267));
#1108 = CARTESIAN_POINT('',(8.322647165086E-02,1.524059262456));
#1109 = CARTESIAN_POINT('',(0.166477652857,1.53068518901));
#1110 = CARTESIAN_POINT('',(0.249720647504,1.537307705435));
#1111 = CARTESIAN_POINT('',(0.332951620078,1.543928142978));
#1112 = CARTESIAN_POINT('',(0.416181711433,1.550549197281));
#1113 = CARTESIAN_POINT('',(0.499422705239,1.557172872255));
#1114 = CARTESIAN_POINT('',(0.582672445096,1.563799053204));
#1115 = CARTESIAN_POINT('',(0.741852052216,1.576471169848));
#1116 = CARTESIAN_POINT('',(0.817818557804,1.582519811365));
#1117 = CARTESIAN_POINT('',(0.893779267186,1.588568648457));
#1118 = CARTESIAN_POINT('',(0.969732087801,1.594616621789));
#1119 = CARTESIAN_POINT('',(1.045684194483,1.6006633589));
#1120 = CARTESIAN_POINT('',(1.121642945393,1.606708774344));
#1121 = CARTESIAN_POINT('',(1.197606605835,1.612752509021));
#1122 = CARTESIAN_POINT('',(1.350516716164,1.62491452411));
#1123 = CARTESIAN_POINT('',(1.427493392584,1.631035162757));
#1124 = CARTESIAN_POINT('',(1.504463471813,1.637153629155));
#1125 = CARTESIAN_POINT('',(1.581425346239,1.643270544681));
#1126 = CARTESIAN_POINT('',(1.658387308027,1.649387597952));
#1127 = CARTESIAN_POINT('',(1.735357625122,1.65550649115));
#1128 = CARTESIAN_POINT('',(1.812334623257,1.661627882311));
#1129 = CARTESIAN_POINT('',(1.970294610387,1.674193808992));
#1130 = CARTESIAN_POINT('',(2.051311151301,1.680641254561));
#1131 = CARTESIAN_POINT('',(2.132319164856,1.687090879019));
#1132 = CARTESIAN_POINT('',(2.213316704477,1.693542294748));
#1133 = CARTESIAN_POINT('',(2.294314428613,1.69999551833));
#1134 = CARTESIAN_POINT('',(2.37532288345,1.706450152877));
#1135 = CARTESIAN_POINT('',(2.456339748605,1.712904742147));
#1136 = CARTESIAN_POINT('',(2.672090148756,1.730089580012));
#1137 = CARTESIAN_POINT('',(2.807094606444,1.740838762015));
#1138 = CARTESIAN_POINT('',(2.941947877271,1.751568121502));
#1139 = CARTESIAN_POINT('',(3.076717239216,1.762281960207));
#1140 = CARTESIAN_POINT('',(3.211486893678,1.772993688714));
#1141 = CARTESIAN_POINT('',(3.346339277461,1.783720151144));
#1142 = CARTESIAN_POINT('',(3.481341128476,1.794464370836));
#1143 = CARTESIAN_POINT('',(3.748778803094,1.815750988526));
#1144 = CARTESIAN_POINT('',(3.881680546557,1.826330484961));
#1145 = CARTESIAN_POINT('',(4.014448044275,1.83689550039));
#1146 = CARTESIAN_POINT('',(4.147139732606,1.847444874093));
#1147 = CARTESIAN_POINT('',(4.279831515516,1.857977027746));
#1148 = CARTESIAN_POINT('',(4.412600981897,1.86852291529));
#1149 = CARTESIAN_POINT('',(4.545504473034,1.87914064612));
#1150 = CARTESIAN_POINT('',(4.736434607037,1.894347827459));
#1151 = CARTESIAN_POINT('',(4.794686495216,1.898980991746));
#1152 = CARTESIAN_POINT('',(4.852939424212,1.903593580307));
#1153 = CARTESIAN_POINT('',(4.91118812606,1.90823088307));
#1154 = CARTESIAN_POINT('',(4.969439030836,1.912853350239));
#1155 = CARTESIAN_POINT('',(5.027690289458,1.917490753554));
#1156 = CARTESIAN_POINT('',(5.0859424109,1.922127580858));
#1157 = CARTESIAN_POINT('',(5.21347342073,1.932284251892));
#1158 = CARTESIAN_POINT('',(5.282767437936,1.937805546956));
#1159 = CARTESIAN_POINT('',(5.352057503578,1.943327147627));
#1160 = CARTESIAN_POINT('',(5.42134278526,1.948847048298));
#1161 = CARTESIAN_POINT('',(5.490628261594,1.954364595503));
#1162 = CARTESIAN_POINT('',(5.559918756925,1.95988022709));
#1163 = CARTESIAN_POINT('',(5.629212995432,1.965394642631));
#1164 = CARTESIAN_POINT('',(5.771578607314,1.976722223377));
#1165 = CARTESIAN_POINT('',(5.844672054967,1.982537069254));
#1166 = CARTESIAN_POINT('',(5.9177604703,1.988351414723));
#1167 = CARTESIAN_POINT('',(5.990842136459,1.994166112701));
#1168 = CARTESIAN_POINT('',(6.063923321785,1.999982252157));
#1169 = CARTESIAN_POINT('',(6.137010563248,2.005800335793));
#1170 = CARTESIAN_POINT('',(6.210103078594,2.011619780267));
#1171 = CARTESIAN_POINT('',(6.28318530718,2.017438738947));
#1172 = ( GEOMETRIC_REPRESENTATION_CONTEXT(2) 
PARAMETRIC_REPRESENTATION_CONTEXT() REPRESENTATION_CONTEXT('2D SPACE',''
  ) );
#1173 = ORIENTED_EDGE('',*,*,#1174,.T.);
#1174 = EDGE_CURVE('',#961,#1175,#1177,.T.);
#1175 = VERTEX_POINT('',#1176);
#1176 = CARTESIAN_POINT('',(12.219618447398,-7.055,8.192425780014));
#1177 = SURFACE_CURVE('',#1178,(#1244,#1313),.PCURVE_S1.);
#1178 = B_SPLINE_CURVE_WITH_KNOTS('',8,(#1179,#1180,#1181,#1182,#1183,
    #1184,#1185,#1186,#1187,#1188,#1189,#1190,#1191,#1192,#1193,#1194,
    #1195,#1196,#1197,#1198,#1199,#1200,#1201,#1202,#1203,#1204,#1205,
    #1206,#1207,#1208,#1209,#1210,#1211,#1212,#1213,#1214,#1215,#1216,
    #1217,#1218,#1219,#1220,#1221,#1222,#1223,#1224,#1225,#1226,#1227,
    #1228,#1229,#1230,#1231,#1232,#1233,#1234,#1235,#1236,#1237,#1238,
    #1239,#1240,#1241,#1242,#1243),.UNSPECIFIED.,.F.,.F.,(9,7,7,7,7,7,7,
    7,7,9),(0.,9.229816887345E-02,0.193060137294,0.328486676636,
    0.50865170701,0.595911689968,0.641599943097,0.687939532597,
    0.852479269991,1.),.UNSPECIFIED.);
#1179 = CARTESIAN_POINT('',(12.219618447398,-7.055,7.692438738947));
#1180 = CARTESIAN_POINT('',(12.317808351457,-6.884930097379,
    7.698208542562));
#1181 = CARTESIAN_POINT('',(12.401931696059,-6.706696808162,
    7.703979718487));
#1182 = CARTESIAN_POINT('',(12.471168584741,-6.521700350074,
    7.709750244452));
#1183 = CARTESIAN_POINT('',(12.524899266556,-6.331401691953,
    7.715519147064));
#1184 = CARTESIAN_POINT('',(12.562678430108,-6.137308607637,
    7.721286261185));
#1185 = CARTESIAN_POINT('',(12.584226860124,-5.940966283808,
    7.727051840907));
#1186 = CARTESIAN_POINT('',(12.589440456575,-5.74395248179,
    7.732816022135));
#1187 = CARTESIAN_POINT('',(12.566381883089,-5.333821804289,
    7.744868640876));
#1188 = CARTESIAN_POINT('',(12.534990815668,-5.120808423395,
    7.751158884731));
#1189 = CARTESIAN_POINT('',(12.484348749501,-4.910949599212,
    7.757447506483));
#1190 = CARTESIAN_POINT('',(12.414846722138,-4.70627080773,
    7.763735454847));
#1191 = CARTESIAN_POINT('',(12.327116137725,-4.508716507697,
    7.770024655721));
#1192 = CARTESIAN_POINT('',(12.222011235252,-4.320144965951,
    7.776316776166));
#1193 = CARTESIAN_POINT('',(12.100619360586,-4.142311912715,
    7.782612085769));
#1194 = CARTESIAN_POINT('',(11.781081214775,-3.754448814715,
    7.797370835635));
#1195 = CARTESIAN_POINT('',(11.570705879505,-3.554158651775,
    7.805843849465));
#1196 = CARTESIAN_POINT('',(11.33646626459,-3.380099799916,
    7.814317913929));
#1197 = CARTESIAN_POINT('',(11.082259905192,-3.235502345566,
    7.82279176922));
#1198 = CARTESIAN_POINT('',(10.812364797849,-3.122872135036,
    7.83126435552));
#1199 = CARTESIAN_POINT('',(10.531379341278,-3.044058684725,
    7.839735285024));
#1200 = CARTESIAN_POINT('',(10.244239508402,-3.00017020069,
    7.848204891694));
#1201 = CARTESIAN_POINT('',(9.573068137405,-2.979471174445,
    7.867919649371));
#1202 = CARTESIAN_POINT('',(9.187133168235,-3.029570849309,
    7.879193439136));
#1203 = CARTESIAN_POINT('',(8.811508999701,-3.142472282976,
    7.890448086529));
#1204 = CARTESIAN_POINT('',(8.457842378608,-3.315137557798,
    7.901697172641));
#1205 = CARTESIAN_POINT('',(8.136785569076,-3.542762557443,
    7.912960963735));
#1206 = CARTESIAN_POINT('',(7.857660404111,-3.818295558764,
    7.924236408143));
#1207 = CARTESIAN_POINT('',(7.628702128586,-4.132973006212,
    7.935518209598));
#1208 = CARTESIAN_POINT('',(7.371473393749,-4.640523874061,
    7.952217096565));
#1209 = CARTESIAN_POINT('',(7.300496883858,-4.812729637663,
    7.957664911522));
#1210 = CARTESIAN_POINT('',(7.243098595498,-4.990315763599,
    7.963111101828));
#1211 = CARTESIAN_POINT('',(7.199742540199,-5.172027494853,7.9685562485)
  );
#1212 = CARTESIAN_POINT('',(7.170752961549,-5.356577146855,
    7.974002688792));
#1213 = CARTESIAN_POINT('',(7.15631965778,-5.542650427634,7.979453600824
    ));
#1214 = CARTESIAN_POINT('',(7.15649064272,-5.728910317983,7.984910640292
    ));
#1215 = CARTESIAN_POINT('',(7.178828727354,-6.010908411878,
    7.993228650499));
#1216 = CARTESIAN_POINT('',(7.190478528969,-6.107505149448,
    7.996089336567));
#1217 = CARTESIAN_POINT('',(7.206086242421,-6.203596666103,
    7.998949714133));
#1218 = CARTESIAN_POINT('',(7.225625843371,-6.298993392572,
    8.001808102879));
#1219 = CARTESIAN_POINT('',(7.249060590698,-6.39350824857,8.004663615508
    ));
#1220 = CARTESIAN_POINT('',(7.276343026502,-6.48695664279,8.007516157743
    ));
#1221 = CARTESIAN_POINT('',(7.307414976103,-6.579156472908,
    8.010366428326));
#1222 = CARTESIAN_POINT('',(7.37749612641,-6.761993828148,8.016106032341
    ));
#1223 = CARTESIAN_POINT('',(7.416612523473,-6.852591995998,
    8.018995887808));
#1224 = CARTESIAN_POINT('',(7.45948565292,-6.941536556831,8.021886365677
    ));
#1225 = CARTESIAN_POINT('',(7.506033854097,-7.02864648497,8.024778056053
    ));
#1226 = CARTESIAN_POINT('',(7.556164892001,-7.113745801369,8.0276712589)
  );
#1227 = CARTESIAN_POINT('',(7.609775957281,-7.19666357361,8.030565984032
    ));
#1228 = CARTESIAN_POINT('',(7.666753666239,-7.277233915902,8.03346195112
    ));
#1229 = CARTESIAN_POINT('',(7.940800899138,-7.632473952027,
    8.046643794071));
#1230 = CARTESIAN_POINT('',(8.195882945013,-7.878518076483,
    8.056956771977));
#1231 = CARTESIAN_POINT('',(8.486465576056,-8.085511119574,8.06726057124
    ));
#1232 = CARTESIAN_POINT('',(8.805354359396,-8.24783884689,8.077538978448
    ));
#1233 = CARTESIAN_POINT('',(9.144726960673,-8.361267984769,
    8.087812235293));
#1234 = CARTESIAN_POINT('',(9.496076417985,-8.423191854731,
    8.098093655352));
#1235 = CARTESIAN_POINT('',(9.850358480129,-8.432427679706,
    8.108389525902));
#1236 = CARTESIAN_POINT('',(10.509519754724,-8.352746612817,
    8.127893116412));
#1237 = CARTESIAN_POINT('',(10.816450898374,-8.27379487537,
    8.137124863436));
#1238 = CARTESIAN_POINT('',(11.111827313165,-8.154245911357,
    8.14635275941));
#1239 = CARTESIAN_POINT('',(11.389468668775,-7.996262178186,
    8.155574891548));
#1240 = CARTESIAN_POINT('',(11.643736987373,-7.802896358435,
    8.164790532523));
#1241 = CARTESIAN_POINT('',(11.869612861403,-7.578136392309,
    8.174003822388));
#1242 = CARTESIAN_POINT('',(12.062683307717,-7.326819635422,
    8.18321930917));
#1243 = CARTESIAN_POINT('',(12.219618447398,-7.055,8.192425780014));
#1244 = PCURVE('',#168,#1245);
#1245 = DEFINITIONAL_REPRESENTATION('',(#1246),#1312);
#1246 = B_SPLINE_CURVE_WITH_KNOTS('',8,(#1247,#1248,#1249,#1250,#1251,
    #1252,#1253,#1254,#1255,#1256,#1257,#1258,#1259,#1260,#1261,#1262,
    #1263,#1264,#1265,#1266,#1267,#1268,#1269,#1270,#1271,#1272,#1273,
    #1274,#1275,#1276,#1277,#1278,#1279,#1280,#1281,#1282,#1283,#1284,
    #1285,#1286,#1287,#1288,#1289,#1290,#1291,#1292,#1293,#1294,#1295,
    #1296,#1297,#1298,#1299,#1300,#1301,#1302,#1303,#1304,#1305,#1306,
    #1307,#1308,#1309,#1310,#1311),.UNSPECIFIED.,.F.,.F.,(9,7,7,7,7,7,7,
    7,7,9),(0.,9.229816887345E-02,0.193060137294,0.328486676636,
    0.50865170701,0.595911689968,0.641599943097,0.687939532597,
    0.852479269991,1.),.UNSPECIFIED.);
#1247 = CARTESIAN_POINT('',(0.334878536207,12.606090345341));
#1248 = CARTESIAN_POINT('',(0.334885632301,12.678780312581));
#1249 = CARTESIAN_POINT('',(0.334893209888,12.75148453671));
#1250 = CARTESIAN_POINT('',(0.334900002751,12.824185507541));
#1251 = CARTESIAN_POINT('',(0.334904401758,12.896881099588));
#1252 = CARTESIAN_POINT('',(0.334905181701,12.969576956638));
#1253 = CARTESIAN_POINT('',(0.334901899102,13.042279079733));
#1254 = CARTESIAN_POINT('',(0.334894960983,13.114986618545));
#1255 = CARTESIAN_POINT('',(0.334874888209,13.267049588304));
#1256 = CARTESIAN_POINT('',(0.334861253186,13.34643094502));
#1257 = CARTESIAN_POINT('',(0.334845658613,13.425804212352));
#1258 = CARTESIAN_POINT('',(0.334830323441,13.505167363854));
#1259 = CARTESIAN_POINT('',(0.334817599258,13.584529854194));
#1260 = CARTESIAN_POINT('',(0.334809305339,13.663901229315));
#1261 = CARTESIAN_POINT('',(0.334806285994,13.74327956311));
#1262 = CARTESIAN_POINT('',(0.334810749488,13.929301704966));
#1263 = CARTESIAN_POINT('',(0.334822231508,14.036040990632));
#1264 = CARTESIAN_POINT('',(0.334841977863,14.1427414223));
#1265 = CARTESIAN_POINT('',(0.334865982237,14.249412364729));
#1266 = CARTESIAN_POINT('',(0.334887195269,14.356084887346));
#1267 = CARTESIAN_POINT('',(0.334900021319,14.4627893733));
#1268 = CARTESIAN_POINT('',(0.334903933914,14.569533358027));
#1269 = CARTESIAN_POINT('',(0.334897415448,14.818100506969));
#1270 = CARTESIAN_POINT('',(0.334881724389,14.960317848656));
#1271 = CARTESIAN_POINT('',(0.334859962143,15.102332167293));
#1272 = CARTESIAN_POINT('',(0.334843886111,15.244240583821));
#1273 = CARTESIAN_POINT('',(0.334857166094,15.386149395042));
#1274 = CARTESIAN_POINT('',(0.334875894001,15.528170806227));
#1275 = CARTESIAN_POINT('',(0.334874682327,15.670397983257));
#1276 = CARTESIAN_POINT('',(0.334851844369,15.88104967247));
#1277 = CARTESIAN_POINT('',(0.334840973594,15.949793838628));
#1278 = CARTESIAN_POINT('',(0.334827498806,16.018533912167));
#1279 = CARTESIAN_POINT('',(0.334812968603,16.087267455156));
#1280 = CARTESIAN_POINT('',(0.334801522056,16.155997846218));
#1281 = CARTESIAN_POINT('',(0.334798862165,16.224729216774));
#1282 = CARTESIAN_POINT('',(0.334808346069,16.293461310944));
#1283 = CARTESIAN_POINT('',(0.334832488772,16.398166764147));
#1284 = CARTESIAN_POINT('',(0.334845105903,16.434149338864));
#1285 = CARTESIAN_POINT('',(0.33485700568,16.470132593793));
#1286 = CARTESIAN_POINT('',(0.334864795484,16.506116738685));
#1287 = CARTESIAN_POINT('',(0.334866727813,16.542101592476));
#1288 = CARTESIAN_POINT('',(0.334862700283,16.578086583285));
#1289 = CARTESIAN_POINT('',(0.334854255628,16.614070748416));
#1290 = CARTESIAN_POINT('',(0.334834769857,16.686547683135));
#1291 = CARTESIAN_POINT('',(0.334824591316,16.723041651103));
#1292 = CARTESIAN_POINT('',(0.334815646831,16.759535657192));
#1293 = CARTESIAN_POINT('',(0.334809019816,16.79603032156));
#1294 = CARTESIAN_POINT('',(0.334805276347,16.832525865594));
#1295 = CARTESIAN_POINT('',(0.334804465163,16.869022111905));
#1296 = CARTESIAN_POINT('',(0.334806117661,16.905518484328));
#1297 = CARTESIAN_POINT('',(0.334820362563,17.071600047292));
#1298 = CARTESIAN_POINT('',(0.334853290972,17.201398723453));
#1299 = CARTESIAN_POINT('',(0.334885352623,17.331087303052));
#1300 = CARTESIAN_POINT('',(0.334878616525,17.460700421814));
#1301 = CARTESIAN_POINT('',(0.334863791107,17.590299624907));
#1302 = CARTESIAN_POINT('',(0.334855554483,17.719960188819));
#1303 = CARTESIAN_POINT('',(0.33485782983,17.849736628576));
#1304 = CARTESIAN_POINT('',(0.334874190579,18.095497676983));
#1305 = CARTESIAN_POINT('',(0.334887063664,18.211792820219));
#1306 = CARTESIAN_POINT('',(0.334902250678,18.328024809054));
#1307 = CARTESIAN_POINT('',(0.334912283909,18.444216611301));
#1308 = CARTESIAN_POINT('',(0.334908845228,18.560411503077));
#1309 = CARTESIAN_POINT('',(0.33489351378,18.67665173109));
#1310 = CARTESIAN_POINT('',(0.334872375859,18.7929562695));
#1311 = CARTESIAN_POINT('',(0.334851727234,18.909144083458));
#1312 = ( GEOMETRIC_REPRESENTATION_CONTEXT(2) 
PARAMETRIC_REPRESENTATION_CONTEXT() REPRESENTATION_CONTEXT('2D SPACE',''
  ) );
#1313 = PCURVE('',#1314,#1319);
#1314 = CYLINDRICAL_SURFACE('',#1315,2.71);
#1315 = AXIS2_PLACEMENT_3D('',#1316,#1317,#1318);
#1316 = CARTESIAN_POINT('',(9.872689603143,-5.7,5.675));
#1317 = DIRECTION('',(0.,0.,1.));
#1318 = DIRECTION('',(0.866025403784,-0.5,0.));
#1319 = DEFINITIONAL_REPRESENTATION('',(#1320),#1386);
#1320 = B_SPLINE_CURVE_WITH_KNOTS('',8,(#1321,#1322,#1323,#1324,#1325,
    #1326,#1327,#1328,#1329,#1330,#1331,#1332,#1333,#1334,#1335,#1336,
    #1337,#1338,#1339,#1340,#1341,#1342,#1343,#1344,#1345,#1346,#1347,
    #1348,#1349,#1350,#1351,#1352,#1353,#1354,#1355,#1356,#1357,#1358,
    #1359,#1360,#1361,#1362,#1363,#1364,#1365,#1366,#1367,#1368,#1369,
    #1370,#1371,#1372,#1373,#1374,#1375,#1376,#1377,#1378,#1379,#1380,
    #1381,#1382,#1383,#1384,#1385),.UNSPECIFIED.,.F.,.F.,(9,7,7,7,7,7,7,
    7,7,9),(0.,9.229816887345E-02,0.193060137294,0.328486676636,
    0.50865170701,0.595911689968,0.641599943097,0.687939532597,
    0.852479269991,1.),.UNSPECIFIED.);
#1321 = CARTESIAN_POINT('',(0.,2.017438738947));
#1322 = CARTESIAN_POINT('',(7.246487384429E-02,2.023208542562));
#1323 = CARTESIAN_POINT('',(0.144942967408,2.028979718487));
#1324 = CARTESIAN_POINT('',(0.217416403925,2.034750244452));
#1325 = CARTESIAN_POINT('',(0.289882970184,2.040519147064));
#1326 = CARTESIAN_POINT('',(0.362348505673,2.046286261185));
#1327 = CARTESIAN_POINT('',(0.434819429836,2.052051840907));
#1328 = CARTESIAN_POINT('',(0.507295407443,2.057816022135));
#1329 = CARTESIAN_POINT('',(0.65887414229,2.069868640876));
#1330 = CARTESIAN_POINT('',(0.738002750985,2.076158884731));
#1331 = CARTESIAN_POINT('',(0.817123850697,2.082447506483));
#1332 = CARTESIAN_POINT('',(0.896235795235,2.088735454847));
#1333 = CARTESIAN_POINT('',(0.97534807054,2.095024655721));
#1334 = CARTESIAN_POINT('',(1.054469923055,2.101316776166));
#1335 = CARTESIAN_POINT('',(1.133598965597,2.107612085769));
#1336 = CARTESIAN_POINT('',(1.319036595941,2.122370835635));
#1337 = CARTESIAN_POINT('',(1.425440245123,2.130843849465));
#1338 = CARTESIAN_POINT('',(1.531803998503,2.139317913929));
#1339 = CARTESIAN_POINT('',(1.638136233199,2.14779176922));
#1340 = CARTESIAN_POINT('',(1.744468227053,2.15626435552));
#1341 = CARTESIAN_POINT('',(1.850831819751,2.164735285024));
#1342 = CARTESIAN_POINT('',(1.95723640326,2.173204891694));
#1343 = CARTESIAN_POINT('',(2.205018866611,2.192919649371));
#1344 = CARTESIAN_POINT('',(2.346791566081,2.204193439136));
#1345 = CARTESIAN_POINT('',(2.488368239013,2.215448086529));
#1346 = CARTESIAN_POINT('',(2.629845033467,2.226697172641));
#1347 = CARTESIAN_POINT('',(2.771320618922,2.237960963735));
#1348 = CARTESIAN_POINT('',(2.912892964776,2.249236408143));
#1349 = CARTESIAN_POINT('',(3.054659847655,2.260518209598));
#1350 = CARTESIAN_POINT('',(3.264627326477,2.277217096565));
#1351 = CARTESIAN_POINT('',(3.333147836863,2.282664911522));
#1352 = CARTESIAN_POINT('',(3.401664838512,2.288111101828));
#1353 = CARTESIAN_POINT('',(3.470177303902,2.2935562485));
#1354 = CARTESIAN_POINT('',(3.53868982482,2.299002688792));
#1355 = CARTESIAN_POINT('',(3.607206996717,2.304453600824));
#1356 = CARTESIAN_POINT('',(3.675727798629,2.309910640292));
#1357 = CARTESIAN_POINT('',(3.780112097673,2.318228650499));
#1358 = CARTESIAN_POINT('',(3.815984509801,2.321089336567));
#1359 = CARTESIAN_POINT('',(3.851857037368,2.323949714133));
#1360 = CARTESIAN_POINT('',(3.887729532677,2.326808102879));
#1361 = CARTESIAN_POINT('',(3.923601868006,2.329663615508));
#1362 = CARTESIAN_POINT('',(3.959473935611,2.332516157743));
#1363 = CARTESIAN_POINT('',(3.995345647725,2.335366428326));
#1364 = CARTESIAN_POINT('',(4.067599610116,2.341106032341));
#1365 = CARTESIAN_POINT('',(4.103981840982,2.343995887808));
#1366 = CARTESIAN_POINT('',(4.140364156893,2.346886365677));
#1367 = CARTESIAN_POINT('',(4.176746793635,2.349778056053));
#1368 = CARTESIAN_POINT('',(4.213129695042,2.3526712589));
#1369 = CARTESIAN_POINT('',(4.249512512999,2.355565984032));
#1370 = CARTESIAN_POINT('',(4.285894607436,2.35846195112));
#1371 = CARTESIAN_POINT('',(4.451452450086,2.371643794071));
#1372 = CARTESIAN_POINT('',(4.580831540503,2.381956771977));
#1373 = CARTESIAN_POINT('',(4.71009111685,2.39226057124));
#1374 = CARTESIAN_POINT('',(4.839279917013,2.402538978448));
#1375 = CARTESIAN_POINT('',(4.968468599112,2.412812235293));
#1376 = CARTESIAN_POINT('',(5.097726725495,2.423093655352));
#1377 = CARTESIAN_POINT('',(5.22710380905,2.433389525902));
#1378 = CARTESIAN_POINT('',(5.472107437049,2.452893116412));
#1379 = CARTESIAN_POINT('',(5.588043693851,2.462124863436));
#1380 = CARTESIAN_POINT('',(5.703913750478,2.47135275941));
#1381 = CARTESIAN_POINT('',(5.819738650024,2.480574891548));
#1382 = CARTESIAN_POINT('',(5.935563010752,2.489790532523));
#1383 = CARTESIAN_POINT('',(6.051431933427,2.499003822388));
#1384 = CARTESIAN_POINT('',(6.167366015901,2.50821930917));
#1385 = CARTESIAN_POINT('',(6.28318530718,2.517425780014));
#1386 = ( GEOMETRIC_REPRESENTATION_CONTEXT(2) 
PARAMETRIC_REPRESENTATION_CONTEXT() REPRESENTATION_CONTEXT('2D SPACE',''
  ) );
#1387 = ORIENTED_EDGE('',*,*,#1388,.T.);
#1388 = EDGE_CURVE('',#1175,#1389,#1391,.T.);
#1389 = VERTEX_POINT('',#1390);
#1390 = CARTESIAN_POINT('',(12.219618447398,-7.055,8.692425894128));
#1391 = SURFACE_CURVE('',#1392,(#1444,#1499),.PCURVE_S1.);
#1392 = B_SPLINE_CURVE_WITH_KNOTS('',8,(#1393,#1394,#1395,#1396,#1397,
    #1398,#1399,#1400,#1401,#1402,#1403,#1404,#1405,#1406,#1407,#1408,
    #1409,#1410,#1411,#1412,#1413,#1414,#1415,#1416,#1417,#1418,#1419,
    #1420,#1421,#1422,#1423,#1424,#1425,#1426,#1427,#1428,#1429,#1430,
    #1431,#1432,#1433,#1434,#1435,#1436,#1437,#1438,#1439,#1440,#1441,
    #1442,#1443),.UNSPECIFIED.,.F.,.F.,(9,7,7,7,7,7,7,9),(0.,
    0.152719464639,0.322365415474,0.493503525163,0.534798908805,
    0.653644594703,0.833279966698,1.),.UNSPECIFIED.);
#1393 = CARTESIAN_POINT('',(12.219618447398,-7.055,8.192425780014));
#1394 = CARTESIAN_POINT('',(12.382059947542,-6.773643068494,
    8.201955276964));
#1395 = CARTESIAN_POINT('',(12.506133780123,-6.469716663374,
    8.211495484239));
#1396 = CARTESIAN_POINT('',(12.587845679543,-6.149795060221,
    8.221033105034));
#1397 = CARTESIAN_POINT('',(12.62505832574,-5.820829512406,
    8.230573845375));
#1398 = CARTESIAN_POINT('',(12.61681601847,-5.489869080165,
    8.240122865145));
#1399 = CARTESIAN_POINT('',(12.563455111312,-5.164018798406,
    8.249679925046));
#1400 = CARTESIAN_POINT('',(12.466491107736,-4.850386593728,
    8.259242776141));
#1401 = CARTESIAN_POINT('',(12.176966824911,-4.228725349607,
    8.279399203127));
#1402 = CARTESIAN_POINT('',(11.974546620753,-3.924192114599,
    8.290021170452));
#1403 = CARTESIAN_POINT('',(11.726319082321,-3.652184852635,
    8.300624445764));
#1404 = CARTESIAN_POINT('',(11.438712306048,-3.420373211889,
    8.311212834244));
#1405 = CARTESIAN_POINT('',(11.119145238262,-3.235074689707,
    8.321798645062));
#1406 = CARTESIAN_POINT('',(10.776177639918,-3.100958045257,
    8.332398154524));
#1407 = CARTESIAN_POINT('',(10.419286259441,-3.021273547207,
    8.343014647269));
#1408 = CARTESIAN_POINT('',(9.696047065303,-2.971366281094,
    8.364306855678));
#1409 = CARTESIAN_POINT('',(9.328372443537,-3.002024815741,
    8.375019639562));
#1410 = CARTESIAN_POINT('',(8.967209536998,-3.08949404987,8.385718069099
    ));
#1411 = CARTESIAN_POINT('',(8.622641539459,-3.231797265168,
    8.396400977654));
#1412 = CARTESIAN_POINT('',(8.304031351906,-3.425364652314,8.40706539664
    ));
#1413 = CARTESIAN_POINT('',(8.019801903286,-3.664766744023,
    8.417741056303));
#1414 = CARTESIAN_POINT('',(7.777523906567,-3.943035561885,
    8.428490717665));
#1415 = CARTESIAN_POINT('',(7.535835294759,-4.324889357954,
    8.441774253394));
#1416 = CARTESIAN_POINT('',(7.49160323001,-4.400858677762,8.444353370915
    ));
#1417 = CARTESIAN_POINT('',(7.450196648662,-4.478449187148,
    8.446930206567));
#1418 = CARTESIAN_POINT('',(7.411684315772,-4.557538680093,
    8.449505540798));
#1419 = CARTESIAN_POINT('',(7.376128559588,-4.63800153008,8.452080120064
    ));
#1420 = CARTESIAN_POINT('',(7.343585271553,-4.719708690093,
    8.454654656829));
#1421 = CARTESIAN_POINT('',(7.3141039063,-4.802527692621,8.457229829565)
  );
#1422 = CARTESIAN_POINT('',(7.211817682493,-5.127479608729,
    8.467221163531));
#1423 = CARTESIAN_POINT('',(7.161592221777,-5.376819387114,
    8.474646512462));
#1424 = CARTESIAN_POINT('',(7.138134303553,-5.631009775818,
    8.482082235018));
#1425 = CARTESIAN_POINT('',(7.141925806317,-5.886689692107,
    8.489519219809));
#1426 = CARTESIAN_POINT('',(7.17296486131,-6.14051185169,8.496952558835)
  );
#1427 = CARTESIAN_POINT('',(7.230802230167,-6.389155438019,
    8.504382752738));
#1428 = CARTESIAN_POINT('',(7.314500699607,-6.629345946811,
    8.511810910294));
#1429 = CARTESIAN_POINT('',(7.585795576417,-7.203408360593,
    8.530453885386));
#1430 = CARTESIAN_POINT('',(7.805105801477,-7.523347132476,
    8.541694232302));
#1431 = CARTESIAN_POINT('',(8.07533657266,-7.805818178548,8.552920703768
    ));
#1432 = CARTESIAN_POINT('',(8.388579164604,-8.041906771965,
    8.564151074052));
#1433 = CARTESIAN_POINT('',(8.735807818321,-8.224373536217,
    8.575386998135));
#1434 = CARTESIAN_POINT('',(9.106622201969,-8.348140825867,
    8.586624488304));
#1435 = CARTESIAN_POINT('',(9.489576566231,-8.409860590129,
    8.597869164925));
#1436 = CARTESIAN_POINT('',(10.22635394036,-8.410129039812,
    8.619490623107));
#1437 = CARTESIAN_POINT('',(10.581602331829,-8.357215185478,
    8.629910031634));
#1438 = CARTESIAN_POINT('',(10.927260377685,-8.250956400623,
    8.640316100142));
#1439 = CARTESIAN_POINT('',(11.25413985076,-8.093744300718,
    8.650718296911));
#1440 = CARTESIAN_POINT('',(11.553802303671,-7.889373169718,
    8.661130137678));
#1441 = CARTESIAN_POINT('',(11.818741877276,-7.643251789816,
    8.671557456434));
#1442 = CARTESIAN_POINT('',(12.042292385901,-7.36213774802,
    8.681999874418));
#1443 = CARTESIAN_POINT('',(12.219618447398,-7.055,8.692425894128));
#1444 = PCURVE('',#168,#1445);
#1445 = DEFINITIONAL_REPRESENTATION('',(#1446),#1498);
#1446 = B_SPLINE_CURVE_WITH_KNOTS('',8,(#1447,#1448,#1449,#1450,#1451,
    #1452,#1453,#1454,#1455,#1456,#1457,#1458,#1459,#1460,#1461,#1462,
    #1463,#1464,#1465,#1466,#1467,#1468,#1469,#1470,#1471,#1472,#1473,
    #1474,#1475,#1476,#1477,#1478,#1479,#1480,#1481,#1482,#1483,#1484,
    #1485,#1486,#1487,#1488,#1489,#1490,#1491,#1492,#1493,#1494,#1495,
    #1496,#1497),.UNSPECIFIED.,.F.,.F.,(9,7,7,7,7,7,7,9),(0.,
    0.152719464639,0.322365415474,0.493503525163,0.534798908805,
    0.653644594703,0.833279966698,1.),.UNSPECIFIED.);
#1447 = CARTESIAN_POINT('',(0.334851727234,18.909144083458));
#1448 = CARTESIAN_POINT('',(0.334830354113,19.029408562377));
#1449 = CARTESIAN_POINT('',(0.334809458896,19.149805060934));
#1450 = CARTESIAN_POINT('',(0.334796000455,19.270122094149));
#1451 = CARTESIAN_POINT('',(0.334797160678,19.390386316591));
#1452 = CARTESIAN_POINT('',(0.334814665117,19.510651885608));
#1453 = CARTESIAN_POINT('',(0.33483972045,19.630971199088));
#1454 = CARTESIAN_POINT('',(0.334863535236,19.751371316665));
#1455 = CARTESIAN_POINT('',(0.334900364804,20.005233007931));
#1456 = CARTESIAN_POINT('',(0.334911933407,20.139061598385));
#1457 = CARTESIAN_POINT('',(0.334908735949,20.272747612294));
#1458 = CARTESIAN_POINT('',(0.334888935991,20.406350608982));
#1459 = CARTESIAN_POINT('',(0.334865072206,20.539946749974));
#1460 = CARTESIAN_POINT('',(0.334856316325,20.67362039745));
#1461 = CARTESIAN_POINT('',(0.334858662062,20.807438201108));
#1462 = CARTESIAN_POINT('',(0.334867931629,21.075791536336));
#1463 = CARTESIAN_POINT('',(0.334875029199,21.210793258557));
#1464 = CARTESIAN_POINT('',(0.334874229472,21.345663782496));
#1465 = CARTESIAN_POINT('',(0.334853540886,21.480463927292));
#1466 = CARTESIAN_POINT('',(0.334795769586,21.615264587134));
#1467 = CARTESIAN_POINT('',(0.334752586009,21.750114828016));
#1468 = CARTESIAN_POINT('',(0.334836929682,21.88509413837));
#1469 = CARTESIAN_POINT('',(0.334864812417,22.052372545494));
#1470 = CARTESIAN_POINT('',(0.334863963265,22.08489067107));
#1471 = CARTESIAN_POINT('',(0.334858581018,22.117408595774));
#1472 = CARTESIAN_POINT('',(0.334850290297,22.149925881771));
#1473 = CARTESIAN_POINT('',(0.334840604097,22.182442386276));
#1474 = CARTESIAN_POINT('',(0.334830923793,22.214958261546));
#1475 = CARTESIAN_POINT('',(0.334822539139,22.247473954882));
#1476 = CARTESIAN_POINT('',(0.334799617124,22.373570074931));
#1477 = CARTESIAN_POINT('',(0.334797640513,22.467187023589));
#1478 = CARTESIAN_POINT('',(0.334818610325,22.560790127565));
#1479 = CARTESIAN_POINT('',(0.334843653103,22.654383528869));
#1480 = CARTESIAN_POINT('',(0.334860732583,22.747981222086));
#1481 = CARTESIAN_POINT('',(0.334868794632,22.841596148544));
#1482 = CARTESIAN_POINT('',(0.334870077401,22.935228161222));
#1483 = CARTESIAN_POINT('',(0.334865436289,23.170272655508));
#1484 = CARTESIAN_POINT('',(0.334855505993,23.312032231152));
#1485 = CARTESIAN_POINT('',(0.334849921253,23.453589478586));
#1486 = CARTESIAN_POINT('',(0.33486811323,23.595045949184));
#1487 = CARTESIAN_POINT('',(0.334895832114,23.736512340496));
#1488 = CARTESIAN_POINT('',(0.334909724198,23.878085608797));
#1489 = CARTESIAN_POINT('',(0.334906886227,24.019854927716));
#1490 = CARTESIAN_POINT('',(0.334878365599,24.292596825417));
#1491 = CARTESIAN_POINT('',(0.334854326628,24.424096401069));
#1492 = CARTESIAN_POINT('',(0.334824050564,24.555467147833));
#1493 = CARTESIAN_POINT('',(0.334798381911,24.686760070419));
#1494 = CARTESIAN_POINT('',(0.334792462881,24.818050095189));
#1495 = CARTESIAN_POINT('',(0.334805634699,24.949414901191));
#1496 = CARTESIAN_POINT('',(0.334828406514,25.080909523335));
#1497 = CARTESIAN_POINT('',(0.334851739558,25.212193870125));
#1498 = ( GEOMETRIC_REPRESENTATION_CONTEXT(2) 
PARAMETRIC_REPRESENTATION_CONTEXT() REPRESENTATION_CONTEXT('2D SPACE',''
  ) );
#1499 = PCURVE('',#1500,#1505);
#1500 = CYLINDRICAL_SURFACE('',#1501,2.71);
#1501 = AXIS2_PLACEMENT_3D('',#1502,#1503,#1504);
#1502 = CARTESIAN_POINT('',(9.872689603143,-5.7,5.675));
#1503 = DIRECTION('',(0.,0.,1.));
#1504 = DIRECTION('',(0.866025403784,-0.5,0.));
#1505 = DEFINITIONAL_REPRESENTATION('',(#1506),#1558);
#1506 = B_SPLINE_CURVE_WITH_KNOTS('',8,(#1507,#1508,#1509,#1510,#1511,
    #1512,#1513,#1514,#1515,#1516,#1517,#1518,#1519,#1520,#1521,#1522,
    #1523,#1524,#1525,#1526,#1527,#1528,#1529,#1530,#1531,#1532,#1533,
    #1534,#1535,#1536,#1537,#1538,#1539,#1540,#1541,#1542,#1543,#1544,
    #1545,#1546,#1547,#1548,#1549,#1550,#1551,#1552,#1553,#1554,#1555,
    #1556,#1557),.UNSPECIFIED.,.F.,.F.,(9,7,7,7,7,7,7,9),(0.,
    0.152719464639,0.322365415474,0.493503525163,0.534798908805,
    0.653644594703,0.833279966698,1.),.UNSPECIFIED.);
#1507 = CARTESIAN_POINT('',(0.,2.517425780014));
#1508 = CARTESIAN_POINT('',(0.119883025936,2.526955276964));
#1509 = CARTESIAN_POINT('',(0.239899327265,2.536495484239));
#1510 = CARTESIAN_POINT('',(0.359838629871,2.546033105034));
#1511 = CARTESIAN_POINT('',(0.479726697441,2.555573845375));
#1512 = CARTESIAN_POINT('',(0.599614774005,2.565122865145));
#1513 = CARTESIAN_POINT('',(0.719553490225,2.574679925046));
#1514 = CARTESIAN_POINT('',(0.839570692234,2.584242776141));
#1515 = CARTESIAN_POINT('',(1.092624106877,2.604399203127));
#1516 = CARTESIAN_POINT('',(1.22602606124,2.615021170452));
#1517 = CARTESIAN_POINT('',(1.359287681965,2.625624445764));
#1518 = CARTESIAN_POINT('',(1.492471663265,2.636212834244));
#1519 = CARTESIAN_POINT('',(1.625657280581,2.646798645062));
#1520 = CARTESIAN_POINT('',(1.758923162106,2.657398154524));
#1521 = CARTESIAN_POINT('',(1.892328495305,2.668014647269));
#1522 = CARTESIAN_POINT('',(2.159841070817,2.689306855678));
#1523 = CARTESIAN_POINT('',(2.294412967994,2.700019639562));
#1524 = CARTESIAN_POINT('',(2.42884404924,2.710718069099));
#1525 = CARTESIAN_POINT('',(2.563198256331,2.721400977654));
#1526 = CARTESIAN_POINT('',(2.697553561232,2.73206539664));
#1527 = CARTESIAN_POINT('',(2.83198934136,2.742741056303));
#1528 = CARTESIAN_POINT('',(2.966565090604,2.753490717665));
#1529 = CARTESIAN_POINT('',(3.133322796882,2.766774253394));
#1530 = CARTESIAN_POINT('',(3.165738754071,2.769353370915));
#1531 = CARTESIAN_POINT('',(3.198154671876,2.771930206567));
#1532 = CARTESIAN_POINT('',(3.230570782756,2.774505540798));
#1533 = CARTESIAN_POINT('',(3.262987174735,2.777080120064));
#1534 = CARTESIAN_POINT('',(3.295403791409,2.779654656829));
#1535 = CARTESIAN_POINT('',(3.327820431938,2.782229829565));
#1536 = CARTESIAN_POINT('',(3.453529011343,2.792221163531));
#1537 = CARTESIAN_POINT('',(3.546855809484,2.799646512462));
#1538 = CARTESIAN_POINT('',(3.640161480292,2.807082235018));
#1539 = CARTESIAN_POINT('',(3.733450661981,2.814519219809));
#1540 = CARTESIAN_POINT('',(3.826741498719,2.821952558835));
#1541 = CARTESIAN_POINT('',(3.920051086086,2.829382752738));
#1542 = CARTESIAN_POINT('',(4.013380876854,2.836810910294));
#1543 = CARTESIAN_POINT('',(4.247676010503,2.855453885386));
#1544 = CARTESIAN_POINT('',(4.38899204561,2.866694232302));
#1545 = CARTESIAN_POINT('',(4.530116365777,2.877920703768));
#1546 = CARTESIAN_POINT('',(4.671143410793,2.889151074052));
#1547 = CARTESIAN_POINT('',(4.81217155499,2.900386998135));
#1548 = CARTESIAN_POINT('',(4.953298871861,2.911624488304));
#1549 = CARTESIAN_POINT('',(5.094617622294,2.922869164925));
#1550 = CARTESIAN_POINT('',(5.366491210129,2.944490623107));
#1551 = CARTESIAN_POINT('',(5.497571468446,2.954910031633));
#1552 = CARTESIAN_POINT('',(5.628525093476,2.965316100142));
#1553 = CARTESIAN_POINT('',(5.759405173225,2.97571829691));
#1554 = CARTESIAN_POINT('',(5.890284987049,2.986130137679));
#1555 = CARTESIAN_POINT('',(6.021237817727,2.996557456434));
#1556 = CARTESIAN_POINT('',(6.152317365115,3.006999874418));
#1557 = CARTESIAN_POINT('',(6.28318530718,3.017425894128));
#1558 = ( GEOMETRIC_REPRESENTATION_CONTEXT(2) 
PARAMETRIC_REPRESENTATION_CONTEXT() REPRESENTATION_CONTEXT('2D SPACE',''
  ) );
#1559 = ORIENTED_EDGE('',*,*,#1560,.T.);
#1560 = EDGE_CURVE('',#1389,#1561,#1563,.T.);
#1561 = VERTEX_POINT('',#1562);
#1562 = CARTESIAN_POINT('',(12.219618447398,-7.055,9.192439738275));
#1563 = SURFACE_CURVE('',#1564,(#1616,#1671),.PCURVE_S1.);
#1564 = B_SPLINE_CURVE_WITH_KNOTS('',8,(#1565,#1566,#1567,#1568,#1569,
    #1570,#1571,#1572,#1573,#1574,#1575,#1576,#1577,#1578,#1579,#1580,
    #1581,#1582,#1583,#1584,#1585,#1586,#1587,#1588,#1589,#1590,#1591,
    #1592,#1593,#1594,#1595,#1596,#1597,#1598,#1599,#1600,#1601,#1602,
    #1603,#1604,#1605,#1606,#1607,#1608,#1609,#1610,#1611,#1612,#1613,
    #1614,#1615),.UNSPECIFIED.,.F.,.F.,(9,7,7,7,7,7,7,9),(0.,
    0.182119798164,0.353092420614,0.392488394615,0.526628199609,
    0.696658775252,0.84266359063,1.),.UNSPECIFIED.);
#1565 = CARTESIAN_POINT('',(12.219618447398,-7.055,8.692425894128));
#1566 = CARTESIAN_POINT('',(12.413326642548,-6.719487564158,
    8.703815113758));
#1567 = CARTESIAN_POINT('',(12.552660908302,-6.351558832296,
    8.715230834873));
#1568 = CARTESIAN_POINT('',(12.630424775241,-5.962683724968,
    8.726624804349));
#1569 = CARTESIAN_POINT('',(12.643734974608,-5.564946987554,
    8.737999154746));
#1570 = CARTESIAN_POINT('',(12.591812112006,-5.170385933428,
    8.74936254259));
#1571 = CARTESIAN_POINT('',(12.47659858712,-4.790906570632,
    8.760738066802));
#1572 = CARTESIAN_POINT('',(12.302136241223,-4.438263365648,
    8.772136994381));
#1573 = CARTESIAN_POINT('',(11.865097305842,-3.827383991648,
    8.794193980828));
#1574 = CARTESIAN_POINT('',(11.607716568251,-3.563500382044,
    8.80489752483));
#1575 = CARTESIAN_POINT('',(11.310728143313,-3.340738951464,
    8.815590153955));
#1576 = CARTESIAN_POINT('',(10.982077740423,-3.165583874886,
    8.826270317562));
#1577 = CARTESIAN_POINT('',(10.63043525552,-3.042954148689,
    8.836932927766));
#1578 = CARTESIAN_POINT('',(10.265291379647,-2.975880579576,
    8.847590140367));
#1579 = CARTESIAN_POINT('',(9.896799749237,-2.965807838846,
    8.858302804002));
#1580 = CARTESIAN_POINT('',(9.452746710261,-3.021423558671,
    8.871465130411));
#1581 = CARTESIAN_POINT('',(9.369954773153,-3.034778258353,
    8.873931121407));
#1582 = CARTESIAN_POINT('',(9.287652287395,-3.051056869723,8.87639623731
    ));
#1583 = CARTESIAN_POINT('',(9.205960415417,-3.070238052676,
    8.878859249487));
#1584 = CARTESIAN_POINT('',(9.124998427482,-3.092294693865,
    8.881319642439));
#1585 = CARTESIAN_POINT('',(9.044883701687,-3.117193906695,
    8.883777613802));
#1586 = CARTESIAN_POINT('',(8.965731723967,-3.144897031327,
    8.886234074347));
#1587 = CARTESIAN_POINT('',(8.621815457495,-3.279082103189,
    8.897055063811));
#1588 = CARTESIAN_POINT('',(8.368280042484,-3.414866063464,8.90542309656
    ));
#1589 = CARTESIAN_POINT('',(8.131846745348,-3.580920024074,
    8.913812393504));
#1590 = CARTESIAN_POINT('',(7.916674696976,-3.774635602629,
    8.922208602476));
#1591 = CARTESIAN_POINT('',(7.726380643015,-3.992840419509,
    8.930601224685));
#1592 = CARTESIAN_POINT('',(7.564081702181,-4.23186770367,8.93899018355)
  );
#1593 = CARTESIAN_POINT('',(7.432321086621,-4.487512928976,
    8.947377159399));
#1594 = CARTESIAN_POINT('',(7.20667886991,-5.093938190799,8.966376113669
    ));
#1595 = CARTESIAN_POINT('',(7.132022186493,-5.452789972267,
    8.977011754246));
#1596 = CARTESIAN_POINT('',(7.112966340065,-5.821419585577,
    8.987636356902));
#1597 = CARTESIAN_POINT('',(7.150440132794,-6.18978989986,8.998263734929
    ));
#1598 = CARTESIAN_POINT('',(7.243714564674,-6.548121656164,
    9.008897508093));
#1599 = CARTESIAN_POINT('',(7.390067048171,-6.886990275762,
    9.019534485144));
#1600 = CARTESIAN_POINT('',(7.585117100553,-7.197311972625,
    9.030176541226));
#1601 = CARTESIAN_POINT('',(8.024491085796,-7.706173477533,
    9.049910856641));
#1602 = CARTESIAN_POINT('',(8.258466787374,-7.914901905421,
    9.059032438128));
#1603 = CARTESIAN_POINT('',(8.519165909996,-8.092119551299,
    9.068145251726));
#1604 = CARTESIAN_POINT('',(8.801519262091,-8.234007381793,
    9.077253256855));
#1605 = CARTESIAN_POINT('',(9.100031660984,-8.337660406294,9.08636468175
    ));
#1606 = CARTESIAN_POINT('',(9.408790955364,-8.401165591294,
    9.095485829696));
#1607 = CARTESIAN_POINT('',(9.721532855258,-8.423549954223,
    9.104617875873));
#1608 = CARTESIAN_POINT('',(10.365729673635,-8.385710336744,
    9.123581230256));
#1609 = CARTESIAN_POINT('',(10.697518559967,-8.318895123532,
    9.133434292369));
#1610 = CARTESIAN_POINT('',(11.018500243254,-8.205178507128,
    9.143281978146));
#1611 = CARTESIAN_POINT('',(11.321057821846,-8.046867530115,
    9.153122296705));
#1612 = CARTESIAN_POINT('',(11.598219645403,-7.847405504576,
    9.162954390604));
#1613 = CARTESIAN_POINT('',(11.843782031113,-7.611478771039,
    9.172783894135));
#1614 = CARTESIAN_POINT('',(12.052265551051,-7.344863719267,
    9.182617896611));
#1615 = CARTESIAN_POINT('',(12.219618447398,-7.055,9.192439738275));
#1616 = PCURVE('',#168,#1617);
#1617 = DEFINITIONAL_REPRESENTATION('',(#1618),#1670);
#1618 = B_SPLINE_CURVE_WITH_KNOTS('',8,(#1619,#1620,#1621,#1622,#1623,
    #1624,#1625,#1626,#1627,#1628,#1629,#1630,#1631,#1632,#1633,#1634,
    #1635,#1636,#1637,#1638,#1639,#1640,#1641,#1642,#1643,#1644,#1645,
    #1646,#1647,#1648,#1649,#1650,#1651,#1652,#1653,#1654,#1655,#1656,
    #1657,#1658,#1659,#1660,#1661,#1662,#1663,#1664,#1665,#1666,#1667,
    #1668,#1669),.UNSPECIFIED.,.F.,.F.,(9,7,7,7,7,7,7,9),(0.,
    0.182119798164,0.353092420614,0.392488394615,0.526628199609,
    0.696658775252,0.84266359063,1.),.UNSPECIFIED.);
#1619 = CARTESIAN_POINT('',(0.334851739558,25.212193870125));
#1620 = CARTESIAN_POINT('',(0.334877228209,25.355606821685));
#1621 = CARTESIAN_POINT('',(0.334903477154,25.499349037922));
#1622 = CARTESIAN_POINT('',(0.334918684468,25.642886619418));
#1623 = CARTESIAN_POINT('',(0.334911138026,25.786320280928));
#1624 = CARTESIAN_POINT('',(0.334883015991,25.929745443166));
#1625 = CARTESIAN_POINT('',(0.334863998784,26.073266252001));
#1626 = CARTESIAN_POINT('',(0.334858812478,26.216994958042));
#1627 = CARTESIAN_POINT('',(0.334862678845,26.495023201845));
#1628 = CARTESIAN_POINT('',(0.334870946567,26.629901074579));
#1629 = CARTESIAN_POINT('',(0.334879466222,26.764639766045));
#1630 = CARTESIAN_POINT('',(0.334874793049,26.899304425025));
#1631 = CARTESIAN_POINT('',(0.334833716796,27.033977144386));
#1632 = CARTESIAN_POINT('',(0.334771728215,27.168713457884));
#1633 = CARTESIAN_POINT('',(0.334799608969,27.303582234453));
#1634 = CARTESIAN_POINT('',(0.334844039616,27.469227864757));
#1635 = CARTESIAN_POINT('',(0.334854337977,27.500249537039));
#1636 = CARTESIAN_POINT('',(0.334862788454,27.531271862604));
#1637 = CARTESIAN_POINT('',(0.334866987367,27.562294495219));
#1638 = CARTESIAN_POINT('',(0.334865953022,27.593317109785));
#1639 = CARTESIAN_POINT('',(0.334860125708,27.624339402338));
#1640 = CARTESIAN_POINT('',(0.334851367701,27.655361090048));
#1641 = CARTESIAN_POINT('',(0.334814346891,27.792005062015));
#1642 = CARTESIAN_POINT('',(0.334782380422,27.897694584688));
#1643 = CARTESIAN_POINT('',(0.334798078795,28.003351699432));
#1644 = CARTESIAN_POINT('',(0.334830640146,28.108989727605));
#1645 = CARTESIAN_POINT('',(0.334855001792,28.214634304342));
#1646 = CARTESIAN_POINT('',(0.334867329455,28.32030861454));
#1647 = CARTESIAN_POINT('',(0.334870101274,28.42601819585));
#1648 = CARTESIAN_POINT('',(0.334866352723,28.665544570277));
#1649 = CARTESIAN_POINT('',(0.334857148742,28.799676576263));
#1650 = CARTESIAN_POINT('',(0.334850427038,28.933653775729));
#1651 = CARTESIAN_POINT('',(0.334862747897,29.067545885832));
#1652 = CARTESIAN_POINT('',(0.334886865879,29.201444214807));
#1653 = CARTESIAN_POINT('',(0.334903500746,29.33543007769));
#1654 = CARTESIAN_POINT('',(0.334906843159,29.469563749901));
#1655 = CARTESIAN_POINT('',(0.334890916395,29.718436756875));
#1656 = CARTESIAN_POINT('',(0.334874777735,29.833525994651));
#1657 = CARTESIAN_POINT('',(0.334850857172,29.948553769413));
#1658 = CARTESIAN_POINT('',(0.334824558867,30.063535934751));
#1659 = CARTESIAN_POINT('',(0.334805699372,30.178514338465));
#1660 = CARTESIAN_POINT('',(0.334799853313,30.293533294244));
#1661 = CARTESIAN_POINT('',(0.334805944897,30.408614387817));
#1662 = CARTESIAN_POINT('',(0.334834591274,30.647487754525));
#1663 = CARTESIAN_POINT('',(0.334858425814,30.771546191773));
#1664 = CARTESIAN_POINT('',(0.33488589124,30.895513949836));
#1665 = CARTESIAN_POINT('',(0.334907496651,31.019425749002));
#1666 = CARTESIAN_POINT('',(0.334912723125,31.143337086027));
#1667 = CARTESIAN_POINT('',(0.334904150719,31.267302740285));
#1668 = CARTESIAN_POINT('',(0.334890634826,31.391356281537));
#1669 = CARTESIAN_POINT('',(0.334878538268,31.515247598774));
#1670 = ( GEOMETRIC_REPRESENTATION_CONTEXT(2) 
PARAMETRIC_REPRESENTATION_CONTEXT() REPRESENTATION_CONTEXT('2D SPACE',''
  ) );
#1671 = PCURVE('',#1672,#1677);
#1672 = CYLINDRICAL_SURFACE('',#1673,2.71);
#1673 = AXIS2_PLACEMENT_3D('',#1674,#1675,#1676);
#1674 = CARTESIAN_POINT('',(9.872689603143,-5.7,5.675));
#1675 = DIRECTION('',(0.,0.,1.));
#1676 = DIRECTION('',(0.866025403784,-0.5,0.));
#1677 = DEFINITIONAL_REPRESENTATION('',(#1678),#1730);
#1678 = B_SPLINE_CURVE_WITH_KNOTS('',8,(#1679,#1680,#1681,#1682,#1683,
    #1684,#1685,#1686,#1687,#1688,#1689,#1690,#1691,#1692,#1693,#1694,
    #1695,#1696,#1697,#1698,#1699,#1700,#1701,#1702,#1703,#1704,#1705,
    #1706,#1707,#1708,#1709,#1710,#1711,#1712,#1713,#1714,#1715,#1716,
    #1717,#1718,#1719,#1720,#1721,#1722,#1723,#1724,#1725,#1726,#1727,
    #1728,#1729),.UNSPECIFIED.,.F.,.F.,(9,7,7,7,7,7,7,9),(0.,
    0.182119798164,0.353092420614,0.392488394615,0.526628199609,
    0.696658775252,0.84266359063,1.),.UNSPECIFIED.);
#1679 = CARTESIAN_POINT('',(0.,3.017425894128));
#1680 = CARTESIAN_POINT('',(0.142958077601,3.028815113758));
#1681 = CARTESIAN_POINT('',(0.286241981689,3.040230834873));
#1682 = CARTESIAN_POINT('',(0.429320553919,3.051624804349));
#1683 = CARTESIAN_POINT('',(0.572297549517,3.062999154746));
#1684 = CARTESIAN_POINT('',(0.715275659092,3.07436254259));
#1685 = CARTESIAN_POINT('',(0.858357251459,3.085738066802));
#1686 = CARTESIAN_POINT('',(1.001645326327,3.097136994381));
#1687 = CARTESIAN_POINT('',(1.278810244676,3.119193980828));
#1688 = CARTESIAN_POINT('',(1.413264336837,3.12989752483));
#1689 = CARTESIAN_POINT('',(1.547570060317,3.140590153955));
#1690 = CARTESIAN_POINT('',(1.681792078324,3.151270317562));
#1691 = CARTESIAN_POINT('',(1.816014801798,3.161932927766));
#1692 = CARTESIAN_POINT('',(1.950321995035,3.172590140367));
#1693 = CARTESIAN_POINT('',(2.084780069548,3.183302804002));
#1694 = CARTESIAN_POINT('',(2.249917449918,3.196465130411));
#1695 = CARTESIAN_POINT('',(2.280843427937,3.198931121407));
#1696 = CARTESIAN_POINT('',(2.311769488811,3.20139623731));
#1697 = CARTESIAN_POINT('',(2.342695360871,3.203859249487));
#1698 = CARTESIAN_POINT('',(2.373620924873,3.206319642439));
#1699 = CARTESIAN_POINT('',(2.404546213997,3.208777613802));
#1700 = CARTESIAN_POINT('',(2.43547141385,3.211234074347));
#1701 = CARTESIAN_POINT('',(2.571695278126,3.222055063811));
#1702 = CARTESIAN_POINT('',(2.677063924352,3.23042309656));
#1703 = CARTESIAN_POINT('',(2.7823924164,3.238812393504));
#1704 = CARTESIAN_POINT('',(2.887689917825,3.247208602476));
#1705 = CARTESIAN_POINT('',(2.992987667588,3.255601224685));
#1706 = CARTESIAN_POINT('',(3.098316343562,3.26399018355));
#1707 = CARTESIAN_POINT('',(3.203683727435,3.272377159399));
#1708 = CARTESIAN_POINT('',(3.442445371069,3.291376113669));
#1709 = CARTESIAN_POINT('',(3.57615658105,3.302011754246));
#1710 = CARTESIAN_POINT('',(3.709722577099,3.312636356902));
#1711 = CARTESIAN_POINT('',(3.843207865101,3.323263734929));
#1712 = CARTESIAN_POINT('',(3.976693459423,3.333897508093));
#1713 = CARTESIAN_POINT('',(4.110259666578,3.344534485144));
#1714 = CARTESIAN_POINT('',(4.243968697382,3.355176541226));
#1715 = CARTESIAN_POINT('',(4.492050492948,3.374910856641));
#1716 = CARTESIAN_POINT('',(4.606772516228,3.384032438128));
#1717 = CARTESIAN_POINT('',(4.721433622454,3.393145251726));
#1718 = CARTESIAN_POINT('',(4.836051549782,3.402253256855));
#1719 = CARTESIAN_POINT('',(4.950668539232,3.41136468175));
#1720 = CARTESIAN_POINT('',(5.065326982645,3.420485829696));
#1721 = CARTESIAN_POINT('',(5.180046800455,3.429617875873));
#1722 = CARTESIAN_POINT('',(5.418167537057,3.448581230256));
#1723 = CARTESIAN_POINT('',(5.541833568092,3.458434292369));
#1724 = CARTESIAN_POINT('',(5.665406756364,3.468281978146));
#1725 = CARTESIAN_POINT('',(5.788921898636,3.478122296705));
#1726 = CARTESIAN_POINT('',(5.912437136199,3.487954390604));
#1727 = CARTESIAN_POINT('',(6.03601113752,3.497783894135));
#1728 = CARTESIAN_POINT('',(6.159677634599,3.507617896611));
#1729 = CARTESIAN_POINT('',(6.28318530718,3.517439738275));
#1730 = ( GEOMETRIC_REPRESENTATION_CONTEXT(2) 
PARAMETRIC_REPRESENTATION_CONTEXT() REPRESENTATION_CONTEXT('2D SPACE',''
  ) );
#1731 = ORIENTED_EDGE('',*,*,#1732,.T.);
#1732 = EDGE_CURVE('',#1561,#22,#1733,.T.);
#1733 = SURFACE_CURVE('',#1734,(#1800,#1869),.PCURVE_S1.);
#1734 = B_SPLINE_CURVE_WITH_KNOTS('',8,(#1735,#1736,#1737,#1738,#1739,
    #1740,#1741,#1742,#1743,#1744,#1745,#1746,#1747,#1748,#1749,#1750,
    #1751,#1752,#1753,#1754,#1755,#1756,#1757,#1758,#1759,#1760,#1761,
    #1762,#1763,#1764,#1765,#1766,#1767,#1768,#1769,#1770,#1771,#1772,
    #1773,#1774,#1775,#1776,#1777,#1778,#1779,#1780,#1781,#1782,#1783,
    #1784,#1785,#1786,#1787,#1788,#1789,#1790,#1791,#1792,#1793,#1794,
    #1795,#1796,#1797,#1798,#1799),.UNSPECIFIED.,.F.,.F.,(9,7,7,7,7,7,7,
    7,7,9),(0.,0.121761630079,0.214929006635,0.262677293313,
    0.318306228811,0.473968582767,0.574498247351,0.718590771185,
    0.901057457354,1.),.UNSPECIFIED.);
#1735 = CARTESIAN_POINT('',(12.219618447398,-7.055,9.192439738275));
#1736 = CARTESIAN_POINT('',(12.349163880486,-6.830620728004,
    9.200042682472));
#1737 = CARTESIAN_POINT('',(12.454256904606,-6.591975014372,
    9.207649708131));
#1738 = CARTESIAN_POINT('',(12.532957346492,-6.342330539779,
    9.215256676584));
#1739 = CARTESIAN_POINT('',(12.583986802637,-6.0851254651,9.222865222364
    ));
#1740 = CARTESIAN_POINT('',(12.60659798244,-5.823887429145,
    9.230476501012));
#1741 = CARTESIAN_POINT('',(12.600529862669,-5.562211651309,
    9.238089676166));
#1742 = CARTESIAN_POINT('',(12.566054293865,-5.303751666646,
    9.245702049697));
#1743 = CARTESIAN_POINT('',(12.456729699011,-4.85968024102,
    9.259127323087));
#1744 = CARTESIAN_POINT('',(12.393238232554,-4.671113236219,
    9.264945995851));
#1745 = CARTESIAN_POINT('',(12.314034422696,-4.488094721467,
    9.270762326042));
#1746 = CARTESIAN_POINT('',(12.219699657375,-4.312147466016,
    9.276576250904));
#1747 = CARTESIAN_POINT('',(12.110979301331,-4.144705952616,
    9.282390057773));
#1748 = CARTESIAN_POINT('',(11.98877090947,-3.987114998249,
    9.288207559836));
#1749 = CARTESIAN_POINT('',(11.854128942017,-3.840618536324,
    9.294031465699));
#1750 = CARTESIAN_POINT('',(11.633541454444,-3.637520063719,
    9.302845525162));
#1751 = CARTESIAN_POINT('',(11.555847840868,-3.571903734896,
    9.305834378377));
#1752 = CARTESIAN_POINT('',(11.475366283254,-3.509637914704,
    9.308823724477));
#1753 = CARTESIAN_POINT('',(11.392265539201,-3.450860271235,
    9.311812167121));
#1754 = CARTESIAN_POINT('',(11.306721981358,-3.395697799837,
    9.314798691575));
#1755 = CARTESIAN_POINT('',(11.21891959743,-3.344266823118,
    9.317782664705));
#1756 = CARTESIAN_POINT('',(11.129049990172,-3.296672990942,
    9.32076383498));
#1757 = CARTESIAN_POINT('',(10.930433867204,-3.202143392873,
    9.32721241814));
#1758 = CARTESIAN_POINT('',(10.821013373529,-3.156609525797,
    9.330681420342));
#1759 = CARTESIAN_POINT('',(10.709365770181,-3.116559206387,
    9.334151010232));
#1760 = CARTESIAN_POINT('',(10.595812441383,-3.082118712796,
    9.337622309819));
#1761 = CARTESIAN_POINT('',(10.480681281772,-3.053391074147,
    9.341095891966));
#1762 = CARTESIAN_POINT('',(10.364306696392,-3.030456070533,
    9.344571780391));
#1763 = CARTESIAN_POINT('',(10.247029600697,-3.013370233017,
    9.34804944967));
#1764 = CARTESIAN_POINT('',(9.799476307453,-2.970817224075,9.36126110744
    ));
#1765 = CARTESIAN_POINT('',(9.464966940247,-2.98548322859,9.371014848134
    ));
#1766 = CARTESIAN_POINT('',(9.133810455288,-3.047138674936,
    9.380759474465));
#1767 = CARTESIAN_POINT('',(8.813640914015,-3.154724812354,
    9.390484219959));
#1768 = CARTESIAN_POINT('',(8.511651532799,-3.306008471319,
    9.400204306161));
#1769 = CARTESIAN_POINT('',(8.234500627635,-3.49746201669,9.409930748847
    ));
#1770 = CARTESIAN_POINT('',(7.988319275695,-3.724410998848,
    9.419668356107));
#1771 = CARTESIAN_POINT('',(7.642420453225,-4.145730130166,
    9.435680281605));
#1772 = CARTESIAN_POINT('',(7.521573606856,-4.32333625411,9.441965977896
    ));
#1773 = CARTESIAN_POINT('',(7.416954712841,-4.511607485648,
    9.448252149647));
#1774 = CARTESIAN_POINT('',(7.329641028723,-4.708799426268,
    9.454537681678));
#1775 = CARTESIAN_POINT('',(7.260479437818,-4.913065262711,
    9.460822183641));
#1776 = CARTESIAN_POINT('',(7.210095724239,-5.122471742149,
    9.467105511432));
#1777 = CARTESIAN_POINT('',(7.178876541185,-5.335004665288,
    9.473387116481));
#1778 = CARTESIAN_POINT('',(7.149792200162,-5.854665473243,
    9.488663842481));
#1779 = CARTESIAN_POINT('',(7.172220683147,-6.163264995729,
    9.497666645699));
#1780 = CARTESIAN_POINT('',(7.234695321866,-6.467960523307,
    9.506661367433));
#1781 = CARTESIAN_POINT('',(7.336283928955,-6.762722009598,
    9.515651866751));
#1782 = CARTESIAN_POINT('',(7.475153376213,-7.041859352655,
    9.524645935893));
#1783 = CARTESIAN_POINT('',(7.648530302987,-7.300079139344,
    9.533649412048));
#1784 = CARTESIAN_POINT('',(7.85277441855,-7.532494925176,9.542663252527
    ));
#1785 = CARTESIAN_POINT('',(8.374522299864,-7.991357901521,
    9.563082003615));
#1786 = CARTESIAN_POINT('',(8.708729499945,-8.200633120334,
    9.574524425803));
#1787 = CARTESIAN_POINT('',(9.075689203669,-8.353365663345,
    9.585951718745));
#1788 = CARTESIAN_POINT('',(9.464026978132,-8.444353096086,
    9.597364686086));
#1789 = CARTESIAN_POINT('',(9.86202446369,-8.470457897201,9.608762527919
    ));
#1790 = CARTESIAN_POINT('',(10.257551570254,-8.431267038429,
    9.620161832241));
#1791 = CARTESIAN_POINT('',(10.638218480183,-8.328459864586,
    9.631579566367));
#1792 = CARTESIAN_POINT('',(11.183551013048,-8.08118960505,9.64915443676
    ));
#1793 = CARTESIAN_POINT('',(11.367594816736,-7.977215478381,
    9.655335724403));
#1794 = CARTESIAN_POINT('',(11.542130009498,-7.857021220928,
    9.661518021361));
#1795 = CARTESIAN_POINT('',(11.705505466871,-7.721636656359,
    9.667701287174));
#1796 = CARTESIAN_POINT('',(11.856215598757,-7.572273525973,
    9.673885433498));
#1797 = CARTESIAN_POINT('',(11.992900586917,-7.410311486706,
    9.680069713049));
#1798 = CARTESIAN_POINT('',(12.114365523039,-7.237303412635,
    9.686252517691));
#1799 = CARTESIAN_POINT('',(12.219618447398,-7.055,9.692431585642));
#1800 = PCURVE('',#168,#1801);
#1801 = DEFINITIONAL_REPRESENTATION('',(#1802),#1868);
#1802 = B_SPLINE_CURVE_WITH_KNOTS('',8,(#1803,#1804,#1805,#1806,#1807,
    #1808,#1809,#1810,#1811,#1812,#1813,#1814,#1815,#1816,#1817,#1818,
    #1819,#1820,#1821,#1822,#1823,#1824,#1825,#1826,#1827,#1828,#1829,
    #1830,#1831,#1832,#1833,#1834,#1835,#1836,#1837,#1838,#1839,#1840,
    #1841,#1842,#1843,#1844,#1845,#1846,#1847,#1848,#1849,#1850,#1851,
    #1852,#1853,#1854,#1855,#1856,#1857,#1858,#1859,#1860,#1861,#1862,
    #1863,#1864,#1865,#1866,#1867),.UNSPECIFIED.,.F.,.F.,(9,7,7,7,7,7,7,
    7,7,9),(0.,0.121761630079,0.214929006635,0.262677293313,
    0.318306228811,0.473968582767,0.574498247351,0.718590771185,
    0.901057457354,1.),.UNSPECIFIED.);
#1803 = CARTESIAN_POINT('',(0.334878538268,31.515247598774));
#1804 = CARTESIAN_POINT('',(0.334869174498,31.611150058173));
#1805 = CARTESIAN_POINT('',(0.334860678598,31.707098512101));
#1806 = CARTESIAN_POINT('',(0.33485587262,31.803023004736));
#1807 = CARTESIAN_POINT('',(0.33485735679,31.898927752723));
#1808 = CARTESIAN_POINT('',(0.334863954459,31.994834735372));
#1809 = CARTESIAN_POINT('',(0.334870609812,32.09076526411));
#1810 = CARTESIAN_POINT('',(0.334871440458,32.186722383485));
#1811 = CARTESIAN_POINT('',(0.334861214012,32.35602714551));
#1812 = CARTESIAN_POINT('',(0.33485279339,32.429430957761));
#1813 = CARTESIAN_POINT('',(0.334840366641,32.502830464014));
#1814 = CARTESIAN_POINT('',(0.334824287416,32.576222639248));
#1815 = CARTESIAN_POINT('',(0.334808393545,32.649612127071));
#1816 = CARTESIAN_POINT('',(0.334799496543,32.723004072861));
#1817 = CARTESIAN_POINT('',(0.334803248559,32.796397025172));
#1818 = CARTESIAN_POINT('',(0.334823120109,32.907382586413));
#1819 = CARTESIAN_POINT('',(0.334834579444,32.944988098119));
#1820 = CARTESIAN_POINT('',(0.334846962537,32.982594047935));
#1821 = CARTESIAN_POINT('',(0.33485734442,33.020201296161));
#1822 = CARTESIAN_POINT('',(0.334863677403,33.057809955988));
#1823 = CARTESIAN_POINT('',(0.334864791069,33.095419393499));
#1824 = CARTESIAN_POINT('',(0.334860392278,33.13302822767));
#1825 = CARTESIAN_POINT('',(0.334840198652,33.214447158159));
#1826 = CARTESIAN_POINT('',(0.334827284538,33.258259164309));
#1827 = CARTESIAN_POINT('',(0.334815538371,33.302071170066));
#1828 = CARTESIAN_POINT('',(0.334807116536,33.345883745988));
#1829 = CARTESIAN_POINT('',(0.334803116258,33.389697211948));
#1830 = CARTESIAN_POINT('',(0.3348035756,33.433511637132));
#1831 = CARTESIAN_POINT('',(0.334807473461,33.477326840038));
#1832 = CARTESIAN_POINT('',(0.334827437393,33.643748211321));
#1833 = CARTESIAN_POINT('',(0.334857550057,33.76651487153));
#1834 = CARTESIAN_POINT('',(0.334882489369,33.889199364365));
#1835 = CARTESIAN_POINT('',(0.334877295429,34.0118232437));
#1836 = CARTESIAN_POINT('',(0.334864527646,34.134436146808));
#1837 = CARTESIAN_POINT('',(0.334856725144,34.257097871757));
#1838 = CARTESIAN_POINT('',(0.334857837151,34.379844123612));
#1839 = CARTESIAN_POINT('',(0.334869711394,34.581617186718));
#1840 = CARTESIAN_POINT('',(0.334876901744,34.660809960003));
#1841 = CARTESIAN_POINT('',(0.334886021556,34.739996554302));
#1842 = CARTESIAN_POINT('',(0.334895091223,34.819175391421));
#1843 = CARTESIAN_POINT('',(0.334901881034,34.898355608197));
#1844 = CARTESIAN_POINT('',(0.33490471313,34.977545967547));
#1845 = CARTESIAN_POINT('',(0.33490293738,35.056743655424));
#1846 = CARTESIAN_POINT('',(0.334888687192,35.249413309104));
#1847 = CARTESIAN_POINT('',(0.334871869028,35.363009501636));
#1848 = CARTESIAN_POINT('',(0.334847991987,35.476548326719));
#1849 = CARTESIAN_POINT('',(0.334822559315,35.590043747626));
#1850 = CARTESIAN_POINT('',(0.334804858441,35.703535450882));
#1851 = CARTESIAN_POINT('',(0.334799901447,35.817065420491));
#1852 = CARTESIAN_POINT('',(0.334806467594,35.930653409727));
#1853 = CARTESIAN_POINT('',(0.334838011684,36.18785538635));
#1854 = CARTESIAN_POINT('',(0.334867509257,36.331913755421));
#1855 = CARTESIAN_POINT('',(0.334900275272,36.475760775098));
#1856 = CARTESIAN_POINT('',(0.33492064809,36.619505287465));
#1857 = CARTESIAN_POINT('',(0.334911553566,36.76324483968));
#1858 = CARTESIAN_POINT('',(0.334890375777,36.907079001613));
#1859 = CARTESIAN_POINT('',(0.334873501258,37.051118405133));
#1860 = CARTESIAN_POINT('',(0.334860459715,37.27275115063));
#1861 = CARTESIAN_POINT('',(0.334858336166,37.350686465928));
#1862 = CARTESIAN_POINT('',(0.334859402968,37.428614406224));
#1863 = CARTESIAN_POINT('',(0.334863305042,37.506536697652));
#1864 = CARTESIAN_POINT('',(0.334868214442,37.584463742894));
#1865 = CARTESIAN_POINT('',(0.334871292413,37.662404005961));
#1866 = CARTESIAN_POINT('',(0.334870002751,37.740353190404));
#1867 = CARTESIAN_POINT('',(0.334864276455,37.818283210947));
#1868 = ( GEOMETRIC_REPRESENTATION_CONTEXT(2) 
PARAMETRIC_REPRESENTATION_CONTEXT() REPRESENTATION_CONTEXT('2D SPACE',''
  ) );
#1869 = PCURVE('',#463,#1870);
#1870 = DEFINITIONAL_REPRESENTATION('',(#1871),#1937);
#1871 = B_SPLINE_CURVE_WITH_KNOTS('',8,(#1872,#1873,#1874,#1875,#1876,
    #1877,#1878,#1879,#1880,#1881,#1882,#1883,#1884,#1885,#1886,#1887,
    #1888,#1889,#1890,#1891,#1892,#1893,#1894,#1895,#1896,#1897,#1898,
    #1899,#1900,#1901,#1902,#1903,#1904,#1905,#1906,#1907,#1908,#1909,
    #1910,#1911,#1912,#1913,#1914,#1915,#1916,#1917,#1918,#1919,#1920,
    #1921,#1922,#1923,#1924,#1925,#1926,#1927,#1928,#1929,#1930,#1931,
    #1932,#1933,#1934,#1935,#1936),.UNSPECIFIED.,.F.,.F.,(9,7,7,7,7,7,7,
    7,7,9),(0.,0.121761630079,0.214929006635,0.262677293313,
    0.318306228811,0.473968582767,0.574498247351,0.718590771185,
    0.901057457354,1.),.UNSPECIFIED.);
#1872 = CARTESIAN_POINT('',(0.,3.517439738275));
#1873 = CARTESIAN_POINT('',(9.560548567351E-02,3.525042682472));
#1874 = CARTESIAN_POINT('',(0.191258562631,3.532649708131));
#1875 = CARTESIAN_POINT('',(0.286888538286,3.540256676584));
#1876 = CARTESIAN_POINT('',(0.382497919705,3.547865222364));
#1877 = CARTESIAN_POINT('',(0.478106109753,3.555476501012));
#1878 = CARTESIAN_POINT('',(0.573732708927,3.563089676166));
#1879 = CARTESIAN_POINT('',(0.669381412072,3.570702049697));
#1880 = CARTESIAN_POINT('',(0.838138099269,3.584127323087));
#1881 = CARTESIAN_POINT('',(0.911303009316,3.589945995851));
#1882 = CARTESIAN_POINT('',(0.984463227002,3.595762326042));
#1883 = CARTESIAN_POINT('',(1.057617340459,3.601576250904));
#1884 = CARTESIAN_POINT('',(1.130771706359,3.607390057773));
#1885 = CARTESIAN_POINT('',(1.203932616751,3.613207559836));
#1886 = CARTESIAN_POINT('',(1.27709844464,3.619031465699));
#1887 = CARTESIAN_POINT('',(1.387742851551,3.627845525162));
#1888 = CARTESIAN_POINT('',(1.425233784724,3.630834378377));
#1889 = CARTESIAN_POINT('',(1.462724777191,3.633823724477));
#1890 = CARTESIAN_POINT('',(1.500215911828,3.636812167121));
#1891 = CARTESIAN_POINT('',(1.537707145024,3.639798691575));
#1892 = CARTESIAN_POINT('',(1.575198306679,3.642782664705));
#1893 = CARTESIAN_POINT('',(1.612689100205,3.64576383498));
#1894 = CARTESIAN_POINT('',(1.693856668073,3.65221241814));
#1895 = CARTESIAN_POINT('',(1.737534555027,3.655681420342));
#1896 = CARTESIAN_POINT('',(1.781212668376,3.659151010232));
#1897 = CARTESIAN_POINT('',(1.824890878247,3.662622309819));
#1898 = CARTESIAN_POINT('',(1.868569019918,3.666095891966));
#1899 = CARTESIAN_POINT('',(1.912246893811,3.669571780391));
#1900 = CARTESIAN_POINT('',(1.955924265494,3.67304944967));
#1901 = CARTESIAN_POINT('',(2.121817879852,3.68626110744));
#1902 = CARTESIAN_POINT('',(2.244186319563,3.696014848134));
#1903 = CARTESIAN_POINT('',(2.366466019536,3.705759474465));
#1904 = CARTESIAN_POINT('',(2.488689824787,3.715484219959));
#1905 = CARTESIAN_POINT('',(2.61091401656,3.725204306161));
#1906 = CARTESIAN_POINT('',(2.733194392017,3.734930748847));
#1907 = CARTESIAN_POINT('',(2.855562473647,3.744668356107));
#1908 = CARTESIAN_POINT('',(3.05671376225,3.760680281605));
#1909 = CARTESIAN_POINT('',(3.135662476877,3.766965977896));
#1910 = CARTESIAN_POINT('',(3.214604069747,3.773252149647));
#1911 = CARTESIAN_POINT('',(3.293536259458,3.779537681678));
#1912 = CARTESIAN_POINT('',(3.372467912117,3.785822183641));
#1913 = CARTESIAN_POINT('',(3.451408018194,3.792105511432));
#1914 = CARTESIAN_POINT('',(3.530354353642,3.798387116481));
#1915 = CARTESIAN_POINT('',(3.722411204862,3.813663842481));
#1916 = CARTESIAN_POINT('',(3.835644989861,3.822666645699));
#1917 = CARTESIAN_POINT('',(3.948822110618,3.831661367433));
#1918 = CARTESIAN_POINT('',(4.061958251033,3.840651866751));
#1919 = CARTESIAN_POINT('',(4.175093329852,3.849645935893));
#1920 = CARTESIAN_POINT('',(4.288267460984,3.858649412048));
#1921 = CARTESIAN_POINT('',(4.401498816252,3.867663252527));
#1922 = CARTESIAN_POINT('',(4.65789029217,3.888082003615));
#1923 = CARTESIAN_POINT('',(4.801492594662,3.899524425803));
#1924 = CARTESIAN_POINT('',(4.944880781327,3.910951718745));
#1925 = CARTESIAN_POINT('',(5.088163784097,3.922364686086));
#1926 = CARTESIAN_POINT('',(5.231445238512,3.933762527919));
#1927 = CARTESIAN_POINT('',(5.374830598283,3.945161832241));
#1928 = CARTESIAN_POINT('',(5.518426035057,3.956579566367));
#1929 = CARTESIAN_POINT('',(5.739375804205,3.97415443676));
#1930 = CARTESIAN_POINT('',(5.817070966538,3.980335724403));
#1931 = CARTESIAN_POINT('',(5.894757976245,3.986518021361));
#1932 = CARTESIAN_POINT('',(5.972437404087,3.992701287174));
#1933 = CARTESIAN_POINT('',(6.05011872574,3.998885433498));
#1934 = CARTESIAN_POINT('',(6.127810123612,4.005069713049));
#1935 = CARTESIAN_POINT('',(6.205507872228,4.011252517691));
#1936 = CARTESIAN_POINT('',(6.28318530718,4.017431585642));
#1937 = ( GEOMETRIC_REPRESENTATION_CONTEXT(2) 
PARAMETRIC_REPRESENTATION_CONTEXT() REPRESENTATION_CONTEXT('2D SPACE',''
  ) );
#1938 = ORIENTED_EDGE('',*,*,#21,.T.);
#1939 = ORIENTED_EDGE('',*,*,#1940,.F.);
#1940 = EDGE_CURVE('',#481,#24,#1941,.T.);
#1941 = SURFACE_CURVE('',#1942,(#1945,#1952),.PCURVE_S1.);
#1942 = B_SPLINE_CURVE_WITH_KNOTS('',1,(#1943,#1944),.UNSPECIFIED.,.F.,
  .F.,(2,2),(0.,0.346410161514),.PIECEWISE_BEZIER_KNOTS.);
#1943 = CARTESIAN_POINT('',(12.470765804414,-7.199999996233,
    10.025000063686));
#1944 = CARTESIAN_POINT('',(12.210958121371,-7.049999956383,
    10.198205017071));
#1945 = PCURVE('',#168,#1946);
#1946 = DEFINITIONAL_REPRESENTATION('',(#1947),#1951);
#1947 = LINE('',#1948,#1949);
#1948 = CARTESIAN_POINT('',(0.,44.121337951308));
#1949 = VECTOR('',#1950,1.);
#1950 = DIRECTION('',(1.,0.));
#1951 = ( GEOMETRIC_REPRESENTATION_CONTEXT(2) 
PARAMETRIC_REPRESENTATION_CONTEXT() REPRESENTATION_CONTEXT('2D SPACE',''
  ) );
#1952 = PCURVE('',#437,#1953);
#1953 = DEFINITIONAL_REPRESENTATION('',(#1954),#1957);
#1954 = B_SPLINE_CURVE_WITH_KNOTS('',1,(#1955,#1956),.UNSPECIFIED.,.F.,
  .F.,(2,2),(0.,0.346410161514),.PIECEWISE_BEZIER_KNOTS.);
#1955 = CARTESIAN_POINT('',(-0.195611061888,-2.500008305169E-02));
#1956 = CARTESIAN_POINT('',(0.104389011651,-0.198205036436));
#1957 = ( GEOMETRIC_REPRESENTATION_CONTEXT(2) 
PARAMETRIC_REPRESENTATION_CONTEXT() REPRESENTATION_CONTEXT('2D SPACE',''
  ) );
#1958 = ADVANCED_FACE('',(#1959),#463,.T.);
#1959 = FACE_BOUND('',#1960,.T.);
#1960 = EDGE_LOOP('',(#1961,#1962,#2304,#2325));
#1961 = ORIENTED_EDGE('',*,*,#449,.T.);
#1962 = ORIENTED_EDGE('',*,*,#1963,.F.);
#1963 = EDGE_CURVE('',#1964,#422,#1966,.T.);
#1964 = VERTEX_POINT('',#1965);
#1965 = CARTESIAN_POINT('',(12.219618447398,-7.055,9.307567249076));
#1966 = SURFACE_CURVE('',#1967,(#2033,#2102),.PCURVE_S1.);
#1967 = B_SPLINE_CURVE_WITH_KNOTS('',8,(#1968,#1969,#1970,#1971,#1972,
    #1973,#1974,#1975,#1976,#1977,#1978,#1979,#1980,#1981,#1982,#1983,
    #1984,#1985,#1986,#1987,#1988,#1989,#1990,#1991,#1992,#1993,#1994,
    #1995,#1996,#1997,#1998,#1999,#2000,#2001,#2002,#2003,#2004,#2005,
    #2006,#2007,#2008,#2009,#2010,#2011,#2012,#2013,#2014,#2015,#2016,
    #2017,#2018,#2019,#2020,#2021,#2022,#2023,#2024,#2025,#2026,#2027,
    #2028,#2029,#2030,#2031,#2032),.UNSPECIFIED.,.F.,.F.,(9,7,7,7,7,7,7,
    7,7,9),(0.,8.581222404085E-02,0.133033403064,0.182457200712,
    0.35193165643,0.474735635731,0.597915340612,0.777727279133,
    0.885810199805,1.),.UNSPECIFIED.);
#1968 = CARTESIAN_POINT('',(12.219618447398,-7.055,9.307567249076));
#1969 = CARTESIAN_POINT('',(12.310908768511,-6.896880525594,
    9.312931584238));
#1970 = CARTESIAN_POINT('',(12.390035518222,-6.731712318075,
    9.318298353352));
#1971 = CARTESIAN_POINT('',(12.456346357136,-6.560613704315,
    9.323666557403));
#1972 = CARTESIAN_POINT('',(12.509333207675,-6.384750503977,
    9.329035709485));
#1973 = CARTESIAN_POINT('',(12.548616441629,-6.205327305179,
    9.334404547027));
#1974 = CARTESIAN_POINT('',(12.573940665919,-6.023581685479,
    9.33977084072));
#1975 = CARTESIAN_POINT('',(12.585182106587,-5.840781378157,
    9.345132300145));
#1976 = CARTESIAN_POINT('',(12.580818805316,-5.557766009643,
    9.35343605436));
#1977 = CARTESIAN_POINT('',(12.575013119408,-5.457368595441,
    9.356381730064));
#1978 = CARTESIAN_POINT('',(12.564954042397,-5.357246742801,
    9.359326416221));
#1979 = CARTESIAN_POINT('',(12.55065737285,-5.257612272515,
    9.362270978725));
#1980 = CARTESIAN_POINT('',(12.532151198786,-5.158674224583,
    9.365216336353));
#1981 = CARTESIAN_POINT('',(12.509475897672,-5.060638858213,
    9.36816346076));
#1982 = CARTESIAN_POINT('',(12.482684136424,-4.963709651817,
    9.371113376485));
#1983 = CARTESIAN_POINT('',(12.419558930964,-4.768004676629,
    9.377158723849));
#1984 = CARTESIAN_POINT('',(12.382837712877,-4.669351546098,
    9.380252155538));
#1985 = CARTESIAN_POINT('',(12.341752143093,-4.57236005985,
    9.383345885443));
#1986 = CARTESIAN_POINT('',(12.296390630091,-4.4772556294,9.386438783612
    ));
#1987 = CARTESIAN_POINT('',(12.246855064876,-4.38425692935,
    9.389530160711));
#1988 = CARTESIAN_POINT('',(12.193260820989,-4.293575897389,
    9.392619768025));
#1989 = CARTESIAN_POINT('',(12.135736754496,-4.205417734296,
    9.395707797457));
#1990 = CARTESIAN_POINT('',(11.864187582765,-3.827017574277,
    9.409380508648));
#1991 = CARTESIAN_POINT('',(11.609031254358,-3.565512555932,
    9.419971640562));
#1992 = CARTESIAN_POINT('',(11.314955407674,-3.344394370103,
    9.430549267113));
#1993 = CARTESIAN_POINT('',(10.989685629886,-3.169996330977,
    9.441142889192));
#1994 = CARTESIAN_POINT('',(10.641661125213,-3.047136180215,
    9.45174062935));
#1995 = CARTESIAN_POINT('',(10.280131637245,-2.978801342614,
    9.462340687259));
#1996 = CARTESIAN_POINT('',(9.914968316128,-2.966441000506,
    9.472946293301));
#1997 = CARTESIAN_POINT('',(9.297310463963,-3.038926011311,
    9.491199094585));
#1998 = CARTESIAN_POINT('',(9.041024433859,-3.097993637498,
    9.498870175858));
#1999 = CARTESIAN_POINT('',(8.79184180512,-3.185265502507,9.506538422257
    ));
#2000 = CARTESIAN_POINT('',(8.553371381979,-3.299680273454,
    9.514206200115));
#2001 = CARTESIAN_POINT('',(8.328967772365,-3.439681964991,
    9.521877240162));
#2002 = CARTESIAN_POINT('',(8.12173996992,-3.60327107805,9.52955403511)
  );
#2003 = CARTESIAN_POINT('',(7.934514482514,-3.787971731531,
    9.537236047942));
#2004 = CARTESIAN_POINT('',(7.604400697282,-4.194125251564,
    9.552620130174));
#2005 = CARTESIAN_POINT('',(7.461489077673,-4.415886600232,
    9.560329673642));
#2006 = CARTESIAN_POINT('',(7.343491545668,-4.653002422181,
    9.568037772521));
#2007 = CARTESIAN_POINT('',(7.252273713884,-4.90216279585,9.575742355408
    ));
#2008 = CARTESIAN_POINT('',(7.189165429289,-5.159876820836,
    9.583442950076));
#2009 = CARTESIAN_POINT('',(7.15500261624,-5.422506764804,9.591140421397
    ));
#2010 = CARTESIAN_POINT('',(7.150079445445,-5.686273086647,
    9.598836015619));
#2011 = CARTESIAN_POINT('',(7.208904899585,-6.328275972424,
    9.617750867835));
#2012 = CARTESIAN_POINT('',(7.305366670621,-6.704484618748,
    9.628995738193));
#2013 = CARTESIAN_POINT('',(7.462659278756,-7.062901014013,
    9.640224807635));
#2014 = CARTESIAN_POINT('',(7.6763880716,-7.392400684534,9.651453069026)
  );
#2015 = CARTESIAN_POINT('',(7.940529471848,-7.683053587691,
    9.662694951039));
#2016 = CARTESIAN_POINT('',(8.247016286862,-7.926503675902,
    9.673949067526));
#2017 = CARTESIAN_POINT('',(8.586210815085,-8.115668744581,
    9.685215708654));
#2018 = CARTESIAN_POINT('',(9.161838530744,-8.325200963661,
    9.703208634539));
#2019 = CARTESIAN_POINT('',(9.385631886355,-8.382926697098,
    9.709963929189));
#2020 = CARTESIAN_POINT('',(9.614655540241,-8.418799235575,
    9.716716473632));
#2021 = CARTESIAN_POINT('',(9.846413641801,-8.432303698934,
    9.723466648974));
#2022 = CARTESIAN_POINT('',(10.078389453981,-8.423259160108,
    9.730217062449));
#2023 = CARTESIAN_POINT('',(10.308062111166,-8.391797174099,
    9.736970749478));
#2024 = CARTESIAN_POINT('',(10.532923206691,-8.338385302727,
    9.743728783846));
#2025 = CARTESIAN_POINT('',(10.980356309944,-8.185197167273,
    9.757627676246));
#2026 = CARTESIAN_POINT('',(11.202238150411,-8.082918119849,
    9.764773464144));
#2027 = CARTESIAN_POINT('',(11.413189454013,-7.958036927004,
    9.771919721875));
#2028 = CARTESIAN_POINT('',(11.610543368778,-7.811959808997,
    9.779063545274));
#2029 = CARTESIAN_POINT('',(11.791886956976,-7.646421827036,
    9.786199798185));
#2030 = CARTESIAN_POINT('',(11.95505044018,-7.463456068004,
    9.793322339942));
#2031 = CARTESIAN_POINT('',(12.098137314283,-7.265411494865,
    9.800433970204));
#2032 = CARTESIAN_POINT('',(12.219618448228,-7.054999998563,
    9.807568315324));
#2033 = PCURVE('',#463,#2034);
#2034 = DEFINITIONAL_REPRESENTATION('',(#2035),#2101);
#2035 = B_SPLINE_CURVE_WITH_KNOTS('',8,(#2036,#2037,#2038,#2039,#2040,
    #2041,#2042,#2043,#2044,#2045,#2046,#2047,#2048,#2049,#2050,#2051,
    #2052,#2053,#2054,#2055,#2056,#2057,#2058,#2059,#2060,#2061,#2062,
    #2063,#2064,#2065,#2066,#2067,#2068,#2069,#2070,#2071,#2072,#2073,
    #2074,#2075,#2076,#2077,#2078,#2079,#2080,#2081,#2082,#2083,#2084,
    #2085,#2086,#2087,#2088,#2089,#2090,#2091,#2092,#2093,#2094,#2095,
    #2096,#2097,#2098,#2099,#2100),.UNSPECIFIED.,.F.,.F.,(9,7,7,7,7,7,7,
    7,7,9),(0.,8.581222404085E-02,0.133033403064,0.182457200712,
    0.35193165643,0.474735635731,0.597915340612,0.777727279133,
    0.885810199805,1.),.UNSPECIFIED.);
#2036 = CARTESIAN_POINT('',(0.,3.632567249076));
#2037 = CARTESIAN_POINT('',(6.737293071045E-02,3.637931584238));
#2038 = CARTESIAN_POINT('',(0.134754058488,3.643298353352));
#2039 = CARTESIAN_POINT('',(0.202132290118,3.648666557403));
#2040 = CARTESIAN_POINT('',(0.269506725702,3.654035709485));
#2041 = CARTESIAN_POINT('',(0.336881517096,3.659404547027));
#2042 = CARTESIAN_POINT('',(0.404260633291,3.66477084072));
#2043 = CARTESIAN_POINT('',(0.471642532755,3.670132300145));
#2044 = CARTESIAN_POINT('',(0.576088658746,3.67843605436));
#2045 = CARTESIAN_POINT('',(0.613163959569,3.681381730064));
#2046 = CARTESIAN_POINT('',(0.650239780018,3.684326416221));
#2047 = CARTESIAN_POINT('',(0.687315531532,3.687270978725));
#2048 = CARTESIAN_POINT('',(0.724390902159,3.690216336353));
#2049 = CARTESIAN_POINT('',(0.761465856554,3.69316346076));
#2050 = CARTESIAN_POINT('',(0.798540635983,3.696113376485));
#2051 = CARTESIAN_POINT('',(0.874420239322,3.702158723849));
#2052 = CARTESIAN_POINT('',(0.913225131162,3.705252155538));
#2053 = CARTESIAN_POINT('',(0.952030325279,3.708345885443));
#2054 = CARTESIAN_POINT('',(0.99083569119,3.711438783612));
#2055 = CARTESIAN_POINT('',(1.029641076489,3.714530160711));
#2056 = CARTESIAN_POINT('',(1.068446306848,3.717619768025));
#2057 = CARTESIAN_POINT('',(1.107251186015,3.720707797457));
#2058 = CARTESIAN_POINT('',(1.279115673228,3.734380508648));
#2059 = CARTESIAN_POINT('',(1.41240794998,3.744971640562));
#2060 = CARTESIAN_POINT('',(1.545560240613,3.755549267113));
#2061 = CARTESIAN_POINT('',(1.678632268643,3.766142889192));
#2062 = CARTESIAN_POINT('',(1.811705145502,3.77674062935));
#2063 = CARTESIAN_POINT('',(1.944856791833,3.787340687259));
#2064 = CARTESIAN_POINT('',(2.078152707416,3.797946293301));
#2065 = CARTESIAN_POINT('',(2.307634823323,3.816199094585));
#2066 = CARTESIAN_POINT('',(2.40410122211,3.823870175858));
#2067 = CARTESIAN_POINT('',(2.500543186133,3.831538422257));
#2068 = CARTESIAN_POINT('',(2.596963915925,3.839206200115));
#2069 = CARTESIAN_POINT('',(2.693383734025,3.846877240162));
#2070 = CARTESIAN_POINT('',(2.789823325414,3.85455403511));
#2071 = CARTESIAN_POINT('',(2.886287060916,3.862236047942));
#2072 = CARTESIAN_POINT('',(3.079419444307,3.877620130174));
#2073 = CARTESIAN_POINT('',(3.176181913027,3.885329673642));
#2074 = CARTESIAN_POINT('',(3.272921006586,3.893037772521));
#2075 = CARTESIAN_POINT('',(3.369639001484,3.900742355408));
#2076 = CARTESIAN_POINT('',(3.466355464477,3.908442950076));
#2077 = CARTESIAN_POINT('',(3.563090803226,3.916140421397));
#2078 = CARTESIAN_POINT('',(3.659849785754,3.923836015619));
#2079 = CARTESIAN_POINT('',(3.897743617017,3.942750867835));
#2080 = CARTESIAN_POINT('',(4.039233621776,3.953995738193));
#2081 = CARTESIAN_POINT('',(4.180529620745,3.965224807634));
#2082 = CARTESIAN_POINT('',(4.321726948688,3.976453069026));
#2083 = CARTESIAN_POINT('',(4.462924009405,3.987694951039));
#2084 = CARTESIAN_POINT('',(4.604219689147,3.998949067526));
#2085 = CARTESIAN_POINT('',(4.745708896771,4.010215708654));
#2086 = CARTESIAN_POINT('',(4.971752201804,4.028208634539));
#2087 = CARTESIAN_POINT('',(5.056636996149,4.034963929189));
#2088 = CARTESIAN_POINT('',(5.141510763814,4.041716473632));
#2089 = CARTESIAN_POINT('',(5.226371306614,4.048466648974));
#2090 = CARTESIAN_POINT('',(5.311232084474,4.055217062449));
#2091 = CARTESIAN_POINT('',(5.396106327437,4.061970749478));
#2092 = CARTESIAN_POINT('',(5.480990921971,4.068728783846));
#2093 = CARTESIAN_POINT('',(5.65550391584,4.082627676246));
#2094 = CARTESIAN_POINT('',(5.745189908561,4.089773464144));
#2095 = CARTESIAN_POINT('',(5.834859519972,4.096919721875));
#2096 = CARTESIAN_POINT('',(5.924514997236,4.104063545274));
#2097 = CARTESIAN_POINT('',(6.014171329496,4.111199798185));
#2098 = CARTESIAN_POINT('',(6.103843105069,4.118322339942));
#2099 = CARTESIAN_POINT('',(6.193531333741,4.125433970204));
#2100 = CARTESIAN_POINT('',(6.28318530718,4.132568315324));
#2101 = ( GEOMETRIC_REPRESENTATION_CONTEXT(2) 
PARAMETRIC_REPRESENTATION_CONTEXT() REPRESENTATION_CONTEXT('2D SPACE',''
  ) );
#2102 = PCURVE('',#2103,#2236);
#2103 = B_SPLINE_SURFACE_WITH_KNOTS('',1,9,(
    (#2104,#2105,#2106,#2107,#2108,#2109,#2110,#2111,#2112,#2113,#2114
      ,#2115,#2116,#2117,#2118,#2119,#2120,#2121,#2122,#2123,#2124,#2125
      ,#2126,#2127,#2128,#2129,#2130,#2131,#2132,#2133,#2134,#2135,#2136
      ,#2137,#2138,#2139,#2140,#2141,#2142,#2143,#2144,#2145,#2146,#2147
      ,#2148,#2149,#2150,#2151,#2152,#2153,#2154,#2155,#2156,#2157,#2158
      ,#2159,#2160,#2161,#2162,#2163,#2164,#2165,#2166,#2167,#2168,#2169
      )
    ,(#2170,#2171,#2172,#2173,#2174,#2175,#2176,#2177,#2178,#2179,#2180
      ,#2181,#2182,#2183,#2184,#2185,#2186,#2187,#2188,#2189,#2190,#2191
      ,#2192,#2193,#2194,#2195,#2196,#2197,#2198,#2199,#2200,#2201,#2202
      ,#2203,#2204,#2205,#2206,#2207,#2208,#2209,#2210,#2211,#2212,#2213
      ,#2214,#2215,#2216,#2217,#2218,#2219,#2220,#2221,#2222,#2223,#2224
      ,#2225,#2226,#2227,#2228,#2229,#2230,#2231,#2232,#2233,#2234,#2235
      )),.UNSPECIFIED.,.F.,.F.,.F.,(2,2),(10,8,8,8,8,8,8,8,10),(0.,
    0.346410161514),(0.,5.515167243913,11.030334487827,16.54550173174,
    22.060668975654,27.575836219567,33.091003463481,38.606170707394,
    44.121337951308),.UNSPECIFIED.);
#2104 = CARTESIAN_POINT('',(12.210958193361,-7.05,6.301794919243));
#2105 = CARTESIAN_POINT('',(13.035626517553,-5.621633566465,
    6.350405651752));
#2106 = CARTESIAN_POINT('',(12.87763021235,-3.624471078179,6.3990184132)
  );
#2107 = CARTESIAN_POINT('',(11.30016926255,-1.847393898682,
    6.447625352883));
#2108 = CARTESIAN_POINT('',(8.534515783888,-1.392020780144,
    6.496243493222));
#2109 = CARTESIAN_POINT('',(6.057851473886,-3.292444393929,
    6.544846305654));
#2110 = CARTESIAN_POINT('',(5.781895936514,-6.081705509083,
    6.593464361501));
#2111 = CARTESIAN_POINT('',(7.090147833821,-8.065366333604,
    6.642071431607));
#2112 = CARTESIAN_POINT('',(8.978364916225,-8.734878910527,
    6.690684067273));
#2113 = CARTESIAN_POINT('',(12.164637158043,-7.881120631206,
    6.787905708782));
#2114 = CARTESIAN_POINT('',(13.465124091956,-6.357193410554,
    6.836518331893));
#2115 = CARTESIAN_POINT('',(13.606274013656,-3.985176529662,
    6.885125445256));
#2116 = CARTESIAN_POINT('',(11.972659173569,-1.707567005707,
    6.933743409264));
#2117 = CARTESIAN_POINT('',(8.877590564328,-1.300103117429,
    6.982346365995));
#2118 = CARTESIAN_POINT('',(6.710155120119,-3.077278654093,
    7.030964328392));
#2119 = CARTESIAN_POINT('',(6.232568869674,-5.405012404287,7.07957144426
    ));
#2120 = CARTESIAN_POINT('',(7.094323095649,-7.213600410004,
    7.128184064934));
#2121 = CARTESIAN_POINT('',(9.95105607198,-8.862936845683,7.225405709892
    ));
#2122 = CARTESIAN_POINT('',(11.948218474645,-8.704940707178,
    7.274018330329));
#2123 = CARTESIAN_POINT('',(13.725295761619,-7.12747954811,
    7.322625447022));
#2124 = CARTESIAN_POINT('',(14.180668771037,-4.36182628192,
    7.371243407645));
#2125 = CARTESIAN_POINT('',(12.280245246583,-1.885161797998,
    7.419846367191));
#2126 = CARTESIAN_POINT('',(9.490984073535,-1.609206373313,
    7.468464327707));
#2127 = CARTESIAN_POINT('',(7.507323277392,-2.917458215401,
    7.517071444535));
#2128 = CARTESIAN_POINT('',(6.837810691161,-4.805675315913,
    7.565684064879));
#2129 = CARTESIAN_POINT('',(7.691568972626,-7.99194755355,7.66290570992)
  );
#2130 = CARTESIAN_POINT('',(9.215496191617,-9.292434490738,
    7.711518330282));
#2131 = CARTESIAN_POINT('',(11.587513074577,-9.433584408328,
    7.76012544708));
#2132 = CARTESIAN_POINT('',(13.865122596427,-7.79996957241,
    7.808743407595));
#2133 = CARTESIAN_POINT('',(14.272586486461,-4.704900959764,
    7.857346367218));
#2134 = CARTESIAN_POINT('',(12.495410948618,-2.537465517751,7.9059643277
    ));
#2135 = CARTESIAN_POINT('',(10.167677199031,-2.059879266239,
    7.954571444535));
#2136 = CARTESIAN_POINT('',(8.359089193103,-2.921633492558,
    8.003184064879));
#2137 = CARTESIAN_POINT('',(6.70975275748,-5.778366468816,8.100405709923
    ));
#2138 = CARTESIAN_POINT('',(6.867748895926,-7.775528871522,8.14901833027
    ));
#2139 = CARTESIAN_POINT('',(8.445210055083,-9.552606158463,
    8.197625447099));
#2140 = CARTESIAN_POINT('',(11.21086332118,-10.00797916791,
    8.246243407579));
#2141 = CARTESIAN_POINT('',(13.687527805166,-8.107555643415,
    8.294846367223));
#2142 = CARTESIAN_POINT('',(13.963483229825,-5.318294470419,
    8.343464327704));
#2143 = CARTESIAN_POINT('',(12.65523138774,-3.334633674235,
    8.392071444531));
#2144 = CARTESIAN_POINT('',(10.76701428723,-2.665121088021,
    8.440684064879));
#2145 = CARTESIAN_POINT('',(7.580742049594,-3.518879369488,
    8.537905709924));
#2146 = CARTESIAN_POINT('',(6.280255112397,-5.042806588452,
    8.586518330266));
#2147 = CARTESIAN_POINT('',(6.139105194835,-7.414823471472,
    8.635125447097));
#2148 = CARTESIAN_POINT('',(7.772720030697,-9.692432993255,
    8.683743407604));
#2149 = CARTESIAN_POINT('',(10.867788643429,-10.09989688332,
    8.732346367169));
#2150 = CARTESIAN_POINT('',(13.035224085337,-8.322721345481,
    8.780964327768));
#2151 = CARTESIAN_POINT('',(13.512810336948,-5.994987595888,
    8.82957144448));
#2152 = CARTESIAN_POINT('',(12.651056110556,-4.186399589951,
    8.878184064908));
#2153 = CARTESIAN_POINT('',(9.794323134382,-2.537063154366,
    8.975405709872));
#2154 = CARTESIAN_POINT('',(7.797160731328,-2.695059292619,
    9.024018330533));
#2155 = CARTESIAN_POINT('',(6.02008344544,-4.272520452377,9.072625446424
    ));
#2156 = CARTESIAN_POINT('',(5.564710433852,-7.038173717236,
    9.121243408798));
#2157 = CARTESIAN_POINT('',(7.465133961642,-9.514838203142,
    9.169846365535));
#2158 = CARTESIAN_POINT('',(10.254395130622,-9.790793625451,
    9.218464329555));
#2159 = CARTESIAN_POINT('',(12.238055930757,-8.482541785682,
    9.267071442903));
#2160 = CARTESIAN_POINT('',(12.907568513825,-6.594324683326,
    9.315684066021));
#2161 = CARTESIAN_POINT('',(12.053810236371,-3.408052448046,
    9.412905707532));
#2162 = CARTESIAN_POINT('',(10.529883000022,-2.107565500646,
    9.461518343184));
#2163 = CARTESIAN_POINT('',(8.15786617003,-1.966415614202,9.510125413316
    ));
#2164 = CARTESIAN_POINT('',(5.880256540006,-3.600030386547,
    9.558743469147));
#2165 = CARTESIAN_POINT('',(5.472792817027,-6.695099097328,
    9.607346281558));
#2166 = CARTESIAN_POINT('',(7.24996815072,-8.862534419442,9.655964421951
    ));
#2167 = CARTESIAN_POINT('',(9.577702101387,-9.340120789043,
    9.704571361578));
#2168 = CARTESIAN_POINT('',(11.386289947163,-8.478366468667,
    9.75318412306));
#2169 = CARTESIAN_POINT('',(12.210958267128,-7.050000040537,
    9.801794855557));
#2170 = CARTESIAN_POINT('',(12.470765814496,-7.2,6.475));
#2171 = CARTESIAN_POINT('',(13.387063924876,-5.612925244626,
    6.523611489713));
#2172 = CARTESIAN_POINT('',(13.211511412003,-3.393860699292,
    6.572220950486));
#2173 = CARTESIAN_POINT('',(11.458782049174,-1.419317846444,
    6.620836233031));
#2174 = CARTESIAN_POINT('',(8.385822265574,-0.913369069356,
    6.669440314902));
#2175 = CARTESIAN_POINT('',(5.633989433411,-3.024926212546,6.71805972471
    ));
#2176 = CARTESIAN_POINT('',(5.327356842304,-6.124124813647,
    6.766663891068));
#2177 = CARTESIAN_POINT('',(6.780979557632,-8.328181819155,
    6.815279043196));
#2178 = CARTESIAN_POINT('',(8.878994811291,-9.072088212675,
    6.863888629746));
#2179 = CARTESIAN_POINT('',(12.419298666683,-8.123466755235,
    6.961111432686));
#2180 = CARTESIAN_POINT('',(13.864279884652,-6.430216817581,
    7.009721031787));
#2181 = CARTESIAN_POINT('',(14.021125704613,-3.794637330235,
    7.058336140665));
#2182 = CARTESIAN_POINT('',(12.205974817568,-1.263966846471,
    7.106940398862));
#2183 = CARTESIAN_POINT('',(8.767038783948,-0.811223541448,
    7.155559664354));
#2184 = CARTESIAN_POINT('',(6.35875245398,-2.785865919256,7.204163924195
    ));
#2185 = CARTESIAN_POINT('',(5.828115277763,-5.372236045811,7.25277903053
    ));
#2186 = CARTESIAN_POINT('',(6.785614835494,-7.381778116574,
    7.301388632091));
#2187 = CARTESIAN_POINT('',(9.959764364375,-9.214374314286,
    7.398611431569));
#2188 = CARTESIAN_POINT('',(12.178828895501,-9.038821819476,
    7.447221033373));
#2189 = CARTESIAN_POINT('',(14.153371766184,-7.286092433973,
    7.495836138864));
#2190 = CARTESIAN_POINT('',(14.659320525164,-4.213132673393,
    7.544440400506));
#2191 = CARTESIAN_POINT('',(12.5477633968,-1.461299822387,7.59305966316)
  );
#2192 = CARTESIAN_POINT('',(9.448564786088,-1.154667243489,
    7.641663924861));
#2193 = CARTESIAN_POINT('',(7.244507785292,-2.608289952834,7.69027903027
    ));
#2194 = CARTESIAN_POINT('',(6.500601390226,-4.706305208455,7.73888863214
    ));
#2195 = CARTESIAN_POINT('',(7.449222848022,-8.246609063394,
    7.836111431545));
#2196 = CARTESIAN_POINT('',(9.142472785401,-9.691590281718,
    7.884721033409));
#2197 = CARTESIAN_POINT('',(11.778052273089,-9.848436101234,
    7.933336138825));
#2198 = CARTESIAN_POINT('',(14.308722756504,-8.033285214638,
    7.981940400538));
#2199 = CARTESIAN_POINT('',(14.76146606182,-4.594349180655,
    8.030559663142));
#2200 = CARTESIAN_POINT('',(12.786823683814,-2.186062850917,
    8.079163924868));
#2201 = CARTESIAN_POINT('',(10.200453557361,-1.655425674591,
    8.127779030269));
#2202 = CARTESIAN_POINT('',(8.190911486562,-2.612925232357,
    8.176388632141));
#2203 = CARTESIAN_POINT('',(6.35831528886,-5.787074761231,8.273611431544
    ));
#2204 = CARTESIAN_POINT('',(6.53386778366,-8.006139292358,8.322221033413
    ));
#2205 = CARTESIAN_POINT('',(8.28659716918,-9.980682163044,8.370836138819
    ));
#2206 = CARTESIAN_POINT('',(11.35955692974,-10.48663092202,
    8.419440400542));
#2207 = CARTESIAN_POINT('',(14.111389780762,-8.375073793654,
    8.468059663143));
#2208 = CARTESIAN_POINT('',(14.418022359651,-5.27587518295,
    8.516663924864));
#2209 = CARTESIAN_POINT('',(12.964399650309,-3.071818182146,
    8.565279030272));
#2210 = CARTESIAN_POINT('',(10.866384394688,-2.327911787084,
    8.61388863214));
#2211 = CARTESIAN_POINT('',(7.326080539749,-3.27653324488,8.711111431544
    ));
#2212 = CARTESIAN_POINT('',(5.881099321424,-4.969783182255,
    8.759721033413));
#2213 = CARTESIAN_POINT('',(5.724253501911,-7.605362669953,
    8.808336138825));
#2214 = CARTESIAN_POINT('',(7.539404388498,-10.13603315335,
    8.856940400522));
#2215 = CARTESIAN_POINT('',(10.978340422497,-10.58877645868,
    8.905559663179));
#2216 = CARTESIAN_POINT('',(13.386626752215,-8.614134080671,
    8.954163924821));
#2217 = CARTESIAN_POINT('',(13.917263928559,-6.02776395422,9.00277903031
    ));
#2218 = CARTESIAN_POINT('',(12.959764370782,-4.018221883418,
    9.051388632115));
#2219 = CARTESIAN_POINT('',(9.785614841918,-2.185625685722,
    9.148611431592));
#2220 = CARTESIAN_POINT('',(7.56655031075,-2.361178180488,9.197221033158
    ));
#2221 = CARTESIAN_POINT('',(5.592007440189,-4.113907566115,
    9.245836139483));
#2222 = CARTESIAN_POINT('',(5.08605868096,-7.186867326457,9.294440399332
    ));
#2223 = CARTESIAN_POINT('',(7.197615809714,-9.938700177814,
    9.343059664825));
#2224 = CARTESIAN_POINT('',(10.296814419945,-10.24533275629,
    9.391663923013));
#2225 = CARTESIAN_POINT('',(12.500871421213,-8.791710047353,
    9.440279031901));
#2226 = CARTESIAN_POINT('',(13.244777815907,-6.693694791415,
    9.488888630998));
#2227 = CARTESIAN_POINT('',(12.29615635858,-3.15339093688,9.586111433937
    ));
#2228 = CARTESIAN_POINT('',(10.602906419173,-1.708409716805,
    9.634721020492));
#2229 = CARTESIAN_POINT('',(7.967326937676,-1.551563902631,
    9.683336172612));
#2230 = CARTESIAN_POINT('',(5.436656441614,-3.366714778319,
    9.731940338972));
#2231 = CARTESIAN_POINT('',(4.983913155832,-6.805650829143,
    9.780559748793));
#2232 = CARTESIAN_POINT('',(6.958555509965,-9.213937138304,
    9.829163830638));
#2233 = CARTESIAN_POINT('',(9.544925659931,-9.744574334895,
    9.877779113211));
#2234 = CARTESIAN_POINT('',(11.554467712004,-8.787074760991,
    9.926388573964));
#2235 = CARTESIAN_POINT('',(12.470765822799,-7.200000006847,
    9.975000063686));
#2236 = DEFINITIONAL_REPRESENTATION('',(#2237),#2303);
#2237 = B_SPLINE_CURVE_WITH_KNOTS('',8,(#2238,#2239,#2240,#2241,#2242,
    #2243,#2244,#2245,#2246,#2247,#2248,#2249,#2250,#2251,#2252,#2253,
    #2254,#2255,#2256,#2257,#2258,#2259,#2260,#2261,#2262,#2263,#2264,
    #2265,#2266,#2267,#2268,#2269,#2270,#2271,#2272,#2273,#2274,#2275,
    #2276,#2277,#2278,#2279,#2280,#2281,#2282,#2283,#2284,#2285,#2286,
    #2287,#2288,#2289,#2290,#2291,#2292,#2293,#2294,#2295,#2296,#2297,
    #2298,#2299,#2300,#2301,#2302),.UNSPECIFIED.,.F.,.F.,(9,7,7,7,7,7,7,
    7,7,9),(0.,8.581222404085E-02,0.133033403064,0.182457200712,
    0.35193165643,0.474735635731,0.597915340612,0.777727279133,
    0.885810199805,1.),.UNSPECIFIED.);
#2238 = CARTESIAN_POINT('',(1.15457659304E-02,37.818283204061));
#2239 = CARTESIAN_POINT('',(1.155073463536E-02,37.885875213263));
#2240 = CARTESIAN_POINT('',(1.155911868546E-02,37.953476360676));
#2241 = CARTESIAN_POINT('',(1.157080767255E-02,38.021074743335));
#2242 = CARTESIAN_POINT('',(1.158516702631E-02,38.088668219601));
#2243 = CARTESIAN_POINT('',(1.159921778398E-02,38.156259649912));
#2244 = CARTESIAN_POINT('',(1.160801485524E-02,38.223852107882));
#2245 = CARTESIAN_POINT('',(1.160722378219E-02,38.29144406175));
#2246 = CARTESIAN_POINT('',(1.159276305302E-02,38.396213041507));
#2247 = CARTESIAN_POINT('',(1.158400963064E-02,38.433401634609));
#2248 = CARTESIAN_POINT('',(1.157318164963E-02,38.470590868308));
#2249 = CARTESIAN_POINT('',(1.156197311415E-02,38.507781012245));
#2250 = CARTESIAN_POINT('',(1.155222611035E-02,38.544972042876));
#2251 = CARTESIAN_POINT('',(1.154593080636E-02,38.582163643472));
#2252 = CARTESIAN_POINT('',(1.154522545228E-02,38.619355204121));
#2253 = CARTESIAN_POINT('',(1.155990179402E-02,38.695471185236));
#2254 = CARTESIAN_POINT('',(1.157127205226E-02,38.734395680504));
#2255 = CARTESIAN_POINT('',(1.158327405552E-02,38.773319905249));
#2256 = CARTESIAN_POINT('',(1.15935804298E-02,38.812244299866));
#2257 = CARTESIAN_POINT('',(1.160076952645E-02,38.851169147426));
#2258 = CARTESIAN_POINT('',(1.160432542217E-02,38.890094573678));
#2259 = CARTESIAN_POINT('',(1.160463791907E-02,38.929020547046));
#2260 = CARTESIAN_POINT('',(1.159739483711E-02,39.101425469352));
#2261 = CARTESIAN_POINT('',(1.156412884663E-02,39.235147769378));
#2262 = CARTESIAN_POINT('',(1.152413083287E-02,39.368742419212));
#2263 = CARTESIAN_POINT('',(1.152937612093E-02,39.502253645927));
#2264 = CARTESIAN_POINT('',(1.154516574552E-02,39.635750353482));
#2265 = CARTESIAN_POINT('',(1.155449049985E-02,39.7693170119));
#2266 = CARTESIAN_POINT('',(1.155257505534E-02,39.903024425143));
#2267 = CARTESIAN_POINT('',(1.153751389045E-02,40.133215957354));
#2268 = CARTESIAN_POINT('',(1.152759626709E-02,40.229980854039));
#2269 = CARTESIAN_POINT('',(1.151559440849E-02,40.326723134907));
#2270 = CARTESIAN_POINT('',(1.150554408881E-02,40.423447198018));
#2271 = CARTESIAN_POINT('',(1.150170891201E-02,40.520173207442));
#2272 = CARTESIAN_POINT('',(1.150597184072E-02,40.61692072528));
#2273 = CARTESIAN_POINT('',(1.151675914642E-02,40.713692905515));
#2274 = CARTESIAN_POINT('',(1.15459554586E-02,40.907442081843));
#2275 = CARTESIAN_POINT('',(1.156438096001E-02,41.004513192822));
#2276 = CARTESIAN_POINT('',(1.158382965626E-02,41.101559656079));
#2277 = CARTESIAN_POINT('',(1.159987185964E-02,41.198583278698));
#2278 = CARTESIAN_POINT('',(1.16083735668E-02,41.295604160425));
#2279 = CARTESIAN_POINT('',(1.160765206082E-02,41.392643804523));
#2280 = CARTESIAN_POINT('',(1.159930137989E-02,41.48970786871));
#2281 = CARTESIAN_POINT('',(1.156694100911E-02,41.728354335458));
#2282 = CARTESIAN_POINT('',(1.153744098742E-02,41.870294207292));
#2283 = CARTESIAN_POINT('',(1.150669740795E-02,42.012042702128));
#2284 = CARTESIAN_POINT('',(1.148966033332E-02,42.153694587768));
#2285 = CARTESIAN_POINT('',(1.150053473738E-02,42.295342231797));
#2286 = CARTESIAN_POINT('',(1.152165954505E-02,42.437079510532));
#2287 = CARTESIAN_POINT('',(1.153784035733E-02,42.579005875423));
#2288 = CARTESIAN_POINT('',(1.155030520134E-02,42.805747904903));
#2289 = CARTESIAN_POINT('',(1.155199246907E-02,42.890895192277));
#2290 = CARTESIAN_POINT('',(1.154975429192E-02,42.976032564236));
#2291 = CARTESIAN_POINT('',(1.154445163817E-02,43.061159395346));
#2292 = CARTESIAN_POINT('',(1.153898780974E-02,43.14629024507));
#2293 = CARTESIAN_POINT('',(1.153733417029E-02,43.231438334161));
#2294 = CARTESIAN_POINT('',(1.154233333471E-02,43.316599268872));
#2295 = CARTESIAN_POINT('',(1.156278830005E-02,43.491681079849));
#2296 = CARTESIAN_POINT('',(1.157892141569E-02,43.58165982994));
#2297 = CARTESIAN_POINT('',(1.159892610112E-02,43.671620059411));
#2298 = CARTESIAN_POINT('',(1.161705691139E-02,43.761561376037));
#2299 = CARTESIAN_POINT('',(1.162114982644E-02,43.851495728661));
#2300 = CARTESIAN_POINT('',(1.159641186467E-02,43.941439018543));
#2301 = CARTESIAN_POINT('',(1.154699352081E-02,44.031400534198));
#2302 = CARTESIAN_POINT('',(1.154691104271E-02,44.121337951308));
#2303 = ( GEOMETRIC_REPRESENTATION_CONTEXT(2) 
PARAMETRIC_REPRESENTATION_CONTEXT() REPRESENTATION_CONTEXT('2D SPACE',''
  ) );
#2304 = ORIENTED_EDGE('',*,*,#2305,.F.);
#2305 = EDGE_CURVE('',#1561,#1964,#2306,.T.);
#2306 = SURFACE_CURVE('',#2307,(#2311,#2318),.PCURVE_S1.);
#2307 = LINE('',#2308,#2309);
#2308 = CARTESIAN_POINT('',(12.219618447398,-7.055,5.675));
#2309 = VECTOR('',#2310,1.);
#2310 = DIRECTION('',(0.,0.,1.));
#2311 = PCURVE('',#463,#2312);
#2312 = DEFINITIONAL_REPRESENTATION('',(#2313),#2317);
#2313 = LINE('',#2314,#2315);
#2314 = CARTESIAN_POINT('',(0.,-0.));
#2315 = VECTOR('',#2316,1.);
#2316 = DIRECTION('',(0.,1.));
#2317 = ( GEOMETRIC_REPRESENTATION_CONTEXT(2) 
PARAMETRIC_REPRESENTATION_CONTEXT() REPRESENTATION_CONTEXT('2D SPACE',''
  ) );
#2318 = PCURVE('',#1672,#2319);
#2319 = DEFINITIONAL_REPRESENTATION('',(#2320),#2324);
#2320 = LINE('',#2321,#2322);
#2321 = CARTESIAN_POINT('',(6.28318530718,-0.));
#2322 = VECTOR('',#2323,1.);
#2323 = DIRECTION('',(0.,1.));
#2324 = ( GEOMETRIC_REPRESENTATION_CONTEXT(2) 
PARAMETRIC_REPRESENTATION_CONTEXT() REPRESENTATION_CONTEXT('2D SPACE',''
  ) );
#2325 = ORIENTED_EDGE('',*,*,#1732,.T.);
#2326 = ADVANCED_FACE('',(#2327),#437,.F.);
#2327 = FACE_BOUND('',#2328,.F.);
#2328 = EDGE_LOOP('',(#2329,#2330,#2351,#2370));
#2329 = ORIENTED_EDGE('',*,*,#421,.F.);
#2330 = ORIENTED_EDGE('',*,*,#2331,.T.);
#2331 = EDGE_CURVE('',#422,#2332,#2334,.T.);
#2332 = VERTEX_POINT('',#2333);
#2333 = CARTESIAN_POINT('',(12.470765822799,-7.200000006847,
    9.975000063686));
#2334 = SURFACE_CURVE('',#2335,(#2338,#2344),.PCURVE_S1.);
#2335 = B_SPLINE_CURVE_WITH_KNOTS('',1,(#2336,#2337),.UNSPECIFIED.,.F.,
  .F.,(2,2),(0.,0.346410161514),.PIECEWISE_BEZIER_KNOTS.);
#2336 = CARTESIAN_POINT('',(12.210958267128,-7.050000040537,
    9.801794855557));
#2337 = CARTESIAN_POINT('',(12.470765822799,-7.200000006847,
    9.975000063686));
#2338 = PCURVE('',#437,#2339);
#2339 = DEFINITIONAL_REPRESENTATION('',(#2340),#2343);
#2340 = B_SPLINE_CURVE_WITH_KNOTS('',1,(#2341,#2342),.UNSPECIFIED.,.F.,
  .F.,(2,2),(0.,0.346410161514),.PIECEWISE_BEZIER_KNOTS.);
#2341 = CARTESIAN_POINT('',(0.104388843345,0.198205125078));
#2342 = CARTESIAN_POINT('',(-0.195611083117,2.499991694831E-02));
#2343 = ( GEOMETRIC_REPRESENTATION_CONTEXT(2) 
PARAMETRIC_REPRESENTATION_CONTEXT() REPRESENTATION_CONTEXT('2D SPACE',''
  ) );
#2344 = PCURVE('',#2103,#2345);
#2345 = DEFINITIONAL_REPRESENTATION('',(#2346),#2350);
#2346 = LINE('',#2347,#2348);
#2347 = CARTESIAN_POINT('',(0.,44.121337951308));
#2348 = VECTOR('',#2349,1.);
#2349 = DIRECTION('',(1.,0.));
#2350 = ( GEOMETRIC_REPRESENTATION_CONTEXT(2) 
PARAMETRIC_REPRESENTATION_CONTEXT() REPRESENTATION_CONTEXT('2D SPACE',''
  ) );
#2351 = ORIENTED_EDGE('',*,*,#2352,.T.);
#2352 = EDGE_CURVE('',#2332,#481,#2353,.T.);
#2353 = SURFACE_CURVE('',#2354,(#2357,#2363),.PCURVE_S1.);
#2354 = B_SPLINE_CURVE_WITH_KNOTS('',1,(#2355,#2356),.UNSPECIFIED.,.F.,
  .F.,(2,2),(0.,5.E-02),.PIECEWISE_BEZIER_KNOTS.);
#2355 = CARTESIAN_POINT('',(12.470765822799,-7.200000006847,
    9.975000063686));
#2356 = CARTESIAN_POINT('',(12.470765804414,-7.199999996233,
    10.025000063686));
#2357 = PCURVE('',#437,#2358);
#2358 = DEFINITIONAL_REPRESENTATION('',(#2359),#2362);
#2359 = B_SPLINE_CURVE_WITH_KNOTS('',1,(#2360,#2361),.UNSPECIFIED.,.F.,
  .F.,(2,2),(0.,5.E-02),.PIECEWISE_BEZIER_KNOTS.);
#2360 = CARTESIAN_POINT('',(-0.195611083117,2.499991694831E-02));
#2361 = CARTESIAN_POINT('',(-0.195611061888,-2.500008305169E-02));
#2362 = ( GEOMETRIC_REPRESENTATION_CONTEXT(2) 
PARAMETRIC_REPRESENTATION_CONTEXT() REPRESENTATION_CONTEXT('2D SPACE',''
  ) );
#2363 = PCURVE('',#559,#2364);
#2364 = DEFINITIONAL_REPRESENTATION('',(#2365),#2369);
#2365 = LINE('',#2366,#2367);
#2366 = CARTESIAN_POINT('',(0.,44.121337951308));
#2367 = VECTOR('',#2368,1.);
#2368 = DIRECTION('',(1.,0.));
#2369 = ( GEOMETRIC_REPRESENTATION_CONTEXT(2) 
PARAMETRIC_REPRESENTATION_CONTEXT() REPRESENTATION_CONTEXT('2D SPACE',''
  ) );
#2370 = ORIENTED_EDGE('',*,*,#1940,.T.);
#2371 = ADVANCED_FACE('',(#2372,#2403),#408,.F.);
#2372 = FACE_BOUND('',#2373,.F.);
#2373 = EDGE_LOOP('',(#2374));
#2374 = ORIENTED_EDGE('',*,*,#2375,.T.);
#2375 = EDGE_CURVE('',#2376,#2376,#2378,.T.);
#2376 = VERTEX_POINT('',#2377);
#2377 = CARTESIAN_POINT('',(12.557368354874,-7.25,10.2));
#2378 = SURFACE_CURVE('',#2379,(#2384,#2391),.PCURVE_S1.);
#2379 = CIRCLE('',#2380,3.1);
#2380 = AXIS2_PLACEMENT_3D('',#2381,#2382,#2383);
#2381 = CARTESIAN_POINT('',(9.872689603143,-5.7,10.2));
#2382 = DIRECTION('',(-0.,0.,1.));
#2383 = DIRECTION('',(0.866025403784,-0.5,0.));
#2384 = PCURVE('',#408,#2385);
#2385 = DEFINITIONAL_REPRESENTATION('',(#2386),#2390);
#2386 = CIRCLE('',#2387,3.1);
#2387 = AXIS2_PLACEMENT_2D('',#2388,#2389);
#2388 = CARTESIAN_POINT('',(0.,0.));
#2389 = DIRECTION('',(1.,0.));
#2390 = ( GEOMETRIC_REPRESENTATION_CONTEXT(2) 
PARAMETRIC_REPRESENTATION_CONTEXT() REPRESENTATION_CONTEXT('2D SPACE',''
  ) );
#2391 = PCURVE('',#2392,#2397);
#2392 = CYLINDRICAL_SURFACE('',#2393,3.1);
#2393 = AXIS2_PLACEMENT_3D('',#2394,#2395,#2396);
#2394 = CARTESIAN_POINT('',(9.872689603143,-5.7,10.2));
#2395 = DIRECTION('',(0.,0.,1.));
#2396 = DIRECTION('',(0.866025403784,-0.5,0.));
#2397 = DEFINITIONAL_REPRESENTATION('',(#2398),#2402);
#2398 = LINE('',#2399,#2400);
#2399 = CARTESIAN_POINT('',(0.,0.));
#2400 = VECTOR('',#2401,1.);
#2401 = DIRECTION('',(1.,0.));
#2402 = ( GEOMETRIC_REPRESENTATION_CONTEXT(2) 
PARAMETRIC_REPRESENTATION_CONTEXT() REPRESENTATION_CONTEXT('2D SPACE',''
  ) );
#2403 = FACE_BOUND('',#2404,.F.);
#2404 = EDGE_LOOP('',(#2405));
#2405 = ORIENTED_EDGE('',*,*,#393,.F.);
#2406 = ADVANCED_FACE('',(#2407),#559,.F.);
#2407 = FACE_BOUND('',#2408,.F.);
#2408 = EDGE_LOOP('',(#2409,#2495,#2514,#2515));
#2409 = ORIENTED_EDGE('',*,*,#2410,.F.);
#2410 = EDGE_CURVE('',#2411,#2332,#2413,.T.);
#2411 = VERTEX_POINT('',#2412);
#2412 = CARTESIAN_POINT('',(12.470765814496,-7.2,6.475));
#2413 = SURFACE_CURVE('',#2414,(#2481,#2488),.PCURVE_S1.);
#2414 = B_SPLINE_CURVE_WITH_KNOTS('',9,(#2415,#2416,#2417,#2418,#2419,
    #2420,#2421,#2422,#2423,#2424,#2425,#2426,#2427,#2428,#2429,#2430,
    #2431,#2432,#2433,#2434,#2435,#2436,#2437,#2438,#2439,#2440,#2441,
    #2442,#2443,#2444,#2445,#2446,#2447,#2448,#2449,#2450,#2451,#2452,
    #2453,#2454,#2455,#2456,#2457,#2458,#2459,#2460,#2461,#2462,#2463,
    #2464,#2465,#2466,#2467,#2468,#2469,#2470,#2471,#2472,#2473,#2474,
    #2475,#2476,#2477,#2478,#2479,#2480),.UNSPECIFIED.,.F.,.F.,(10,8,8,8
    ,8,8,8,8,10),(0.,5.515167243913,11.030334487827,16.54550173174,
    22.060668975654,27.575836219567,33.091003463481,38.606170707394,
    44.121337951308),.UNSPECIFIED.);
#2415 = CARTESIAN_POINT('',(12.470765814496,-7.2,6.475));
#2416 = CARTESIAN_POINT('',(13.387063924876,-5.612925244626,
    6.523611489713));
#2417 = CARTESIAN_POINT('',(13.211511412003,-3.393860699292,
    6.572220950486));
#2418 = CARTESIAN_POINT('',(11.458782049174,-1.419317846444,
    6.620836233031));
#2419 = CARTESIAN_POINT('',(8.385822265574,-0.913369069356,
    6.669440314902));
#2420 = CARTESIAN_POINT('',(5.633989433411,-3.024926212546,6.71805972471
    ));
#2421 = CARTESIAN_POINT('',(5.327356842304,-6.124124813647,
    6.766663891068));
#2422 = CARTESIAN_POINT('',(6.780979557632,-8.328181819155,
    6.815279043196));
#2423 = CARTESIAN_POINT('',(8.878994811291,-9.072088212675,
    6.863888629746));
#2424 = CARTESIAN_POINT('',(12.419298666683,-8.123466755235,
    6.961111432686));
#2425 = CARTESIAN_POINT('',(13.864279884652,-6.430216817581,
    7.009721031787));
#2426 = CARTESIAN_POINT('',(14.021125704613,-3.794637330235,
    7.058336140665));
#2427 = CARTESIAN_POINT('',(12.205974817568,-1.263966846471,
    7.106940398862));
#2428 = CARTESIAN_POINT('',(8.767038783948,-0.811223541448,
    7.155559664354));
#2429 = CARTESIAN_POINT('',(6.35875245398,-2.785865919256,7.204163924195
    ));
#2430 = CARTESIAN_POINT('',(5.828115277763,-5.372236045811,7.25277903053
    ));
#2431 = CARTESIAN_POINT('',(6.785614835494,-7.381778116574,
    7.301388632091));
#2432 = CARTESIAN_POINT('',(9.959764364375,-9.214374314286,
    7.398611431569));
#2433 = CARTESIAN_POINT('',(12.178828895501,-9.038821819476,
    7.447221033373));
#2434 = CARTESIAN_POINT('',(14.153371766184,-7.286092433973,
    7.495836138864));
#2435 = CARTESIAN_POINT('',(14.659320525164,-4.213132673393,
    7.544440400506));
#2436 = CARTESIAN_POINT('',(12.5477633968,-1.461299822387,7.59305966316)
  );
#2437 = CARTESIAN_POINT('',(9.448564786088,-1.154667243489,
    7.641663924861));
#2438 = CARTESIAN_POINT('',(7.244507785292,-2.608289952834,7.69027903027
    ));
#2439 = CARTESIAN_POINT('',(6.500601390226,-4.706305208455,7.73888863214
    ));
#2440 = CARTESIAN_POINT('',(7.449222848022,-8.246609063394,
    7.836111431545));
#2441 = CARTESIAN_POINT('',(9.142472785401,-9.691590281718,
    7.884721033409));
#2442 = CARTESIAN_POINT('',(11.778052273089,-9.848436101234,
    7.933336138825));
#2443 = CARTESIAN_POINT('',(14.308722756504,-8.033285214638,
    7.981940400538));
#2444 = CARTESIAN_POINT('',(14.76146606182,-4.594349180655,
    8.030559663142));
#2445 = CARTESIAN_POINT('',(12.786823683814,-2.186062850917,
    8.079163924868));
#2446 = CARTESIAN_POINT('',(10.200453557361,-1.655425674591,
    8.127779030269));
#2447 = CARTESIAN_POINT('',(8.190911486562,-2.612925232357,
    8.176388632141));
#2448 = CARTESIAN_POINT('',(6.35831528886,-5.787074761231,8.273611431544
    ));
#2449 = CARTESIAN_POINT('',(6.53386778366,-8.006139292358,8.322221033413
    ));
#2450 = CARTESIAN_POINT('',(8.28659716918,-9.980682163044,8.370836138819
    ));
#2451 = CARTESIAN_POINT('',(11.35955692974,-10.48663092202,
    8.419440400542));
#2452 = CARTESIAN_POINT('',(14.111389780762,-8.375073793654,
    8.468059663143));
#2453 = CARTESIAN_POINT('',(14.418022359651,-5.27587518295,
    8.516663924864));
#2454 = CARTESIAN_POINT('',(12.964399650309,-3.071818182146,
    8.565279030272));
#2455 = CARTESIAN_POINT('',(10.866384394688,-2.327911787084,
    8.61388863214));
#2456 = CARTESIAN_POINT('',(7.326080539749,-3.27653324488,8.711111431544
    ));
#2457 = CARTESIAN_POINT('',(5.881099321424,-4.969783182255,
    8.759721033413));
#2458 = CARTESIAN_POINT('',(5.724253501911,-7.605362669953,
    8.808336138825));
#2459 = CARTESIAN_POINT('',(7.539404388498,-10.13603315335,
    8.856940400522));
#2460 = CARTESIAN_POINT('',(10.978340422497,-10.58877645868,
    8.905559663179));
#2461 = CARTESIAN_POINT('',(13.386626752215,-8.614134080671,
    8.954163924821));
#2462 = CARTESIAN_POINT('',(13.917263928559,-6.02776395422,9.00277903031
    ));
#2463 = CARTESIAN_POINT('',(12.959764370782,-4.018221883418,
    9.051388632115));
#2464 = CARTESIAN_POINT('',(9.785614841918,-2.185625685722,
    9.148611431592));
#2465 = CARTESIAN_POINT('',(7.56655031075,-2.361178180488,9.197221033158
    ));
#2466 = CARTESIAN_POINT('',(5.592007440189,-4.113907566115,
    9.245836139483));
#2467 = CARTESIAN_POINT('',(5.08605868096,-7.186867326457,9.294440399332
    ));
#2468 = CARTESIAN_POINT('',(7.197615809714,-9.938700177814,
    9.343059664825));
#2469 = CARTESIAN_POINT('',(10.296814419945,-10.24533275629,
    9.391663923013));
#2470 = CARTESIAN_POINT('',(12.500871421213,-8.791710047353,
    9.440279031901));
#2471 = CARTESIAN_POINT('',(13.244777815907,-6.693694791415,
    9.488888630998));
#2472 = CARTESIAN_POINT('',(12.29615635858,-3.15339093688,9.586111433937
    ));
#2473 = CARTESIAN_POINT('',(10.602906419173,-1.708409716805,
    9.634721020492));
#2474 = CARTESIAN_POINT('',(7.967326937676,-1.551563902631,
    9.683336172612));
#2475 = CARTESIAN_POINT('',(5.436656441614,-3.366714778319,
    9.731940338972));
#2476 = CARTESIAN_POINT('',(4.983913155832,-6.805650829143,
    9.780559748793));
#2477 = CARTESIAN_POINT('',(6.958555509965,-9.213937138304,
    9.829163830638));
#2478 = CARTESIAN_POINT('',(9.544925659931,-9.744574334895,
    9.877779113211));
#2479 = CARTESIAN_POINT('',(11.554467712004,-8.787074760991,
    9.926388573964));
#2480 = CARTESIAN_POINT('',(12.470765822799,-7.200000006847,
    9.975000063686));
#2481 = PCURVE('',#559,#2482);
#2482 = DEFINITIONAL_REPRESENTATION('',(#2483),#2487);
#2483 = LINE('',#2484,#2485);
#2484 = CARTESIAN_POINT('',(0.,0.));
#2485 = VECTOR('',#2486,1.);
#2486 = DIRECTION('',(0.,1.));
#2487 = ( GEOMETRIC_REPRESENTATION_CONTEXT(2) 
PARAMETRIC_REPRESENTATION_CONTEXT() REPRESENTATION_CONTEXT('2D SPACE',''
  ) );
#2488 = PCURVE('',#2103,#2489);
#2489 = DEFINITIONAL_REPRESENTATION('',(#2490),#2494);
#2490 = LINE('',#2491,#2492);
#2491 = CARTESIAN_POINT('',(0.346410161514,0.));
#2492 = VECTOR('',#2493,1.);
#2493 = DIRECTION('',(0.,1.));
#2494 = ( GEOMETRIC_REPRESENTATION_CONTEXT(2) 
PARAMETRIC_REPRESENTATION_CONTEXT() REPRESENTATION_CONTEXT('2D SPACE',''
  ) );
#2495 = ORIENTED_EDGE('',*,*,#2496,.T.);
#2496 = EDGE_CURVE('',#2411,#479,#2497,.T.);
#2497 = SURFACE_CURVE('',#2498,(#2501,#2508),.PCURVE_S1.);
#2498 = B_SPLINE_CURVE_WITH_KNOTS('',1,(#2499,#2500),.UNSPECIFIED.,.F.,
  .F.,(2,2),(0.,5.E-02),.PIECEWISE_BEZIER_KNOTS.);
#2499 = CARTESIAN_POINT('',(12.470765814496,-7.2,6.475));
#2500 = CARTESIAN_POINT('',(12.470765814496,-7.2,6.525));
#2501 = PCURVE('',#559,#2502);
#2502 = DEFINITIONAL_REPRESENTATION('',(#2503),#2507);
#2503 = LINE('',#2504,#2505);
#2504 = CARTESIAN_POINT('',(0.,0.));
#2505 = VECTOR('',#2506,1.);
#2506 = DIRECTION('',(1.,0.));
#2507 = ( GEOMETRIC_REPRESENTATION_CONTEXT(2) 
PARAMETRIC_REPRESENTATION_CONTEXT() REPRESENTATION_CONTEXT('2D SPACE',''
  ) );
#2508 = PCURVE('',#714,#2509);
#2509 = DEFINITIONAL_REPRESENTATION('',(#2510),#2513);
#2510 = B_SPLINE_CURVE_WITH_KNOTS('',1,(#2511,#2512),.UNSPECIFIED.,.F.,
  .F.,(2,2),(0.,5.E-02),.PIECEWISE_BEZIER_KNOTS.);
#2511 = CARTESIAN_POINT('',(-0.195611072502,2.5E-02));
#2512 = CARTESIAN_POINT('',(-0.195611072502,-2.5E-02));
#2513 = ( GEOMETRIC_REPRESENTATION_CONTEXT(2) 
PARAMETRIC_REPRESENTATION_CONTEXT() REPRESENTATION_CONTEXT('2D SPACE',''
  ) );
#2514 = ORIENTED_EDGE('',*,*,#478,.T.);
#2515 = ORIENTED_EDGE('',*,*,#2352,.F.);
#2516 = ADVANCED_FACE('',(#2517),#1672,.T.);
#2517 = FACE_BOUND('',#2518,.T.);
#2518 = EDGE_LOOP('',(#2519,#2520,#2729,#2750));
#2519 = ORIENTED_EDGE('',*,*,#2305,.T.);
#2520 = ORIENTED_EDGE('',*,*,#2521,.F.);
#2521 = EDGE_CURVE('',#2522,#1964,#2524,.T.);
#2522 = VERTEX_POINT('',#2523);
#2523 = CARTESIAN_POINT('',(12.219618447398,-7.055,8.807561154389));
#2524 = SURFACE_CURVE('',#2525,(#2591,#2660),.PCURVE_S1.);
#2525 = B_SPLINE_CURVE_WITH_KNOTS('',8,(#2526,#2527,#2528,#2529,#2530,
    #2531,#2532,#2533,#2534,#2535,#2536,#2537,#2538,#2539,#2540,#2541,
    #2542,#2543,#2544,#2545,#2546,#2547,#2548,#2549,#2550,#2551,#2552,
    #2553,#2554,#2555,#2556,#2557,#2558,#2559,#2560,#2561,#2562,#2563,
    #2564,#2565,#2566,#2567,#2568,#2569,#2570,#2571,#2572,#2573,#2574,
    #2575,#2576,#2577,#2578,#2579,#2580,#2581,#2582,#2583,#2584,#2585,
    #2586,#2587,#2588,#2589,#2590),.UNSPECIFIED.,.F.,.F.,(9,7,7,7,7,7,7,
    7,7,9),(0.,0.145171461795,0.216603696387,0.26415477342,
    0.306757081382,0.455810762432,0.600894606957,0.716732156129,
    0.904566256809,1.),.UNSPECIFIED.);
#2526 = CARTESIAN_POINT('',(12.219618447398,-7.055,8.807561154389));
#2527 = CARTESIAN_POINT('',(12.37406277678,-6.78749457457,8.816636562487
    ));
#2528 = CARTESIAN_POINT('',(12.493804867067,-6.499620789727,
    8.825719637598));
#2529 = CARTESIAN_POINT('',(12.57545018608,-6.196997237255,
    8.834794876977));
#2530 = CARTESIAN_POINT('',(12.617076373758,-5.885563923309,
    8.843862250493));
#2531 = CARTESIAN_POINT('',(12.617749414636,-5.571369416228,
    8.85292628555));
#2532 = CARTESIAN_POINT('',(12.577589582872,-5.260526166329,
    8.861998523916));
#2533 = CARTESIAN_POINT('',(12.497699079607,-4.959166192104,
    8.871082872713));
#2534 = CARTESIAN_POINT('',(12.323096115678,-4.53264905979,
    8.884630119447));
#2535 = CARTESIAN_POINT('',(12.256495821116,-4.395672988307,
    8.889098878146));
#2536 = CARTESIAN_POINT('',(12.18115515201,-4.263065426834,
    8.893567881535));
#2537 = CARTESIAN_POINT('',(12.097412872651,-4.135475641985,
    8.898036312598));
#2538 = CARTESIAN_POINT('',(12.005662047421,-4.013517548549,
    8.902503073024));
#2539 = CARTESIAN_POINT('',(11.906347605998,-3.897769212133,
    8.906966913702));
#2540 = CARTESIAN_POINT('',(11.799967121548,-3.788770025885,
    8.91142702123));
#2541 = CARTESIAN_POINT('',(11.61192453649,-3.619279553679,8.91885102645
    ));
#2542 = CARTESIAN_POINT('',(11.533881918974,-3.554748106356,
    8.921815556512));
#2543 = CARTESIAN_POINT('',(11.453108916267,-3.49356703406,8.92477992574
    ));
#2544 = CARTESIAN_POINT('',(11.369774380362,-3.435871217131,
    8.927745774201));
#2545 = CARTESIAN_POINT('',(11.28405404833,-3.381784601495,
    8.930714106894));
#2546 = CARTESIAN_POINT('',(11.196130542319,-3.331420198668,
    8.933685293751));
#2547 = CARTESIAN_POINT('',(11.106193369554,-3.28488008575,
    8.936659069637));
#2548 = CARTESIAN_POINT('',(10.93223360836,-3.204066790769,
    8.942300334409));
#2549 = CARTESIAN_POINT('',(10.848568015513,-3.169020299563,
    8.944966590654));
#2550 = CARTESIAN_POINT('',(10.763583083538,-3.137181412873,
    8.947632569599));
#2551 = CARTESIAN_POINT('',(10.677422379111,-3.108607731328,
    8.950297748713));
#2552 = CARTESIAN_POINT('',(10.590232095846,-3.08334897513,
    8.952961816421));
#2553 = CARTESIAN_POINT('',(10.502161054287,-3.061446984053,
    8.955624672105));
#2554 = CARTESIAN_POINT('',(10.413360701916,-3.042935717443,
    8.958286426102));
#2555 = CARTESIAN_POINT('',(10.011284671806,-2.975029906325,
    8.970257409642));
#2556 = CARTESIAN_POINT('',(9.691191151916,-2.963983163525,
    8.979567010534));
#2557 = CARTESIAN_POINT('',(9.370722476617,-2.996044113957,
    8.988867900832));
#2558 = CARTESIAN_POINT('',(9.056630908479,-3.070862081974,8.99817780142
    ));
#2559 = CARTESIAN_POINT('',(8.755377685819,-3.187041697375,
    9.007494749312));
#2560 = CARTESIAN_POINT('',(8.473076420288,-3.342072224018,
    9.016816032948));
#2561 = CARTESIAN_POINT('',(8.215488664558,-3.532430527738,
    9.026140161795));
#2562 = CARTESIAN_POINT('',(7.765875966277,-3.967740550798,
    9.044514015231));
#2563 = CARTESIAN_POINT('',(7.57184384734,-4.211532712157,9.053582530764
    ));
#2564 = CARTESIAN_POINT('',(7.410357135813,-4.479932530326,
    9.062643033399));
#2565 = CARTESIAN_POINT('',(7.284884548069,-4.767763976969,
    9.071699215908));
#2566 = CARTESIAN_POINT('',(7.197977612629,-5.069484301624,
    9.080759529359));
#2567 = CARTESIAN_POINT('',(7.151199813867,-5.37919879122,9.089829216692
    ));
#2568 = CARTESIAN_POINT('',(7.145181190689,-5.690718011339,
    9.098908632273));
#2569 = CARTESIAN_POINT('',(7.206132950744,-6.242511907066,
    9.115226531525));
#2570 = CARTESIAN_POINT('',(7.258665573758,-6.484767619614,
    9.122475383475));
#2571 = CARTESIAN_POINT('',(7.336347322306,-6.721073428486,
    9.129723207603));
#2572 = CARTESIAN_POINT('',(7.438344325733,-6.948389593546,
    9.136968283256));
#2573 = CARTESIAN_POINT('',(7.563422859239,-7.16386608586,9.144210120914
    ));
#2574 = CARTESIAN_POINT('',(7.709987061313,-7.364840439387,
    9.151449181555));
#2575 = CARTESIAN_POINT('',(7.876057304633,-7.548865325228,
    9.158686140387));
#2576 = CARTESIAN_POINT('',(8.356178145618,-7.981229851829,
    9.177644724297));
#2577 = CARTESIAN_POINT('',(8.699007895659,-8.199315880356,
    9.189395735788));
#2578 = CARTESIAN_POINT('',(9.076955915778,-8.357567904721,
    9.201125334065));
#2579 = CARTESIAN_POINT('',(9.477597788576,-8.450300632577,
    9.212852544011));
#2580 = CARTESIAN_POINT('',(9.888142481608,-8.474098176878,
    9.224595899775));
#2581 = CARTESIAN_POINT('',(10.295354501305,-8.428637419246,9.2363534051
    ));
#2582 = CARTESIAN_POINT('',(10.685711994337,-8.315877325822,9.2481270145
    ));
#2583 = CARTESIAN_POINT('',(11.228999610965,-8.054942282255,
    9.265829376114));
#2584 = CARTESIAN_POINT('',(11.404536065382,-7.951345002081,
    9.271793086834));
#2585 = CARTESIAN_POINT('',(11.570957917091,-7.832826371036,
    9.277754942866));
#2586 = CARTESIAN_POINT('',(11.726796150929,-7.700337295639,
    9.283715206908));
#2587 = CARTESIAN_POINT('',(11.870712975064,-7.554984805746,
    9.28967538885));
#2588 = CARTESIAN_POINT('',(12.001501224968,-7.398019222799,
    9.295637308851));
#2589 = CARTESIAN_POINT('',(12.118098844971,-7.230837109369,
    9.301601828358));
#2590 = CARTESIAN_POINT('',(12.219618447398,-7.055,9.307567249076));
#2591 = PCURVE('',#1672,#2592);
#2592 = DEFINITIONAL_REPRESENTATION('',(#2593),#2659);
#2593 = B_SPLINE_CURVE_WITH_KNOTS('',8,(#2594,#2595,#2596,#2597,#2598,
    #2599,#2600,#2601,#2602,#2603,#2604,#2605,#2606,#2607,#2608,#2609,
    #2610,#2611,#2612,#2613,#2614,#2615,#2616,#2617,#2618,#2619,#2620,
    #2621,#2622,#2623,#2624,#2625,#2626,#2627,#2628,#2629,#2630,#2631,
    #2632,#2633,#2634,#2635,#2636,#2637,#2638,#2639,#2640,#2641,#2642,
    #2643,#2644,#2645,#2646,#2647,#2648,#2649,#2650,#2651,#2652,#2653,
    #2654,#2655,#2656,#2657,#2658),.UNSPECIFIED.,.F.,.F.,(9,7,7,7,7,7,7,
    7,7,9),(0.,0.145171461795,0.216603696387,0.26415477342,
    0.306757081382,0.455810762432,0.600894606957,0.716732156129,
    0.904566256809,1.),.UNSPECIFIED.);
#2594 = CARTESIAN_POINT('',(0.,3.132561154389));
#2595 = CARTESIAN_POINT('',(0.113981054894,3.141636562487));
#2596 = CARTESIAN_POINT('',(0.228068345665,3.150719637598));
#2597 = CARTESIAN_POINT('',(0.342097977814,3.159794876977));
#2598 = CARTESIAN_POINT('',(0.456085512652,3.168862250493));
#2599 = CARTESIAN_POINT('',(0.570070833538,3.17792628555));
#2600 = CARTESIAN_POINT('',(0.684094518293,3.186998523916));
#2601 = CARTESIAN_POINT('',(0.798176408556,3.196082872713));
#2602 = CARTESIAN_POINT('',(0.968239900725,3.209630119447));
#2603 = CARTESIAN_POINT('',(1.024327375946,3.214098878146));
#2604 = CARTESIAN_POINT('',(1.080413866662,3.218567881535));
#2605 = CARTESIAN_POINT('',(1.136498933425,3.223036312598));
#2606 = CARTESIAN_POINT('',(1.192584065874,3.227503073024));
#2607 = CARTESIAN_POINT('',(1.248670603357,3.231966913702));
#2608 = CARTESIAN_POINT('',(1.304757604756,3.23642702123));
#2609 = CARTESIAN_POINT('',(1.398172427762,3.24385102645));
#2610 = CARTESIAN_POINT('',(1.435505916403,3.246815556512));
#2611 = CARTESIAN_POINT('',(1.472839714541,3.24977992574));
#2612 = CARTESIAN_POINT('',(1.510173509601,3.252745774201));
#2613 = CARTESIAN_POINT('',(1.547507095342,3.255714106894));
#2614 = CARTESIAN_POINT('',(1.584840371852,3.258685293751));
#2615 = CARTESIAN_POINT('',(1.622173345555,3.261659069637));
#2616 = CARTESIAN_POINT('',(1.692953589189,3.267300334409));
#2617 = CARTESIAN_POINT('',(1.726401042889,3.269966590654));
#2618 = CARTESIAN_POINT('',(1.759848576005,3.272632569599));
#2619 = CARTESIAN_POINT('',(1.79329620981,3.275297748713));
#2620 = CARTESIAN_POINT('',(1.826743901152,3.277961816421));
#2621 = CARTESIAN_POINT('',(1.860191542452,3.280624672105));
#2622 = CARTESIAN_POINT('',(1.893638961707,3.283286426102));
#2623 = CARTESIAN_POINT('',(2.044107578418,3.295257409642));
#2624 = CARTESIAN_POINT('',(2.161252567408,3.304567010534));
#2625 = CARTESIAN_POINT('',(2.278328505767,3.313867900832));
#2626 = CARTESIAN_POINT('',(2.395356680863,3.32317780142));
#2627 = CARTESIAN_POINT('',(2.512385105422,3.332494749312));
#2628 = CARTESIAN_POINT('',(2.629461048645,3.341816032948));
#2629 = CARTESIAN_POINT('',(2.746609364813,3.351140161795));
#2630 = CARTESIAN_POINT('',(2.977537992954,3.369514015231));
#2631 = CARTESIAN_POINT('',(3.091552384111,3.378582530764));
#2632 = CARTESIAN_POINT('',(3.205508123177,3.387643033399));
#2633 = CARTESIAN_POINT('',(3.319421536419,3.396699215908));
#2634 = CARTESIAN_POINT('',(3.433333887247,3.405759529359));
#2635 = CARTESIAN_POINT('',(3.547286721829,3.414829216692));
#2636 = CARTESIAN_POINT('',(3.661299499925,3.423908632273));
#2637 = CARTESIAN_POINT('',(3.86615193099,3.440226531525));
#2638 = CARTESIAN_POINT('',(3.957133082588,3.447475383475));
#2639 = CARTESIAN_POINT('',(4.048097046155,3.454723207603));
#2640 = CARTESIAN_POINT('',(4.139045139035,3.461968283256));
#2641 = CARTESIAN_POINT('',(4.229992365415,3.469210120914));
#2642 = CARTESIAN_POINT('',(4.320954130822,3.476449181555));
#2643 = CARTESIAN_POINT('',(4.411933017933,3.483686140387));
#2644 = CARTESIAN_POINT('',(4.650349127921,3.502644724297));
#2645 = CARTESIAN_POINT('',(4.798205564735,3.514395735788));
#2646 = CARTESIAN_POINT('',(4.945815361211,3.526125334065));
#2647 = CARTESIAN_POINT('',(5.093309848595,3.537852544011));
#2648 = CARTESIAN_POINT('',(5.240804229257,3.549595899775));
#2649 = CARTESIAN_POINT('',(5.388414091513,3.5613534051));
#2650 = CARTESIAN_POINT('',(5.53627047395,3.5731270145));
#2651 = CARTESIAN_POINT('',(5.758669377941,3.590829376114));
#2652 = CARTESIAN_POINT('',(5.833607844526,3.596793086834));
#2653 = CARTESIAN_POINT('',(5.908540324427,3.602754942866));
#2654 = CARTESIAN_POINT('',(5.983465902688,3.608715206908));
#2655 = CARTESIAN_POINT('',(6.058391871107,3.61467538885));
#2656 = CARTESIAN_POINT('',(6.133325071726,3.620637308851));
#2657 = CARTESIAN_POINT('',(6.208263091366,3.626601828358));
#2658 = CARTESIAN_POINT('',(6.28318530718,3.632567249076));
#2659 = ( GEOMETRIC_REPRESENTATION_CONTEXT(2) 
PARAMETRIC_REPRESENTATION_CONTEXT() REPRESENTATION_CONTEXT('2D SPACE',''
  ) );
#2660 = PCURVE('',#2103,#2661);
#2661 = DEFINITIONAL_REPRESENTATION('',(#2662),#2728);
#2662 = B_SPLINE_CURVE_WITH_KNOTS('',8,(#2663,#2664,#2665,#2666,#2667,
    #2668,#2669,#2670,#2671,#2672,#2673,#2674,#2675,#2676,#2677,#2678,
    #2679,#2680,#2681,#2682,#2683,#2684,#2685,#2686,#2687,#2688,#2689,
    #2690,#2691,#2692,#2693,#2694,#2695,#2696,#2697,#2698,#2699,#2700,
    #2701,#2702,#2703,#2704,#2705,#2706,#2707,#2708,#2709,#2710,#2711,
    #2712,#2713,#2714,#2715,#2716,#2717,#2718,#2719,#2720,#2721,#2722,
    #2723,#2724,#2725,#2726,#2727),.UNSPECIFIED.,.F.,.F.,(9,7,7,7,7,7,7,
    7,7,9),(0.,0.145171461795,0.216603696387,0.26415477342,
    0.306757081382,0.455810762432,0.600894606957,0.716732156129,
    0.904566256809,1.),.UNSPECIFIED.);
#2663 = CARTESIAN_POINT('',(1.153153096533E-02,31.515247605352));
#2664 = CARTESIAN_POINT('',(1.154269251856E-02,31.629582712926));
#2665 = CARTESIAN_POINT('',(1.155267720014E-02,31.744021908613));
#2666 = CARTESIAN_POINT('',(1.155631086191E-02,31.858402383159));
#2667 = CARTESIAN_POINT('',(1.155054727918E-02,31.9727429582));
#2668 = CARTESIAN_POINT('',(1.153735568977E-02,32.087088283196));
#2669 = CARTESIAN_POINT('',(1.153306714778E-02,32.201480891135));
#2670 = CARTESIAN_POINT('',(1.154310829627E-02,32.315935787717));
#2671 = CARTESIAN_POINT('',(1.156852791035E-02,32.486553382717));
#2672 = CARTESIAN_POINT('',(1.157862817437E-02,32.542823280377));
#2673 = CARTESIAN_POINT('',(1.158951828575E-02,32.599091267307));
#2674 = CARTESIAN_POINT('',(1.159974451216E-02,32.655356207994));
#2675 = CARTESIAN_POINT('',(1.160695792749E-02,32.711619066557));
#2676 = CARTESIAN_POINT('',(1.160847198178E-02,32.767881039522));
#2677 = CARTESIAN_POINT('',(1.160274656078E-02,32.824141598283));
#2678 = CARTESIAN_POINT('',(1.158451064278E-02,32.917844217933));
#2679 = CARTESIAN_POINT('',(1.157236186627E-02,32.955291925858));
#2680 = CARTESIAN_POINT('',(1.15597782873E-02,32.992740395517));
#2681 = CARTESIAN_POINT('',(1.15499865405E-02,33.030189985746));
#2682 = CARTESIAN_POINT('',(1.154501381326E-02,33.067640583705));
#2683 = CARTESIAN_POINT('',(1.154568784568E-02,33.105091604875));
#2684 = CARTESIAN_POINT('',(1.155163693062E-02,33.14254199306));
#2685 = CARTESIAN_POINT('',(1.156993828469E-02,33.213541109512));
#2686 = CARTESIAN_POINT('',(1.157958757762E-02,33.24709140164));
#2687 = CARTESIAN_POINT('',(1.15886947151E-02,33.280641586508));
#2688 = CARTESIAN_POINT('',(1.159616066778E-02,33.314192012793));
#2689 = CARTESIAN_POINT('',(1.160133045433E-02,33.347742888106));
#2690 = CARTESIAN_POINT('',(1.160399314139E-02,33.381294279002));
#2691 = CARTESIAN_POINT('',(1.160438184362E-02,33.414846110972));
#2692 = CARTESIAN_POINT('',(1.159894684651E-02,33.565787528606));
#2693 = CARTESIAN_POINT('',(1.157293761301E-02,33.683309011291));
#2694 = CARTESIAN_POINT('',(1.153896270519E-02,33.800771006168));
#2695 = CARTESIAN_POINT('',(1.15304669801E-02,33.918186080136));
#2696 = CARTESIAN_POINT('',(1.15373815895E-02,34.035592905229));
#2697 = CARTESIAN_POINT('',(1.15466712197E-02,34.15303942503));
#2698 = CARTESIAN_POINT('',(1.155100764395E-02,34.270553018446));
#2699 = CARTESIAN_POINT('',(1.154757537735E-02,34.502197294173));
#2700 = CARTESIAN_POINT('',(1.154011920906E-02,34.616562888267));
#2701 = CARTESIAN_POINT('',(1.152584380839E-02,34.730870425436));
#2702 = CARTESIAN_POINT('',(1.150900399022E-02,34.845139643626));
#2703 = CARTESIAN_POINT('',(1.149980298536E-02,34.959412780246));
#2704 = CARTESIAN_POINT('',(1.150246019493E-02,35.073729345986));
#2705 = CARTESIAN_POINT('',(1.151491591222E-02,35.188106798536));
#2706 = CARTESIAN_POINT('',(1.154639126718E-02,35.393613397355));
#2707 = CARTESIAN_POINT('',(1.156359173219E-02,35.484884708179));
#2708 = CARTESIAN_POINT('',(1.158163931411E-02,35.576137733366));
#2709 = CARTESIAN_POINT('',(1.159694324486E-02,35.667373414066));
#2710 = CARTESIAN_POINT('',(1.160608452489E-02,35.7586071263));
#2711 = CARTESIAN_POINT('',(1.160740839473E-02,35.849855106726));
#2712 = CARTESIAN_POINT('',(1.160173525378E-02,35.94112069167));
#2713 = CARTESIAN_POINT('',(1.157385161019E-02,36.180290233761));
#2714 = CARTESIAN_POINT('',(1.154348038161E-02,36.328616067221));
#2715 = CARTESIAN_POINT('',(1.150894527921E-02,36.47669817958));
#2716 = CARTESIAN_POINT('',(1.148742930078E-02,36.624668089305));
#2717 = CARTESIAN_POINT('',(1.149882742326E-02,36.772634053331));
#2718 = CARTESIAN_POINT('',(1.152185515919E-02,36.920705101071));
#2719 = CARTESIAN_POINT('',(1.153873057582E-02,37.06901797887));
#2720 = CARTESIAN_POINT('',(1.155004461561E-02,37.292104384384));
#2721 = CARTESIAN_POINT('',(1.155144840626E-02,37.36727467234));
#2722 = CARTESIAN_POINT('',(1.154995017927E-02,37.442439880798));
#2723 = CARTESIAN_POINT('',(1.154606076619E-02,37.517600099406));
#2724 = CARTESIAN_POINT('',(1.154151970063E-02,37.59276339265));
#2725 = CARTESIAN_POINT('',(1.15388495052E-02,37.66793679833));
#2726 = CARTESIAN_POINT('',(1.154024047111E-02,37.743117361527));
#2727 = CARTESIAN_POINT('',(1.15457659304E-02,37.818283204061));
#2728 = ( GEOMETRIC_REPRESENTATION_CONTEXT(2) 
PARAMETRIC_REPRESENTATION_CONTEXT() REPRESENTATION_CONTEXT('2D SPACE',''
  ) );
#2729 = ORIENTED_EDGE('',*,*,#2730,.F.);
#2730 = EDGE_CURVE('',#1389,#2522,#2731,.T.);
#2731 = SURFACE_CURVE('',#2732,(#2736,#2743),.PCURVE_S1.);
#2732 = LINE('',#2733,#2734);
#2733 = CARTESIAN_POINT('',(12.219618447398,-7.055,5.675));
#2734 = VECTOR('',#2735,1.);
#2735 = DIRECTION('',(0.,0.,1.));
#2736 = PCURVE('',#1672,#2737);
#2737 = DEFINITIONAL_REPRESENTATION('',(#2738),#2742);
#2738 = LINE('',#2739,#2740);
#2739 = CARTESIAN_POINT('',(0.,-0.));
#2740 = VECTOR('',#2741,1.);
#2741 = DIRECTION('',(0.,1.));
#2742 = ( GEOMETRIC_REPRESENTATION_CONTEXT(2) 
PARAMETRIC_REPRESENTATION_CONTEXT() REPRESENTATION_CONTEXT('2D SPACE',''
  ) );
#2743 = PCURVE('',#1500,#2744);
#2744 = DEFINITIONAL_REPRESENTATION('',(#2745),#2749);
#2745 = LINE('',#2746,#2747);
#2746 = CARTESIAN_POINT('',(6.28318530718,-0.));
#2747 = VECTOR('',#2748,1.);
#2748 = DIRECTION('',(0.,1.));
#2749 = ( GEOMETRIC_REPRESENTATION_CONTEXT(2) 
PARAMETRIC_REPRESENTATION_CONTEXT() REPRESENTATION_CONTEXT('2D SPACE',''
  ) );
#2750 = ORIENTED_EDGE('',*,*,#1560,.T.);
#2751 = ADVANCED_FACE('',(#2752),#1500,.T.);
#2752 = FACE_BOUND('',#2753,.T.);
#2753 = EDGE_LOOP('',(#2754,#2755,#2964,#2985));
#2754 = ORIENTED_EDGE('',*,*,#2730,.T.);
#2755 = ORIENTED_EDGE('',*,*,#2756,.F.);
#2756 = EDGE_CURVE('',#2757,#2522,#2759,.T.);
#2757 = VERTEX_POINT('',#2758);
#2758 = CARTESIAN_POINT('',(12.219618447398,-7.055,8.307574113335));
#2759 = SURFACE_CURVE('',#2760,(#2826,#2895),.PCURVE_S1.);
#2760 = B_SPLINE_CURVE_WITH_KNOTS('',8,(#2761,#2762,#2763,#2764,#2765,
    #2766,#2767,#2768,#2769,#2770,#2771,#2772,#2773,#2774,#2775,#2776,
    #2777,#2778,#2779,#2780,#2781,#2782,#2783,#2784,#2785,#2786,#2787,
    #2788,#2789,#2790,#2791,#2792,#2793,#2794,#2795,#2796,#2797,#2798,
    #2799,#2800,#2801,#2802,#2803,#2804,#2805,#2806,#2807,#2808,#2809,
    #2810,#2811,#2812,#2813,#2814,#2815,#2816,#2817,#2818,#2819,#2820,
    #2821,#2822,#2823,#2824,#2825),.UNSPECIFIED.,.F.,.F.,(9,7,7,7,7,7,7,
    7,7,9),(0.,0.189040413376,0.28603852409,0.332230281192,
    0.378733203463,0.528171836921,0.624556246725,0.721631471355,
    0.866346811787,1.),.UNSPECIFIED.);
#2761 = CARTESIAN_POINT('',(12.219618447398,-7.055,8.307574113335));
#2762 = CARTESIAN_POINT('',(12.420730347886,-6.706663970348,
    8.31937217749));
#2763 = CARTESIAN_POINT('',(12.563290829015,-6.32328454883,
    8.331201399389));
#2764 = CARTESIAN_POINT('',(12.63911357023,-5.917793802265,
    8.343016797643));
#2765 = CARTESIAN_POINT('',(12.645194203639,-5.503797296941,
    8.354835527566));
#2766 = CARTESIAN_POINT('',(12.580872266302,-5.094779436075,
    8.366664296425));
#2767 = CARTESIAN_POINT('',(12.448699910911,-4.703995873878,
    8.378494426017));
#2768 = CARTESIAN_POINT('',(12.253550952187,-4.344499341379,
    8.390337463381));
#2769 = CARTESIAN_POINT('',(11.878048291732,-3.865543501989,
    8.40820526695));
#2770 = CARTESIAN_POINT('',(11.736552275805,-3.714178293622,
    8.414264914795));
#2771 = CARTESIAN_POINT('',(11.582049930224,-3.575354707161,
    8.420324053659));
#2772 = CARTESIAN_POINT('',(11.415853683718,-3.450362170073,
    8.426383910661));
#2773 = CARTESIAN_POINT('',(11.239406696961,-3.340315136784,
    8.432446326283));
#2774 = CARTESIAN_POINT('',(11.054268313772,-3.246157890375,
    8.438512338937));
#2775 = CARTESIAN_POINT('',(10.862113138767,-3.168649739011,
    8.444580999637));
#2776 = CARTESIAN_POINT('',(10.570753877222,-3.079605854986,
    8.453537799402));
#2777 = CARTESIAN_POINT('',(10.475573917785,-3.054776611765,
    8.456427172094));
#2778 = CARTESIAN_POINT('',(10.379392141693,-3.033900701454,
    8.45931624876));
#2779 = CARTESIAN_POINT('',(10.282399420953,-3.017024687541,
    8.462204758711));
#2780 = CARTESIAN_POINT('',(10.184789221047,-3.004183873011,
    8.465092446636));
#2781 = CARTESIAN_POINT('',(10.086757600931,-2.995402300342,
    8.467979072608));
#2782 = CARTESIAN_POINT('',(9.988503213041,-2.990692751514,
    8.470864412079));
#2783 = CARTESIAN_POINT('',(9.791289369785,-2.989416460121,
    8.476651526351));
#2784 = CARTESIAN_POINT('',(9.692320111525,-2.992904599715,
    8.479553529764));
#2785 = CARTESIAN_POINT('',(9.593524176868,-3.000522477903,
    8.482454219092));
#2786 = CARTESIAN_POINT('',(9.495104060966,-3.012259711189,
    8.485353944632));
#2787 = CARTESIAN_POINT('',(9.397260105763,-3.028094221461,8.488253454)
  );
#2788 = CARTESIAN_POINT('',(9.300190499994,-3.047992235993,
    8.491153892135));
#2789 = CARTESIAN_POINT('',(9.204091279183,-3.07190828744,8.494056801297
    ));
#2790 = CARTESIAN_POINT('',(8.804079805055,-3.18936861168,8.506306886486
    ));
#2791 = CARTESIAN_POINT('',(8.51069545857,-3.319953292193,8.515689026408
    ));
#2792 = CARTESIAN_POINT('',(8.235949279743,-3.489661784509,
    8.525025971856));
#2793 = CARTESIAN_POINT('',(7.985808877854,-3.695195444142,
    8.534342959381));
#2794 = CARTESIAN_POINT('',(7.765508557675,-3.932432554109,
    8.543665918299));
#2795 = CARTESIAN_POINT('',(7.579473348795,-4.196396243001,
    8.553000370448));
#2796 = CARTESIAN_POINT('',(7.431362029669,-4.481347319549,
    8.562346527159));
#2797 = CARTESIAN_POINT('',(7.253887511685,-4.97334295805,8.577707293093
    ));
#2798 = CARTESIAN_POINT('',(7.200971109246,-5.172305337145,
    8.583732119967));
#2799 = CARTESIAN_POINT('',(7.165362138446,-5.375589310292,
    8.589756402285));
#2800 = CARTESIAN_POINT('',(7.14745142738,-5.58143160304,8.595778901705)
  );
#2801 = CARTESIAN_POINT('',(7.147417049991,-5.788051261039,
    8.601799615381));
#2802 = CARTESIAN_POINT('',(7.165235856952,-5.993659197804,8.6078192793)
  );
#2803 = CARTESIAN_POINT('',(7.200672018678,-6.196466605772,8.61383849151
    ));
#2804 = CARTESIAN_POINT('',(7.3061899306,-6.594338595724,8.625917551501)
  );
#2805 = CARTESIAN_POINT('',(7.376537856198,-6.789411431327,
    8.631979594832));
#2806 = CARTESIAN_POINT('',(7.463813026758,-6.978082043542,
    8.638041690606));
#2807 = CARTESIAN_POINT('',(7.56731640987,-7.158643202875,8.644104657773
    ));
#2808 = CARTESIAN_POINT('',(7.686159136413,-7.329497524563,
    8.650169798683));
#2809 = CARTESIAN_POINT('',(7.819277934643,-7.489158640699,
    8.656237904052));
#2810 = CARTESIAN_POINT('',(7.965430133187,-7.636265164213,
    8.662308493121));
#2811 = CARTESIAN_POINT('',(8.358317035219,-7.968388066524,
    8.677429356001));
#2812 = CARTESIAN_POINT('',(8.61949660995,-8.136819118167,8.686490708905
    ));
#2813 = CARTESIAN_POINT('',(8.901821822992,-8.270601887559,8.69554801925
    ));
#2814 = CARTESIAN_POINT('',(9.199844009103,-8.366822110847,
    8.704598952837));
#2815 = CARTESIAN_POINT('',(9.507841412146,-8.423501686648,
    8.713643086045));
#2816 = CARTESIAN_POINT('',(9.81983927538,-8.439668749192,8.722683846017
    ));
#2817 = CARTESIAN_POINT('',(10.129660818553,-8.415304076739,
    8.731725255378));
#2818 = CARTESIAN_POINT('',(10.709245448306,-8.293288256764,
    8.749098831493));
#2819 = CARTESIAN_POINT('',(10.980690813139,-8.201290099196,
    8.757445297577));
#2820 = CARTESIAN_POINT('',(11.240323361469,-8.076846205437,
    8.765789946188));
#2821 = CARTESIAN_POINT('',(11.48365175565,-7.921827868991,
    8.774136033439));
#2822 = CARTESIAN_POINT('',(11.706626336802,-7.738745543524,
    8.782487079098));
#2823 = CARTESIAN_POINT('',(11.905607653356,-7.530669732367,
    8.790844330459));
#2824 = CARTESIAN_POINT('',(12.077427621663,-7.301281734545,
    8.799205782738));
#2825 = CARTESIAN_POINT('',(12.219618447398,-7.055,8.807561154389));
#2826 = PCURVE('',#1500,#2827);
#2827 = DEFINITIONAL_REPRESENTATION('',(#2828),#2894);
#2828 = B_SPLINE_CURVE_WITH_KNOTS('',8,(#2829,#2830,#2831,#2832,#2833,
    #2834,#2835,#2836,#2837,#2838,#2839,#2840,#2841,#2842,#2843,#2844,
    #2845,#2846,#2847,#2848,#2849,#2850,#2851,#2852,#2853,#2854,#2855,
    #2856,#2857,#2858,#2859,#2860,#2861,#2862,#2863,#2864,#2865,#2866,
    #2867,#2868,#2869,#2870,#2871,#2872,#2873,#2874,#2875,#2876,#2877,
    #2878,#2879,#2880,#2881,#2882,#2883,#2884,#2885,#2886,#2887,#2888,
    #2889,#2890,#2891,#2892,#2893),.UNSPECIFIED.,.F.,.F.,(9,7,7,7,7,7,7,
    7,7,9),(0.,0.189040413376,0.28603852409,0.332230281192,
    0.378733203463,0.528171836921,0.624556246725,0.721631471355,
    0.866346811787,1.),.UNSPECIFIED.);
#2829 = CARTESIAN_POINT('',(0.,2.632574113335));
#2830 = CARTESIAN_POINT('',(0.148422066781,2.64437217749));
#2831 = CARTESIAN_POINT('',(0.297238218562,2.656201399389));
#2832 = CARTESIAN_POINT('',(0.445801744029,2.668016797643));
#2833 = CARTESIAN_POINT('',(0.594248212493,2.679835527566));
#2834 = CARTESIAN_POINT('',(0.742696649727,2.691664296425));
#2835 = CARTESIAN_POINT('',(0.891263104169,2.703494426017));
#2836 = CARTESIAN_POINT('',(1.040087328996,2.715337463381));
#2837 = CARTESIAN_POINT('',(1.264665092025,2.73320526695));
#2838 = CARTESIAN_POINT('',(1.340835122037,2.739264914795));
#2839 = CARTESIAN_POINT('',(1.416998444792,2.745324053659));
#2840 = CARTESIAN_POINT('',(1.493153470118,2.751383910661));
#2841 = CARTESIAN_POINT('',(1.569308123281,2.757446326283));
#2842 = CARTESIAN_POINT('',(1.645470451018,2.763512338937));
#2843 = CARTESIAN_POINT('',(1.721639224436,2.769580999637));
#2844 = CARTESIAN_POINT('',(1.834060686196,2.778537799402));
#2845 = CARTESIAN_POINT('',(1.870326361075,2.781427172094));
#2846 = CARTESIAN_POINT('',(1.906592199698,2.78431624876));
#2847 = CARTESIAN_POINT('',(1.942858516377,2.787204758711));
#2848 = CARTESIAN_POINT('',(1.979125303463,2.790092446636));
#2849 = CARTESIAN_POINT('',(2.015392231337,2.792979072608));
#2850 = CARTESIAN_POINT('',(2.051658648417,2.795864412079));
#2851 = CARTESIAN_POINT('',(2.124432808211,2.801651526351));
#2852 = CARTESIAN_POINT('',(2.160943417305,2.804553529764));
#2853 = CARTESIAN_POINT('',(2.19745468845,2.807454219092));
#2854 = CARTESIAN_POINT('',(2.233966091549,2.810353944632));
#2855 = CARTESIAN_POINT('',(2.270477286381,2.813253454));
#2856 = CARTESIAN_POINT('',(2.306988122609,2.816153892135));
#2857 = CARTESIAN_POINT('',(2.34349863978,2.819056801297));
#2858 = CARTESIAN_POINT('',(2.497336498197,2.831306886486));
#2859 = CARTESIAN_POINT('',(2.614786762147,2.840689026408));
#2860 = CARTESIAN_POINT('',(2.73216826416,2.850025971856));
#2861 = CARTESIAN_POINT('',(2.849500878619,2.859342959381));
#2862 = CARTESIAN_POINT('',(2.966833835806,2.868665918299));
#2863 = CARTESIAN_POINT('',(3.084214569523,2.878000370448));
#2864 = CARTESIAN_POINT('',(3.201669112716,2.887346527159));
#2865 = CARTESIAN_POINT('',(3.394667889333,2.902707293093));
#2866 = CARTESIAN_POINT('',(3.470355303748,2.908732119967));
#2867 = CARTESIAN_POINT('',(3.546037081496,2.914756402285));
#2868 = CARTESIAN_POINT('',(3.621711310674,2.920778901705));
#2869 = CARTESIAN_POINT('',(3.697385411193,2.926799615381));
#2870 = CARTESIAN_POINT('',(3.773066987989,2.9328192793));
#2871 = CARTESIAN_POINT('',(3.848754727071,2.93883849151));
#2872 = CARTESIAN_POINT('',(4.000646323468,2.950917551501));
#2873 = CARTESIAN_POINT('',(4.076877697954,2.956979594832));
#2874 = CARTESIAN_POINT('',(4.153102528585,2.963041690606));
#2875 = CARTESIAN_POINT('',(4.229319062941,2.969104657773));
#2876 = CARTESIAN_POINT('',(4.305535187698,2.975169798683));
#2877 = CARTESIAN_POINT('',(4.381758933414,2.981237904052));
#2878 = CARTESIAN_POINT('',(4.4579890219,2.987308493121));
#2879 = CARTESIAN_POINT('',(4.647825458291,3.002429356001));
#2880 = CARTESIAN_POINT('',(4.761550986784,3.011490708905));
#2881 = CARTESIAN_POINT('',(4.875217805637,3.02054801925));
#2882 = CARTESIAN_POINT('',(4.988843290562,3.029598952837));
#2883 = CARTESIAN_POINT('',(5.102468491238,3.038643086045));
#2884 = CARTESIAN_POINT('',(5.216134600668,3.047683846017));
#2885 = CARTESIAN_POINT('',(5.329859638706,3.056725255378));
#2886 = CARTESIAN_POINT('',(5.548416447783,3.074098831493));
#2887 = CARTESIAN_POINT('',(5.653425830571,3.082445297577));
#2888 = CARTESIAN_POINT('',(5.75839679734,3.090789946188));
#2889 = CARTESIAN_POINT('',(5.863336262637,3.099136033439));
#2890 = CARTESIAN_POINT('',(5.968274267205,3.107487079098));
#2891 = CARTESIAN_POINT('',(6.073241535461,3.115844330459));
#2892 = CARTESIAN_POINT('',(6.178247428408,3.124205782738));
#2893 = CARTESIAN_POINT('',(6.28318530718,3.132561154389));
#2894 = ( GEOMETRIC_REPRESENTATION_CONTEXT(2) 
PARAMETRIC_REPRESENTATION_CONTEXT() REPRESENTATION_CONTEXT('2D SPACE',''
  ) );
#2895 = PCURVE('',#2103,#2896);
#2896 = DEFINITIONAL_REPRESENTATION('',(#2897),#2963);
#2897 = B_SPLINE_CURVE_WITH_KNOTS('',8,(#2898,#2899,#2900,#2901,#2902,
    #2903,#2904,#2905,#2906,#2907,#2908,#2909,#2910,#2911,#2912,#2913,
    #2914,#2915,#2916,#2917,#2918,#2919,#2920,#2921,#2922,#2923,#2924,
    #2925,#2926,#2927,#2928,#2929,#2930,#2931,#2932,#2933,#2934,#2935,
    #2936,#2937,#2938,#2939,#2940,#2941,#2942,#2943,#2944,#2945,#2946,
    #2947,#2948,#2949,#2950,#2951,#2952,#2953,#2954,#2955,#2956,#2957,
    #2958,#2959,#2960,#2961,#2962),.UNSPECIFIED.,.F.,.F.,(9,7,7,7,7,7,7,
    7,7,9),(0.,0.189040413376,0.28603852409,0.332230281192,
    0.378733203463,0.528171836921,0.624556246725,0.721631471355,
    0.866346811787,1.),.UNSPECIFIED.);
#2898 = CARTESIAN_POINT('',(1.155833994533E-02,25.212193867235));
#2899 = CARTESIAN_POINT('',(1.153187878831E-02,25.361088194702));
#2900 = CARTESIAN_POINT('',(1.150459554434E-02,25.510380456113));
#2901 = CARTESIAN_POINT('',(1.148964853512E-02,25.659420669642));
#2902 = CARTESIAN_POINT('',(1.150036857579E-02,25.80834108336));
#2903 = CARTESIAN_POINT('',(1.153267742702E-02,25.957251983903));
#2904 = CARTESIAN_POINT('',(1.155024899237E-02,26.106272979794));
#2905 = CARTESIAN_POINT('',(1.155219930603E-02,26.255555207279));
#2906 = CARTESIAN_POINT('',(1.154639711823E-02,26.48083513583));
#2907 = CARTESIAN_POINT('',(1.154297344399E-02,26.557245260081));
#2908 = CARTESIAN_POINT('',(1.153919240279E-02,26.633651220615));
#2909 = CARTESIAN_POINT('',(1.153769699335E-02,26.710051820944));
#2910 = CARTESIAN_POINT('',(1.154097200781E-02,26.786454591179));
#2911 = CARTESIAN_POINT('',(1.155002388515E-02,26.862866267786));
#2912 = CARTESIAN_POINT('',(1.156344288734E-02,26.939283766844));
#2913 = CARTESIAN_POINT('',(1.158323109579E-02,27.052069217885));
#2914 = CARTESIAN_POINT('',(1.158974097197E-02,27.088451856736));
#2915 = CARTESIAN_POINT('',(1.15957360856E-02,27.124834002215));
#2916 = CARTESIAN_POINT('',(1.160064644706E-02,27.161215835699));
#2917 = CARTESIAN_POINT('',(1.160397321869E-02,27.197597285096));
#2918 = CARTESIAN_POINT('',(1.160528871475E-02,27.23397802485));
#2919 = CARTESIAN_POINT('',(1.160423640147E-02,27.270357475932));
#2920 = CARTESIAN_POINT('',(1.159680043081E-02,27.343357187241));
#2921 = CARTESIAN_POINT('',(1.1590498993E-02,27.379979788458));
#2922 = CARTESIAN_POINT('',(1.158149703826E-02,27.416602872586));
#2923 = CARTESIAN_POINT('',(1.157047752826E-02,27.453226574746));
#2924 = CARTESIAN_POINT('',(1.155893593163E-02,27.489850902093));
#2925 = CARTESIAN_POINT('',(1.154918022397E-02,27.526475733819));
#2926 = CARTESIAN_POINT('',(1.154433088784E-02,27.563100821151));
#2927 = CARTESIAN_POINT('',(1.156114298594E-02,27.717421291899));
#2928 = CARTESIAN_POINT('',(1.16353828823E-02,27.8352253367));
#2929 = CARTESIAN_POINT('',(1.162951113809E-02,27.95296449138));
#2930 = CARTESIAN_POINT('',(1.158826629567E-02,28.07067509491));
#2931 = CARTESIAN_POINT('',(1.155762686751E-02,28.188394232535));
#2932 = CARTESIAN_POINT('',(1.154236580746E-02,28.306161409896));
#2933 = CARTESIAN_POINT('',(1.153958247355E-02,28.423997536126));
#2934 = CARTESIAN_POINT('',(1.154325601121E-02,28.61761375957));
#2935 = CARTESIAN_POINT('',(1.154681787288E-02,28.69354089753));
#2936 = CARTESIAN_POINT('',(1.155061594062E-02,28.769459682144));
#2937 = CARTESIAN_POINT('',(1.155239600122E-02,28.845368704716));
#2938 = CARTESIAN_POINT('',(1.15508224668E-02,28.921276343718));
#2939 = CARTESIAN_POINT('',(1.154599224842E-02,28.997191265016));
#2940 = CARTESIAN_POINT('',(1.153917496803E-02,29.073113006206));
#2941 = CARTESIAN_POINT('',(1.152433104432E-02,29.225476350138));
#2942 = CARTESIAN_POINT('',(1.151631337517E-02,29.30194557352));
#2943 = CARTESIAN_POINT('',(1.15091885177E-02,29.378409823964));
#2944 = CARTESIAN_POINT('',(1.15048588324E-02,29.45486743784));
#2945 = CARTESIAN_POINT('',(1.150471892792E-02,29.531326045905));
#2946 = CARTESIAN_POINT('',(1.150915859757E-02,29.607793162174));
#2947 = CARTESIAN_POINT('',(1.151751678849E-02,29.684266894867));
#2948 = CARTESIAN_POINT('',(1.154483990584E-02,29.874709706276));
#2949 = CARTESIAN_POINT('',(1.156702675629E-02,29.988798148843));
#2950 = CARTESIAN_POINT('',(1.159075486066E-02,30.102825933242));
#2951 = CARTESIAN_POINT('',(1.160871657251E-02,30.216809692786));
#2952 = CARTESIAN_POINT('',(1.161335773849E-02,30.330791693519));
#2953 = CARTESIAN_POINT('',(1.160462428861E-02,30.444815468937));
#2954 = CARTESIAN_POINT('',(1.158753398706E-02,30.558900093553));
#2955 = CARTESIAN_POINT('',(1.154977948154E-02,30.77815105989));
#2956 = CARTESIAN_POINT('',(1.152948339898E-02,30.883495342108));
#2957 = CARTESIAN_POINT('',(1.151146374895E-02,30.988802350208));
#2958 = CARTESIAN_POINT('',(1.150127226427E-02,31.094078138864));
#2959 = CARTESIAN_POINT('',(1.150148462313E-02,31.199350849531));
#2960 = CARTESIAN_POINT('',(1.150997689932E-02,31.304649602274));
#2961 = CARTESIAN_POINT('',(1.152125496183E-02,31.40998376419));
#2962 = CARTESIAN_POINT('',(1.153153096533E-02,31.515247605352));
#2963 = ( GEOMETRIC_REPRESENTATION_CONTEXT(2) 
PARAMETRIC_REPRESENTATION_CONTEXT() REPRESENTATION_CONTEXT('2D SPACE',''
  ) );
#2964 = ORIENTED_EDGE('',*,*,#2965,.F.);
#2965 = EDGE_CURVE('',#1175,#2757,#2966,.T.);
#2966 = SURFACE_CURVE('',#2967,(#2971,#2978),.PCURVE_S1.);
#2967 = LINE('',#2968,#2969);
#2968 = CARTESIAN_POINT('',(12.219618447398,-7.055,5.675));
#2969 = VECTOR('',#2970,1.);
#2970 = DIRECTION('',(0.,0.,1.));
#2971 = PCURVE('',#1500,#2972);
#2972 = DEFINITIONAL_REPRESENTATION('',(#2973),#2977);
#2973 = LINE('',#2974,#2975);
#2974 = CARTESIAN_POINT('',(0.,-0.));
#2975 = VECTOR('',#2976,1.);
#2976 = DIRECTION('',(0.,1.));
#2977 = ( GEOMETRIC_REPRESENTATION_CONTEXT(2) 
PARAMETRIC_REPRESENTATION_CONTEXT() REPRESENTATION_CONTEXT('2D SPACE',''
  ) );
#2978 = PCURVE('',#1314,#2979);
#2979 = DEFINITIONAL_REPRESENTATION('',(#2980),#2984);
#2980 = LINE('',#2981,#2982);
#2981 = CARTESIAN_POINT('',(6.28318530718,-0.));
#2982 = VECTOR('',#2983,1.);
#2983 = DIRECTION('',(0.,1.));
#2984 = ( GEOMETRIC_REPRESENTATION_CONTEXT(2) 
PARAMETRIC_REPRESENTATION_CONTEXT() REPRESENTATION_CONTEXT('2D SPACE',''
  ) );
#2985 = ORIENTED_EDGE('',*,*,#1388,.T.);
#2986 = ADVANCED_FACE('',(#2987),#1314,.T.);
#2987 = FACE_BOUND('',#2988,.T.);
#2988 = EDGE_LOOP('',(#2989,#2990,#3178,#3199));
#2989 = ORIENTED_EDGE('',*,*,#2965,.T.);
#2990 = ORIENTED_EDGE('',*,*,#2991,.F.);
#2991 = EDGE_CURVE('',#2992,#2757,#2994,.T.);
#2992 = VERTEX_POINT('',#2993);
#2993 = CARTESIAN_POINT('',(12.219618447398,-7.055,7.807573999221));
#2994 = SURFACE_CURVE('',#2995,(#3054,#3116),.PCURVE_S1.);
#2995 = B_SPLINE_CURVE_WITH_KNOTS('',8,(#2996,#2997,#2998,#2999,#3000,
    #3001,#3002,#3003,#3004,#3005,#3006,#3007,#3008,#3009,#3010,#3011,
    #3012,#3013,#3014,#3015,#3016,#3017,#3018,#3019,#3020,#3021,#3022,
    #3023,#3024,#3025,#3026,#3027,#3028,#3029,#3030,#3031,#3032,#3033,
    #3034,#3035,#3036,#3037,#3038,#3039,#3040,#3041,#3042,#3043,#3044,
    #3045,#3046,#3047,#3048,#3049,#3050,#3051,#3052,#3053),
  .UNSPECIFIED.,.F.,.F.,(9,7,7,7,7,7,7,7,9),(0.,0.166876578169,
    0.326809784219,0.422203886479,0.457197395023,0.506708525264,
    0.696386005876,0.849252351487,1.),.UNSPECIFIED.);
#2996 = CARTESIAN_POINT('',(12.219618447398,-7.055,7.807573999221));
#2997 = CARTESIAN_POINT('',(12.39712908526,-6.747542556339,
    7.818010871249));
#2998 = CARTESIAN_POINT('',(12.528890087401,-6.413018123271,
    7.828463869813));
#2999 = CARTESIAN_POINT('',(12.609547141876,-6.060115171425,
    7.838901857132));
#3000 = CARTESIAN_POINT('',(12.636569823206,-5.698013457542,
    7.849324339822));
#3001 = CARTESIAN_POINT('',(12.609027177704,-5.335948987448,
    7.859737239136));
#3002 = CARTESIAN_POINT('',(12.527864148579,-4.983154019932,
    7.870154052746));
#3003 = CARTESIAN_POINT('',(12.395610364783,-4.64880627626,
    7.880584478963));
#3004 = CARTESIAN_POINT('',(12.047108661249,-4.047193572994,
    7.900987741294));
#3005 = CARTESIAN_POINT('',(11.834080004642,-3.776845000424,
    7.910991031512));
#3006 = CARTESIAN_POINT('',(11.582842062461,-3.538399228995,
    7.920992573735));
#3007 = CARTESIAN_POINT('',(11.299193983834,-3.337888866134,
    7.930994253898));
#3008 = CARTESIAN_POINT('',(10.989690547626,-3.180187869429,
    7.940994681952));
#3009 = CARTESIAN_POINT('',(10.661698582042,-3.068832137183,
    7.950993000075));
#3010 = CARTESIAN_POINT('',(10.32325920968,-3.006144685428,
    7.960995316084));
#3011 = CARTESIAN_POINT('',(9.780517054709,-2.983975115638,
    7.976942058149));
#3012 = CARTESIAN_POINT('',(9.576999645553,-2.993045867382,
    7.982901009833));
#3013 = CARTESIAN_POINT('',(9.37452591347,-3.019552038262,7.988860287037
    ));
#3014 = CARTESIAN_POINT('',(9.174836795459,-3.063343278068,
    7.994821150141));
#3015 = CARTESIAN_POINT('',(8.979629674697,-3.124070371313,
    8.000784984453));
#3016 = CARTESIAN_POINT('',(8.790552958345,-3.201197493807,
    8.006751984602));
#3017 = CARTESIAN_POINT('',(8.609195226652,-3.293993456423,
    8.012720343548));
#3018 = CARTESIAN_POINT('',(8.373927710102,-3.440939373101,
    8.020874313845));
#3019 = CARTESIAN_POINT('',(8.312024729861,-3.482358864672,
    8.023062458852));
#3020 = CARTESIAN_POINT('',(8.251432307743,-3.525715574123,
    8.025250257385));
#3021 = CARTESIAN_POINT('',(8.192220842321,-3.570961229604,
    8.027437590411));
#3022 = CARTESIAN_POINT('',(8.134458835627,-3.618044124086,
    8.029624343697));
#3023 = CARTESIAN_POINT('',(8.078212893154,-3.666909115351,
    8.031810407808));
#3024 = CARTESIAN_POINT('',(8.023547723853,-3.717497625999,
    8.033995678107));
#3025 = CARTESIAN_POINT('',(7.895507696819,-3.843674423763,8.03927065531
    ));
#3026 = CARTESIAN_POINT('',(7.823768580249,-3.920938081505,8.04235952561
    ));
#3027 = CARTESIAN_POINT('',(7.755485059987,-4.001364856261,
    8.045447049553));
#3028 = CARTESIAN_POINT('',(7.690820701148,-4.084772497357,
    8.048533883792));
#3029 = CARTESIAN_POINT('',(7.62992636439,-4.170970263848,8.051620957734
    ));
#3030 = CARTESIAN_POINT('',(7.572940205923,-4.259758924521,
    8.054709473545));
#3031 = CARTESIAN_POINT('',(7.5199876775,-4.350930757897,8.057800906145)
  );
#3032 = CARTESIAN_POINT('',(7.284204825851,-4.801851115519,
    8.072758172372));
#3033 = CARTESIAN_POINT('',(7.15756885974,-5.19222681275,8.084687397304)
  );
#3034 = CARTESIAN_POINT('',(7.099009218295,-5.601989247253,
    8.096506376066));
#3035 = CARTESIAN_POINT('',(7.110962007735,-6.017266095022,
    8.108328936545));
#3036 = CARTESIAN_POINT('',(7.193494115256,-6.424433080224,
    8.120179724713));
#3037 = CARTESIAN_POINT('',(7.343443088219,-6.810229047248,
    8.132046132423));
#3038 = CARTESIAN_POINT('',(7.555293980605,-7.161713841508,
    8.143931741487));
#3039 = CARTESIAN_POINT('',(8.030605895666,-7.714097507202,
    8.165330267844));
#3040 = CARTESIAN_POINT('',(8.276762794432,-7.931787163611,
    8.174887109225));
#3041 = CARTESIAN_POINT('',(8.552058775946,-8.114699680526,
    8.184433222454));
#3042 = CARTESIAN_POINT('',(8.850622783827,-8.258515278655,
    8.193972658399));
#3043 = CARTESIAN_POINT('',(9.166101912266,-8.359997123629,
    8.203516156665));
#3044 = CARTESIAN_POINT('',(9.491664711469,-8.417112868524,8.21307084537
    ));
#3045 = CARTESIAN_POINT('',(9.820074666654,-8.428933528908,
    8.222637753671));
#3046 = CARTESIAN_POINT('',(10.462705417536,-8.364360511816,
    8.241621744542));
#3047 = CARTESIAN_POINT('',(10.777803989171,-8.2891124482,8.251061005757
    ));
#3048 = CARTESIAN_POINT('',(11.0815357676,-8.171249214392,8.260494494953
    ));
#3049 = CARTESIAN_POINT('',(11.367269366521,-8.012991798278,
    8.269919861228));
#3050 = CARTESIAN_POINT('',(11.628953265714,-7.81752370067,
    8.279337072939));
#3051 = CARTESIAN_POINT('',(11.861202676117,-7.589056387194,
    8.28875120028));
#3052 = CARTESIAN_POINT('',(12.059276402948,-7.332720567577,
    8.298167779237));
#3053 = CARTESIAN_POINT('',(12.219618447398,-7.055,8.307574113335));
#3054 = PCURVE('',#1314,#3055);
#3055 = DEFINITIONAL_REPRESENTATION('',(#3056),#3115);
#3056 = B_SPLINE_CURVE_WITH_KNOTS('',8,(#3057,#3058,#3059,#3060,#3061,
    #3062,#3063,#3064,#3065,#3066,#3067,#3068,#3069,#3070,#3071,#3072,
    #3073,#3074,#3075,#3076,#3077,#3078,#3079,#3080,#3081,#3082,#3083,
    #3084,#3085,#3086,#3087,#3088,#3089,#3090,#3091,#3092,#3093,#3094,
    #3095,#3096,#3097,#3098,#3099,#3100,#3101,#3102,#3103,#3104,#3105,
    #3106,#3107,#3108,#3109,#3110,#3111,#3112,#3113,#3114),
  .UNSPECIFIED.,.F.,.F.,(9,7,7,7,7,7,7,7,9),(0.,0.166876578169,
    0.326809784219,0.422203886479,0.457197395023,0.506708525264,
    0.696386005876,0.849252351487,1.),.UNSPECIFIED.);
#3057 = CARTESIAN_POINT('',(0.,2.132573999221));
#3058 = CARTESIAN_POINT('',(0.131004160784,2.143010871249));
#3059 = CARTESIAN_POINT('',(0.262216529287,2.153463869813));
#3060 = CARTESIAN_POINT('',(0.393303470058,2.163901857132));
#3061 = CARTESIAN_POINT('',(0.52431742818,2.174324339822));
#3062 = CARTESIAN_POINT('',(0.655332669356,2.184737239136));
#3063 = CARTESIAN_POINT('',(0.786421643107,2.195154052746));
#3064 = CARTESIAN_POINT('',(0.917640251832,2.205584478963));
#3065 = CARTESIAN_POINT('',(1.174195034992,2.225987741294));
#3066 = CARTESIAN_POINT('',(1.299919340687,2.235991031512));
#3067 = CARTESIAN_POINT('',(1.42554308609,2.245992573735));
#3068 = CARTESIAN_POINT('',(1.551105028259,2.255994253897));
#3069 = CARTESIAN_POINT('',(1.676667567246,2.265994681952));
#3070 = CARTESIAN_POINT('',(1.802292283451,2.275993000075));
#3071 = CARTESIAN_POINT('',(1.928017303711,2.285995316084));
#3072 = CARTESIAN_POINT('',(2.128458170931,2.301942058149));
#3073 = CARTESIAN_POINT('',(2.20335739051,2.307901009833));
#3074 = CARTESIAN_POINT('',(2.278250189523,2.313860287037));
#3075 = CARTESIAN_POINT('',(2.353135608284,2.319821150141));
#3076 = CARTESIAN_POINT('',(2.428021181688,2.325784984453));
#3077 = CARTESIAN_POINT('',(2.502914336585,2.331751984602));
#3078 = CARTESIAN_POINT('',(2.57781366565,2.337720343548));
#3079 = CARTESIAN_POINT('',(2.680170731006,2.345874313845));
#3080 = CARTESIAN_POINT('',(2.707641205915,2.348062458852));
#3081 = CARTESIAN_POINT('',(2.735111869764,2.350250257385));
#3082 = CARTESIAN_POINT('',(2.762582850213,2.352437590411));
#3083 = CARTESIAN_POINT('',(2.790054035323,2.354624343697));
#3084 = CARTESIAN_POINT('',(2.817525073562,2.356810407808));
#3085 = CARTESIAN_POINT('',(2.844995373797,2.358995678107));
#3086 = CARTESIAN_POINT('',(2.911328683325,2.36427065531));
#3087 = CARTESIAN_POINT('',(2.950195193857,2.36735952561));
#3088 = CARTESIAN_POINT('',(2.989062630961,2.370447049553));
#3089 = CARTESIAN_POINT('',(3.027930267582,2.373533883792));
#3090 = CARTESIAN_POINT('',(3.066797655547,2.376620957734));
#3091 = CARTESIAN_POINT('',(3.105664625567,2.379709473545));
#3092 = CARTESIAN_POINT('',(3.144531287235,2.382800906145));
#3093 = CARTESIAN_POINT('',(3.332296784255,2.397758172372));
#3094 = CARTESIAN_POINT('',(3.48160002486,2.409687397304));
#3095 = CARTESIAN_POINT('',(3.630645562533,2.421506376067));
#3096 = CARTESIAN_POINT('',(3.779569389994,2.433328936544));
#3097 = CARTESIAN_POINT('',(3.928493160082,2.445179724714));
#3098 = CARTESIAN_POINT('',(4.077534257589,2.457046132423));
#3099 = CARTESIAN_POINT('',(4.226833961986,2.468931741487));
#3100 = CARTESIAN_POINT('',(4.495738455949,2.490330267844));
#3101 = CARTESIAN_POINT('',(4.615872992239,2.499887109225));
#3102 = CARTESIAN_POINT('',(4.735928419428,2.509433222454));
#3103 = CARTESIAN_POINT('',(4.855932791515,2.518972658399));
#3104 = CARTESIAN_POINT('',(4.975938416677,2.528516156665));
#3105 = CARTESIAN_POINT('',(5.095997838682,2.53807084537));
#3106 = CARTESIAN_POINT('',(5.216138736637,2.547637753671));
#3107 = CARTESIAN_POINT('',(5.454465978586,2.566621744542));
#3108 = CARTESIAN_POINT('',(5.572931782114,2.576061005757));
#3109 = CARTESIAN_POINT('',(5.691323006133,2.585494494953));
#3110 = CARTESIAN_POINT('',(5.809663901049,2.594919861228));
#3111 = CARTESIAN_POINT('',(5.928003180734,2.604337072939));
#3112 = CARTESIAN_POINT('',(6.046390624223,2.61375120028));
#3113 = CARTESIAN_POINT('',(6.164851695039,2.623167779237));
#3114 = CARTESIAN_POINT('',(6.28318530718,2.632574113335));
#3115 = ( GEOMETRIC_REPRESENTATION_CONTEXT(2) 
PARAMETRIC_REPRESENTATION_CONTEXT() REPRESENTATION_CONTEXT('2D SPACE',''
  ) );
#3116 = PCURVE('',#2103,#3117);
#3117 = DEFINITIONAL_REPRESENTATION('',(#3118),#3177);
#3118 = B_SPLINE_CURVE_WITH_KNOTS('',8,(#3119,#3120,#3121,#3122,#3123,
    #3124,#3125,#3126,#3127,#3128,#3129,#3130,#3131,#3132,#3133,#3134,
    #3135,#3136,#3137,#3138,#3139,#3140,#3141,#3142,#3143,#3144,#3145,
    #3146,#3147,#3148,#3149,#3150,#3151,#3152,#3153,#3154,#3155,#3156,
    #3157,#3158,#3159,#3160,#3161,#3162,#3163,#3164,#3165,#3166,#3167,
    #3168,#3169,#3170,#3171,#3172,#3173,#3174,#3175,#3176),
  .UNSPECIFIED.,.F.,.F.,(9,7,7,7,7,7,7,7,9),(0.,0.166876578169,
    0.326809784219,0.422203886479,0.457197395023,0.506708525264,
    0.696386005876,0.849252351487,1.),.UNSPECIFIED.);
#3119 = CARTESIAN_POINT('',(1.155832762022E-02,18.909144080569));
#3120 = CARTESIAN_POINT('',(1.158168495761E-02,19.040565079508));
#3121 = CARTESIAN_POINT('',(1.160447902804E-02,19.172192941113));
#3122 = CARTESIAN_POINT('',(1.161764484605E-02,19.303692273894));
#3123 = CARTESIAN_POINT('',(1.16116612675E-02,19.435116858696));
#3124 = CARTESIAN_POINT('',(1.15858846113E-02,19.56654537947));
#3125 = CARTESIAN_POINT('',(1.155555348879E-02,19.698051927088));
#3126 = CARTESIAN_POINT('',(1.153152815167E-02,19.829690306826));
#3127 = CARTESIAN_POINT('',(1.150476036987E-02,20.08706446494));
#3128 = CARTESIAN_POINT('',(1.150114229367E-02,20.213189671019));
#3129 = CARTESIAN_POINT('',(1.151049051924E-02,20.339211107999));
#3130 = CARTESIAN_POINT('',(1.153079667774E-02,20.465165224271));
#3131 = CARTESIAN_POINT('',(1.154953627709E-02,20.591113457577));
#3132 = CARTESIAN_POINT('',(1.155431947224E-02,20.717123101766));
#3133 = CARTESIAN_POINT('',(1.155038953606E-02,20.843238092391));
#3134 = CARTESIAN_POINT('',(1.154301173817E-02,21.044310861347));
#3135 = CARTESIAN_POINT('',(1.154008227824E-02,21.119448482729));
#3136 = CARTESIAN_POINT('',(1.153840887283E-02,21.194582285235));
#3137 = CARTESIAN_POINT('',(1.154067419209E-02,21.269711240811));
#3138 = CARTESIAN_POINT('',(1.154859048459E-02,21.344842011036));
#3139 = CARTESIAN_POINT('',(1.15616270635E-02,21.419980385731));
#3140 = CARTESIAN_POINT('',(1.157668931182E-02,21.495123088068));
#3141 = CARTESIAN_POINT('',(1.159317314942E-02,21.597808802438));
#3142 = CARTESIAN_POINT('',(1.159724042302E-02,21.625367097266));
#3143 = CARTESIAN_POINT('',(1.160065482794E-02,21.652925137017));
#3144 = CARTESIAN_POINT('',(1.160316375138E-02,21.680483014219));
#3145 = CARTESIAN_POINT('',(1.160455816741E-02,21.70804060758));
#3146 = CARTESIAN_POINT('',(1.160467263697E-02,21.735597581992));
#3147 = CARTESIAN_POINT('',(1.160338530782E-02,21.763153388524));
#3148 = CARTESIAN_POINT('',(1.15967024237E-02,21.829692310377));
#3149 = CARTESIAN_POINT('',(1.158925480856E-02,21.868677785504));
#3150 = CARTESIAN_POINT('',(1.157898463438E-02,21.907664115005));
#3151 = CARTESIAN_POINT('',(1.15671833773E-02,21.946651469478));
#3152 = CARTESIAN_POINT('',(1.155572442443E-02,21.985639764921));
#3153 = CARTESIAN_POINT('',(1.154706307383E-02,22.024628662734));
#3154 = CARTESIAN_POINT('',(1.154423653456E-02,22.063617569714));
#3155 = CARTESIAN_POINT('',(1.15762535112E-02,22.251969196172));
#3156 = CARTESIAN_POINT('',(1.167644211463E-02,22.401718189931));
#3157 = CARTESIAN_POINT('',(1.159428144125E-02,22.551226868928));
#3158 = CARTESIAN_POINT('',(1.153199018607E-02,22.700655713151));
#3159 = CARTESIAN_POINT('',(1.152810666434E-02,22.850072399664));
#3160 = CARTESIAN_POINT('',(1.153868654176E-02,22.999594886629));
#3161 = CARTESIAN_POINT('',(1.154850116723E-02,23.149364245457));
#3162 = CARTESIAN_POINT('',(1.155029468662E-02,23.41910493319));
#3163 = CARTESIAN_POINT('',(1.154552922876E-02,23.539609462813));
#3164 = CARTESIAN_POINT('',(1.153196183955E-02,23.660034199703));
#3165 = CARTESIAN_POINT('',(1.151250861397E-02,23.780411831559));
#3166 = CARTESIAN_POINT('',(1.150002756503E-02,23.900796714378));
#3167 = CARTESIAN_POINT('',(1.150081045471E-02,24.021239064239));
#3168 = CARTESIAN_POINT('',(1.151289734565E-02,24.141764218543));
#3169 = CARTESIAN_POINT('',(1.154868929841E-02,24.380852611793));
#3170 = CARTESIAN_POINT('',(1.157227002796E-02,24.499696220064));
#3171 = CARTESIAN_POINT('',(1.159650705659E-02,24.618462947793));
#3172 = CARTESIAN_POINT('',(1.161295389419E-02,24.737176394826));
#3173 = CARTESIAN_POINT('',(1.161353914458E-02,24.855887026718));
#3174 = CARTESIAN_POINT('',(1.160006791579E-02,24.974647369379));
#3175 = CARTESIAN_POINT('',(1.157943683719E-02,25.093483732156));
#3176 = CARTESIAN_POINT('',(1.155833994533E-02,25.212193867235));
#3177 = ( GEOMETRIC_REPRESENTATION_CONTEXT(2) 
PARAMETRIC_REPRESENTATION_CONTEXT() REPRESENTATION_CONTEXT('2D SPACE',''
  ) );
#3178 = ORIENTED_EDGE('',*,*,#3179,.F.);
#3179 = EDGE_CURVE('',#961,#2992,#3180,.T.);
#3180 = SURFACE_CURVE('',#3181,(#3185,#3192),.PCURVE_S1.);
#3181 = LINE('',#3182,#3183);
#3182 = CARTESIAN_POINT('',(12.219618447398,-7.055,5.675));
#3183 = VECTOR('',#3184,1.);
#3184 = DIRECTION('',(0.,0.,1.));
#3185 = PCURVE('',#1314,#3186);
#3186 = DEFINITIONAL_REPRESENTATION('',(#3187),#3191);
#3187 = LINE('',#3188,#3189);
#3188 = CARTESIAN_POINT('',(0.,-0.));
#3189 = VECTOR('',#3190,1.);
#3190 = DIRECTION('',(0.,1.));
#3191 = ( GEOMETRIC_REPRESENTATION_CONTEXT(2) 
PARAMETRIC_REPRESENTATION_CONTEXT() REPRESENTATION_CONTEXT('2D SPACE',''
  ) );
#3192 = PCURVE('',#1100,#3193);
#3193 = DEFINITIONAL_REPRESENTATION('',(#3194),#3198);
#3194 = LINE('',#3195,#3196);
#3195 = CARTESIAN_POINT('',(6.28318530718,-0.));
#3196 = VECTOR('',#3197,1.);
#3197 = DIRECTION('',(0.,1.));
#3198 = ( GEOMETRIC_REPRESENTATION_CONTEXT(2) 
PARAMETRIC_REPRESENTATION_CONTEXT() REPRESENTATION_CONTEXT('2D SPACE',''
  ) );
#3199 = ORIENTED_EDGE('',*,*,#1174,.T.);
#3200 = ADVANCED_FACE('',(#3201),#1100,.T.);
#3201 = FACE_BOUND('',#3202,.T.);
#3202 = EDGE_LOOP('',(#3203,#3204,#3392,#3413));
#3203 = ORIENTED_EDGE('',*,*,#3179,.T.);
#3204 = ORIENTED_EDGE('',*,*,#3205,.F.);
#3205 = EDGE_CURVE('',#3206,#2992,#3208,.T.);
#3206 = VERTEX_POINT('',#3207);
#3207 = CARTESIAN_POINT('',(12.219618447398,-7.055,7.307560155061));
#3208 = SURFACE_CURVE('',#3209,(#3268,#3330),.PCURVE_S1.);
#3209 = B_SPLINE_CURVE_WITH_KNOTS('',8,(#3210,#3211,#3212,#3213,#3214,
    #3215,#3216,#3217,#3218,#3219,#3220,#3221,#3222,#3223,#3224,#3225,
    #3226,#3227,#3228,#3229,#3230,#3231,#3232,#3233,#3234,#3235,#3236,
    #3237,#3238,#3239,#3240,#3241,#3242,#3243,#3244,#3245,#3246,#3247,
    #3248,#3249,#3250,#3251,#3252,#3253,#3254,#3255,#3256,#3257,#3258,
    #3259,#3260,#3261,#3262,#3263,#3264,#3265,#3266,#3267),
  .UNSPECIFIED.,.F.,.F.,(9,7,7,7,7,7,7,7,9),(0.,0.186772587211,
    0.32762306046,0.458875061742,0.606550339252,0.647392081433,
    0.778413235795,0.879801455021,1.),.UNSPECIFIED.);
#3210 = CARTESIAN_POINT('',(12.219618447398,-7.055,7.307560155061));
#3211 = CARTESIAN_POINT('',(12.418306331628,-6.710862489667,
    7.319221028467));
#3212 = CARTESIAN_POINT('',(12.55983418673,-6.332541378281,
    7.330911174738));
#3213 = CARTESIAN_POINT('',(12.636330377329,-5.932494521161,
    7.342587010892));
#3214 = CARTESIAN_POINT('',(12.644840963105,-5.523818468031,
    7.35426685071));
#3215 = CARTESIAN_POINT('',(12.584663404289,-5.119503680394,
    7.365957985821));
#3216 = CARTESIAN_POINT('',(12.458134501698,-4.732350530026,
    7.37765499704));
#3217 = CARTESIAN_POINT('',(12.269841839582,-4.37498415121,
    7.389362601872));
#3218 = CARTESIAN_POINT('',(11.847698436742,-3.82030783538,
    7.409831035439));
#3219 = CARTESIAN_POINT('',(11.63592568444,-3.604582012972,7.41863313931
    ));
#3220 = CARTESIAN_POINT('',(11.397396718691,-3.416412885767,
    7.427426359299));
#3221 = CARTESIAN_POINT('',(11.136400016982,-3.259538257526,
    7.436213823462));
#3222 = CARTESIAN_POINT('',(10.857659967929,-3.136928067226,
    7.445002519475));
#3223 = CARTESIAN_POINT('',(10.566327446023,-3.050726889803,
    7.453798626953));
#3224 = CARTESIAN_POINT('',(10.267932200805,-3.002281822149,
    7.462603528536));
#3225 = CARTESIAN_POINT('',(9.689381776038,-2.981824836938,
    7.479605590356));
#3226 = CARTESIAN_POINT('',(9.408966997035,-3.004815703327,
    7.487815090608));
#3227 = CARTESIAN_POINT('',(9.131987190328,-3.060904444769,
    7.496024070279));
#3228 = CARTESIAN_POINT('',(8.863000859445,-3.149418958803,
    7.504230556209));
#3229 = CARTESIAN_POINT('',(8.606320264726,-3.26900098795,7.512433729215
    ));
#3230 = CARTESIAN_POINT('',(8.366010816928,-3.417684569781,
    7.520634902132));
#3231 = CARTESIAN_POINT('',(8.145844692623,-3.592848190779,
    7.528837139112));
#3232 = CARTESIAN_POINT('',(7.727816841796,-4.014076113606,
    7.546259578405));
#3233 = CARTESIAN_POINT('',(7.535827799577,-4.266636555215,
    7.555493912665));
#3234 = CARTESIAN_POINT('',(7.378145873343,-4.543931255984,7.56472802304
    ));
#3235 = CARTESIAN_POINT('',(7.258299443235,-4.840413180896,
    7.573966658418));
#3236 = CARTESIAN_POINT('',(7.178825722033,-5.150161873456,
    7.583214155684));
#3237 = CARTESIAN_POINT('',(7.141185370971,-5.466912772018,
    7.592458685165));
#3238 = CARTESIAN_POINT('',(7.145832593729,-5.784122006858,
    7.601675976032));
#3239 = CARTESIAN_POINT('',(7.204292247663,-6.180943733848,
    7.613433041584));
#3240 = CARTESIAN_POINT('',(7.220109258739,-6.266454264288,
    7.615980099526));
#3241 = CARTESIAN_POINT('',(7.239056667661,-6.351365142149,
    7.618528690092));
#3242 = CARTESIAN_POINT('',(7.261106945045,-6.43554039019,7.621079726174
    ));
#3243 = CARTESIAN_POINT('',(7.286226507117,-6.518847799415,
    7.623633419938));
#3244 = CARTESIAN_POINT('',(7.314375715711,-6.601158929068,
    7.626189282827));
#3245 = CARTESIAN_POINT('',(7.345508878272,-6.682349106637,
    7.628746125562));
#3246 = CARTESIAN_POINT('',(7.488856658648,-7.018773297295,
    7.639501542753));
#3247 = CARTESIAN_POINT('',(7.628358324453,-7.262552526162,
    7.647702817694));
#3248 = CARTESIAN_POINT('',(7.796273439578,-7.48923498009,7.655881621221
    ));
#3249 = CARTESIAN_POINT('',(7.990075132004,-7.695010044596,
    7.664053103271));
#3250 = CARTESIAN_POINT('',(8.206731959656,-7.876570937528,
    7.672229606119));
#3251 = CARTESIAN_POINT('',(8.442767347691,-8.031077500297,
    7.680413983285));
#3252 = CARTESIAN_POINT('',(8.694222984238,-8.156223189672,
    7.688605146118));
#3253 = CARTESIAN_POINT('',(9.159612725848,-8.323386890118,7.70312817618
    ));
#3254 = CARTESIAN_POINT('',(9.369325870384,-8.377860347844,
    7.709466399382));
#3255 = CARTESIAN_POINT('',(9.583696220128,-8.413135364703,
    7.715803857676));
#3256 = CARTESIAN_POINT('',(9.800663257489,-8.428774471279,7.72213904463
    ));
#3257 = CARTESIAN_POINT('',(10.018150178007,-8.424601860715,
    7.728472091122));
#3258 = CARTESIAN_POINT('',(10.234076427052,-8.40068632121,7.73480409031
    ));
#3259 = CARTESIAN_POINT('',(10.446368947965,-8.357354969435,
    7.741135943215));
#3260 = CARTESIAN_POINT('',(10.897905956039,-8.221596140344,
    7.754972042096));
#3261 = CARTESIAN_POINT('',(11.135000500782,-8.121504137116,
    7.762480639724));
#3262 = CARTESIAN_POINT('',(11.360758749346,-7.995972934987,
    7.769989074738));
#3263 = CARTESIAN_POINT('',(11.572020264811,-7.846556786138,
    7.777499412328));
#3264 = CARTESIAN_POINT('',(11.765927727906,-7.675219248306,
    7.785013813167));
#3265 = CARTESIAN_POINT('',(11.93991362534,-7.484291013588,
    7.792532947806));
#3266 = CARTESIAN_POINT('',(12.091739285356,-7.276493205887,
    7.800055247301));
#3267 = CARTESIAN_POINT('',(12.219618447398,-7.055,7.807573999221));
#3268 = PCURVE('',#1100,#3269);
#3269 = DEFINITIONAL_REPRESENTATION('',(#3270),#3329);
#3270 = B_SPLINE_CURVE_WITH_KNOTS('',8,(#3271,#3272,#3273,#3274,#3275,
    #3276,#3277,#3278,#3279,#3280,#3281,#3282,#3283,#3284,#3285,#3286,
    #3287,#3288,#3289,#3290,#3291,#3292,#3293,#3294,#3295,#3296,#3297,
    #3298,#3299,#3300,#3301,#3302,#3303,#3304,#3305,#3306,#3307,#3308,
    #3309,#3310,#3311,#3312,#3313,#3314,#3315,#3316,#3317,#3318,#3319,
    #3320,#3321,#3322,#3323,#3324,#3325,#3326,#3327,#3328),
  .UNSPECIFIED.,.F.,.F.,(9,7,7,7,7,7,7,7,9),(0.,0.186772587211,
    0.32762306046,0.458875061742,0.606550339252,0.647392081433,
    0.778413235795,0.879801455021,1.),.UNSPECIFIED.);
#3271 = CARTESIAN_POINT('',(0.,1.632560155061));
#3272 = CARTESIAN_POINT('',(0.146633124892,1.644221028467));
#3273 = CARTESIAN_POINT('',(0.293642456569,1.655911174738));
#3274 = CARTESIAN_POINT('',(0.44041159152,1.667587010892));
#3275 = CARTESIAN_POINT('',(0.587067532034,1.67926685071));
#3276 = CARTESIAN_POINT('',(0.733724984323,1.690957985821));
#3277 = CARTESIAN_POINT('',(0.880497048316,1.70265499704));
#3278 = CARTESIAN_POINT('',(1.02751008387,1.714362601872));
#3279 = CARTESIAN_POINT('',(1.284722032266,1.734831035439));
#3280 = CARTESIAN_POINT('',(1.395392921921,1.74363313931));
#3281 = CARTESIAN_POINT('',(1.506012859522,1.752426359299));
#3282 = CARTESIAN_POINT('',(1.61659643016,1.761213823462));
#3283 = CARTESIAN_POINT('',(1.727180143727,1.770002519475));
#3284 = CARTESIAN_POINT('',(1.837800970238,1.778798626953));
#3285 = CARTESIAN_POINT('',(1.948472706045,1.787603528536));
#3286 = CARTESIAN_POINT('',(2.162093363399,1.804605590356));
#3287 = CARTESIAN_POINT('',(2.265203098482,1.812815090608));
#3288 = CARTESIAN_POINT('',(2.368281513389,1.821024070279));
#3289 = CARTESIAN_POINT('',(2.471332665143,1.829230556209));
#3290 = CARTESIAN_POINT('',(2.57438163458,1.837433729215));
#3291 = CARTESIAN_POINT('',(2.677455014343,1.845634902132));
#3292 = CARTESIAN_POINT('',(2.780560944037,1.853837139112));
#3293 = CARTESIAN_POINT('',(2.999545358312,1.871259578405));
#3294 = CARTESIAN_POINT('',(3.115598650176,1.880493912665));
#3295 = CARTESIAN_POINT('',(3.231589093781,1.88972802304));
#3296 = CARTESIAN_POINT('',(3.347534709757,1.898966658418));
#3297 = CARTESIAN_POINT('',(3.4634784336,1.908214155684));
#3298 = CARTESIAN_POINT('',(3.579464467206,1.917458685166));
#3299 = CARTESIAN_POINT('',(3.695515700895,1.926675976032));
#3300 = CARTESIAN_POINT('',(3.843524830827,1.938433041584));
#3301 = CARTESIAN_POINT('',(3.875592106427,1.940980099526));
#3302 = CARTESIAN_POINT('',(3.907659225409,1.943528690092));
#3303 = CARTESIAN_POINT('',(3.939725297365,1.946079726174));
#3304 = CARTESIAN_POINT('',(3.971790164808,1.948633419938));
#3305 = CARTESIAN_POINT('',(4.003854403173,1.951189282827));
#3306 = CARTESIAN_POINT('',(4.035919320818,1.953746125562));
#3307 = CARTESIAN_POINT('',(4.170860606204,1.964501542753));
#3308 = CARTESIAN_POINT('',(4.273795252307,1.972702817694));
#3309 = CARTESIAN_POINT('',(4.376694797218,1.980881621221));
#3310 = CARTESIAN_POINT('',(4.479567222476,1.989053103271));
#3311 = CARTESIAN_POINT('',(4.582440837579,1.997229606119));
#3312 = CARTESIAN_POINT('',(4.685343132712,2.005413983285));
#3313 = CARTESIAN_POINT('',(4.78827945744,2.013605146118));
#3314 = CARTESIAN_POINT('',(4.970752179277,2.02812817618));
#3315 = CARTESIAN_POINT('',(5.050376035176,2.034466399382));
#3316 = CARTESIAN_POINT('',(5.129992599414,2.040803857676));
#3317 = CARTESIAN_POINT('',(5.209598734647,2.04713904463));
#3318 = CARTESIAN_POINT('',(5.289203837746,2.053472091122));
#3319 = CARTESIAN_POINT('',(5.368818058838,2.05980409031));
#3320 = CARTESIAN_POINT('',(5.44844078099,2.066135943215));
#3321 = CARTESIAN_POINT('',(5.622427538853,2.079972042096));
#3322 = CARTESIAN_POINT('',(5.716845769928,2.087480639724));
#3323 = CARTESIAN_POINT('',(5.811241756323,2.094989074738));
#3324 = CARTESIAN_POINT('',(5.905619030697,2.102499412328));
#3325 = CARTESIAN_POINT('',(5.999996324293,2.110013813167));
#3326 = CARTESIAN_POINT('',(6.09439217091,2.117532947806));
#3327 = CARTESIAN_POINT('',(6.188809541834,2.125055247301));
#3328 = CARTESIAN_POINT('',(6.28318530718,2.132573999221));
#3329 = ( GEOMETRIC_REPRESENTATION_CONTEXT(2) 
PARAMETRIC_REPRESENTATION_CONTEXT() REPRESENTATION_CONTEXT('2D SPACE',''
  ) );
#3330 = PCURVE('',#2103,#3331);
#3331 = DEFINITIONAL_REPRESENTATION('',(#3332),#3391);
#3332 = B_SPLINE_CURVE_WITH_KNOTS('',8,(#3333,#3334,#3335,#3336,#3337,
    #3338,#3339,#3340,#3341,#3342,#3343,#3344,#3345,#3346,#3347,#3348,
    #3349,#3350,#3351,#3352,#3353,#3354,#3355,#3356,#3357,#3358,#3359,
    #3360,#3361,#3362,#3363,#3364,#3365,#3366,#3367,#3368,#3369,#3370,
    #3371,#3372,#3373,#3374,#3375,#3376,#3377,#3378,#3379,#3380,#3381,
    #3382,#3383,#3384,#3385,#3386,#3387,#3388,#3389,#3390),
  .UNSPECIFIED.,.F.,.F.,(9,7,7,7,7,7,7,7,9),(0.,0.186772587211,
    0.32762306046,0.458875061742,0.606550339252,0.647392081433,
    0.778413235795,0.879801455021,1.),.UNSPECIFIED.);
#3333 = CARTESIAN_POINT('',(1.15315289047E-02,12.606090351919));
#3334 = CARTESIAN_POINT('',(1.151716739528E-02,12.753178954707));
#3335 = CARTESIAN_POINT('',(1.150082397519E-02,12.900649034465));
#3336 = CARTESIAN_POINT('',(1.149290863881E-02,13.047885579445));
#3337 = CARTESIAN_POINT('',(1.151000210865E-02,13.195014977768));
#3338 = CARTESIAN_POINT('',(1.154997470007E-02,13.342142594808));
#3339 = CARTESIAN_POINT('',(1.158430374604E-02,13.489379891996));
#3340 = CARTESIAN_POINT('',(1.160188174879E-02,13.636856333208));
#3341 = CARTESIAN_POINT('',(1.160259618121E-02,13.894878949335));
#3342 = CARTESIAN_POINT('',(1.15931617637E-02,14.005898616262));
#3343 = CARTESIAN_POINT('',(1.157389727506E-02,14.116868244542));
#3344 = CARTESIAN_POINT('',(1.154855881641E-02,14.227803584595));
#3345 = CARTESIAN_POINT('',(1.152528533689E-02,14.338741419399));
#3346 = CARTESIAN_POINT('',(1.151086099024E-02,14.449716890941));
#3347 = CARTESIAN_POINT('',(1.150617787643E-02,14.560741813768));
#3348 = CARTESIAN_POINT('',(1.151129037321E-02,14.775039156737));
#3349 = CARTESIAN_POINT('',(1.152011867366E-02,14.878473233157));
#3350 = CARTESIAN_POINT('',(1.153337260034E-02,14.981872860155));
#3351 = CARTESIAN_POINT('',(1.154649586885E-02,15.085241890604));
#3352 = CARTESIAN_POINT('',(1.155358484046E-02,15.188607215845));
#3353 = CARTESIAN_POINT('',(1.155255076355E-02,15.291998551332));
#3354 = CARTESIAN_POINT('',(1.154780855297E-02,15.395426686111));
#3355 = CARTESIAN_POINT('',(1.153998847068E-02,15.615105032279));
#3356 = CARTESIAN_POINT('',(1.153716200477E-02,15.731531806675));
#3357 = CARTESIAN_POINT('',(1.154285321427E-02,15.847902042004));
#3358 = CARTESIAN_POINT('',(1.15641576178E-02,15.964230844235));
#3359 = CARTESIAN_POINT('',(1.160392999486E-02,16.080554857451));
#3360 = CARTESIAN_POINT('',(1.163362362301E-02,16.196904879478));
#3361 = CARTESIAN_POINT('',(1.160017967771E-02,16.313309485268));
#3362 = CARTESIAN_POINT('',(1.155980907285E-02,16.461774832583));
#3363 = CARTESIAN_POINT('',(1.15504813788E-02,16.493942195204));
#3364 = CARTESIAN_POINT('',(1.154416378805E-02,16.526109939237));
#3365 = CARTESIAN_POINT('',(1.154290407956E-02,16.558276635732));
#3366 = CARTESIAN_POINT('',(1.154720620481E-02,16.590441760762));
#3367 = CARTESIAN_POINT('',(1.155603028778E-02,16.622605695416));
#3368 = CARTESIAN_POINT('',(1.156679262497E-02,16.654769725803));
#3369 = CARTESIAN_POINT('',(1.160286824054E-02,16.790126254633));
#3370 = CARTESIAN_POINT('',(1.162445594022E-02,16.893376053473));
#3371 = CARTESIAN_POINT('',(1.160535808819E-02,16.996599007238));
#3372 = CARTESIAN_POINT('',(1.157426158573E-02,17.099805362422));
#3373 = CARTESIAN_POINT('',(1.155223612146E-02,17.203017910394));
#3374 = CARTESIAN_POINT('',(1.154166600956E-02,17.306257576753));
#3375 = CARTESIAN_POINT('',(1.153983892543E-02,17.409527710328));
#3376 = CARTESIAN_POINT('',(1.154339166413E-02,17.592584111848));
#3377 = CARTESIAN_POINT('',(1.154726612118E-02,17.672459986384));
#3378 = CARTESIAN_POINT('',(1.155124805017E-02,17.752325540659));
#3379 = CARTESIAN_POINT('',(1.155271817077E-02,17.832178286545));
#3380 = CARTESIAN_POINT('',(1.155026012623E-02,17.912028797016));
#3381 = CARTESIAN_POINT('',(1.154425250848E-02,17.991888465378));
#3382 = CARTESIAN_POINT('',(1.153644781273E-02,18.071757605596));
#3383 = CARTESIAN_POINT('',(1.151916140097E-02,18.246285737308));
#3384 = CARTESIAN_POINT('',(1.150966932961E-02,18.340999647948));
#3385 = CARTESIAN_POINT('',(1.150297480545E-02,18.435693867842));
#3386 = CARTESIAN_POINT('',(1.150266601379E-02,18.530371821324));
#3387 = CARTESIAN_POINT('',(1.151026134207E-02,18.625051182163));
#3388 = CARTESIAN_POINT('',(1.152436767009E-02,18.719749188573));
#3389 = CARTESIAN_POINT('',(1.154150092876E-02,18.814468023846));
#3390 = CARTESIAN_POINT('',(1.155832762022E-02,18.909144080569));
#3391 = ( GEOMETRIC_REPRESENTATION_CONTEXT(2) 
PARAMETRIC_REPRESENTATION_CONTEXT() REPRESENTATION_CONTEXT('2D SPACE',''
  ) );
#3392 = ORIENTED_EDGE('',*,*,#3393,.F.);
#3393 = EDGE_CURVE('',#726,#3206,#3394,.T.);
#3394 = SURFACE_CURVE('',#3395,(#3399,#3406),.PCURVE_S1.);
#3395 = LINE('',#3396,#3397);
#3396 = CARTESIAN_POINT('',(12.219618447398,-7.055,5.675));
#3397 = VECTOR('',#3398,1.);
#3398 = DIRECTION('',(0.,0.,1.));
#3399 = PCURVE('',#1100,#3400);
#3400 = DEFINITIONAL_REPRESENTATION('',(#3401),#3405);
#3401 = LINE('',#3402,#3403);
#3402 = CARTESIAN_POINT('',(0.,-0.));
#3403 = VECTOR('',#3404,1.);
#3404 = DIRECTION('',(0.,1.));
#3405 = ( GEOMETRIC_REPRESENTATION_CONTEXT(2) 
PARAMETRIC_REPRESENTATION_CONTEXT() REPRESENTATION_CONTEXT('2D SPACE',''
  ) );
#3406 = PCURVE('',#879,#3407);
#3407 = DEFINITIONAL_REPRESENTATION('',(#3408),#3412);
#3408 = LINE('',#3409,#3410);
#3409 = CARTESIAN_POINT('',(6.28318530718,-0.));
#3410 = VECTOR('',#3411,1.);
#3411 = DIRECTION('',(0.,1.));
#3412 = ( GEOMETRIC_REPRESENTATION_CONTEXT(2) 
PARAMETRIC_REPRESENTATION_CONTEXT() REPRESENTATION_CONTEXT('2D SPACE',''
  ) );
#3413 = ORIENTED_EDGE('',*,*,#960,.T.);
#3414 = ADVANCED_FACE('',(#3415),#879,.T.);
#3415 = FACE_BOUND('',#3416,.T.);
#3416 = EDGE_LOOP('',(#3417,#3418,#3636,#3662));
#3417 = ORIENTED_EDGE('',*,*,#3393,.T.);
#3418 = ORIENTED_EDGE('',*,*,#3419,.F.);
#3419 = EDGE_CURVE('',#3420,#3206,#3422,.T.);
#3420 = VERTEX_POINT('',#3421);
#3421 = CARTESIAN_POINT('',(12.219618447398,-7.055,6.807568307701));
#3422 = SURFACE_CURVE('',#3423,(#3492,#3564),.PCURVE_S1.);
#3423 = B_SPLINE_CURVE_WITH_KNOTS('',7,(#3424,#3425,#3426,#3427,#3428,
    #3429,#3430,#3431,#3432,#3433,#3434,#3435,#3436,#3437,#3438,#3439,
    #3440,#3441,#3442,#3443,#3444,#3445,#3446,#3447,#3448,#3449,#3450,
    #3451,#3452,#3453,#3454,#3455,#3456,#3457,#3458,#3459,#3460,#3461,
    #3462,#3463,#3464,#3465,#3466,#3467,#3468,#3469,#3470,#3471,#3472,
    #3473,#3474,#3475,#3476,#3477,#3478,#3479,#3480,#3481,#3482,#3483,
    #3484,#3485,#3486,#3487,#3488,#3489,#3490,#3491),.UNSPECIFIED.,.F.,
  .F.,(8,6,6,6,6,6,6,6,6,6,6,8),(0.,0.1085229154,0.223327735303,
    0.321329023012,0.418690056066,0.515656073186,0.617195659637,
    0.701711625982,0.73093746596,0.779942640045,0.891025293808,1.),
  .UNSPECIFIED.);
#3424 = CARTESIAN_POINT('',(12.219618447398,-7.055,6.807568307701));
#3425 = CARTESIAN_POINT('',(12.351592850507,-6.826413628518,
    6.815316109572));
#3426 = CARTESIAN_POINT('',(12.457642410529,-6.582743839153,
    6.823070180667));
#3427 = CARTESIAN_POINT('',(12.535602300056,-6.327665128824,
    6.830825503675));
#3428 = CARTESIAN_POINT('',(12.584107319911,-6.065068426673,
    6.838578924004));
#3429 = CARTESIAN_POINT('',(12.602416880677,-5.798979318791,
    6.846330351184));
#3430 = CARTESIAN_POINT('',(12.59041923507,-5.533511399003,
    6.854080814168));
#3431 = CARTESIAN_POINT('',(12.504802402527,-4.997109848624,
    6.87002234026));
#3432 = CARTESIAN_POINT('',(12.427622183965,-4.726533980321,
    6.878219265818));
#3433 = CARTESIAN_POINT('',(12.318022612785,-4.466136954602,
    6.886413108123));
#3434 = CARTESIAN_POINT('',(12.177718296855,-4.220504158999,
    6.894608776719));
#3435 = CARTESIAN_POINT('',(12.009104957349,-3.993824453554,
    6.90281032229));
#3436 = CARTESIAN_POINT('',(11.815259588307,-3.789896988791,
    6.911018832473));
#3437 = CARTESIAN_POINT('',(11.41644324319,-3.45996831826,6.926232400184
    ));
#3438 = CARTESIAN_POINT('',(11.2171468597,-3.326841861371,6.933241771721
    ));
#3439 = CARTESIAN_POINT('',(11.004602190856,-3.214525243158,
    6.940250534317));
#3440 = CARTESIAN_POINT('',(10.781429629961,-3.124538305278,
    6.947257243033));
#3441 = CARTESIAN_POINT('',(10.550422425081,-3.058007534731,
    6.954261842478));
#3442 = CARTESIAN_POINT('',(10.31452258819,-3.015656214421,
    6.961264152807));
#3443 = CARTESIAN_POINT('',(9.84069969226,-2.979861286797,6.975213827265
    ));
#3444 = CARTESIAN_POINT('',(9.602691202392,-2.986091744961,
    6.982164386118));
#3445 = CARTESIAN_POINT('',(9.365850749462,-3.01664006631,6.989111142377
    ));
#3446 = CARTESIAN_POINT('',(9.133137947168,-3.071242021347,
    6.996055832078));
#3447 = CARTESIAN_POINT('',(8.907428074268,-3.149222515505,
    7.003001637278));
#3448 = CARTESIAN_POINT('',(8.691487764433,-3.249501953213,
    7.009950458646));
#3449 = CARTESIAN_POINT('',(8.285195787583,-3.491021112931,
    7.023821611592));
#3450 = CARTESIAN_POINT('',(8.0946560818,-3.632145161633,7.030746869034)
  );
#3451 = CARTESIAN_POINT('',(7.91890586947,-3.792355566132,7.037673916808
    ));
#3452 = CARTESIAN_POINT('',(7.760188596448,-3.969763164577,
    7.044602788446));
#3453 = CARTESIAN_POINT('',(7.62044972075,-4.162194548573,7.051533541807
    ));
#3454 = CARTESIAN_POINT('',(7.501319799655,-4.36720964845,7.058464891596
    ));
#3455 = CARTESIAN_POINT('',(7.302143056487,-4.807035078206,
    7.072648851785));
#3456 = CARTESIAN_POINT('',(7.224155389722,-5.042903640001,
    7.079904619728));
#3457 = CARTESIAN_POINT('',(7.17151277079,-5.28651246594,7.087156712714)
  );
#3458 = CARTESIAN_POINT('',(7.145058396606,-5.534599256116,
    7.094405652076));
#3459 = CARTESIAN_POINT('',(7.145148249539,-5.783832131278,
    7.101655141214));
#3460 = CARTESIAN_POINT('',(7.171646170675,-6.030841094346,
    7.108908507608));
#3461 = CARTESIAN_POINT('',(7.267200067472,-6.473161721834,
    7.122201221507));
#3462 = CARTESIAN_POINT('',(7.328392004558,-6.670271696822,
    7.128242442315));
#3463 = CARTESIAN_POINT('',(7.40696048061,-6.861630680225,7.1342855584)
  );
#3464 = CARTESIAN_POINT('',(7.502234513545,-7.045417920073,
    7.140330595827));
#3465 = CARTESIAN_POINT('',(7.61332560491,-7.219918876107,7.146375499657
    ));
#3466 = CARTESIAN_POINT('',(7.739132874688,-7.383535461669,
    7.152416289166));
#3467 = CARTESIAN_POINT('',(7.926437523406,-7.587128979763,
    7.160537238681));
#3468 = CARTESIAN_POINT('',(7.976165885739,-7.637969216405,
    7.162623233114));
#3469 = CARTESIAN_POINT('',(8.027441901027,-7.687278573646,7.1647085193)
  );
#3470 = CARTESIAN_POINT('',(8.080209435279,-7.735001203089,
    7.166793143452));
#3471 = CARTESIAN_POINT('',(8.13440919333,-7.781083379215,7.16887723107)
  );
#3472 = CARTESIAN_POINT('',(8.189978718841,-7.82547349938,7.170960986933
    ));
#3473 = CARTESIAN_POINT('',(8.342216783093,-7.939634187706,
    7.176538606036));
#3474 = CARTESIAN_POINT('',(8.441252037885,-8.006253324948,
    7.180032747773));
#3475 = CARTESIAN_POINT('',(8.543653921183,-8.067751764125,
    7.183530514217));
#3476 = CARTESIAN_POINT('',(8.649104456615,-8.123927291615,
    7.187033230952));
#3477 = CARTESIAN_POINT('',(8.757271928929,-8.174603211591,
    7.190540155236));
#3478 = CARTESIAN_POINT('',(8.867810883993,-8.21962834602,7.194048476011
    ));
#3479 = CARTESIAN_POINT('',(9.235488065792,-8.347844140123,
    7.205497917709));
#3480 = CARTESIAN_POINT('',(9.501050794123,-8.407165622191,
    7.213438202807));
#3481 = CARTESIAN_POINT('',(9.772752848433,-8.435303657583,
    7.221360342051));
#3482 = CARTESIAN_POINT('',(10.046215202751,-8.431623490057,
    7.229281825292));
#3483 = CARTESIAN_POINT('',(10.317067094452,-8.396181898096,
    7.237208837634));
#3484 = CARTESIAN_POINT('',(10.580941089144,-8.329729975102,
    7.245142928218));
#3485 = CARTESIAN_POINT('',(11.081409024768,-8.139949386241,
    7.260859672016));
#3486 = CARTESIAN_POINT('',(11.31861500476,-8.017651896002,7.26864823136
    ));
#3487 = CARTESIAN_POINT('',(11.541139048589,-7.868534441827,
    7.276435714193));
#3488 = CARTESIAN_POINT('',(11.745423348777,-7.694776150802,
    7.284219423128));
#3489 = CARTESIAN_POINT('',(11.928312271762,-7.499062179757,
    7.292000700061));
#3490 = CARTESIAN_POINT('',(12.087085950358,-7.284553018528,
    7.299781901867));
#3491 = CARTESIAN_POINT('',(12.219618447398,-7.055,7.307560155061));
#3492 = PCURVE('',#879,#3493);
#3493 = DEFINITIONAL_REPRESENTATION('',(#3494),#3563);
#3494 = B_SPLINE_CURVE_WITH_KNOTS('',7,(#3495,#3496,#3497,#3498,#3499,
    #3500,#3501,#3502,#3503,#3504,#3505,#3506,#3507,#3508,#3509,#3510,
    #3511,#3512,#3513,#3514,#3515,#3516,#3517,#3518,#3519,#3520,#3521,
    #3522,#3523,#3524,#3525,#3526,#3527,#3528,#3529,#3530,#3531,#3532,
    #3533,#3534,#3535,#3536,#3537,#3538,#3539,#3540,#3541,#3542,#3543,
    #3544,#3545,#3546,#3547,#3548,#3549,#3550,#3551,#3552,#3553,#3554,
    #3555,#3556,#3557,#3558,#3559,#3560,#3561,#3562),.UNSPECIFIED.,.F.,
  .F.,(8,6,6,6,6,6,6,6,6,6,6,8),(0.,0.1085229154,0.223327735303,
    0.321329023012,0.418690056066,0.515656073186,0.617195659637,
    0.701711625982,0.73093746596,0.779942640045,0.891025293808,1.),
  .UNSPECIFIED.);
#3495 = CARTESIAN_POINT('',(0.,1.132568307701));
#3496 = CARTESIAN_POINT('',(9.739808347463E-02,1.140316109572));
#3497 = CARTESIAN_POINT('',(0.194832236965,1.148070180667));
#3498 = CARTESIAN_POINT('',(0.292242898088,1.155825503675));
#3499 = CARTESIAN_POINT('',(0.389637180282,1.163578924004));
#3500 = CARTESIAN_POINT('',(0.487045088006,1.171330351184));
#3501 = CARTESIAN_POINT('',(0.584476223825,1.179080814168));
#3502 = CARTESIAN_POINT('',(0.784915844029,1.19502234026));
#3503 = CARTESIAN_POINT('',(0.888000259614,1.203219265818));
#3504 = CARTESIAN_POINT('',(0.991047896063,1.211413108123));
#3505 = CARTESIAN_POINT('',(1.094082008115,1.219608776719));
#3506 = CARTESIAN_POINT('',(1.19712696505,1.22781032229));
#3507 = CARTESIAN_POINT('',(1.300207664599,1.236018832473));
#3508 = CARTESIAN_POINT('',(1.491203135024,1.251232400184));
#3509 = CARTESIAN_POINT('',(1.57918001214,1.258241771721));
#3510 = CARTESIAN_POINT('',(1.667142405289,1.265250534317));
#3511 = CARTESIAN_POINT('',(1.755095678239,1.272257243033));
#3512 = CARTESIAN_POINT('',(1.843058372502,1.279261842478));
#3513 = CARTESIAN_POINT('',(1.931035752816,1.286264152807));
#3514 = CARTESIAN_POINT('',(2.106376356277,1.300213827265));
#3515 = CARTESIAN_POINT('',(2.193779209752,1.307164386118));
#3516 = CARTESIAN_POINT('',(2.281168046875,1.314111142377));
#3517 = CARTESIAN_POINT('',(2.36854769459,1.321055832078));
#3518 = CARTESIAN_POINT('',(2.455936033692,1.328001637278));
#3519 = CARTESIAN_POINT('',(2.543338352602,1.334950458646));
#3520 = CARTESIAN_POINT('',(2.717750543509,1.348821611592));
#3521 = CARTESIAN_POINT('',(2.804797415798,1.355746869034));
#3522 = CARTESIAN_POINT('',(2.89183046881,1.362673916808));
#3523 = CARTESIAN_POINT('',(2.978855119744,1.369602788446));
#3524 = CARTESIAN_POINT('',(3.065889105225,1.376533541807));
#3525 = CARTESIAN_POINT('',(3.15293733769,1.383464891596));
#3526 = CARTESIAN_POINT('',(3.331100704812,1.397648851785));
#3527 = CARTESIAN_POINT('',(3.42225713185,1.404904619728));
#3528 = CARTESIAN_POINT('',(3.513396096384,1.412156712714));
#3529 = CARTESIAN_POINT('',(3.60452427616,1.419405652076));
#3530 = CARTESIAN_POINT('',(3.695663579503,1.426655141214));
#3531 = CARTESIAN_POINT('',(3.786819711178,1.433908507608));
#3532 = CARTESIAN_POINT('',(3.953802783536,1.447201221507));
#3533 = CARTESIAN_POINT('',(4.029664868309,1.453242442315));
#3534 = CARTESIAN_POINT('',(4.105520160516,1.4592855584));
#3535 = CARTESIAN_POINT('',(4.181371198945,1.465330595827));
#3536 = CARTESIAN_POINT('',(4.257226959395,1.471375499657));
#3537 = CARTESIAN_POINT('',(4.333089979821,1.477416289166));
#3538 = CARTESIAN_POINT('',(4.435173603226,1.485537238681));
#3539 = CARTESIAN_POINT('',(4.461403750317,1.487623233114));
#3540 = CARTESIAN_POINT('',(4.487634363,1.4897085193));
#3541 = CARTESIAN_POINT('',(4.513865706115,1.491793143452));
#3542 = CARTESIAN_POINT('',(4.540097708955,1.49387723107));
#3543 = CARTESIAN_POINT('',(4.566329965266,1.495960986933));
#3544 = CARTESIAN_POINT('',(4.636546520592,1.501538606036));
#3545 = CARTESIAN_POINT('',(4.680531267366,1.505032747773));
#3546 = CARTESIAN_POINT('',(4.724516042977,1.508530514217));
#3547 = CARTESIAN_POINT('',(4.768500868791,1.512033230952));
#3548 = CARTESIAN_POINT('',(4.812485718134,1.515540155236));
#3549 = CARTESIAN_POINT('',(4.856470516293,1.519048476011));
#3550 = CARTESIAN_POINT('',(5.000157444902,1.530497917709));
#3551 = CARTESIAN_POINT('',(5.099894196775,1.538438202807));
#3552 = CARTESIAN_POINT('',(5.199599906723,1.546360342051));
#3553 = CARTESIAN_POINT('',(5.299295505098,1.554281825292));
#3554 = CARTESIAN_POINT('',(5.3990030742,1.562208837634));
#3555 = CARTESIAN_POINT('',(5.498741777764,1.570142928218));
#3556 = CARTESIAN_POINT('',(5.696248336221,1.585859672016));
#3557 = CARTESIAN_POINT('',(5.794091570946,1.59364823136));
#3558 = CARTESIAN_POINT('',(5.891910486872,1.601435714193));
#3559 = CARTESIAN_POINT('',(5.989713657875,1.609219423128));
#3560 = CARTESIAN_POINT('',(6.087532321946,1.617000700061));
#3561 = CARTESIAN_POINT('',(6.185375346264,1.624781901867));
#3562 = CARTESIAN_POINT('',(6.28318530718,1.632560155061));
#3563 = ( GEOMETRIC_REPRESENTATION_CONTEXT(2) 
PARAMETRIC_REPRESENTATION_CONTEXT() REPRESENTATION_CONTEXT('2D SPACE',''
  ) );
#3564 = PCURVE('',#2103,#3565);
#3565 = DEFINITIONAL_REPRESENTATION('',(#3566),#3635);
#3566 = B_SPLINE_CURVE_WITH_KNOTS('',7,(#3567,#3568,#3569,#3570,#3571,
    #3572,#3573,#3574,#3575,#3576,#3577,#3578,#3579,#3580,#3581,#3582,
    #3583,#3584,#3585,#3586,#3587,#3588,#3589,#3590,#3591,#3592,#3593,
    #3594,#3595,#3596,#3597,#3598,#3599,#3600,#3601,#3602,#3603,#3604,
    #3605,#3606,#3607,#3608,#3609,#3610,#3611,#3612,#3613,#3614,#3615,
    #3616,#3617,#3618,#3619,#3620,#3621,#3622,#3623,#3624,#3625,#3626,
    #3627,#3628,#3629,#3630,#3631,#3632,#3633,#3634),.UNSPECIFIED.,.F.,
  .F.,(8,6,6,6,6,6,6,6,6,6,6,8),(0.,0.1085229154,0.223327735303,
    0.321329023012,0.418690056066,0.515656073186,0.617195659637,
    0.701711625982,0.73093746596,0.779942640045,0.891025293808,1.),
  .UNSPECIFIED.);
#3567 = CARTESIAN_POINT('',(1.154579072061E-02,6.303054739746));
#3568 = CARTESIAN_POINT('',(1.153861063857E-02,6.400769534922));
#3569 = CARTESIAN_POINT('',(1.153854099818E-02,6.498518580225));
#3570 = CARTESIAN_POINT('',(1.154548265164E-02,6.596239234884));
#3571 = CARTESIAN_POINT('',(1.155206448791E-02,6.693938170032));
#3572 = CARTESIAN_POINT('',(1.155304152527E-02,6.791647290817));
#3573 = CARTESIAN_POINT('',(1.154849650341E-02,6.889379044488));
#3574 = CARTESIAN_POINT('',(1.153275053463E-02,7.090438718736));
#3575 = CARTESIAN_POINT('',(1.15211694679E-02,7.193842935924));
#3576 = CARTESIAN_POINT('',(1.150882344334E-02,7.297213090268));
#3577 = CARTESIAN_POINT('',(1.150167297801E-02,7.400573511582));
#3578 = CARTESIAN_POINT('',(1.150416722947E-02,7.503947230466));
#3579 = CARTESIAN_POINT('',(1.151478800709E-02,7.607357533532));
#3580 = CARTESIAN_POINT('',(1.154305766511E-02,7.798963026668));
#3581 = CARTESIAN_POINT('',(1.155943277697E-02,7.887220624928));
#3582 = CARTESIAN_POINT('',(1.157705097229E-02,7.975462721824));
#3583 = CARTESIAN_POINT('',(1.159222511894E-02,8.063694341632));
#3584 = CARTESIAN_POINT('',(1.160184727444E-02,8.151934372564));
#3585 = CARTESIAN_POINT('',(1.160460010214E-02,8.240188846457));
#3586 = CARTESIAN_POINT('',(1.15978753202E-02,8.416082222559));
#3587 = CARTESIAN_POINT('',(1.158847951728E-02,8.503760882181));
#3588 = CARTESIAN_POINT('',(1.157357900654E-02,8.591426296948));
#3589 = CARTESIAN_POINT('',(1.155580094438E-02,8.679083788957));
#3590 = CARTESIAN_POINT('',(1.153868472853E-02,8.7667511609));
#3591 = CARTESIAN_POINT('',(1.15253083855E-02,8.854432972759));
#3592 = CARTESIAN_POINT('',(1.150815954674E-02,9.029402116863));
#3593 = CARTESIAN_POINT('',(1.150435035351E-02,9.116726564199));
#3594 = CARTESIAN_POINT('',(1.15065034439E-02,9.204035996288));
#3595 = CARTESIAN_POINT('',(1.151397630755E-02,9.291334890494));
#3596 = CARTESIAN_POINT('',(1.152411496035E-02,9.378640710262));
#3597 = CARTESIAN_POINT('',(1.153347770249E-02,9.465958951236));
#3598 = CARTESIAN_POINT('',(1.154772477212E-02,9.644673529925));
#3599 = CARTESIAN_POINT('',(1.155236138944E-02,9.736111234636));
#3600 = CARTESIAN_POINT('',(1.15523573778E-02,9.827531878595));
#3601 = CARTESIAN_POINT('',(1.15473472028E-02,9.918944336092));
#3602 = CARTESIAN_POINT('',(1.15409917337E-02,10.010372208088));
#3603 = CARTESIAN_POINT('',(1.153902099217E-02,10.10182130798));
#3604 = CARTESIAN_POINT('',(1.154616036593E-02,10.269345568676));
#3605 = CARTESIAN_POINT('',(1.155354385319E-02,10.345455235962));
#3606 = CARTESIAN_POINT('',(1.15656746363E-02,10.42155884547));
#3607 = CARTESIAN_POINT('',(1.158249252628E-02,10.497657098424));
#3608 = CARTESIAN_POINT('',(1.159879761001E-02,10.573756863553));
#3609 = CARTESIAN_POINT('',(1.160642915226E-02,10.649859411361));
#3610 = CARTESIAN_POINT('',(1.16019434636E-02,10.752261027338));
#3611 = CARTESIAN_POINT('',(1.159952371563E-02,10.778572496116));
#3612 = CARTESIAN_POINT('',(1.15956676415E-02,10.804884095291));
#3613 = CARTESIAN_POINT('',(1.159041266729E-02,10.831196174186));
#3614 = CARTESIAN_POINT('',(1.158400281643E-02,10.857508780077));
#3615 = CARTESIAN_POINT('',(1.157688870974E-02,10.883821658196));
#3616 = CARTESIAN_POINT('',(1.155771993348E-02,10.954254565376));
#3617 = CARTESIAN_POINT('',(1.154581881919E-02,10.998377256428));
#3618 = CARTESIAN_POINT('',(1.154110686608E-02,11.042500359206));
#3619 = CARTESIAN_POINT('',(1.154641769094E-02,11.086622652105));
#3620 = CARTESIAN_POINT('',(1.156033588382E-02,11.130743657586));
#3621 = CARTESIAN_POINT('',(1.157719700795E-02,11.174863642178));
#3622 = CARTESIAN_POINT('',(1.160950713419E-02,11.318992726143));
#3623 = CARTESIAN_POINT('',(1.161756538656E-02,11.419037736151));
#3624 = CARTESIAN_POINT('',(1.159284757628E-02,11.519060610547));
#3625 = CARTESIAN_POINT('',(1.156706333522E-02,11.619082005894));
#3626 = CARTESIAN_POINT('',(1.155020178788E-02,11.719116926099));
#3627 = CARTESIAN_POINT('',(1.154286110433E-02,11.819181109774));
#3628 = CARTESIAN_POINT('',(1.154018401339E-02,12.017324829046));
#3629 = CARTESIAN_POINT('',(1.154463160468E-02,12.115480178531));
#3630 = CARTESIAN_POINT('',(1.155162923419E-02,12.213605889344));
#3631 = CARTESIAN_POINT('',(1.155423643751E-02,12.311711686405));
#3632 = CARTESIAN_POINT('',(1.15497604123E-02,12.409831450737));
#3633 = CARTESIAN_POINT('',(1.154110858649E-02,12.507976569646));
#3634 = CARTESIAN_POINT('',(1.15315289047E-02,12.606090351919));
#3635 = ( GEOMETRIC_REPRESENTATION_CONTEXT(2) 
PARAMETRIC_REPRESENTATION_CONTEXT() REPRESENTATION_CONTEXT('2D SPACE',''
  ) );
#3636 = ORIENTED_EDGE('',*,*,#3637,.F.);
#3637 = EDGE_CURVE('',#700,#3420,#3638,.T.);
#3638 = SURFACE_CURVE('',#3639,(#3643,#3650),.PCURVE_S1.);
#3639 = LINE('',#3640,#3641);
#3640 = CARTESIAN_POINT('',(12.219618447398,-7.055,5.675));
#3641 = VECTOR('',#3642,1.);
#3642 = DIRECTION('',(0.,0.,1.));
#3643 = PCURVE('',#879,#3644);
#3644 = DEFINITIONAL_REPRESENTATION('',(#3645),#3649);
#3645 = LINE('',#3646,#3647);
#3646 = CARTESIAN_POINT('',(0.,-0.));
#3647 = VECTOR('',#3648,1.);
#3648 = DIRECTION('',(0.,1.));
#3649 = ( GEOMETRIC_REPRESENTATION_CONTEXT(2) 
PARAMETRIC_REPRESENTATION_CONTEXT() REPRESENTATION_CONTEXT('2D SPACE',''
  ) );
#3650 = PCURVE('',#3651,#3656);
#3651 = CYLINDRICAL_SURFACE('',#3652,2.71);
#3652 = AXIS2_PLACEMENT_3D('',#3653,#3654,#3655);
#3653 = CARTESIAN_POINT('',(9.872689603143,-5.7,5.675));
#3654 = DIRECTION('',(0.,0.,1.));
#3655 = DIRECTION('',(0.866025403784,-0.5,0.));
#3656 = DEFINITIONAL_REPRESENTATION('',(#3657),#3661);
#3657 = LINE('',#3658,#3659);
#3658 = CARTESIAN_POINT('',(6.28318530718,-0.));
#3659 = VECTOR('',#3660,1.);
#3660 = DIRECTION('',(0.,1.));
#3661 = ( GEOMETRIC_REPRESENTATION_CONTEXT(2) 
PARAMETRIC_REPRESENTATION_CONTEXT() REPRESENTATION_CONTEXT('2D SPACE',''
  ) );
#3662 = ORIENTED_EDGE('',*,*,#725,.T.);
#3663 = ADVANCED_FACE('',(#3664),#714,.T.);
#3664 = FACE_BOUND('',#3665,.T.);
#3665 = EDGE_LOOP('',(#3666,#3689,#3708,#3709));
#3666 = ORIENTED_EDGE('',*,*,#3667,.F.);
#3667 = EDGE_CURVE('',#3668,#700,#3670,.T.);
#3668 = VERTEX_POINT('',#3669);
#3669 = CARTESIAN_POINT('',(12.219618447398,-7.055,6.307568421935));
#3670 = SURFACE_CURVE('',#3671,(#3675,#3682),.PCURVE_S1.);
#3671 = LINE('',#3672,#3673);
#3672 = CARTESIAN_POINT('',(12.219618447398,-7.055,5.675));
#3673 = VECTOR('',#3674,1.);
#3674 = DIRECTION('',(0.,0.,1.));
#3675 = PCURVE('',#714,#3676);
#3676 = DEFINITIONAL_REPRESENTATION('',(#3677),#3681);
#3677 = LINE('',#3678,#3679);
#3678 = CARTESIAN_POINT('',(9.438892749786E-02,0.825));
#3679 = VECTOR('',#3680,1.);
#3680 = DIRECTION('',(0.,-1.));
#3681 = ( GEOMETRIC_REPRESENTATION_CONTEXT(2) 
PARAMETRIC_REPRESENTATION_CONTEXT() REPRESENTATION_CONTEXT('2D SPACE',''
  ) );
#3682 = PCURVE('',#3651,#3683);
#3683 = DEFINITIONAL_REPRESENTATION('',(#3684),#3688);
#3684 = LINE('',#3685,#3686);
#3685 = CARTESIAN_POINT('',(6.28318530718,-0.));
#3686 = VECTOR('',#3687,1.);
#3687 = DIRECTION('',(0.,1.));
#3688 = ( GEOMETRIC_REPRESENTATION_CONTEXT(2) 
PARAMETRIC_REPRESENTATION_CONTEXT() REPRESENTATION_CONTEXT('2D SPACE',''
  ) );
#3689 = ORIENTED_EDGE('',*,*,#3690,.T.);
#3690 = EDGE_CURVE('',#3668,#2411,#3691,.T.);
#3691 = SURFACE_CURVE('',#3692,(#3695,#3701),.PCURVE_S1.);
#3692 = B_SPLINE_CURVE_WITH_KNOTS('',1,(#3693,#3694),.UNSPECIFIED.,.F.,
  .F.,(2,2),(0.,0.346410161514),.PIECEWISE_BEZIER_KNOTS.);
#3693 = CARTESIAN_POINT('',(12.210958193361,-7.05,6.301794919243));
#3694 = CARTESIAN_POINT('',(12.470765814496,-7.2,6.475));
#3695 = PCURVE('',#714,#3696);
#3696 = DEFINITIONAL_REPRESENTATION('',(#3697),#3700);
#3697 = B_SPLINE_CURVE_WITH_KNOTS('',1,(#3698,#3699),.UNSPECIFIED.,.F.,
  .F.,(2,2),(0.,0.346410161514),.PIECEWISE_BEZIER_KNOTS.);
#3698 = CARTESIAN_POINT('',(0.104388927498,0.198205080757));
#3699 = CARTESIAN_POINT('',(-0.195611072502,2.5E-02));
#3700 = ( GEOMETRIC_REPRESENTATION_CONTEXT(2) 
PARAMETRIC_REPRESENTATION_CONTEXT() REPRESENTATION_CONTEXT('2D SPACE',''
  ) );
#3701 = PCURVE('',#2103,#3702);
#3702 = DEFINITIONAL_REPRESENTATION('',(#3703),#3707);
#3703 = LINE('',#3704,#3705);
#3704 = CARTESIAN_POINT('',(0.,0.));
#3705 = VECTOR('',#3706,1.);
#3706 = DIRECTION('',(1.,0.));
#3707 = ( GEOMETRIC_REPRESENTATION_CONTEXT(2) 
PARAMETRIC_REPRESENTATION_CONTEXT() REPRESENTATION_CONTEXT('2D SPACE',''
  ) );
#3708 = ORIENTED_EDGE('',*,*,#2496,.T.);
#3709 = ORIENTED_EDGE('',*,*,#699,.T.);
#3710 = ADVANCED_FACE('',(#3711),#2103,.F.);
#3711 = FACE_BOUND('',#3712,.F.);
#3712 = EDGE_LOOP('',(#3713,#3920,#3921,#3922,#3923,#3924,#3925,#3926,
    #3927,#3928));
#3713 = ORIENTED_EDGE('',*,*,#3714,.F.);
#3714 = EDGE_CURVE('',#3668,#3420,#3715,.T.);
#3715 = SURFACE_CURVE('',#3716,(#3782,#3851),.PCURVE_S1.);
#3716 = B_SPLINE_CURVE_WITH_KNOTS('',8,(#3717,#3718,#3719,#3720,#3721,
    #3722,#3723,#3724,#3725,#3726,#3727,#3728,#3729,#3730,#3731,#3732,
    #3733,#3734,#3735,#3736,#3737,#3738,#3739,#3740,#3741,#3742,#3743,
    #3744,#3745,#3746,#3747,#3748,#3749,#3750,#3751,#3752,#3753,#3754,
    #3755,#3756,#3757,#3758,#3759,#3760,#3761,#3762,#3763,#3764,#3765,
    #3766,#3767,#3768,#3769,#3770,#3771,#3772,#3773,#3774,#3775,#3776,
    #3777,#3778,#3779,#3780,#3781),.UNSPECIFIED.,.F.,.F.,(9,7,7,7,7,7,7,
    7,7,9),(0.,9.64768950092E-02,0.199826049688,0.350010807538,
    0.46865700105,0.656612790845,0.821675254814,0.860031351326,
    0.927095455237,1.),.UNSPECIFIED.);
#3717 = CARTESIAN_POINT('',(12.219618447398,-7.055,6.307568421935));
#3718 = CARTESIAN_POINT('',(12.322252128507,-6.877233249752,
    6.313595893441));
#3719 = CARTESIAN_POINT('',(12.409517667245,-6.690546705943,
    6.319641583077));
#3720 = CARTESIAN_POINT('',(12.480478173156,-6.496539928408,
    6.325682164712));
#3721 = CARTESIAN_POINT('',(12.534436041298,-6.296884763763,
    6.331712916408));
#3722 = CARTESIAN_POINT('',(12.570900810489,-6.093308112929,
    6.337737112133));
#3723 = CARTESIAN_POINT('',(12.589579511317,-5.887580262999,
    6.343759064763));
#3724 = CARTESIAN_POINT('',(12.590389503876,-5.681508783441,
    6.349780820406));
#3725 = CARTESIAN_POINT('',(12.555394589184,-5.257795165752,
    6.362253125272));
#3726 = CARTESIAN_POINT('',(12.516969328757,-5.040277438693,
    6.368706348349));
#3727 = CARTESIAN_POINT('',(12.4583905415,-4.826666210949,6.375161937618
    ));
#3728 = CARTESIAN_POINT('',(12.380146372706,-4.619134439076,
    6.381619584049));
#3729 = CARTESIAN_POINT('',(12.282987549643,-4.419755757769,
    6.388078833577));
#3730 = CARTESIAN_POINT('',(12.167906177627,-4.230499678752,
    6.394538912254));
#3731 = CARTESIAN_POINT('',(12.036146377971,-4.053212861477,
    6.400998448191));
#3732 = CARTESIAN_POINT('',(11.675775429337,-3.651808099196,
    6.416837742985));
#3733 = CARTESIAN_POINT('',(11.430031167058,-3.442540198652,
    6.426227389058));
#3734 = CARTESIAN_POINT('',(11.156778185528,-3.267330674645,
    6.435607337425));
#3735 = CARTESIAN_POINT('',(10.861654120422,-3.130190862348,
    6.444981436064));
#3736 = CARTESIAN_POINT('',(10.550736993934,-3.03410424797,
    6.454359520635));
#3737 = CARTESIAN_POINT('',(10.230533604617,-2.980924115991,
    6.463747952875));
#3738 = CARTESIAN_POINT('',(9.907907369189,-2.971453265683,
    6.473147509641));
#3739 = CARTESIAN_POINT('',(9.339043447125,-3.031096223477,
    6.489959961825));
#3740 = CARTESIAN_POINT('',(9.090673236791,-3.084158704649,
    6.497384943493));
#3741 = CARTESIAN_POINT('',(8.848478942584,-3.163634620918,
    6.504808853791));
#3742 = CARTESIAN_POINT('',(8.615732630773,-3.268631837101,
    6.512229798087));
#3743 = CARTESIAN_POINT('',(8.395496085887,-3.397817325831,
    6.519647228242));
#3744 = CARTESIAN_POINT('',(8.190622470944,-3.549461447605,
    6.527061696186));
#3745 = CARTESIAN_POINT('',(8.003725381938,-3.721415135802,
    6.534474055719));
#3746 = CARTESIAN_POINT('',(7.573089665641,-4.211421838707,
    6.553614924805));
#3747 = CARTESIAN_POINT('',(7.359049639359,-4.557139288593,
    6.565374109284));
#3748 = CARTESIAN_POINT('',(7.205368201004,-4.937283782936,
    6.577111953769));
#3749 = CARTESIAN_POINT('',(7.117569426008,-5.339332216715,6.58884791021
    ));
#3750 = CARTESIAN_POINT('',(7.098921142436,-5.750431294878,
    6.600599870898));
#3751 = CARTESIAN_POINT('',(7.149577227754,-6.157312879425,
    6.612365270043));
#3752 = CARTESIAN_POINT('',(7.267397818726,-6.546456701067,
    6.624146233564));
#3753 = CARTESIAN_POINT('',(7.601298559876,-7.219285745868,
    6.646207385737));
#3754 = CARTESIAN_POINT('',(7.804249709537,-7.51122736829,6.656534274312
    ));
#3755 = CARTESIAN_POINT('',(8.049894732927,-7.771582485642,
    6.666847613023));
#3756 = CARTESIAN_POINT('',(8.332222773486,-7.993365367947,
    6.677154977926));
#3757 = CARTESIAN_POINT('',(8.644302421337,-8.170847042555,
    6.687471172224));
#3758 = CARTESIAN_POINT('',(8.978210306485,-8.299786181677,
    6.697812991553));
#3759 = CARTESIAN_POINT('',(9.325216742949,-8.377259589266,
    6.708156375246));
#3760 = CARTESIAN_POINT('',(9.75688583173,-8.408754291006,6.720865795769
    ));
#3761 = CARTESIAN_POINT('',(9.838480583588,-8.411891609854,
    6.723261353513));
#3762 = CARTESIAN_POINT('',(9.92016625216,-8.412219433998,6.725655921027
    ));
#3763 = CARTESIAN_POINT('',(10.001832255284,-8.409734976508,
    6.728049520474));
#3764 = CARTESIAN_POINT('',(10.083366816818,-8.404440914654,
    6.730442287518));
#3765 = CARTESIAN_POINT('',(10.164656966646,-8.396345389902,
    6.732834471319));
#3766 = CARTESIAN_POINT('',(10.245588540673,-8.385462007919,
    6.735226434535));
#3767 = CARTESIAN_POINT('',(10.466723153476,-8.347939565333,
    6.741801352397));
#3768 = CARTESIAN_POINT('',(10.605965304462,-8.315603886684,
    6.745983108622));
#3769 = CARTESIAN_POINT('',(10.743172213616,-8.274904571255,
    6.750179682372));
#3770 = CARTESIAN_POINT('',(10.877761049795,-8.225993273703,
    6.754382142056));
#3771 = CARTESIAN_POINT('',(11.009164381409,-8.169068890967,
    6.758580344991));
#3772 = CARTESIAN_POINT('',(11.136830591867,-8.104376669181,
    6.762773331923));
#3773 = CARTESIAN_POINT('',(11.260226899924,-8.032209061237,
    6.766966635188));
#3774 = CARTESIAN_POINT('',(11.50779321484,-7.86670151183,6.775711250459
    ));
#3775 = CARTESIAN_POINT('',(11.631109480765,-7.77205505562,
    6.780263513662));
#3776 = CARTESIAN_POINT('',(11.748138307946,-7.669404922056,
    6.784813605993));
#3777 = CARTESIAN_POINT('',(11.858276853985,-7.559242499482,
    6.789362797936));
#3778 = CARTESIAN_POINT('',(11.960971558467,-7.44210885241,
    6.793912406364));
#3779 = CARTESIAN_POINT('',(12.055718098193,-7.318591984119,
    6.798463235789));
#3780 = CARTESIAN_POINT('',(12.142064648031,-7.189327118338,
    6.803015369087));
#3781 = CARTESIAN_POINT('',(12.219618447398,-7.055,6.807568307701));
#3782 = PCURVE('',#2103,#3783);
#3783 = DEFINITIONAL_REPRESENTATION('',(#3784),#3850);
#3784 = B_SPLINE_CURVE_WITH_KNOTS('',8,(#3785,#3786,#3787,#3788,#3789,
    #3790,#3791,#3792,#3793,#3794,#3795,#3796,#3797,#3798,#3799,#3800,
    #3801,#3802,#3803,#3804,#3805,#3806,#3807,#3808,#3809,#3810,#3811,
    #3812,#3813,#3814,#3815,#3816,#3817,#3818,#3819,#3820,#3821,#3822,
    #3823,#3824,#3825,#3826,#3827,#3828,#3829,#3830,#3831,#3832,#3833,
    #3834,#3835,#3836,#3837,#3838,#3839,#3840,#3841,#3842,#3843,#3844,
    #3845,#3846,#3847,#3848,#3849),.UNSPECIFIED.,.F.,.F.,(9,7,7,7,7,7,7,
    7,7,9),(0.,9.64768950092E-02,0.199826049688,0.350010807538,
    0.46865700105,0.656612790845,0.821675254814,0.860031351326,
    0.927095455237,1.),.UNSPECIFIED.);
#3785 = CARTESIAN_POINT('',(1.154700538379E-02,0.));
#3786 = CARTESIAN_POINT('',(1.154693564661E-02,7.59838796996E-02));
#3787 = CARTESIAN_POINT('',(1.158207111329E-02,0.151975145971));
#3788 = CARTESIAN_POINT('',(1.160818554148E-02,0.227958692557));
#3789 = CARTESIAN_POINT('',(1.161545653241E-02,0.303937014013));
#3790 = CARTESIAN_POINT('',(1.16089159321E-02,0.379919725455));
#3791 = CARTESIAN_POINT('',(1.159602782895E-02,0.455914178497));
#3792 = CARTESIAN_POINT('',(1.158139414776E-02,0.531917173376));
#3793 = CARTESIAN_POINT('',(1.155486931181E-02,0.689311336937));
#3794 = CARTESIAN_POINT('',(1.154304035184E-02,0.770735824258));
#3795 = CARTESIAN_POINT('',(1.153739735678E-02,0.852151181609));
#3796 = CARTESIAN_POINT('',(1.153796328541E-02,0.933553359637));
#3797 = CARTESIAN_POINT('',(1.154227101125E-02,1.014952172634));
#3798 = CARTESIAN_POINT('',(1.15470211464E-02,1.096358650394));
#3799 = CARTESIAN_POINT('',(1.154961433704E-02,1.177771876549));
#3800 = CARTESIAN_POINT('',(1.154947620722E-02,1.377444496624));
#3801 = CARTESIAN_POINT('',(1.154365038001E-02,1.495848024856));
#3802 = CARTESIAN_POINT('',(1.152968340017E-02,1.614180587279));
#3803 = CARTESIAN_POINT('',(1.15110988138E-02,1.732468485707));
#3804 = CARTESIAN_POINT('',(1.14998443662E-02,1.850760417354));
#3805 = CARTESIAN_POINT('',(1.150138042437E-02,1.969102176476));
#3806 = CARTESIAN_POINT('',(1.151368007649E-02,2.087516341354));
#3807 = CARTESIAN_POINT('',(1.154570312649E-02,2.299253867992));
#3808 = CARTESIAN_POINT('',(1.156333531732E-02,2.392742765357));
#3809 = CARTESIAN_POINT('',(1.158196034943E-02,2.486211910159));
#3810 = CARTESIAN_POINT('',(1.1597688195E-02,2.579661936631));
#3811 = CARTESIAN_POINT('',(1.160681052524E-02,2.673109305232));
#3812 = CARTESIAN_POINT('',(1.160760591987E-02,2.766571818942));
#3813 = CARTESIAN_POINT('',(1.160111860314E-02,2.860053654286));
#3814 = CARTESIAN_POINT('',(1.157146755106E-02,3.101532239875));
#3815 = CARTESIAN_POINT('',(1.154070123401E-02,3.249963591318));
#3816 = CARTESIAN_POINT('',(1.150677831805E-02,3.398145795234));
#3817 = CARTESIAN_POINT('',(1.148700792259E-02,3.546214959545));
#3818 = CARTESIAN_POINT('',(1.150023872198E-02,3.694277845813));
#3819 = CARTESIAN_POINT('',(1.152370877863E-02,3.842445617214));
#3820 = CARTESIAN_POINT('',(1.154007596562E-02,3.990854408233));
#3821 = CARTESIAN_POINT('',(1.155281299671E-02,4.268879194544));
#3822 = CARTESIAN_POINT('',(1.155139258373E-02,4.399069956794));
#3823 = CARTESIAN_POINT('',(1.154065888768E-02,4.529148636708));
#3824 = CARTESIAN_POINT('',(1.152765349169E-02,4.659166333159));
#3825 = CARTESIAN_POINT('',(1.15303720679E-02,4.789196182476));
#3826 = CARTESIAN_POINT('',(1.157349671737E-02,4.919294268642));
#3827 = CARTESIAN_POINT('',(1.160304143636E-02,5.049497514923));
#3828 = CARTESIAN_POINT('',(1.160384495663E-02,5.209708407662));
#3829 = CARTESIAN_POINT('',(1.160254324371E-02,5.239915204716));
#3830 = CARTESIAN_POINT('',(1.159938027314E-02,5.270121255035));
#3831 = CARTESIAN_POINT('',(1.159425254204E-02,5.30032749358));
#3832 = CARTESIAN_POINT('',(1.158736107971E-02,5.330534367636));
#3833 = CARTESIAN_POINT('',(1.157921144753E-02,5.360741836814));
#3834 = CARTESIAN_POINT('',(1.157061373902E-02,5.390949373052));
#3835 = CARTESIAN_POINT('',(1.154881526449E-02,5.473970973369));
#3836 = CARTESIAN_POINT('',(1.153244852288E-02,5.526790045053));
#3837 = CARTESIAN_POINT('',(1.154590156284E-02,5.579607985973));
#3838 = CARTESIAN_POINT('',(1.157176033513E-02,5.632421762886));
#3839 = CARTESIAN_POINT('',(1.158949648054E-02,5.685232868298));
#3840 = CARTESIAN_POINT('',(1.159646650869E-02,5.738046017835));
#3841 = CARTESIAN_POINT('',(1.160329120843E-02,5.790864175703));
#3842 = CARTESIAN_POINT('',(1.160396759514E-02,5.901095227447));
#3843 = CARTESIAN_POINT('',(1.159849238534E-02,5.958515595006));
#3844 = CARTESIAN_POINT('',(1.158869758225E-02,6.015936724204));
#3845 = CARTESIAN_POINT('',(1.157699551285E-02,6.073358172341));
#3846 = CARTESIAN_POINT('',(1.156573605495E-02,6.13078122669));
#3847 = CARTESIAN_POINT('',(1.155656068308E-02,6.188206800078));
#3848 = CARTESIAN_POINT('',(1.155007741449E-02,6.245633336057));
#3849 = CARTESIAN_POINT('',(1.154585665561E-02,6.303054723666));
#3850 = ( GEOMETRIC_REPRESENTATION_CONTEXT(2) 
PARAMETRIC_REPRESENTATION_CONTEXT() REPRESENTATION_CONTEXT('2D SPACE',''
  ) );
#3851 = PCURVE('',#3651,#3852);
#3852 = DEFINITIONAL_REPRESENTATION('',(#3853),#3919);
#3853 = B_SPLINE_CURVE_WITH_KNOTS('',8,(#3854,#3855,#3856,#3857,#3858,
    #3859,#3860,#3861,#3862,#3863,#3864,#3865,#3866,#3867,#3868,#3869,
    #3870,#3871,#3872,#3873,#3874,#3875,#3876,#3877,#3878,#3879,#3880,
    #3881,#3882,#3883,#3884,#3885,#3886,#3887,#3888,#3889,#3890,#3891,
    #3892,#3893,#3894,#3895,#3896,#3897,#3898,#3899,#3900,#3901,#3902,
    #3903,#3904,#3905,#3906,#3907,#3908,#3909,#3910,#3911,#3912,#3913,
    #3914,#3915,#3916,#3917,#3918),.UNSPECIFIED.,.F.,.F.,(9,7,7,7,7,7,7,
    7,7,9),(0.,9.64768950092E-02,0.199826049688,0.350010807538,
    0.46865700105,0.656612790845,0.821675254814,0.860031351326,
    0.927095455237,1.),.UNSPECIFIED.);
#3854 = CARTESIAN_POINT('',(0.,0.632568421935));
#3855 = CARTESIAN_POINT('',(7.574441410244E-02,0.638595893441));
#3856 = CARTESIAN_POINT('',(0.15150355073,0.644641583077));
#3857 = CARTESIAN_POINT('',(0.227256937976,0.650682164712));
#3858 = CARTESIAN_POINT('',(0.303002543816,0.656712916408));
#3859 = CARTESIAN_POINT('',(0.378747727132,0.662737112133));
#3860 = CARTESIAN_POINT('',(0.454500101,0.668759064763));
#3861 = CARTESIAN_POINT('',(0.530258308261,0.674780820406));
#3862 = CARTESIAN_POINT('',(0.687142549391,0.687253125272));
#3863 = CARTESIAN_POINT('',(0.768301641775,0.693706348349));
#3864 = CARTESIAN_POINT('',(0.849451975679,0.700161937618));
#3865 = CARTESIAN_POINT('',(0.930591503839,0.706619584049));
#3866 = CARTESIAN_POINT('',(1.011731119735,0.713078833577));
#3867 = CARTESIAN_POINT('',(1.092881737685,0.719538912254));
#3868 = CARTESIAN_POINT('',(1.174041475907,0.725998448191));
#3869 = CARTESIAN_POINT('',(1.373095968046,0.741837742985));
#3870 = CARTESIAN_POINT('',(1.491135989256,0.751227389058));
#3871 = CARTESIAN_POINT('',(1.609105217332,0.760607337425));
#3872 = CARTESIAN_POINT('',(1.727025759574,0.769981436064));
#3873 = CARTESIAN_POINT('',(1.844944710531,0.779359520635));
#3874 = CARTESIAN_POINT('',(1.96291009671,0.788747952875));
#3875 = CARTESIAN_POINT('',(2.080946722095,0.798147509641));
#3876 = CARTESIAN_POINT('',(2.292010202315,0.814959961825));
#3877 = CARTESIAN_POINT('',(2.385201847896,0.822384943493));
#3878 = CARTESIAN_POINT('',(2.478374890485,0.829808853791));
#3879 = CARTESIAN_POINT('',(2.571530388456,0.837229798087));
#3880 = CARTESIAN_POINT('',(2.664684387933,0.844647228242));
#3881 = CARTESIAN_POINT('',(2.757853772203,0.852061696186));
#3882 = CARTESIAN_POINT('',(2.85104190782,0.859474055719));
#3883 = CARTESIAN_POINT('',(3.091759532325,0.878614924805));
#3884 = CARTESIAN_POINT('',(3.23972089617,0.890374109284));
#3885 = CARTESIAN_POINT('',(3.387430235358,0.902111953769));
#3886 = CARTESIAN_POINT('',(3.535023677822,0.91384791021));
#3887 = CARTESIAN_POINT('',(3.682615224564,0.925599870898));
#3888 = CARTESIAN_POINT('',(3.830322181432,0.937365270043));
#3889 = CARTESIAN_POINT('',(3.978274528743,0.949146233564));
#3890 = CARTESIAN_POINT('',(4.255442391731,0.971207385737));
#3891 = CARTESIAN_POINT('',(4.385231140237,0.981534274312));
#3892 = CARTESIAN_POINT('',(4.514902935317,0.991847613023));
#3893 = CARTESIAN_POINT('',(4.644504468984,1.002154977926));
#3894 = CARTESIAN_POINT('',(4.774104777538,1.012471172224));
#3895 = CARTESIAN_POINT('',(4.903773379986,1.022812991553));
#3896 = CARTESIAN_POINT('',(5.033560317447,1.033156375246));
#3897 = CARTESIAN_POINT('',(5.193271201255,1.045865795769));
#3898 = CARTESIAN_POINT('',(5.22338426341,1.048261353513));
#3899 = CARTESIAN_POINT('',(5.253497082424,1.050655921027));
#3900 = CARTESIAN_POINT('',(5.283610502471,1.053049520474));
#3901 = CARTESIAN_POINT('',(5.313724831197,1.055442287518));
#3902 = CARTESIAN_POINT('',(5.343839839724,1.057834471319));
#3903 = CARTESIAN_POINT('',(5.37395476265,1.060226434535));
#3904 = CARTESIAN_POINT('',(5.456720612828,1.066801352397));
#3905 = CARTESIAN_POINT('',(5.509373488441,1.070983108622));
#3906 = CARTESIAN_POINT('',(5.562024730637,1.075179682372));
#3907 = CARTESIAN_POINT('',(5.61467521388,1.079382142056));
#3908 = CARTESIAN_POINT('',(5.667326645072,1.083580344991));
#3909 = CARTESIAN_POINT('',(5.719979888979,1.087773331923));
#3910 = CARTESIAN_POINT('',(5.77263385536,1.091966635188));
#3911 = CARTESIAN_POINT('',(5.882521288893,1.100711250459));
#3912 = CARTESIAN_POINT('',(5.939760734304,1.105263513662));
#3913 = CARTESIAN_POINT('',(5.996998716896,1.109813605993));
#3914 = CARTESIAN_POINT('',(6.054235049958,1.114362797936));
#3915 = CARTESIAN_POINT('',(6.111471652996,1.118912406364));
#3916 = CARTESIAN_POINT('',(6.16871024879,1.123463235789));
#3917 = CARTESIAN_POINT('',(6.225950031688,1.128015369087));
#3918 = CARTESIAN_POINT('',(6.28318530718,1.132568307701));
#3919 = ( GEOMETRIC_REPRESENTATION_CONTEXT(2) 
PARAMETRIC_REPRESENTATION_CONTEXT() REPRESENTATION_CONTEXT('2D SPACE',''
  ) );
#3920 = ORIENTED_EDGE('',*,*,#3690,.T.);
#3921 = ORIENTED_EDGE('',*,*,#2410,.T.);
#3922 = ORIENTED_EDGE('',*,*,#2331,.F.);
#3923 = ORIENTED_EDGE('',*,*,#1963,.F.);
#3924 = ORIENTED_EDGE('',*,*,#2521,.F.);
#3925 = ORIENTED_EDGE('',*,*,#2756,.F.);
#3926 = ORIENTED_EDGE('',*,*,#2991,.F.);
#3927 = ORIENTED_EDGE('',*,*,#3205,.F.);
#3928 = ORIENTED_EDGE('',*,*,#3419,.F.);
#3929 = ADVANCED_FACE('',(#3930,#4168,#4284,#4400,#4516,#4632,#4748,
    #4864,#4980,#5096,#5212,#5328),#2392,.T.);
#3930 = FACE_BOUND('',#3931,.T.);
#3931 = EDGE_LOOP('',(#3932,#3963,#3991,#4020,#4043,#4070,#4071,#4095,
    #4123,#4145,#4166,#4167));
#3932 = ORIENTED_EDGE('',*,*,#3933,.F.);
#3933 = EDGE_CURVE('',#3934,#3936,#3938,.T.);
#3934 = VERTEX_POINT('',#3935);
#3935 = CARTESIAN_POINT('',(12.303932250191,-7.62329383901,10.6));
#3936 = VERTEX_POINT('',#3937);
#3937 = CARTESIAN_POINT('',(12.557368354874,-7.25,10.6));
#3938 = SURFACE_CURVE('',#3939,(#3944,#3951),.PCURVE_S1.);
#3939 = CIRCLE('',#3940,3.1);
#3940 = AXIS2_PLACEMENT_3D('',#3941,#3942,#3943);
#3941 = CARTESIAN_POINT('',(9.872689603143,-5.7,10.6));
#3942 = DIRECTION('',(-0.,0.,1.));
#3943 = DIRECTION('',(0.866025403784,-0.5,0.));
#3944 = PCURVE('',#2392,#3945);
#3945 = DEFINITIONAL_REPRESENTATION('',(#3946),#3950);
#3946 = LINE('',#3947,#3948);
#3947 = CARTESIAN_POINT('',(0.,0.4));
#3948 = VECTOR('',#3949,1.);
#3949 = DIRECTION('',(1.,0.));
#3950 = ( GEOMETRIC_REPRESENTATION_CONTEXT(2) 
PARAMETRIC_REPRESENTATION_CONTEXT() REPRESENTATION_CONTEXT('2D SPACE',''
  ) );
#3951 = PCURVE('',#3952,#3957);
#3952 = PLANE('',#3953);
#3953 = AXIS2_PLACEMENT_3D('',#3954,#3955,#3956);
#3954 = CARTESIAN_POINT('',(12.02925946355,-7.464711431703,10.6));
#3955 = DIRECTION('',(0.,0.,1.));
#3956 = DIRECTION('',(0.866025403784,-0.5,0.));
#3957 = DEFINITIONAL_REPRESENTATION('',(#3958),#3962);
#3958 = CIRCLE('',#3959,3.1);
#3959 = AXIS2_PLACEMENT_2D('',#3960,#3961);
#3960 = CARTESIAN_POINT('',(-2.75,0.45));
#3961 = DIRECTION('',(1.,0.));
#3962 = ( GEOMETRIC_REPRESENTATION_CONTEXT(2) 
PARAMETRIC_REPRESENTATION_CONTEXT() REPRESENTATION_CONTEXT('2D SPACE',''
  ) );
#3963 = ORIENTED_EDGE('',*,*,#3964,.T.);
#3964 = EDGE_CURVE('',#3934,#3965,#3967,.T.);
#3965 = VERTEX_POINT('',#3966);
#3966 = CARTESIAN_POINT('',(12.303932250191,-7.62329383901,12.1));
#3967 = SURFACE_CURVE('',#3968,(#3972,#3979),.PCURVE_S1.);
#3968 = LINE('',#3969,#3970);
#3969 = CARTESIAN_POINT('',(12.303932250191,-7.62329383901,10.2));
#3970 = VECTOR('',#3971,1.);
#3971 = DIRECTION('',(0.,0.,1.));
#3972 = PCURVE('',#2392,#3973);
#3973 = DEFINITIONAL_REPRESENTATION('',(#3974),#3978);
#3974 = LINE('',#3975,#3976);
#3975 = CARTESIAN_POINT('',(6.137509319626,0.));
#3976 = VECTOR('',#3977,1.);
#3977 = DIRECTION('',(0.,1.));
#3978 = ( GEOMETRIC_REPRESENTATION_CONTEXT(2) 
PARAMETRIC_REPRESENTATION_CONTEXT() REPRESENTATION_CONTEXT('2D SPACE',''
  ) );
#3979 = PCURVE('',#3980,#3985);
#3980 = PLANE('',#3981);
#3981 = AXIS2_PLACEMENT_3D('',#3982,#3983,#3984);
#3982 = CARTESIAN_POINT('',(12.02925946355,-7.464711431703,10.6));
#3983 = DIRECTION('',(0.5,0.866025403784,0.));
#3984 = DIRECTION('',(0.,0.,1.));
#3985 = DEFINITIONAL_REPRESENTATION('',(#3986),#3990);
#3986 = LINE('',#3987,#3988);
#3987 = CARTESIAN_POINT('',(-0.4,0.317164814613));
#3988 = VECTOR('',#3989,1.);
#3989 = DIRECTION('',(1.,0.));
#3990 = ( GEOMETRIC_REPRESENTATION_CONTEXT(2) 
PARAMETRIC_REPRESENTATION_CONTEXT() REPRESENTATION_CONTEXT('2D SPACE',''
  ) );
#3991 = ORIENTED_EDGE('',*,*,#3992,.T.);
#3992 = EDGE_CURVE('',#3965,#3993,#3995,.T.);
#3993 = VERTEX_POINT('',#3994);
#3994 = CARTESIAN_POINT('',(12.557368354874,-7.25,12.1));
#3995 = SURFACE_CURVE('',#3996,(#4001,#4008),.PCURVE_S1.);
#3996 = CIRCLE('',#3997,3.1);
#3997 = AXIS2_PLACEMENT_3D('',#3998,#3999,#4000);
#3998 = CARTESIAN_POINT('',(9.872689603143,-5.7,12.1));
#3999 = DIRECTION('',(-0.,0.,1.));
#4000 = DIRECTION('',(0.866025403784,-0.5,0.));
#4001 = PCURVE('',#2392,#4002);
#4002 = DEFINITIONAL_REPRESENTATION('',(#4003),#4007);
#4003 = LINE('',#4004,#4005);
#4004 = CARTESIAN_POINT('',(0.,1.9));
#4005 = VECTOR('',#4006,1.);
#4006 = DIRECTION('',(1.,0.));
#4007 = ( GEOMETRIC_REPRESENTATION_CONTEXT(2) 
PARAMETRIC_REPRESENTATION_CONTEXT() REPRESENTATION_CONTEXT('2D SPACE',''
  ) );
#4008 = PCURVE('',#4009,#4014);
#4009 = PLANE('',#4010);
#4010 = AXIS2_PLACEMENT_3D('',#4011,#4012,#4013);
#4011 = CARTESIAN_POINT('',(12.02925946355,-7.464711431703,12.1));
#4012 = DIRECTION('',(0.,0.,1.));
#4013 = DIRECTION('',(0.866025403784,-0.5,0.));
#4014 = DEFINITIONAL_REPRESENTATION('',(#4015),#4019);
#4015 = CIRCLE('',#4016,3.1);
#4016 = AXIS2_PLACEMENT_2D('',#4017,#4018);
#4017 = CARTESIAN_POINT('',(-2.75,0.45));
#4018 = DIRECTION('',(1.,0.));
#4019 = ( GEOMETRIC_REPRESENTATION_CONTEXT(2) 
PARAMETRIC_REPRESENTATION_CONTEXT() REPRESENTATION_CONTEXT('2D SPACE',''
  ) );
#4020 = ORIENTED_EDGE('',*,*,#4021,.T.);
#4021 = EDGE_CURVE('',#3993,#4022,#4024,.T.);
#4022 = VERTEX_POINT('',#4023);
#4023 = CARTESIAN_POINT('',(12.557368354874,-7.25,12.2));
#4024 = SEAM_CURVE('',#4025,(#4029,#4036),.PCURVE_S1.);
#4025 = LINE('',#4026,#4027);
#4026 = CARTESIAN_POINT('',(12.557368354874,-7.25,10.2));
#4027 = VECTOR('',#4028,1.);
#4028 = DIRECTION('',(0.,0.,1.));
#4029 = PCURVE('',#2392,#4030);
#4030 = DEFINITIONAL_REPRESENTATION('',(#4031),#4035);
#4031 = LINE('',#4032,#4033);
#4032 = CARTESIAN_POINT('',(0.,-0.));
#4033 = VECTOR('',#4034,1.);
#4034 = DIRECTION('',(0.,1.));
#4035 = ( GEOMETRIC_REPRESENTATION_CONTEXT(2) 
PARAMETRIC_REPRESENTATION_CONTEXT() REPRESENTATION_CONTEXT('2D SPACE',''
  ) );
#4036 = PCURVE('',#2392,#4037);
#4037 = DEFINITIONAL_REPRESENTATION('',(#4038),#4042);
#4038 = LINE('',#4039,#4040);
#4039 = CARTESIAN_POINT('',(6.28318530718,-0.));
#4040 = VECTOR('',#4041,1.);
#4041 = DIRECTION('',(0.,1.));
#4042 = ( GEOMETRIC_REPRESENTATION_CONTEXT(2) 
PARAMETRIC_REPRESENTATION_CONTEXT() REPRESENTATION_CONTEXT('2D SPACE',''
  ) );
#4043 = ORIENTED_EDGE('',*,*,#4044,.F.);
#4044 = EDGE_CURVE('',#4022,#4022,#4045,.T.);
#4045 = SURFACE_CURVE('',#4046,(#4051,#4058),.PCURVE_S1.);
#4046 = CIRCLE('',#4047,3.1);
#4047 = AXIS2_PLACEMENT_3D('',#4048,#4049,#4050);
#4048 = CARTESIAN_POINT('',(9.872689603143,-5.7,12.2));
#4049 = DIRECTION('',(-0.,0.,1.));
#4050 = DIRECTION('',(0.866025403784,-0.5,0.));
#4051 = PCURVE('',#2392,#4052);
#4052 = DEFINITIONAL_REPRESENTATION('',(#4053),#4057);
#4053 = LINE('',#4054,#4055);
#4054 = CARTESIAN_POINT('',(0.,2.));
#4055 = VECTOR('',#4056,1.);
#4056 = DIRECTION('',(1.,0.));
#4057 = ( GEOMETRIC_REPRESENTATION_CONTEXT(2) 
PARAMETRIC_REPRESENTATION_CONTEXT() REPRESENTATION_CONTEXT('2D SPACE',''
  ) );
#4058 = PCURVE('',#4059,#4064);
#4059 = PLANE('',#4060);
#4060 = AXIS2_PLACEMENT_3D('',#4061,#4062,#4063);
#4061 = CARTESIAN_POINT('',(9.872689603143,-5.7,12.2));
#4062 = DIRECTION('',(0.,0.,1.));
#4063 = DIRECTION('',(0.866025403784,-0.5,0.));
#4064 = DEFINITIONAL_REPRESENTATION('',(#4065),#4069);
#4065 = CIRCLE('',#4066,3.1);
#4066 = AXIS2_PLACEMENT_2D('',#4067,#4068);
#4067 = CARTESIAN_POINT('',(0.,0.));
#4068 = DIRECTION('',(1.,0.));
#4069 = ( GEOMETRIC_REPRESENTATION_CONTEXT(2) 
PARAMETRIC_REPRESENTATION_CONTEXT() REPRESENTATION_CONTEXT('2D SPACE',''
  ) );
#4070 = ORIENTED_EDGE('',*,*,#4021,.F.);
#4071 = ORIENTED_EDGE('',*,*,#4072,.T.);
#4072 = EDGE_CURVE('',#3993,#4073,#4075,.T.);
#4073 = VERTEX_POINT('',#4074);
#4074 = CARTESIAN_POINT('',(12.753932250191,-6.843870975604,12.1));
#4075 = SURFACE_CURVE('',#4076,(#4081,#4088),.PCURVE_S1.);
#4076 = CIRCLE('',#4077,3.1);
#4077 = AXIS2_PLACEMENT_3D('',#4078,#4079,#4080);
#4078 = CARTESIAN_POINT('',(9.872689603143,-5.7,12.1));
#4079 = DIRECTION('',(-0.,0.,1.));
#4080 = DIRECTION('',(0.866025403784,-0.5,0.));
#4081 = PCURVE('',#2392,#4082);
#4082 = DEFINITIONAL_REPRESENTATION('',(#4083),#4087);
#4083 = LINE('',#4084,#4085);
#4084 = CARTESIAN_POINT('',(0.,1.9));
#4085 = VECTOR('',#4086,1.);
#4086 = DIRECTION('',(1.,0.));
#4087 = ( GEOMETRIC_REPRESENTATION_CONTEXT(2) 
PARAMETRIC_REPRESENTATION_CONTEXT() REPRESENTATION_CONTEXT('2D SPACE',''
  ) );
#4088 = PCURVE('',#4009,#4089);
#4089 = DEFINITIONAL_REPRESENTATION('',(#4090),#4094);
#4090 = CIRCLE('',#4091,3.1);
#4091 = AXIS2_PLACEMENT_2D('',#4092,#4093);
#4092 = CARTESIAN_POINT('',(-2.75,0.45));
#4093 = DIRECTION('',(1.,0.));
#4094 = ( GEOMETRIC_REPRESENTATION_CONTEXT(2) 
PARAMETRIC_REPRESENTATION_CONTEXT() REPRESENTATION_CONTEXT('2D SPACE',''
  ) );
#4095 = ORIENTED_EDGE('',*,*,#4096,.F.);
#4096 = EDGE_CURVE('',#4097,#4073,#4099,.T.);
#4097 = VERTEX_POINT('',#4098);
#4098 = CARTESIAN_POINT('',(12.753932250191,-6.843870975604,10.6));
#4099 = SURFACE_CURVE('',#4100,(#4104,#4111),.PCURVE_S1.);
#4100 = LINE('',#4101,#4102);
#4101 = CARTESIAN_POINT('',(12.753932250191,-6.843870975604,10.2));
#4102 = VECTOR('',#4103,1.);
#4103 = DIRECTION('',(0.,0.,1.));
#4104 = PCURVE('',#2392,#4105);
#4105 = DEFINITIONAL_REPRESENTATION('',(#4106),#4110);
#4106 = LINE('',#4107,#4108);
#4107 = CARTESIAN_POINT('',(0.145675987554,0.));
#4108 = VECTOR('',#4109,1.);
#4109 = DIRECTION('',(0.,1.));
#4110 = ( GEOMETRIC_REPRESENTATION_CONTEXT(2) 
PARAMETRIC_REPRESENTATION_CONTEXT() REPRESENTATION_CONTEXT('2D SPACE',''
  ) );
#4111 = PCURVE('',#4112,#4117);
#4112 = PLANE('',#4113);
#4113 = AXIS2_PLACEMENT_3D('',#4114,#4115,#4116);
#4114 = CARTESIAN_POINT('',(12.47925946355,-6.685288568297,10.6));
#4115 = DIRECTION('',(0.5,0.866025403784,0.));
#4116 = DIRECTION('',(0.,0.,1.));
#4117 = DEFINITIONAL_REPRESENTATION('',(#4118),#4122);
#4118 = LINE('',#4119,#4120);
#4119 = CARTESIAN_POINT('',(-0.4,0.317164814613));
#4120 = VECTOR('',#4121,1.);
#4121 = DIRECTION('',(1.,0.));
#4122 = ( GEOMETRIC_REPRESENTATION_CONTEXT(2) 
PARAMETRIC_REPRESENTATION_CONTEXT() REPRESENTATION_CONTEXT('2D SPACE',''
  ) );
#4123 = ORIENTED_EDGE('',*,*,#4124,.F.);
#4124 = EDGE_CURVE('',#3936,#4097,#4125,.T.);
#4125 = SURFACE_CURVE('',#4126,(#4131,#4138),.PCURVE_S1.);
#4126 = CIRCLE('',#4127,3.1);
#4127 = AXIS2_PLACEMENT_3D('',#4128,#4129,#4130);
#4128 = CARTESIAN_POINT('',(9.872689603143,-5.7,10.6));
#4129 = DIRECTION('',(-0.,0.,1.));
#4130 = DIRECTION('',(0.866025403784,-0.5,0.));
#4131 = PCURVE('',#2392,#4132);
#4132 = DEFINITIONAL_REPRESENTATION('',(#4133),#4137);
#4133 = LINE('',#4134,#4135);
#4134 = CARTESIAN_POINT('',(0.,0.4));
#4135 = VECTOR('',#4136,1.);
#4136 = DIRECTION('',(1.,0.));
#4137 = ( GEOMETRIC_REPRESENTATION_CONTEXT(2) 
PARAMETRIC_REPRESENTATION_CONTEXT() REPRESENTATION_CONTEXT('2D SPACE',''
  ) );
#4138 = PCURVE('',#3952,#4139);
#4139 = DEFINITIONAL_REPRESENTATION('',(#4140),#4144);
#4140 = CIRCLE('',#4141,3.1);
#4141 = AXIS2_PLACEMENT_2D('',#4142,#4143);
#4142 = CARTESIAN_POINT('',(-2.75,0.45));
#4143 = DIRECTION('',(1.,0.));
#4144 = ( GEOMETRIC_REPRESENTATION_CONTEXT(2) 
PARAMETRIC_REPRESENTATION_CONTEXT() REPRESENTATION_CONTEXT('2D SPACE',''
  ) );
#4145 = ORIENTED_EDGE('',*,*,#4146,.F.);
#4146 = EDGE_CURVE('',#2376,#3936,#4147,.T.);
#4147 = SEAM_CURVE('',#4148,(#4152,#4159),.PCURVE_S1.);
#4148 = LINE('',#4149,#4150);
#4149 = CARTESIAN_POINT('',(12.557368354874,-7.25,10.2));
#4150 = VECTOR('',#4151,1.);
#4151 = DIRECTION('',(0.,0.,1.));
#4152 = PCURVE('',#2392,#4153);
#4153 = DEFINITIONAL_REPRESENTATION('',(#4154),#4158);
#4154 = LINE('',#4155,#4156);
#4155 = CARTESIAN_POINT('',(6.28318530718,-0.));
#4156 = VECTOR('',#4157,1.);
#4157 = DIRECTION('',(0.,1.));
#4158 = ( GEOMETRIC_REPRESENTATION_CONTEXT(2) 
PARAMETRIC_REPRESENTATION_CONTEXT() REPRESENTATION_CONTEXT('2D SPACE',''
  ) );
#4159 = PCURVE('',#2392,#4160);
#4160 = DEFINITIONAL_REPRESENTATION('',(#4161),#4165);
#4161 = LINE('',#4162,#4163);
#4162 = CARTESIAN_POINT('',(0.,-0.));
#4163 = VECTOR('',#4164,1.);
#4164 = DIRECTION('',(0.,1.));
#4165 = ( GEOMETRIC_REPRESENTATION_CONTEXT(2) 
PARAMETRIC_REPRESENTATION_CONTEXT() REPRESENTATION_CONTEXT('2D SPACE',''
  ) );
#4166 = ORIENTED_EDGE('',*,*,#2375,.T.);
#4167 = ORIENTED_EDGE('',*,*,#4146,.T.);
#4168 = FACE_BOUND('',#4169,.T.);
#4169 = EDGE_LOOP('',(#4170,#4201,#4229,#4258));
#4170 = ORIENTED_EDGE('',*,*,#4171,.F.);
#4171 = EDGE_CURVE('',#4172,#4174,#4176,.T.);
#4172 = VERTEX_POINT('',#4173);
#4173 = CARTESIAN_POINT('',(12.939854417756,-6.15,10.6));
#4174 = VERTEX_POINT('',#4175);
#4175 = CARTESIAN_POINT('',(12.939854417756,-5.25,10.6));
#4176 = SURFACE_CURVE('',#4177,(#4182,#4189),.PCURVE_S1.);
#4177 = CIRCLE('',#4178,3.1);
#4178 = AXIS2_PLACEMENT_3D('',#4179,#4180,#4181);
#4179 = CARTESIAN_POINT('',(9.872689603143,-5.7,10.6));
#4180 = DIRECTION('',(-0.,0.,1.));
#4181 = DIRECTION('',(0.866025403784,-0.5,0.));
#4182 = PCURVE('',#2392,#4183);
#4183 = DEFINITIONAL_REPRESENTATION('',(#4184),#4188);
#4184 = LINE('',#4185,#4186);
#4185 = CARTESIAN_POINT('',(0.,0.4));
#4186 = VECTOR('',#4187,1.);
#4187 = DIRECTION('',(1.,0.));
#4188 = ( GEOMETRIC_REPRESENTATION_CONTEXT(2) 
PARAMETRIC_REPRESENTATION_CONTEXT() REPRESENTATION_CONTEXT('2D SPACE',''
  ) );
#4189 = PCURVE('',#4190,#4195);
#4190 = PLANE('',#4191);
#4191 = AXIS2_PLACEMENT_3D('',#4192,#4193,#4194);
#4192 = CARTESIAN_POINT('',(12.622689603143,-6.15,10.6));
#4193 = DIRECTION('',(0.,0.,1.));
#4194 = DIRECTION('',(1.,-6.106226635438E-16,0.));
#4195 = DEFINITIONAL_REPRESENTATION('',(#4196),#4200);
#4196 = CIRCLE('',#4197,3.1);
#4197 = AXIS2_PLACEMENT_2D('',#4198,#4199);
#4198 = CARTESIAN_POINT('',(-2.75,0.45));
#4199 = DIRECTION('',(0.866025403784,-0.5));
#4200 = ( GEOMETRIC_REPRESENTATION_CONTEXT(2) 
PARAMETRIC_REPRESENTATION_CONTEXT() REPRESENTATION_CONTEXT('2D SPACE',''
  ) );
#4201 = ORIENTED_EDGE('',*,*,#4202,.T.);
#4202 = EDGE_CURVE('',#4172,#4203,#4205,.T.);
#4203 = VERTEX_POINT('',#4204);
#4204 = CARTESIAN_POINT('',(12.939854417756,-6.15,12.1));
#4205 = SURFACE_CURVE('',#4206,(#4210,#4217),.PCURVE_S1.);
#4206 = LINE('',#4207,#4208);
#4207 = CARTESIAN_POINT('',(12.939854417756,-6.15,10.2));
#4208 = VECTOR('',#4209,1.);
#4209 = DIRECTION('',(0.,0.,1.));
#4210 = PCURVE('',#2392,#4211);
#4211 = DEFINITIONAL_REPRESENTATION('',(#4212),#4216);
#4212 = LINE('',#4213,#4214);
#4213 = CARTESIAN_POINT('',(0.377922788045,0.));
#4214 = VECTOR('',#4215,1.);
#4215 = DIRECTION('',(0.,1.));
#4216 = ( GEOMETRIC_REPRESENTATION_CONTEXT(2) 
PARAMETRIC_REPRESENTATION_CONTEXT() REPRESENTATION_CONTEXT('2D SPACE',''
  ) );
#4217 = PCURVE('',#4218,#4223);
#4218 = PLANE('',#4219);
#4219 = AXIS2_PLACEMENT_3D('',#4220,#4221,#4222);
#4220 = CARTESIAN_POINT('',(12.622689603143,-6.15,10.6));
#4221 = DIRECTION('',(6.106226635438E-16,1.,0.));
#4222 = DIRECTION('',(0.,0.,1.));
#4223 = DEFINITIONAL_REPRESENTATION('',(#4224),#4228);
#4224 = LINE('',#4225,#4226);
#4225 = CARTESIAN_POINT('',(-0.4,0.317164814613));
#4226 = VECTOR('',#4227,1.);
#4227 = DIRECTION('',(1.,0.));
#4228 = ( GEOMETRIC_REPRESENTATION_CONTEXT(2) 
PARAMETRIC_REPRESENTATION_CONTEXT() REPRESENTATION_CONTEXT('2D SPACE',''
  ) );
#4229 = ORIENTED_EDGE('',*,*,#4230,.T.);
#4230 = EDGE_CURVE('',#4203,#4231,#4233,.T.);
#4231 = VERTEX_POINT('',#4232);
#4232 = CARTESIAN_POINT('',(12.939854417756,-5.25,12.1));
#4233 = SURFACE_CURVE('',#4234,(#4239,#4246),.PCURVE_S1.);
#4234 = CIRCLE('',#4235,3.1);
#4235 = AXIS2_PLACEMENT_3D('',#4236,#4237,#4238);
#4236 = CARTESIAN_POINT('',(9.872689603143,-5.7,12.1));
#4237 = DIRECTION('',(-0.,0.,1.));
#4238 = DIRECTION('',(0.866025403784,-0.5,0.));
#4239 = PCURVE('',#2392,#4240);
#4240 = DEFINITIONAL_REPRESENTATION('',(#4241),#4245);
#4241 = LINE('',#4242,#4243);
#4242 = CARTESIAN_POINT('',(0.,1.9));
#4243 = VECTOR('',#4244,1.);
#4244 = DIRECTION('',(1.,0.));
#4245 = ( GEOMETRIC_REPRESENTATION_CONTEXT(2) 
PARAMETRIC_REPRESENTATION_CONTEXT() REPRESENTATION_CONTEXT('2D SPACE',''
  ) );
#4246 = PCURVE('',#4247,#4252);
#4247 = PLANE('',#4248);
#4248 = AXIS2_PLACEMENT_3D('',#4249,#4250,#4251);
#4249 = CARTESIAN_POINT('',(12.622689603143,-6.15,12.1));
#4250 = DIRECTION('',(0.,0.,1.));
#4251 = DIRECTION('',(1.,-6.106226635438E-16,0.));
#4252 = DEFINITIONAL_REPRESENTATION('',(#4253),#4257);
#4253 = CIRCLE('',#4254,3.1);
#4254 = AXIS2_PLACEMENT_2D('',#4255,#4256);
#4255 = CARTESIAN_POINT('',(-2.75,0.45));
#4256 = DIRECTION('',(0.866025403784,-0.5));
#4257 = ( GEOMETRIC_REPRESENTATION_CONTEXT(2) 
PARAMETRIC_REPRESENTATION_CONTEXT() REPRESENTATION_CONTEXT('2D SPACE',''
  ) );
#4258 = ORIENTED_EDGE('',*,*,#4259,.F.);
#4259 = EDGE_CURVE('',#4174,#4231,#4260,.T.);
#4260 = SURFACE_CURVE('',#4261,(#4265,#4272),.PCURVE_S1.);
#4261 = LINE('',#4262,#4263);
#4262 = CARTESIAN_POINT('',(12.939854417756,-5.25,10.2));
#4263 = VECTOR('',#4264,1.);
#4264 = DIRECTION('',(0.,0.,1.));
#4265 = PCURVE('',#2392,#4266);
#4266 = DEFINITIONAL_REPRESENTATION('',(#4267),#4271);
#4267 = LINE('',#4268,#4269);
#4268 = CARTESIAN_POINT('',(0.669274763152,0.));
#4269 = VECTOR('',#4270,1.);
#4270 = DIRECTION('',(0.,1.));
#4271 = ( GEOMETRIC_REPRESENTATION_CONTEXT(2) 
PARAMETRIC_REPRESENTATION_CONTEXT() REPRESENTATION_CONTEXT('2D SPACE',''
  ) );
#4272 = PCURVE('',#4273,#4278);
#4273 = PLANE('',#4274);
#4274 = AXIS2_PLACEMENT_3D('',#4275,#4276,#4277);
#4275 = CARTESIAN_POINT('',(12.622689603143,-5.25,10.6));
#4276 = DIRECTION('',(6.106226635438E-16,1.,0.));
#4277 = DIRECTION('',(0.,0.,1.));
#4278 = DEFINITIONAL_REPRESENTATION('',(#4279),#4283);
#4279 = LINE('',#4280,#4281);
#4280 = CARTESIAN_POINT('',(-0.4,0.317164814613));
#4281 = VECTOR('',#4282,1.);
#4282 = DIRECTION('',(1.,0.));
#4283 = ( GEOMETRIC_REPRESENTATION_CONTEXT(2) 
PARAMETRIC_REPRESENTATION_CONTEXT() REPRESENTATION_CONTEXT('2D SPACE',''
  ) );
#4284 = FACE_BOUND('',#4285,.T.);
#4285 = EDGE_LOOP('',(#4286,#4317,#4345,#4374));
#4286 = ORIENTED_EDGE('',*,*,#4287,.F.);
#4287 = EDGE_CURVE('',#4288,#4290,#4292,.T.);
#4288 = VERTEX_POINT('',#4289);
#4289 = CARTESIAN_POINT('',(12.753932250191,-4.556129024397,10.6));
#4290 = VERTEX_POINT('',#4291);
#4291 = CARTESIAN_POINT('',(12.303932250191,-3.776706160991,10.6));
#4292 = SURFACE_CURVE('',#4293,(#4298,#4305),.PCURVE_S1.);
#4293 = CIRCLE('',#4294,3.1);
#4294 = AXIS2_PLACEMENT_3D('',#4295,#4296,#4297);
#4295 = CARTESIAN_POINT('',(9.872689603143,-5.7,10.6));
#4296 = DIRECTION('',(-0.,0.,1.));
#4297 = DIRECTION('',(0.866025403784,-0.5,0.));
#4298 = PCURVE('',#2392,#4299);
#4299 = DEFINITIONAL_REPRESENTATION('',(#4300),#4304);
#4300 = LINE('',#4301,#4302);
#4301 = CARTESIAN_POINT('',(0.,0.4));
#4302 = VECTOR('',#4303,1.);
#4303 = DIRECTION('',(1.,0.));
#4304 = ( GEOMETRIC_REPRESENTATION_CONTEXT(2) 
PARAMETRIC_REPRESENTATION_CONTEXT() REPRESENTATION_CONTEXT('2D SPACE',''
  ) );
#4305 = PCURVE('',#4306,#4311);
#4306 = PLANE('',#4307);
#4307 = AXIS2_PLACEMENT_3D('',#4308,#4309,#4310);
#4308 = CARTESIAN_POINT('',(12.47925946355,-4.714711431703,10.6));
#4309 = DIRECTION('',(0.,0.,1.));
#4310 = DIRECTION('',(0.866025403784,0.5,0.));
#4311 = DEFINITIONAL_REPRESENTATION('',(#4312),#4316);
#4312 = CIRCLE('',#4313,3.1);
#4313 = AXIS2_PLACEMENT_2D('',#4314,#4315);
#4314 = CARTESIAN_POINT('',(-2.75,0.45));
#4315 = DIRECTION('',(0.5,-0.866025403784));
#4316 = ( GEOMETRIC_REPRESENTATION_CONTEXT(2) 
PARAMETRIC_REPRESENTATION_CONTEXT() REPRESENTATION_CONTEXT('2D SPACE',''
  ) );
#4317 = ORIENTED_EDGE('',*,*,#4318,.T.);
#4318 = EDGE_CURVE('',#4288,#4319,#4321,.T.);
#4319 = VERTEX_POINT('',#4320);
#4320 = CARTESIAN_POINT('',(12.753932250191,-4.556129024397,12.1));
#4321 = SURFACE_CURVE('',#4322,(#4326,#4333),.PCURVE_S1.);
#4322 = LINE('',#4323,#4324);
#4323 = CARTESIAN_POINT('',(12.753932250191,-4.556129024397,10.2));
#4324 = VECTOR('',#4325,1.);
#4325 = DIRECTION('',(0.,0.,1.));
#4326 = PCURVE('',#2392,#4327);
#4327 = DEFINITIONAL_REPRESENTATION('',(#4328),#4332);
#4328 = LINE('',#4329,#4330);
#4329 = CARTESIAN_POINT('',(0.901521563643,0.));
#4330 = VECTOR('',#4331,1.);
#4331 = DIRECTION('',(0.,1.));
#4332 = ( GEOMETRIC_REPRESENTATION_CONTEXT(2) 
PARAMETRIC_REPRESENTATION_CONTEXT() REPRESENTATION_CONTEXT('2D SPACE',''
  ) );
#4333 = PCURVE('',#4334,#4339);
#4334 = PLANE('',#4335);
#4335 = AXIS2_PLACEMENT_3D('',#4336,#4337,#4338);
#4336 = CARTESIAN_POINT('',(12.47925946355,-4.714711431703,10.6));
#4337 = DIRECTION('',(-0.5,0.866025403784,0.));
#4338 = DIRECTION('',(0.,0.,1.));
#4339 = DEFINITIONAL_REPRESENTATION('',(#4340),#4344);
#4340 = LINE('',#4341,#4342);
#4341 = CARTESIAN_POINT('',(-0.4,0.317164814613));
#4342 = VECTOR('',#4343,1.);
#4343 = DIRECTION('',(1.,0.));
#4344 = ( GEOMETRIC_REPRESENTATION_CONTEXT(2) 
PARAMETRIC_REPRESENTATION_CONTEXT() REPRESENTATION_CONTEXT('2D SPACE',''
  ) );
#4345 = ORIENTED_EDGE('',*,*,#4346,.T.);
#4346 = EDGE_CURVE('',#4319,#4347,#4349,.T.);
#4347 = VERTEX_POINT('',#4348);
#4348 = CARTESIAN_POINT('',(12.303932250191,-3.776706160991,12.1));
#4349 = SURFACE_CURVE('',#4350,(#4355,#4362),.PCURVE_S1.);
#4350 = CIRCLE('',#4351,3.1);
#4351 = AXIS2_PLACEMENT_3D('',#4352,#4353,#4354);
#4352 = CARTESIAN_POINT('',(9.872689603143,-5.7,12.1));
#4353 = DIRECTION('',(-0.,0.,1.));
#4354 = DIRECTION('',(0.866025403784,-0.5,0.));
#4355 = PCURVE('',#2392,#4356);
#4356 = DEFINITIONAL_REPRESENTATION('',(#4357),#4361);
#4357 = LINE('',#4358,#4359);
#4358 = CARTESIAN_POINT('',(0.,1.9));
#4359 = VECTOR('',#4360,1.);
#4360 = DIRECTION('',(1.,0.));
#4361 = ( GEOMETRIC_REPRESENTATION_CONTEXT(2) 
PARAMETRIC_REPRESENTATION_CONTEXT() REPRESENTATION_CONTEXT('2D SPACE',''
  ) );
#4362 = PCURVE('',#4363,#4368);
#4363 = PLANE('',#4364);
#4364 = AXIS2_PLACEMENT_3D('',#4365,#4366,#4367);
#4365 = CARTESIAN_POINT('',(12.47925946355,-4.714711431703,12.1));
#4366 = DIRECTION('',(0.,0.,1.));
#4367 = DIRECTION('',(0.866025403784,0.5,0.));
#4368 = DEFINITIONAL_REPRESENTATION('',(#4369),#4373);
#4369 = CIRCLE('',#4370,3.1);
#4370 = AXIS2_PLACEMENT_2D('',#4371,#4372);
#4371 = CARTESIAN_POINT('',(-2.75,0.45));
#4372 = DIRECTION('',(0.5,-0.866025403784));
#4373 = ( GEOMETRIC_REPRESENTATION_CONTEXT(2) 
PARAMETRIC_REPRESENTATION_CONTEXT() REPRESENTATION_CONTEXT('2D SPACE',''
  ) );
#4374 = ORIENTED_EDGE('',*,*,#4375,.F.);
#4375 = EDGE_CURVE('',#4290,#4347,#4376,.T.);
#4376 = SURFACE_CURVE('',#4377,(#4381,#4388),.PCURVE_S1.);
#4377 = LINE('',#4378,#4379);
#4378 = CARTESIAN_POINT('',(12.303932250191,-3.776706160991,10.2));
#4379 = VECTOR('',#4380,1.);
#4380 = DIRECTION('',(0.,0.,1.));
#4381 = PCURVE('',#2392,#4382);
#4382 = DEFINITIONAL_REPRESENTATION('',(#4383),#4387);
#4383 = LINE('',#4384,#4385);
#4384 = CARTESIAN_POINT('',(1.19287353875,0.));
#4385 = VECTOR('',#4386,1.);
#4386 = DIRECTION('',(0.,1.));
#4387 = ( GEOMETRIC_REPRESENTATION_CONTEXT(2) 
PARAMETRIC_REPRESENTATION_CONTEXT() REPRESENTATION_CONTEXT('2D SPACE',''
  ) );
#4388 = PCURVE('',#4389,#4394);
#4389 = PLANE('',#4390);
#4390 = AXIS2_PLACEMENT_3D('',#4391,#4392,#4393);
#4391 = CARTESIAN_POINT('',(12.02925946355,-3.935288568297,10.6));
#4392 = DIRECTION('',(-0.5,0.866025403784,0.));
#4393 = DIRECTION('',(0.,0.,1.));
#4394 = DEFINITIONAL_REPRESENTATION('',(#4395),#4399);
#4395 = LINE('',#4396,#4397);
#4396 = CARTESIAN_POINT('',(-0.4,0.317164814613));
#4397 = VECTOR('',#4398,1.);
#4398 = DIRECTION('',(1.,0.));
#4399 = ( GEOMETRIC_REPRESENTATION_CONTEXT(2) 
PARAMETRIC_REPRESENTATION_CONTEXT() REPRESENTATION_CONTEXT('2D SPACE',''
  ) );
#4400 = FACE_BOUND('',#4401,.T.);
#4401 = EDGE_LOOP('',(#4402,#4433,#4461,#4490));
#4402 = ORIENTED_EDGE('',*,*,#4403,.F.);
#4403 = EDGE_CURVE('',#4404,#4406,#4408,.T.);
#4404 = VERTEX_POINT('',#4405);
#4405 = CARTESIAN_POINT('',(11.795983442152,-3.268757352951,10.6));
#4406 = VERTEX_POINT('',#4407);
#4407 = CARTESIAN_POINT('',(11.016560578746,-2.818757352951,10.6));
#4408 = SURFACE_CURVE('',#4409,(#4414,#4421),.PCURVE_S1.);
#4409 = CIRCLE('',#4410,3.1);
#4410 = AXIS2_PLACEMENT_3D('',#4411,#4412,#4413);
#4411 = CARTESIAN_POINT('',(9.872689603143,-5.7,10.6));
#4412 = DIRECTION('',(-0.,0.,1.));
#4413 = DIRECTION('',(0.866025403784,-0.5,0.));
#4414 = PCURVE('',#2392,#4415);
#4415 = DEFINITIONAL_REPRESENTATION('',(#4416),#4420);
#4416 = LINE('',#4417,#4418);
#4417 = CARTESIAN_POINT('',(0.,0.4));
#4418 = VECTOR('',#4419,1.);
#4419 = DIRECTION('',(1.,0.));
#4420 = ( GEOMETRIC_REPRESENTATION_CONTEXT(2) 
PARAMETRIC_REPRESENTATION_CONTEXT() REPRESENTATION_CONTEXT('2D SPACE',''
  ) );
#4421 = PCURVE('',#4422,#4427);
#4422 = PLANE('',#4423);
#4423 = AXIS2_PLACEMENT_3D('',#4424,#4425,#4426);
#4424 = CARTESIAN_POINT('',(11.637401034846,-3.543430139593,10.6));
#4425 = DIRECTION('',(0.,0.,1.));
#4426 = DIRECTION('',(0.5,0.866025403784,0.));
#4427 = DEFINITIONAL_REPRESENTATION('',(#4428),#4432);
#4428 = CIRCLE('',#4429,3.1);
#4429 = AXIS2_PLACEMENT_2D('',#4430,#4431);
#4430 = CARTESIAN_POINT('',(-2.75,0.45));
#4431 = DIRECTION('',(1.665334536938E-16,-1.));
#4432 = ( GEOMETRIC_REPRESENTATION_CONTEXT(2) 
PARAMETRIC_REPRESENTATION_CONTEXT() REPRESENTATION_CONTEXT('2D SPACE',''
  ) );
#4433 = ORIENTED_EDGE('',*,*,#4434,.T.);
#4434 = EDGE_CURVE('',#4404,#4435,#4437,.T.);
#4435 = VERTEX_POINT('',#4436);
#4436 = CARTESIAN_POINT('',(11.795983442152,-3.268757352951,12.1));
#4437 = SURFACE_CURVE('',#4438,(#4442,#4449),.PCURVE_S1.);
#4438 = LINE('',#4439,#4440);
#4439 = CARTESIAN_POINT('',(11.795983442152,-3.268757352951,10.2));
#4440 = VECTOR('',#4441,1.);
#4441 = DIRECTION('',(0.,0.,1.));
#4442 = PCURVE('',#2392,#4443);
#4443 = DEFINITIONAL_REPRESENTATION('',(#4444),#4448);
#4444 = LINE('',#4445,#4446);
#4445 = CARTESIAN_POINT('',(1.425120339241,0.));
#4446 = VECTOR('',#4447,1.);
#4447 = DIRECTION('',(0.,1.));
#4448 = ( GEOMETRIC_REPRESENTATION_CONTEXT(2) 
PARAMETRIC_REPRESENTATION_CONTEXT() REPRESENTATION_CONTEXT('2D SPACE',''
  ) );
#4449 = PCURVE('',#4450,#4455);
#4450 = PLANE('',#4451);
#4451 = AXIS2_PLACEMENT_3D('',#4452,#4453,#4454);
#4452 = CARTESIAN_POINT('',(11.637401034846,-3.543430139593,10.6));
#4453 = DIRECTION('',(-0.866025403784,0.5,0.));
#4454 = DIRECTION('',(0.,0.,1.));
#4455 = DEFINITIONAL_REPRESENTATION('',(#4456),#4460);
#4456 = LINE('',#4457,#4458);
#4457 = CARTESIAN_POINT('',(-0.4,0.317164814613));
#4458 = VECTOR('',#4459,1.);
#4459 = DIRECTION('',(1.,0.));
#4460 = ( GEOMETRIC_REPRESENTATION_CONTEXT(2) 
PARAMETRIC_REPRESENTATION_CONTEXT() REPRESENTATION_CONTEXT('2D SPACE',''
  ) );
#4461 = ORIENTED_EDGE('',*,*,#4462,.T.);
#4462 = EDGE_CURVE('',#4435,#4463,#4465,.T.);
#4463 = VERTEX_POINT('',#4464);
#4464 = CARTESIAN_POINT('',(11.016560578746,-2.818757352951,12.1));
#4465 = SURFACE_CURVE('',#4466,(#4471,#4478),.PCURVE_S1.);
#4466 = CIRCLE('',#4467,3.1);
#4467 = AXIS2_PLACEMENT_3D('',#4468,#4469,#4470);
#4468 = CARTESIAN_POINT('',(9.872689603143,-5.7,12.1));
#4469 = DIRECTION('',(-0.,0.,1.));
#4470 = DIRECTION('',(0.866025403784,-0.5,0.));
#4471 = PCURVE('',#2392,#4472);
#4472 = DEFINITIONAL_REPRESENTATION('',(#4473),#4477);
#4473 = LINE('',#4474,#4475);
#4474 = CARTESIAN_POINT('',(0.,1.9));
#4475 = VECTOR('',#4476,1.);
#4476 = DIRECTION('',(1.,0.));
#4477 = ( GEOMETRIC_REPRESENTATION_CONTEXT(2) 
PARAMETRIC_REPRESENTATION_CONTEXT() REPRESENTATION_CONTEXT('2D SPACE',''
  ) );
#4478 = PCURVE('',#4479,#4484);
#4479 = PLANE('',#4480);
#4480 = AXIS2_PLACEMENT_3D('',#4481,#4482,#4483);
#4481 = CARTESIAN_POINT('',(11.637401034846,-3.543430139593,12.1));
#4482 = DIRECTION('',(0.,0.,1.));
#4483 = DIRECTION('',(0.5,0.866025403784,0.));
#4484 = DEFINITIONAL_REPRESENTATION('',(#4485),#4489);
#4485 = CIRCLE('',#4486,3.1);
#4486 = AXIS2_PLACEMENT_2D('',#4487,#4488);
#4487 = CARTESIAN_POINT('',(-2.75,0.45));
#4488 = DIRECTION('',(1.665334536938E-16,-1.));
#4489 = ( GEOMETRIC_REPRESENTATION_CONTEXT(2) 
PARAMETRIC_REPRESENTATION_CONTEXT() REPRESENTATION_CONTEXT('2D SPACE',''
  ) );
#4490 = ORIENTED_EDGE('',*,*,#4491,.F.);
#4491 = EDGE_CURVE('',#4406,#4463,#4492,.T.);
#4492 = SURFACE_CURVE('',#4493,(#4497,#4504),.PCURVE_S1.);
#4493 = LINE('',#4494,#4495);
#4494 = CARTESIAN_POINT('',(11.016560578746,-2.818757352951,10.2));
#4495 = VECTOR('',#4496,1.);
#4496 = DIRECTION('',(0.,0.,1.));
#4497 = PCURVE('',#2392,#4498);
#4498 = DEFINITIONAL_REPRESENTATION('',(#4499),#4503);
#4499 = LINE('',#4500,#4501);
#4500 = CARTESIAN_POINT('',(1.716472314348,0.));
#4501 = VECTOR('',#4502,1.);
#4502 = DIRECTION('',(0.,1.));
#4503 = ( GEOMETRIC_REPRESENTATION_CONTEXT(2) 
PARAMETRIC_REPRESENTATION_CONTEXT() REPRESENTATION_CONTEXT('2D SPACE',''
  ) );
#4504 = PCURVE('',#4505,#4510);
#4505 = PLANE('',#4506);
#4506 = AXIS2_PLACEMENT_3D('',#4507,#4508,#4509);
#4507 = CARTESIAN_POINT('',(10.85797817144,-3.093430139593,10.6));
#4508 = DIRECTION('',(-0.866025403784,0.5,0.));
#4509 = DIRECTION('',(0.,0.,1.));
#4510 = DEFINITIONAL_REPRESENTATION('',(#4511),#4515);
#4511 = LINE('',#4512,#4513);
#4512 = CARTESIAN_POINT('',(-0.4,0.317164814613));
#4513 = VECTOR('',#4514,1.);
#4514 = DIRECTION('',(1.,0.));
#4515 = ( GEOMETRIC_REPRESENTATION_CONTEXT(2) 
PARAMETRIC_REPRESENTATION_CONTEXT() REPRESENTATION_CONTEXT('2D SPACE',''
  ) );
#4516 = FACE_BOUND('',#4517,.T.);
#4517 = EDGE_LOOP('',(#4518,#4549,#4577,#4606));
#4518 = ORIENTED_EDGE('',*,*,#4519,.F.);
#4519 = EDGE_CURVE('',#4520,#4522,#4524,.T.);
#4520 = VERTEX_POINT('',#4521);
#4521 = CARTESIAN_POINT('',(10.322689603143,-2.632835185387,10.6));
#4522 = VERTEX_POINT('',#4523);
#4523 = CARTESIAN_POINT('',(9.422689603143,-2.632835185387,10.6));
#4524 = SURFACE_CURVE('',#4525,(#4530,#4537),.PCURVE_S1.);
#4525 = CIRCLE('',#4526,3.1);
#4526 = AXIS2_PLACEMENT_3D('',#4527,#4528,#4529);
#4527 = CARTESIAN_POINT('',(9.872689603143,-5.7,10.6));
#4528 = DIRECTION('',(-0.,0.,1.));
#4529 = DIRECTION('',(0.866025403784,-0.5,0.));
#4530 = PCURVE('',#2392,#4531);
#4531 = DEFINITIONAL_REPRESENTATION('',(#4532),#4536);
#4532 = LINE('',#4533,#4534);
#4533 = CARTESIAN_POINT('',(0.,0.4));
#4534 = VECTOR('',#4535,1.);
#4535 = DIRECTION('',(1.,0.));
#4536 = ( GEOMETRIC_REPRESENTATION_CONTEXT(2) 
PARAMETRIC_REPRESENTATION_CONTEXT() REPRESENTATION_CONTEXT('2D SPACE',''
  ) );
#4537 = PCURVE('',#4538,#4543);
#4538 = PLANE('',#4539);
#4539 = AXIS2_PLACEMENT_3D('',#4540,#4541,#4542);
#4540 = CARTESIAN_POINT('',(10.322689603143,-2.95,10.6));
#4541 = DIRECTION('',(0.,0.,1.));
#4542 = DIRECTION('',(7.771561172376E-16,1.,0.));
#4543 = DEFINITIONAL_REPRESENTATION('',(#4544),#4548);
#4544 = CIRCLE('',#4545,3.1);
#4545 = AXIS2_PLACEMENT_2D('',#4546,#4547);
#4546 = CARTESIAN_POINT('',(-2.75,0.45));
#4547 = DIRECTION('',(-0.5,-0.866025403784));
#4548 = ( GEOMETRIC_REPRESENTATION_CONTEXT(2) 
PARAMETRIC_REPRESENTATION_CONTEXT() REPRESENTATION_CONTEXT('2D SPACE',''
  ) );
#4549 = ORIENTED_EDGE('',*,*,#4550,.T.);
#4550 = EDGE_CURVE('',#4520,#4551,#4553,.T.);
#4551 = VERTEX_POINT('',#4552);
#4552 = CARTESIAN_POINT('',(10.322689603143,-2.632835185387,12.1));
#4553 = SURFACE_CURVE('',#4554,(#4558,#4565),.PCURVE_S1.);
#4554 = LINE('',#4555,#4556);
#4555 = CARTESIAN_POINT('',(10.322689603143,-2.632835185387,10.2));
#4556 = VECTOR('',#4557,1.);
#4557 = DIRECTION('',(0.,0.,1.));
#4558 = PCURVE('',#2392,#4559);
#4559 = DEFINITIONAL_REPRESENTATION('',(#4560),#4564);
#4560 = LINE('',#4561,#4562);
#4561 = CARTESIAN_POINT('',(1.94871911484,0.));
#4562 = VECTOR('',#4563,1.);
#4563 = DIRECTION('',(0.,1.));
#4564 = ( GEOMETRIC_REPRESENTATION_CONTEXT(2) 
PARAMETRIC_REPRESENTATION_CONTEXT() REPRESENTATION_CONTEXT('2D SPACE',''
  ) );
#4565 = PCURVE('',#4566,#4571);
#4566 = PLANE('',#4567);
#4567 = AXIS2_PLACEMENT_3D('',#4568,#4569,#4570);
#4568 = CARTESIAN_POINT('',(10.322689603143,-2.95,10.6));
#4569 = DIRECTION('',(-1.,7.771561172376E-16,0.));
#4570 = DIRECTION('',(0.,0.,1.));
#4571 = DEFINITIONAL_REPRESENTATION('',(#4572),#4576);
#4572 = LINE('',#4573,#4574);
#4573 = CARTESIAN_POINT('',(-0.4,0.317164814613));
#4574 = VECTOR('',#4575,1.);
#4575 = DIRECTION('',(1.,0.));
#4576 = ( GEOMETRIC_REPRESENTATION_CONTEXT(2) 
PARAMETRIC_REPRESENTATION_CONTEXT() REPRESENTATION_CONTEXT('2D SPACE',''
  ) );
#4577 = ORIENTED_EDGE('',*,*,#4578,.T.);
#4578 = EDGE_CURVE('',#4551,#4579,#4581,.T.);
#4579 = VERTEX_POINT('',#4580);
#4580 = CARTESIAN_POINT('',(9.422689603143,-2.632835185387,12.1));
#4581 = SURFACE_CURVE('',#4582,(#4587,#4594),.PCURVE_S1.);
#4582 = CIRCLE('',#4583,3.1);
#4583 = AXIS2_PLACEMENT_3D('',#4584,#4585,#4586);
#4584 = CARTESIAN_POINT('',(9.872689603143,-5.7,12.1));
#4585 = DIRECTION('',(-0.,0.,1.));
#4586 = DIRECTION('',(0.866025403784,-0.5,0.));
#4587 = PCURVE('',#2392,#4588);
#4588 = DEFINITIONAL_REPRESENTATION('',(#4589),#4593);
#4589 = LINE('',#4590,#4591);
#4590 = CARTESIAN_POINT('',(0.,1.9));
#4591 = VECTOR('',#4592,1.);
#4592 = DIRECTION('',(1.,0.));
#4593 = ( GEOMETRIC_REPRESENTATION_CONTEXT(2) 
PARAMETRIC_REPRESENTATION_CONTEXT() REPRESENTATION_CONTEXT('2D SPACE',''
  ) );
#4594 = PCURVE('',#4595,#4600);
#4595 = PLANE('',#4596);
#4596 = AXIS2_PLACEMENT_3D('',#4597,#4598,#4599);
#4597 = CARTESIAN_POINT('',(10.322689603143,-2.95,12.1));
#4598 = DIRECTION('',(0.,0.,1.));
#4599 = DIRECTION('',(7.771561172376E-16,1.,0.));
#4600 = DEFINITIONAL_REPRESENTATION('',(#4601),#4605);
#4601 = CIRCLE('',#4602,3.1);
#4602 = AXIS2_PLACEMENT_2D('',#4603,#4604);
#4603 = CARTESIAN_POINT('',(-2.75,0.45));
#4604 = DIRECTION('',(-0.5,-0.866025403784));
#4605 = ( GEOMETRIC_REPRESENTATION_CONTEXT(2) 
PARAMETRIC_REPRESENTATION_CONTEXT() REPRESENTATION_CONTEXT('2D SPACE',''
  ) );
#4606 = ORIENTED_EDGE('',*,*,#4607,.F.);
#4607 = EDGE_CURVE('',#4522,#4579,#4608,.T.);
#4608 = SURFACE_CURVE('',#4609,(#4613,#4620),.PCURVE_S1.);
#4609 = LINE('',#4610,#4611);
#4610 = CARTESIAN_POINT('',(9.422689603143,-2.632835185387,10.2));
#4611 = VECTOR('',#4612,1.);
#4612 = DIRECTION('',(0.,0.,1.));
#4613 = PCURVE('',#2392,#4614);
#4614 = DEFINITIONAL_REPRESENTATION('',(#4615),#4619);
#4615 = LINE('',#4616,#4617);
#4616 = CARTESIAN_POINT('',(2.240071089947,0.));
#4617 = VECTOR('',#4618,1.);
#4618 = DIRECTION('',(0.,1.));
#4619 = ( GEOMETRIC_REPRESENTATION_CONTEXT(2) 
PARAMETRIC_REPRESENTATION_CONTEXT() REPRESENTATION_CONTEXT('2D SPACE',''
  ) );
#4620 = PCURVE('',#4621,#4626);
#4621 = PLANE('',#4622);
#4622 = AXIS2_PLACEMENT_3D('',#4623,#4624,#4625);
#4623 = CARTESIAN_POINT('',(9.422689603143,-2.95,10.6));
#4624 = DIRECTION('',(-1.,7.771561172376E-16,0.));
#4625 = DIRECTION('',(0.,0.,1.));
#4626 = DEFINITIONAL_REPRESENTATION('',(#4627),#4631);
#4627 = LINE('',#4628,#4629);
#4628 = CARTESIAN_POINT('',(-0.4,0.317164814613));
#4629 = VECTOR('',#4630,1.);
#4630 = DIRECTION('',(1.,0.));
#4631 = ( GEOMETRIC_REPRESENTATION_CONTEXT(2) 
PARAMETRIC_REPRESENTATION_CONTEXT() REPRESENTATION_CONTEXT('2D SPACE',''
  ) );
#4632 = FACE_BOUND('',#4633,.T.);
#4633 = EDGE_LOOP('',(#4634,#4665,#4693,#4722));
#4634 = ORIENTED_EDGE('',*,*,#4635,.F.);
#4635 = EDGE_CURVE('',#4636,#4638,#4640,.T.);
#4636 = VERTEX_POINT('',#4637);
#4637 = CARTESIAN_POINT('',(8.728818627539,-2.818757352951,10.6));
#4638 = VERTEX_POINT('',#4639);
#4639 = CARTESIAN_POINT('',(7.949395764133,-3.268757352951,10.6));
#4640 = SURFACE_CURVE('',#4641,(#4646,#4653),.PCURVE_S1.);
#4641 = CIRCLE('',#4642,3.1);
#4642 = AXIS2_PLACEMENT_3D('',#4643,#4644,#4645);
#4643 = CARTESIAN_POINT('',(9.872689603143,-5.7,10.6));
#4644 = DIRECTION('',(-0.,0.,1.));
#4645 = DIRECTION('',(0.866025403784,-0.5,0.));
#4646 = PCURVE('',#2392,#4647);
#4647 = DEFINITIONAL_REPRESENTATION('',(#4648),#4652);
#4648 = LINE('',#4649,#4650);
#4649 = CARTESIAN_POINT('',(0.,0.4));
#4650 = VECTOR('',#4651,1.);
#4651 = DIRECTION('',(1.,0.));
#4652 = ( GEOMETRIC_REPRESENTATION_CONTEXT(2) 
PARAMETRIC_REPRESENTATION_CONTEXT() REPRESENTATION_CONTEXT('2D SPACE',''
  ) );
#4653 = PCURVE('',#4654,#4659);
#4654 = PLANE('',#4655);
#4655 = AXIS2_PLACEMENT_3D('',#4656,#4657,#4658);
#4656 = CARTESIAN_POINT('',(8.887401034846,-3.093430139593,10.6));
#4657 = DIRECTION('',(0.,0.,1.));
#4658 = DIRECTION('',(-0.5,0.866025403784,0.));
#4659 = DEFINITIONAL_REPRESENTATION('',(#4660),#4664);
#4660 = CIRCLE('',#4661,3.1);
#4661 = AXIS2_PLACEMENT_2D('',#4662,#4663);
#4662 = CARTESIAN_POINT('',(-2.75,0.45));
#4663 = DIRECTION('',(-0.866025403784,-0.5));
#4664 = ( GEOMETRIC_REPRESENTATION_CONTEXT(2) 
PARAMETRIC_REPRESENTATION_CONTEXT() REPRESENTATION_CONTEXT('2D SPACE',''
  ) );
#4665 = ORIENTED_EDGE('',*,*,#4666,.T.);
#4666 = EDGE_CURVE('',#4636,#4667,#4669,.T.);
#4667 = VERTEX_POINT('',#4668);
#4668 = CARTESIAN_POINT('',(8.728818627539,-2.818757352951,12.1));
#4669 = SURFACE_CURVE('',#4670,(#4674,#4681),.PCURVE_S1.);
#4670 = LINE('',#4671,#4672);
#4671 = CARTESIAN_POINT('',(8.728818627539,-2.818757352951,10.2));
#4672 = VECTOR('',#4673,1.);
#4673 = DIRECTION('',(0.,0.,1.));
#4674 = PCURVE('',#2392,#4675);
#4675 = DEFINITIONAL_REPRESENTATION('',(#4676),#4680);
#4676 = LINE('',#4677,#4678);
#4677 = CARTESIAN_POINT('',(2.472317890438,0.));
#4678 = VECTOR('',#4679,1.);
#4679 = DIRECTION('',(0.,1.));
#4680 = ( GEOMETRIC_REPRESENTATION_CONTEXT(2) 
PARAMETRIC_REPRESENTATION_CONTEXT() REPRESENTATION_CONTEXT('2D SPACE',''
  ) );
#4681 = PCURVE('',#4682,#4687);
#4682 = PLANE('',#4683);
#4683 = AXIS2_PLACEMENT_3D('',#4684,#4685,#4686);
#4684 = CARTESIAN_POINT('',(8.887401034846,-3.093430139593,10.6));
#4685 = DIRECTION('',(-0.866025403784,-0.5,0.));
#4686 = DIRECTION('',(0.,0.,1.));
#4687 = DEFINITIONAL_REPRESENTATION('',(#4688),#4692);
#4688 = LINE('',#4689,#4690);
#4689 = CARTESIAN_POINT('',(-0.4,0.317164814613));
#4690 = VECTOR('',#4691,1.);
#4691 = DIRECTION('',(1.,0.));
#4692 = ( GEOMETRIC_REPRESENTATION_CONTEXT(2) 
PARAMETRIC_REPRESENTATION_CONTEXT() REPRESENTATION_CONTEXT('2D SPACE',''
  ) );
#4693 = ORIENTED_EDGE('',*,*,#4694,.T.);
#4694 = EDGE_CURVE('',#4667,#4695,#4697,.T.);
#4695 = VERTEX_POINT('',#4696);
#4696 = CARTESIAN_POINT('',(7.949395764133,-3.268757352951,12.1));
#4697 = SURFACE_CURVE('',#4698,(#4703,#4710),.PCURVE_S1.);
#4698 = CIRCLE('',#4699,3.1);
#4699 = AXIS2_PLACEMENT_3D('',#4700,#4701,#4702);
#4700 = CARTESIAN_POINT('',(9.872689603143,-5.7,12.1));
#4701 = DIRECTION('',(-0.,0.,1.));
#4702 = DIRECTION('',(0.866025403784,-0.5,0.));
#4703 = PCURVE('',#2392,#4704);
#4704 = DEFINITIONAL_REPRESENTATION('',(#4705),#4709);
#4705 = LINE('',#4706,#4707);
#4706 = CARTESIAN_POINT('',(0.,1.9));
#4707 = VECTOR('',#4708,1.);
#4708 = DIRECTION('',(1.,0.));
#4709 = ( GEOMETRIC_REPRESENTATION_CONTEXT(2) 
PARAMETRIC_REPRESENTATION_CONTEXT() REPRESENTATION_CONTEXT('2D SPACE',''
  ) );
#4710 = PCURVE('',#4711,#4716);
#4711 = PLANE('',#4712);
#4712 = AXIS2_PLACEMENT_3D('',#4713,#4714,#4715);
#4713 = CARTESIAN_POINT('',(8.887401034846,-3.093430139593,12.1));
#4714 = DIRECTION('',(0.,0.,1.));
#4715 = DIRECTION('',(-0.5,0.866025403784,0.));
#4716 = DEFINITIONAL_REPRESENTATION('',(#4717),#4721);
#4717 = CIRCLE('',#4718,3.1);
#4718 = AXIS2_PLACEMENT_2D('',#4719,#4720);
#4719 = CARTESIAN_POINT('',(-2.75,0.45));
#4720 = DIRECTION('',(-0.866025403784,-0.5));
#4721 = ( GEOMETRIC_REPRESENTATION_CONTEXT(2) 
PARAMETRIC_REPRESENTATION_CONTEXT() REPRESENTATION_CONTEXT('2D SPACE',''
  ) );
#4722 = ORIENTED_EDGE('',*,*,#4723,.F.);
#4723 = EDGE_CURVE('',#4638,#4695,#4724,.T.);
#4724 = SURFACE_CURVE('',#4725,(#4729,#4736),.PCURVE_S1.);
#4725 = LINE('',#4726,#4727);
#4726 = CARTESIAN_POINT('',(7.949395764133,-3.268757352951,10.2));
#4727 = VECTOR('',#4728,1.);
#4728 = DIRECTION('',(0.,0.,1.));
#4729 = PCURVE('',#2392,#4730);
#4730 = DEFINITIONAL_REPRESENTATION('',(#4731),#4735);
#4731 = LINE('',#4732,#4733);
#4732 = CARTESIAN_POINT('',(2.763669865545,0.));
#4733 = VECTOR('',#4734,1.);
#4734 = DIRECTION('',(0.,1.));
#4735 = ( GEOMETRIC_REPRESENTATION_CONTEXT(2) 
PARAMETRIC_REPRESENTATION_CONTEXT() REPRESENTATION_CONTEXT('2D SPACE',''
  ) );
#4736 = PCURVE('',#4737,#4742);
#4737 = PLANE('',#4738);
#4738 = AXIS2_PLACEMENT_3D('',#4739,#4740,#4741);
#4739 = CARTESIAN_POINT('',(8.10797817144,-3.543430139593,10.6));
#4740 = DIRECTION('',(-0.866025403784,-0.5,0.));
#4741 = DIRECTION('',(0.,0.,1.));
#4742 = DEFINITIONAL_REPRESENTATION('',(#4743),#4747);
#4743 = LINE('',#4744,#4745);
#4744 = CARTESIAN_POINT('',(-0.4,0.317164814613));
#4745 = VECTOR('',#4746,1.);
#4746 = DIRECTION('',(1.,0.));
#4747 = ( GEOMETRIC_REPRESENTATION_CONTEXT(2) 
PARAMETRIC_REPRESENTATION_CONTEXT() REPRESENTATION_CONTEXT('2D SPACE',''
  ) );
#4748 = FACE_BOUND('',#4749,.T.);
#4749 = EDGE_LOOP('',(#4750,#4781,#4809,#4838));
#4750 = ORIENTED_EDGE('',*,*,#4751,.F.);
#4751 = EDGE_CURVE('',#4752,#4754,#4756,.T.);
#4752 = VERTEX_POINT('',#4753);
#4753 = CARTESIAN_POINT('',(7.441446956094,-3.776706160991,10.6));
#4754 = VERTEX_POINT('',#4755);
#4755 = CARTESIAN_POINT('',(6.991446956094,-4.556129024397,10.6));
#4756 = SURFACE_CURVE('',#4757,(#4762,#4769),.PCURVE_S1.);
#4757 = CIRCLE('',#4758,3.1);
#4758 = AXIS2_PLACEMENT_3D('',#4759,#4760,#4761);
#4759 = CARTESIAN_POINT('',(9.872689603143,-5.7,10.6));
#4760 = DIRECTION('',(-0.,0.,1.));
#4761 = DIRECTION('',(0.866025403784,-0.5,0.));
#4762 = PCURVE('',#2392,#4763);
#4763 = DEFINITIONAL_REPRESENTATION('',(#4764),#4768);
#4764 = LINE('',#4765,#4766);
#4765 = CARTESIAN_POINT('',(0.,0.4));
#4766 = VECTOR('',#4767,1.);
#4767 = DIRECTION('',(1.,0.));
#4768 = ( GEOMETRIC_REPRESENTATION_CONTEXT(2) 
PARAMETRIC_REPRESENTATION_CONTEXT() REPRESENTATION_CONTEXT('2D SPACE',''
  ) );
#4769 = PCURVE('',#4770,#4775);
#4770 = PLANE('',#4771);
#4771 = AXIS2_PLACEMENT_3D('',#4772,#4773,#4774);
#4772 = CARTESIAN_POINT('',(7.716119742735,-3.935288568297,10.6));
#4773 = DIRECTION('',(0.,0.,1.));
#4774 = DIRECTION('',(-0.866025403784,0.5,0.));
#4775 = DEFINITIONAL_REPRESENTATION('',(#4776),#4780);
#4776 = CIRCLE('',#4777,3.1);
#4777 = AXIS2_PLACEMENT_2D('',#4778,#4779);
#4778 = CARTESIAN_POINT('',(-2.75,0.45));
#4779 = DIRECTION('',(-1.,-1.665334536938E-16));
#4780 = ( GEOMETRIC_REPRESENTATION_CONTEXT(2) 
PARAMETRIC_REPRESENTATION_CONTEXT() REPRESENTATION_CONTEXT('2D SPACE',''
  ) );
#4781 = ORIENTED_EDGE('',*,*,#4782,.T.);
#4782 = EDGE_CURVE('',#4752,#4783,#4785,.T.);
#4783 = VERTEX_POINT('',#4784);
#4784 = CARTESIAN_POINT('',(7.441446956094,-3.776706160991,12.1));
#4785 = SURFACE_CURVE('',#4786,(#4790,#4797),.PCURVE_S1.);
#4786 = LINE('',#4787,#4788);
#4787 = CARTESIAN_POINT('',(7.441446956094,-3.776706160991,10.2));
#4788 = VECTOR('',#4789,1.);
#4789 = DIRECTION('',(0.,0.,1.));
#4790 = PCURVE('',#2392,#4791);
#4791 = DEFINITIONAL_REPRESENTATION('',(#4792),#4796);
#4792 = LINE('',#4793,#4794);
#4793 = CARTESIAN_POINT('',(2.995916666036,0.));
#4794 = VECTOR('',#4795,1.);
#4795 = DIRECTION('',(0.,1.));
#4796 = ( GEOMETRIC_REPRESENTATION_CONTEXT(2) 
PARAMETRIC_REPRESENTATION_CONTEXT() REPRESENTATION_CONTEXT('2D SPACE',''
  ) );
#4797 = PCURVE('',#4798,#4803);
#4798 = PLANE('',#4799);
#4799 = AXIS2_PLACEMENT_3D('',#4800,#4801,#4802);
#4800 = CARTESIAN_POINT('',(7.716119742735,-3.935288568297,10.6));
#4801 = DIRECTION('',(-0.5,-0.866025403784,0.));
#4802 = DIRECTION('',(0.,0.,1.));
#4803 = DEFINITIONAL_REPRESENTATION('',(#4804),#4808);
#4804 = LINE('',#4805,#4806);
#4805 = CARTESIAN_POINT('',(-0.4,0.317164814613));
#4806 = VECTOR('',#4807,1.);
#4807 = DIRECTION('',(1.,0.));
#4808 = ( GEOMETRIC_REPRESENTATION_CONTEXT(2) 
PARAMETRIC_REPRESENTATION_CONTEXT() REPRESENTATION_CONTEXT('2D SPACE',''
  ) );
#4809 = ORIENTED_EDGE('',*,*,#4810,.T.);
#4810 = EDGE_CURVE('',#4783,#4811,#4813,.T.);
#4811 = VERTEX_POINT('',#4812);
#4812 = CARTESIAN_POINT('',(6.991446956094,-4.556129024397,12.1));
#4813 = SURFACE_CURVE('',#4814,(#4819,#4826),.PCURVE_S1.);
#4814 = CIRCLE('',#4815,3.1);
#4815 = AXIS2_PLACEMENT_3D('',#4816,#4817,#4818);
#4816 = CARTESIAN_POINT('',(9.872689603143,-5.7,12.1));
#4817 = DIRECTION('',(-0.,0.,1.));
#4818 = DIRECTION('',(0.866025403784,-0.5,0.));
#4819 = PCURVE('',#2392,#4820);
#4820 = DEFINITIONAL_REPRESENTATION('',(#4821),#4825);
#4821 = LINE('',#4822,#4823);
#4822 = CARTESIAN_POINT('',(0.,1.9));
#4823 = VECTOR('',#4824,1.);
#4824 = DIRECTION('',(1.,0.));
#4825 = ( GEOMETRIC_REPRESENTATION_CONTEXT(2) 
PARAMETRIC_REPRESENTATION_CONTEXT() REPRESENTATION_CONTEXT('2D SPACE',''
  ) );
#4826 = PCURVE('',#4827,#4832);
#4827 = PLANE('',#4828);
#4828 = AXIS2_PLACEMENT_3D('',#4829,#4830,#4831);
#4829 = CARTESIAN_POINT('',(7.716119742735,-3.935288568297,12.1));
#4830 = DIRECTION('',(0.,0.,1.));
#4831 = DIRECTION('',(-0.866025403784,0.5,0.));
#4832 = DEFINITIONAL_REPRESENTATION('',(#4833),#4837);
#4833 = CIRCLE('',#4834,3.1);
#4834 = AXIS2_PLACEMENT_2D('',#4835,#4836);
#4835 = CARTESIAN_POINT('',(-2.75,0.45));
#4836 = DIRECTION('',(-1.,-1.665334536938E-16));
#4837 = ( GEOMETRIC_REPRESENTATION_CONTEXT(2) 
PARAMETRIC_REPRESENTATION_CONTEXT() REPRESENTATION_CONTEXT('2D SPACE',''
  ) );
#4838 = ORIENTED_EDGE('',*,*,#4839,.F.);
#4839 = EDGE_CURVE('',#4754,#4811,#4840,.T.);
#4840 = SURFACE_CURVE('',#4841,(#4845,#4852),.PCURVE_S1.);
#4841 = LINE('',#4842,#4843);
#4842 = CARTESIAN_POINT('',(6.991446956094,-4.556129024397,10.2));
#4843 = VECTOR('',#4844,1.);
#4844 = DIRECTION('',(0.,0.,1.));
#4845 = PCURVE('',#2392,#4846);
#4846 = DEFINITIONAL_REPRESENTATION('',(#4847),#4851);
#4847 = LINE('',#4848,#4849);
#4848 = CARTESIAN_POINT('',(3.287268641143,0.));
#4849 = VECTOR('',#4850,1.);
#4850 = DIRECTION('',(0.,1.));
#4851 = ( GEOMETRIC_REPRESENTATION_CONTEXT(2) 
PARAMETRIC_REPRESENTATION_CONTEXT() REPRESENTATION_CONTEXT('2D SPACE',''
  ) );
#4852 = PCURVE('',#4853,#4858);
#4853 = PLANE('',#4854);
#4854 = AXIS2_PLACEMENT_3D('',#4855,#4856,#4857);
#4855 = CARTESIAN_POINT('',(7.266119742735,-4.714711431703,10.6));
#4856 = DIRECTION('',(-0.5,-0.866025403784,0.));
#4857 = DIRECTION('',(0.,0.,1.));
#4858 = DEFINITIONAL_REPRESENTATION('',(#4859),#4863);
#4859 = LINE('',#4860,#4861);
#4860 = CARTESIAN_POINT('',(-0.4,0.317164814613));
#4861 = VECTOR('',#4862,1.);
#4862 = DIRECTION('',(1.,0.));
#4863 = ( GEOMETRIC_REPRESENTATION_CONTEXT(2) 
PARAMETRIC_REPRESENTATION_CONTEXT() REPRESENTATION_CONTEXT('2D SPACE',''
  ) );
#4864 = FACE_BOUND('',#4865,.T.);
#4865 = EDGE_LOOP('',(#4866,#4897,#4925,#4954));
#4866 = ORIENTED_EDGE('',*,*,#4867,.F.);
#4867 = EDGE_CURVE('',#4868,#4870,#4872,.T.);
#4868 = VERTEX_POINT('',#4869);
#4869 = CARTESIAN_POINT('',(6.80552478853,-5.25,10.6));
#4870 = VERTEX_POINT('',#4871);
#4871 = CARTESIAN_POINT('',(6.80552478853,-6.15,10.6));
#4872 = SURFACE_CURVE('',#4873,(#4878,#4885),.PCURVE_S1.);
#4873 = CIRCLE('',#4874,3.1);
#4874 = AXIS2_PLACEMENT_3D('',#4875,#4876,#4877);
#4875 = CARTESIAN_POINT('',(9.872689603143,-5.7,10.6));
#4876 = DIRECTION('',(-0.,0.,1.));
#4877 = DIRECTION('',(0.866025403784,-0.5,0.));
#4878 = PCURVE('',#2392,#4879);
#4879 = DEFINITIONAL_REPRESENTATION('',(#4880),#4884);
#4880 = LINE('',#4881,#4882);
#4881 = CARTESIAN_POINT('',(0.,0.4));
#4882 = VECTOR('',#4883,1.);
#4883 = DIRECTION('',(1.,0.));
#4884 = ( GEOMETRIC_REPRESENTATION_CONTEXT(2) 
PARAMETRIC_REPRESENTATION_CONTEXT() REPRESENTATION_CONTEXT('2D SPACE',''
  ) );
#4885 = PCURVE('',#4886,#4891);
#4886 = PLANE('',#4887);
#4887 = AXIS2_PLACEMENT_3D('',#4888,#4889,#4890);
#4888 = CARTESIAN_POINT('',(7.122689603143,-5.25,10.6));
#4889 = DIRECTION('',(0.,0.,1.));
#4890 = DIRECTION('',(-1.,3.885780586188E-16,0.));
#4891 = DEFINITIONAL_REPRESENTATION('',(#4892),#4896);
#4892 = CIRCLE('',#4893,3.1);
#4893 = AXIS2_PLACEMENT_2D('',#4894,#4895);
#4894 = CARTESIAN_POINT('',(-2.75,0.45));
#4895 = DIRECTION('',(-0.866025403784,0.5));
#4896 = ( GEOMETRIC_REPRESENTATION_CONTEXT(2) 
PARAMETRIC_REPRESENTATION_CONTEXT() REPRESENTATION_CONTEXT('2D SPACE',''
  ) );
#4897 = ORIENTED_EDGE('',*,*,#4898,.T.);
#4898 = EDGE_CURVE('',#4868,#4899,#4901,.T.);
#4899 = VERTEX_POINT('',#4900);
#4900 = CARTESIAN_POINT('',(6.80552478853,-5.25,12.1));
#4901 = SURFACE_CURVE('',#4902,(#4906,#4913),.PCURVE_S1.);
#4902 = LINE('',#4903,#4904);
#4903 = CARTESIAN_POINT('',(6.80552478853,-5.25,10.2));
#4904 = VECTOR('',#4905,1.);
#4905 = DIRECTION('',(0.,0.,1.));
#4906 = PCURVE('',#2392,#4907);
#4907 = DEFINITIONAL_REPRESENTATION('',(#4908),#4912);
#4908 = LINE('',#4909,#4910);
#4909 = CARTESIAN_POINT('',(3.519515441635,0.));
#4910 = VECTOR('',#4911,1.);
#4911 = DIRECTION('',(0.,1.));
#4912 = ( GEOMETRIC_REPRESENTATION_CONTEXT(2) 
PARAMETRIC_REPRESENTATION_CONTEXT() REPRESENTATION_CONTEXT('2D SPACE',''
  ) );
#4913 = PCURVE('',#4914,#4919);
#4914 = PLANE('',#4915);
#4915 = AXIS2_PLACEMENT_3D('',#4916,#4917,#4918);
#4916 = CARTESIAN_POINT('',(7.122689603143,-5.25,10.6));
#4917 = DIRECTION('',(-3.885780586188E-16,-1.,0.));
#4918 = DIRECTION('',(0.,0.,1.));
#4919 = DEFINITIONAL_REPRESENTATION('',(#4920),#4924);
#4920 = LINE('',#4921,#4922);
#4921 = CARTESIAN_POINT('',(-0.4,0.317164814613));
#4922 = VECTOR('',#4923,1.);
#4923 = DIRECTION('',(1.,0.));
#4924 = ( GEOMETRIC_REPRESENTATION_CONTEXT(2) 
PARAMETRIC_REPRESENTATION_CONTEXT() REPRESENTATION_CONTEXT('2D SPACE',''
  ) );
#4925 = ORIENTED_EDGE('',*,*,#4926,.T.);
#4926 = EDGE_CURVE('',#4899,#4927,#4929,.T.);
#4927 = VERTEX_POINT('',#4928);
#4928 = CARTESIAN_POINT('',(6.80552478853,-6.15,12.1));
#4929 = SURFACE_CURVE('',#4930,(#4935,#4942),.PCURVE_S1.);
#4930 = CIRCLE('',#4931,3.1);
#4931 = AXIS2_PLACEMENT_3D('',#4932,#4933,#4934);
#4932 = CARTESIAN_POINT('',(9.872689603143,-5.7,12.1));
#4933 = DIRECTION('',(-0.,0.,1.));
#4934 = DIRECTION('',(0.866025403784,-0.5,0.));
#4935 = PCURVE('',#2392,#4936);
#4936 = DEFINITIONAL_REPRESENTATION('',(#4937),#4941);
#4937 = LINE('',#4938,#4939);
#4938 = CARTESIAN_POINT('',(0.,1.9));
#4939 = VECTOR('',#4940,1.);
#4940 = DIRECTION('',(1.,0.));
#4941 = ( GEOMETRIC_REPRESENTATION_CONTEXT(2) 
PARAMETRIC_REPRESENTATION_CONTEXT() REPRESENTATION_CONTEXT('2D SPACE',''
  ) );
#4942 = PCURVE('',#4943,#4948);
#4943 = PLANE('',#4944);
#4944 = AXIS2_PLACEMENT_3D('',#4945,#4946,#4947);
#4945 = CARTESIAN_POINT('',(7.122689603143,-5.25,12.1));
#4946 = DIRECTION('',(0.,0.,1.));
#4947 = DIRECTION('',(-1.,3.885780586188E-16,0.));
#4948 = DEFINITIONAL_REPRESENTATION('',(#4949),#4953);
#4949 = CIRCLE('',#4950,3.1);
#4950 = AXIS2_PLACEMENT_2D('',#4951,#4952);
#4951 = CARTESIAN_POINT('',(-2.75,0.45));
#4952 = DIRECTION('',(-0.866025403784,0.5));
#4953 = ( GEOMETRIC_REPRESENTATION_CONTEXT(2) 
PARAMETRIC_REPRESENTATION_CONTEXT() REPRESENTATION_CONTEXT('2D SPACE',''
  ) );
#4954 = ORIENTED_EDGE('',*,*,#4955,.F.);
#4955 = EDGE_CURVE('',#4870,#4927,#4956,.T.);
#4956 = SURFACE_CURVE('',#4957,(#4961,#4968),.PCURVE_S1.);
#4957 = LINE('',#4958,#4959);
#4958 = CARTESIAN_POINT('',(6.80552478853,-6.15,10.2));
#4959 = VECTOR('',#4960,1.);
#4960 = DIRECTION('',(0.,0.,1.));
#4961 = PCURVE('',#2392,#4962);
#4962 = DEFINITIONAL_REPRESENTATION('',(#4963),#4967);
#4963 = LINE('',#4964,#4965);
#4964 = CARTESIAN_POINT('',(3.810867416742,0.));
#4965 = VECTOR('',#4966,1.);
#4966 = DIRECTION('',(0.,1.));
#4967 = ( GEOMETRIC_REPRESENTATION_CONTEXT(2) 
PARAMETRIC_REPRESENTATION_CONTEXT() REPRESENTATION_CONTEXT('2D SPACE',''
  ) );
#4968 = PCURVE('',#4969,#4974);
#4969 = PLANE('',#4970);
#4970 = AXIS2_PLACEMENT_3D('',#4971,#4972,#4973);
#4971 = CARTESIAN_POINT('',(7.122689603143,-6.15,10.6));
#4972 = DIRECTION('',(-3.885780586188E-16,-1.,0.));
#4973 = DIRECTION('',(0.,0.,1.));
#4974 = DEFINITIONAL_REPRESENTATION('',(#4975),#4979);
#4975 = LINE('',#4976,#4977);
#4976 = CARTESIAN_POINT('',(-0.4,0.317164814613));
#4977 = VECTOR('',#4978,1.);
#4978 = DIRECTION('',(1.,0.));
#4979 = ( GEOMETRIC_REPRESENTATION_CONTEXT(2) 
PARAMETRIC_REPRESENTATION_CONTEXT() REPRESENTATION_CONTEXT('2D SPACE',''
  ) );
#4980 = FACE_BOUND('',#4981,.T.);
#4981 = EDGE_LOOP('',(#4982,#5013,#5041,#5070));
#4982 = ORIENTED_EDGE('',*,*,#4983,.F.);
#4983 = EDGE_CURVE('',#4984,#4986,#4988,.T.);
#4984 = VERTEX_POINT('',#4985);
#4985 = CARTESIAN_POINT('',(6.991446956094,-6.843870975604,10.6));
#4986 = VERTEX_POINT('',#4987);
#4987 = CARTESIAN_POINT('',(7.441446956094,-7.62329383901,10.6));
#4988 = SURFACE_CURVE('',#4989,(#4994,#5001),.PCURVE_S1.);
#4989 = CIRCLE('',#4990,3.1);
#4990 = AXIS2_PLACEMENT_3D('',#4991,#4992,#4993);
#4991 = CARTESIAN_POINT('',(9.872689603143,-5.7,10.6));
#4992 = DIRECTION('',(-0.,0.,1.));
#4993 = DIRECTION('',(0.866025403784,-0.5,0.));
#4994 = PCURVE('',#2392,#4995);
#4995 = DEFINITIONAL_REPRESENTATION('',(#4996),#5000);
#4996 = LINE('',#4997,#4998);
#4997 = CARTESIAN_POINT('',(0.,0.4));
#4998 = VECTOR('',#4999,1.);
#4999 = DIRECTION('',(1.,0.));
#5000 = ( GEOMETRIC_REPRESENTATION_CONTEXT(2) 
PARAMETRIC_REPRESENTATION_CONTEXT() REPRESENTATION_CONTEXT('2D SPACE',''
  ) );
#5001 = PCURVE('',#5002,#5007);
#5002 = PLANE('',#5003);
#5003 = AXIS2_PLACEMENT_3D('',#5004,#5005,#5006);
#5004 = CARTESIAN_POINT('',(7.266119742735,-6.685288568297,10.6));
#5005 = DIRECTION('',(0.,0.,1.));
#5006 = DIRECTION('',(-0.866025403784,-0.5,0.));
#5007 = DEFINITIONAL_REPRESENTATION('',(#5008),#5012);
#5008 = CIRCLE('',#5009,3.1);
#5009 = AXIS2_PLACEMENT_2D('',#5010,#5011);
#5010 = CARTESIAN_POINT('',(-2.75,0.45));
#5011 = DIRECTION('',(-0.5,0.866025403784));
#5012 = ( GEOMETRIC_REPRESENTATION_CONTEXT(2) 
PARAMETRIC_REPRESENTATION_CONTEXT() REPRESENTATION_CONTEXT('2D SPACE',''
  ) );
#5013 = ORIENTED_EDGE('',*,*,#5014,.T.);
#5014 = EDGE_CURVE('',#4984,#5015,#5017,.T.);
#5015 = VERTEX_POINT('',#5016);
#5016 = CARTESIAN_POINT('',(6.991446956094,-6.843870975604,12.1));
#5017 = SURFACE_CURVE('',#5018,(#5022,#5029),.PCURVE_S1.);
#5018 = LINE('',#5019,#5020);
#5019 = CARTESIAN_POINT('',(6.991446956094,-6.843870975604,10.2));
#5020 = VECTOR('',#5021,1.);
#5021 = DIRECTION('',(0.,0.,1.));
#5022 = PCURVE('',#2392,#5023);
#5023 = DEFINITIONAL_REPRESENTATION('',(#5024),#5028);
#5024 = LINE('',#5025,#5026);
#5025 = CARTESIAN_POINT('',(4.043114217233,0.));
#5026 = VECTOR('',#5027,1.);
#5027 = DIRECTION('',(0.,1.));
#5028 = ( GEOMETRIC_REPRESENTATION_CONTEXT(2) 
PARAMETRIC_REPRESENTATION_CONTEXT() REPRESENTATION_CONTEXT('2D SPACE',''
  ) );
#5029 = PCURVE('',#5030,#5035);
#5030 = PLANE('',#5031);
#5031 = AXIS2_PLACEMENT_3D('',#5032,#5033,#5034);
#5032 = CARTESIAN_POINT('',(7.266119742735,-6.685288568297,10.6));
#5033 = DIRECTION('',(0.5,-0.866025403784,0.));
#5034 = DIRECTION('',(0.,0.,1.));
#5035 = DEFINITIONAL_REPRESENTATION('',(#5036),#5040);
#5036 = LINE('',#5037,#5038);
#5037 = CARTESIAN_POINT('',(-0.4,0.317164814613));
#5038 = VECTOR('',#5039,1.);
#5039 = DIRECTION('',(1.,0.));
#5040 = ( GEOMETRIC_REPRESENTATION_CONTEXT(2) 
PARAMETRIC_REPRESENTATION_CONTEXT() REPRESENTATION_CONTEXT('2D SPACE',''
  ) );
#5041 = ORIENTED_EDGE('',*,*,#5042,.T.);
#5042 = EDGE_CURVE('',#5015,#5043,#5045,.T.);
#5043 = VERTEX_POINT('',#5044);
#5044 = CARTESIAN_POINT('',(7.441446956094,-7.62329383901,12.1));
#5045 = SURFACE_CURVE('',#5046,(#5051,#5058),.PCURVE_S1.);
#5046 = CIRCLE('',#5047,3.1);
#5047 = AXIS2_PLACEMENT_3D('',#5048,#5049,#5050);
#5048 = CARTESIAN_POINT('',(9.872689603143,-5.7,12.1));
#5049 = DIRECTION('',(-0.,0.,1.));
#5050 = DIRECTION('',(0.866025403784,-0.5,0.));
#5051 = PCURVE('',#2392,#5052);
#5052 = DEFINITIONAL_REPRESENTATION('',(#5053),#5057);
#5053 = LINE('',#5054,#5055);
#5054 = CARTESIAN_POINT('',(0.,1.9));
#5055 = VECTOR('',#5056,1.);
#5056 = DIRECTION('',(1.,0.));
#5057 = ( GEOMETRIC_REPRESENTATION_CONTEXT(2) 
PARAMETRIC_REPRESENTATION_CONTEXT() REPRESENTATION_CONTEXT('2D SPACE',''
  ) );
#5058 = PCURVE('',#5059,#5064);
#5059 = PLANE('',#5060);
#5060 = AXIS2_PLACEMENT_3D('',#5061,#5062,#5063);
#5061 = CARTESIAN_POINT('',(7.266119742735,-6.685288568297,12.1));
#5062 = DIRECTION('',(0.,0.,1.));
#5063 = DIRECTION('',(-0.866025403784,-0.5,0.));
#5064 = DEFINITIONAL_REPRESENTATION('',(#5065),#5069);
#5065 = CIRCLE('',#5066,3.1);
#5066 = AXIS2_PLACEMENT_2D('',#5067,#5068);
#5067 = CARTESIAN_POINT('',(-2.75,0.45));
#5068 = DIRECTION('',(-0.5,0.866025403784));
#5069 = ( GEOMETRIC_REPRESENTATION_CONTEXT(2) 
PARAMETRIC_REPRESENTATION_CONTEXT() REPRESENTATION_CONTEXT('2D SPACE',''
  ) );
#5070 = ORIENTED_EDGE('',*,*,#5071,.F.);
#5071 = EDGE_CURVE('',#4986,#5043,#5072,.T.);
#5072 = SURFACE_CURVE('',#5073,(#5077,#5084),.PCURVE_S1.);
#5073 = LINE('',#5074,#5075);
#5074 = CARTESIAN_POINT('',(7.441446956094,-7.62329383901,10.2));
#5075 = VECTOR('',#5076,1.);
#5076 = DIRECTION('',(0.,0.,1.));
#5077 = PCURVE('',#2392,#5078);
#5078 = DEFINITIONAL_REPRESENTATION('',(#5079),#5083);
#5079 = LINE('',#5080,#5081);
#5080 = CARTESIAN_POINT('',(4.33446619234,0.));
#5081 = VECTOR('',#5082,1.);
#5082 = DIRECTION('',(0.,1.));
#5083 = ( GEOMETRIC_REPRESENTATION_CONTEXT(2) 
PARAMETRIC_REPRESENTATION_CONTEXT() REPRESENTATION_CONTEXT('2D SPACE',''
  ) );
#5084 = PCURVE('',#5085,#5090);
#5085 = PLANE('',#5086);
#5086 = AXIS2_PLACEMENT_3D('',#5087,#5088,#5089);
#5087 = CARTESIAN_POINT('',(7.716119742735,-7.464711431703,10.6));
#5088 = DIRECTION('',(0.5,-0.866025403784,0.));
#5089 = DIRECTION('',(0.,0.,1.));
#5090 = DEFINITIONAL_REPRESENTATION('',(#5091),#5095);
#5091 = LINE('',#5092,#5093);
#5092 = CARTESIAN_POINT('',(-0.4,0.317164814613));
#5093 = VECTOR('',#5094,1.);
#5094 = DIRECTION('',(1.,0.));
#5095 = ( GEOMETRIC_REPRESENTATION_CONTEXT(2) 
PARAMETRIC_REPRESENTATION_CONTEXT() REPRESENTATION_CONTEXT('2D SPACE',''
  ) );
#5096 = FACE_BOUND('',#5097,.T.);
#5097 = EDGE_LOOP('',(#5098,#5129,#5157,#5186));
#5098 = ORIENTED_EDGE('',*,*,#5099,.F.);
#5099 = EDGE_CURVE('',#5100,#5102,#5104,.T.);
#5100 = VERTEX_POINT('',#5101);
#5101 = CARTESIAN_POINT('',(7.949395764133,-8.131242647049,10.6));
#5102 = VERTEX_POINT('',#5103);
#5103 = CARTESIAN_POINT('',(8.728818627539,-8.581242647049,10.6));
#5104 = SURFACE_CURVE('',#5105,(#5110,#5117),.PCURVE_S1.);
#5105 = CIRCLE('',#5106,3.1);
#5106 = AXIS2_PLACEMENT_3D('',#5107,#5108,#5109);
#5107 = CARTESIAN_POINT('',(9.872689603143,-5.7,10.6));
#5108 = DIRECTION('',(-0.,0.,1.));
#5109 = DIRECTION('',(0.866025403784,-0.5,0.));
#5110 = PCURVE('',#2392,#5111);
#5111 = DEFINITIONAL_REPRESENTATION('',(#5112),#5116);
#5112 = LINE('',#5113,#5114);
#5113 = CARTESIAN_POINT('',(0.,0.4));
#5114 = VECTOR('',#5115,1.);
#5115 = DIRECTION('',(1.,0.));
#5116 = ( GEOMETRIC_REPRESENTATION_CONTEXT(2) 
PARAMETRIC_REPRESENTATION_CONTEXT() REPRESENTATION_CONTEXT('2D SPACE',''
  ) );
#5117 = PCURVE('',#5118,#5123);
#5118 = PLANE('',#5119);
#5119 = AXIS2_PLACEMENT_3D('',#5120,#5121,#5122);
#5120 = CARTESIAN_POINT('',(8.10797817144,-7.856569860407,10.6));
#5121 = DIRECTION('',(0.,0.,1.));
#5122 = DIRECTION('',(-0.5,-0.866025403784,0.));
#5123 = DEFINITIONAL_REPRESENTATION('',(#5124),#5128);
#5124 = CIRCLE('',#5125,3.1);
#5125 = AXIS2_PLACEMENT_2D('',#5126,#5127);
#5126 = CARTESIAN_POINT('',(-2.75,0.45));
#5127 = DIRECTION('',(-2.22044604925E-16,1.));
#5128 = ( GEOMETRIC_REPRESENTATION_CONTEXT(2) 
PARAMETRIC_REPRESENTATION_CONTEXT() REPRESENTATION_CONTEXT('2D SPACE',''
  ) );
#5129 = ORIENTED_EDGE('',*,*,#5130,.T.);
#5130 = EDGE_CURVE('',#5100,#5131,#5133,.T.);
#5131 = VERTEX_POINT('',#5132);
#5132 = CARTESIAN_POINT('',(7.949395764133,-8.131242647049,12.1));
#5133 = SURFACE_CURVE('',#5134,(#5138,#5145),.PCURVE_S1.);
#5134 = LINE('',#5135,#5136);
#5135 = CARTESIAN_POINT('',(7.949395764133,-8.131242647049,10.2));
#5136 = VECTOR('',#5137,1.);
#5137 = DIRECTION('',(0.,0.,1.));
#5138 = PCURVE('',#2392,#5139);
#5139 = DEFINITIONAL_REPRESENTATION('',(#5140),#5144);
#5140 = LINE('',#5141,#5142);
#5141 = CARTESIAN_POINT('',(4.566712992831,0.));
#5142 = VECTOR('',#5143,1.);
#5143 = DIRECTION('',(0.,1.));
#5144 = ( GEOMETRIC_REPRESENTATION_CONTEXT(2) 
PARAMETRIC_REPRESENTATION_CONTEXT() REPRESENTATION_CONTEXT('2D SPACE',''
  ) );
#5145 = PCURVE('',#5146,#5151);
#5146 = PLANE('',#5147);
#5147 = AXIS2_PLACEMENT_3D('',#5148,#5149,#5150);
#5148 = CARTESIAN_POINT('',(8.10797817144,-7.856569860407,10.6));
#5149 = DIRECTION('',(0.866025403784,-0.5,0.));
#5150 = DIRECTION('',(0.,0.,1.));
#5151 = DEFINITIONAL_REPRESENTATION('',(#5152),#5156);
#5152 = LINE('',#5153,#5154);
#5153 = CARTESIAN_POINT('',(-0.4,0.317164814613));
#5154 = VECTOR('',#5155,1.);
#5155 = DIRECTION('',(1.,0.));
#5156 = ( GEOMETRIC_REPRESENTATION_CONTEXT(2) 
PARAMETRIC_REPRESENTATION_CONTEXT() REPRESENTATION_CONTEXT('2D SPACE',''
  ) );
#5157 = ORIENTED_EDGE('',*,*,#5158,.T.);
#5158 = EDGE_CURVE('',#5131,#5159,#5161,.T.);
#5159 = VERTEX_POINT('',#5160);
#5160 = CARTESIAN_POINT('',(8.728818627539,-8.581242647049,12.1));
#5161 = SURFACE_CURVE('',#5162,(#5167,#5174),.PCURVE_S1.);
#5162 = CIRCLE('',#5163,3.1);
#5163 = AXIS2_PLACEMENT_3D('',#5164,#5165,#5166);
#5164 = CARTESIAN_POINT('',(9.872689603143,-5.7,12.1));
#5165 = DIRECTION('',(-0.,0.,1.));
#5166 = DIRECTION('',(0.866025403784,-0.5,0.));
#5167 = PCURVE('',#2392,#5168);
#5168 = DEFINITIONAL_REPRESENTATION('',(#5169),#5173);
#5169 = LINE('',#5170,#5171);
#5170 = CARTESIAN_POINT('',(0.,1.9));
#5171 = VECTOR('',#5172,1.);
#5172 = DIRECTION('',(1.,0.));
#5173 = ( GEOMETRIC_REPRESENTATION_CONTEXT(2) 
PARAMETRIC_REPRESENTATION_CONTEXT() REPRESENTATION_CONTEXT('2D SPACE',''
  ) );
#5174 = PCURVE('',#5175,#5180);
#5175 = PLANE('',#5176);
#5176 = AXIS2_PLACEMENT_3D('',#5177,#5178,#5179);
#5177 = CARTESIAN_POINT('',(8.10797817144,-7.856569860407,12.1));
#5178 = DIRECTION('',(0.,0.,1.));
#5179 = DIRECTION('',(-0.5,-0.866025403784,0.));
#5180 = DEFINITIONAL_REPRESENTATION('',(#5181),#5185);
#5181 = CIRCLE('',#5182,3.1);
#5182 = AXIS2_PLACEMENT_2D('',#5183,#5184);
#5183 = CARTESIAN_POINT('',(-2.75,0.45));
#5184 = DIRECTION('',(-2.22044604925E-16,1.));
#5185 = ( GEOMETRIC_REPRESENTATION_CONTEXT(2) 
PARAMETRIC_REPRESENTATION_CONTEXT() REPRESENTATION_CONTEXT('2D SPACE',''
  ) );
#5186 = ORIENTED_EDGE('',*,*,#5187,.F.);
#5187 = EDGE_CURVE('',#5102,#5159,#5188,.T.);
#5188 = SURFACE_CURVE('',#5189,(#5193,#5200),.PCURVE_S1.);
#5189 = LINE('',#5190,#5191);
#5190 = CARTESIAN_POINT('',(8.728818627539,-8.581242647049,10.2));
#5191 = VECTOR('',#5192,1.);
#5192 = DIRECTION('',(0.,0.,1.));
#5193 = PCURVE('',#2392,#5194);
#5194 = DEFINITIONAL_REPRESENTATION('',(#5195),#5199);
#5195 = LINE('',#5196,#5197);
#5196 = CARTESIAN_POINT('',(4.858064967938,0.));
#5197 = VECTOR('',#5198,1.);
#5198 = DIRECTION('',(0.,1.));
#5199 = ( GEOMETRIC_REPRESENTATION_CONTEXT(2) 
PARAMETRIC_REPRESENTATION_CONTEXT() REPRESENTATION_CONTEXT('2D SPACE',''
  ) );
#5200 = PCURVE('',#5201,#5206);
#5201 = PLANE('',#5202);
#5202 = AXIS2_PLACEMENT_3D('',#5203,#5204,#5205);
#5203 = CARTESIAN_POINT('',(8.887401034846,-8.306569860407,10.6));
#5204 = DIRECTION('',(0.866025403784,-0.5,0.));
#5205 = DIRECTION('',(0.,0.,1.));
#5206 = DEFINITIONAL_REPRESENTATION('',(#5207),#5211);
#5207 = LINE('',#5208,#5209);
#5208 = CARTESIAN_POINT('',(-0.4,0.317164814613));
#5209 = VECTOR('',#5210,1.);
#5210 = DIRECTION('',(1.,0.));
#5211 = ( GEOMETRIC_REPRESENTATION_CONTEXT(2) 
PARAMETRIC_REPRESENTATION_CONTEXT() REPRESENTATION_CONTEXT('2D SPACE',''
  ) );
#5212 = FACE_BOUND('',#5213,.T.);
#5213 = EDGE_LOOP('',(#5214,#5245,#5273,#5302));
#5214 = ORIENTED_EDGE('',*,*,#5215,.F.);
#5215 = EDGE_CURVE('',#5216,#5218,#5220,.T.);
#5216 = VERTEX_POINT('',#5217);
#5217 = CARTESIAN_POINT('',(9.422689603143,-8.767164814613,10.6));
#5218 = VERTEX_POINT('',#5219);
#5219 = CARTESIAN_POINT('',(10.322689603143,-8.767164814613,10.6));
#5220 = SURFACE_CURVE('',#5221,(#5226,#5233),.PCURVE_S1.);
#5221 = CIRCLE('',#5222,3.1);
#5222 = AXIS2_PLACEMENT_3D('',#5223,#5224,#5225);
#5223 = CARTESIAN_POINT('',(9.872689603143,-5.7,10.6));
#5224 = DIRECTION('',(-0.,0.,1.));
#5225 = DIRECTION('',(0.866025403784,-0.5,0.));
#5226 = PCURVE('',#2392,#5227);
#5227 = DEFINITIONAL_REPRESENTATION('',(#5228),#5232);
#5228 = LINE('',#5229,#5230);
#5229 = CARTESIAN_POINT('',(0.,0.4));
#5230 = VECTOR('',#5231,1.);
#5231 = DIRECTION('',(1.,0.));
#5232 = ( GEOMETRIC_REPRESENTATION_CONTEXT(2) 
PARAMETRIC_REPRESENTATION_CONTEXT() REPRESENTATION_CONTEXT('2D SPACE',''
  ) );
#5233 = PCURVE('',#5234,#5239);
#5234 = PLANE('',#5235);
#5235 = AXIS2_PLACEMENT_3D('',#5236,#5237,#5238);
#5236 = CARTESIAN_POINT('',(9.422689603143,-8.45,10.6));
#5237 = DIRECTION('',(0.,0.,1.));
#5238 = DIRECTION('',(-3.885780586188E-16,-1.,0.));
#5239 = DEFINITIONAL_REPRESENTATION('',(#5240),#5244);
#5240 = CIRCLE('',#5241,3.1);
#5241 = AXIS2_PLACEMENT_2D('',#5242,#5243);
#5242 = CARTESIAN_POINT('',(-2.75,0.45));
#5243 = DIRECTION('',(0.5,0.866025403784));
#5244 = ( GEOMETRIC_REPRESENTATION_CONTEXT(2) 
PARAMETRIC_REPRESENTATION_CONTEXT() REPRESENTATION_CONTEXT('2D SPACE',''
  ) );
#5245 = ORIENTED_EDGE('',*,*,#5246,.T.);
#5246 = EDGE_CURVE('',#5216,#5247,#5249,.T.);
#5247 = VERTEX_POINT('',#5248);
#5248 = CARTESIAN_POINT('',(9.422689603143,-8.767164814613,12.1));
#5249 = SURFACE_CURVE('',#5250,(#5254,#5261),.PCURVE_S1.);
#5250 = LINE('',#5251,#5252);
#5251 = CARTESIAN_POINT('',(9.422689603143,-8.767164814613,10.2));
#5252 = VECTOR('',#5253,1.);
#5253 = DIRECTION('',(0.,0.,1.));
#5254 = PCURVE('',#2392,#5255);
#5255 = DEFINITIONAL_REPRESENTATION('',(#5256),#5260);
#5256 = LINE('',#5257,#5258);
#5257 = CARTESIAN_POINT('',(5.090311768429,0.));
#5258 = VECTOR('',#5259,1.);
#5259 = DIRECTION('',(0.,1.));
#5260 = ( GEOMETRIC_REPRESENTATION_CONTEXT(2) 
PARAMETRIC_REPRESENTATION_CONTEXT() REPRESENTATION_CONTEXT('2D SPACE',''
  ) );
#5261 = PCURVE('',#5262,#5267);
#5262 = PLANE('',#5263);
#5263 = AXIS2_PLACEMENT_3D('',#5264,#5265,#5266);
#5264 = CARTESIAN_POINT('',(9.422689603143,-8.45,10.6));
#5265 = DIRECTION('',(1.,-3.885780586188E-16,0.));
#5266 = DIRECTION('',(0.,0.,1.));
#5267 = DEFINITIONAL_REPRESENTATION('',(#5268),#5272);
#5268 = LINE('',#5269,#5270);
#5269 = CARTESIAN_POINT('',(-0.4,0.317164814613));
#5270 = VECTOR('',#5271,1.);
#5271 = DIRECTION('',(1.,0.));
#5272 = ( GEOMETRIC_REPRESENTATION_CONTEXT(2) 
PARAMETRIC_REPRESENTATION_CONTEXT() REPRESENTATION_CONTEXT('2D SPACE',''
  ) );
#5273 = ORIENTED_EDGE('',*,*,#5274,.T.);
#5274 = EDGE_CURVE('',#5247,#5275,#5277,.T.);
#5275 = VERTEX_POINT('',#5276);
#5276 = CARTESIAN_POINT('',(10.322689603143,-8.767164814613,12.1));
#5277 = SURFACE_CURVE('',#5278,(#5283,#5290),.PCURVE_S1.);
#5278 = CIRCLE('',#5279,3.1);
#5279 = AXIS2_PLACEMENT_3D('',#5280,#5281,#5282);
#5280 = CARTESIAN_POINT('',(9.872689603143,-5.7,12.1));
#5281 = DIRECTION('',(-0.,0.,1.));
#5282 = DIRECTION('',(0.866025403784,-0.5,0.));
#5283 = PCURVE('',#2392,#5284);
#5284 = DEFINITIONAL_REPRESENTATION('',(#5285),#5289);
#5285 = LINE('',#5286,#5287);
#5286 = CARTESIAN_POINT('',(0.,1.9));
#5287 = VECTOR('',#5288,1.);
#5288 = DIRECTION('',(1.,0.));
#5289 = ( GEOMETRIC_REPRESENTATION_CONTEXT(2) 
PARAMETRIC_REPRESENTATION_CONTEXT() REPRESENTATION_CONTEXT('2D SPACE',''
  ) );
#5290 = PCURVE('',#5291,#5296);
#5291 = PLANE('',#5292);
#5292 = AXIS2_PLACEMENT_3D('',#5293,#5294,#5295);
#5293 = CARTESIAN_POINT('',(9.422689603143,-8.45,12.1));
#5294 = DIRECTION('',(0.,0.,1.));
#5295 = DIRECTION('',(-3.885780586188E-16,-1.,0.));
#5296 = DEFINITIONAL_REPRESENTATION('',(#5297),#5301);
#5297 = CIRCLE('',#5298,3.1);
#5298 = AXIS2_PLACEMENT_2D('',#5299,#5300);
#5299 = CARTESIAN_POINT('',(-2.75,0.45));
#5300 = DIRECTION('',(0.5,0.866025403784));
#5301 = ( GEOMETRIC_REPRESENTATION_CONTEXT(2) 
PARAMETRIC_REPRESENTATION_CONTEXT() REPRESENTATION_CONTEXT('2D SPACE',''
  ) );
#5302 = ORIENTED_EDGE('',*,*,#5303,.F.);
#5303 = EDGE_CURVE('',#5218,#5275,#5304,.T.);
#5304 = SURFACE_CURVE('',#5305,(#5309,#5316),.PCURVE_S1.);
#5305 = LINE('',#5306,#5307);
#5306 = CARTESIAN_POINT('',(10.322689603143,-8.767164814613,10.2));
#5307 = VECTOR('',#5308,1.);
#5308 = DIRECTION('',(0.,0.,1.));
#5309 = PCURVE('',#2392,#5310);
#5310 = DEFINITIONAL_REPRESENTATION('',(#5311),#5315);
#5311 = LINE('',#5312,#5313);
#5312 = CARTESIAN_POINT('',(5.381663743537,0.));
#5313 = VECTOR('',#5314,1.);
#5314 = DIRECTION('',(0.,1.));
#5315 = ( GEOMETRIC_REPRESENTATION_CONTEXT(2) 
PARAMETRIC_REPRESENTATION_CONTEXT() REPRESENTATION_CONTEXT('2D SPACE',''
  ) );
#5316 = PCURVE('',#5317,#5322);
#5317 = PLANE('',#5318);
#5318 = AXIS2_PLACEMENT_3D('',#5319,#5320,#5321);
#5319 = CARTESIAN_POINT('',(10.322689603143,-8.45,10.6));
#5320 = DIRECTION('',(1.,-3.885780586188E-16,0.));
#5321 = DIRECTION('',(0.,0.,1.));
#5322 = DEFINITIONAL_REPRESENTATION('',(#5323),#5327);
#5323 = LINE('',#5324,#5325);
#5324 = CARTESIAN_POINT('',(-0.4,0.317164814613));
#5325 = VECTOR('',#5326,1.);
#5326 = DIRECTION('',(1.,0.));
#5327 = ( GEOMETRIC_REPRESENTATION_CONTEXT(2) 
PARAMETRIC_REPRESENTATION_CONTEXT() REPRESENTATION_CONTEXT('2D SPACE',''
  ) );
#5328 = FACE_BOUND('',#5329,.T.);
#5329 = EDGE_LOOP('',(#5330,#5361,#5389,#5418));
#5330 = ORIENTED_EDGE('',*,*,#5331,.F.);
#5331 = EDGE_CURVE('',#5332,#5334,#5336,.T.);
#5332 = VERTEX_POINT('',#5333);
#5333 = CARTESIAN_POINT('',(11.016560578746,-8.581242647049,10.6));
#5334 = VERTEX_POINT('',#5335);
#5335 = CARTESIAN_POINT('',(11.795983442152,-8.131242647049,10.6));
#5336 = SURFACE_CURVE('',#5337,(#5342,#5349),.PCURVE_S1.);
#5337 = CIRCLE('',#5338,3.1);
#5338 = AXIS2_PLACEMENT_3D('',#5339,#5340,#5341);
#5339 = CARTESIAN_POINT('',(9.872689603143,-5.7,10.6));
#5340 = DIRECTION('',(-0.,0.,1.));
#5341 = DIRECTION('',(0.866025403784,-0.5,0.));
#5342 = PCURVE('',#2392,#5343);
#5343 = DEFINITIONAL_REPRESENTATION('',(#5344),#5348);
#5344 = LINE('',#5345,#5346);
#5345 = CARTESIAN_POINT('',(0.,0.4));
#5346 = VECTOR('',#5347,1.);
#5347 = DIRECTION('',(1.,0.));
#5348 = ( GEOMETRIC_REPRESENTATION_CONTEXT(2) 
PARAMETRIC_REPRESENTATION_CONTEXT() REPRESENTATION_CONTEXT('2D SPACE',''
  ) );
#5349 = PCURVE('',#5350,#5355);
#5350 = PLANE('',#5351);
#5351 = AXIS2_PLACEMENT_3D('',#5352,#5353,#5354);
#5352 = CARTESIAN_POINT('',(10.85797817144,-8.306569860407,10.6));
#5353 = DIRECTION('',(0.,0.,1.));
#5354 = DIRECTION('',(0.5,-0.866025403784,0.));
#5355 = DEFINITIONAL_REPRESENTATION('',(#5356),#5360);
#5356 = CIRCLE('',#5357,3.1);
#5357 = AXIS2_PLACEMENT_2D('',#5358,#5359);
#5358 = CARTESIAN_POINT('',(-2.75,0.45));
#5359 = DIRECTION('',(0.866025403784,0.5));
#5360 = ( GEOMETRIC_REPRESENTATION_CONTEXT(2) 
PARAMETRIC_REPRESENTATION_CONTEXT() REPRESENTATION_CONTEXT('2D SPACE',''
  ) );
#5361 = ORIENTED_EDGE('',*,*,#5362,.T.);
#5362 = EDGE_CURVE('',#5332,#5363,#5365,.T.);
#5363 = VERTEX_POINT('',#5364);
#5364 = CARTESIAN_POINT('',(11.016560578746,-8.581242647049,12.1));
#5365 = SURFACE_CURVE('',#5366,(#5370,#5377),.PCURVE_S1.);
#5366 = LINE('',#5367,#5368);
#5367 = CARTESIAN_POINT('',(11.016560578746,-8.581242647049,10.2));
#5368 = VECTOR('',#5369,1.);
#5369 = DIRECTION('',(0.,0.,1.));
#5370 = PCURVE('',#2392,#5371);
#5371 = DEFINITIONAL_REPRESENTATION('',(#5372),#5376);
#5372 = LINE('',#5373,#5374);
#5373 = CARTESIAN_POINT('',(5.613910544028,0.));
#5374 = VECTOR('',#5375,1.);
#5375 = DIRECTION('',(0.,1.));
#5376 = ( GEOMETRIC_REPRESENTATION_CONTEXT(2) 
PARAMETRIC_REPRESENTATION_CONTEXT() REPRESENTATION_CONTEXT('2D SPACE',''
  ) );
#5377 = PCURVE('',#5378,#5383);
#5378 = PLANE('',#5379);
#5379 = AXIS2_PLACEMENT_3D('',#5380,#5381,#5382);
#5380 = CARTESIAN_POINT('',(10.85797817144,-8.306569860407,10.6));
#5381 = DIRECTION('',(0.866025403784,0.5,0.));
#5382 = DIRECTION('',(0.,0.,1.));
#5383 = DEFINITIONAL_REPRESENTATION('',(#5384),#5388);
#5384 = LINE('',#5385,#5386);
#5385 = CARTESIAN_POINT('',(-0.4,0.317164814613));
#5386 = VECTOR('',#5387,1.);
#5387 = DIRECTION('',(1.,0.));
#5388 = ( GEOMETRIC_REPRESENTATION_CONTEXT(2) 
PARAMETRIC_REPRESENTATION_CONTEXT() REPRESENTATION_CONTEXT('2D SPACE',''
  ) );
#5389 = ORIENTED_EDGE('',*,*,#5390,.T.);
#5390 = EDGE_CURVE('',#5363,#5391,#5393,.T.);
#5391 = VERTEX_POINT('',#5392);
#5392 = CARTESIAN_POINT('',(11.795983442152,-8.131242647049,12.1));
#5393 = SURFACE_CURVE('',#5394,(#5399,#5406),.PCURVE_S1.);
#5394 = CIRCLE('',#5395,3.1);
#5395 = AXIS2_PLACEMENT_3D('',#5396,#5397,#5398);
#5396 = CARTESIAN_POINT('',(9.872689603143,-5.7,12.1));
#5397 = DIRECTION('',(-0.,0.,1.));
#5398 = DIRECTION('',(0.866025403784,-0.5,0.));
#5399 = PCURVE('',#2392,#5400);
#5400 = DEFINITIONAL_REPRESENTATION('',(#5401),#5405);
#5401 = LINE('',#5402,#5403);
#5402 = CARTESIAN_POINT('',(0.,1.9));
#5403 = VECTOR('',#5404,1.);
#5404 = DIRECTION('',(1.,0.));
#5405 = ( GEOMETRIC_REPRESENTATION_CONTEXT(2) 
PARAMETRIC_REPRESENTATION_CONTEXT() REPRESENTATION_CONTEXT('2D SPACE',''
  ) );
#5406 = PCURVE('',#5407,#5412);
#5407 = PLANE('',#5408);
#5408 = AXIS2_PLACEMENT_3D('',#5409,#5410,#5411);
#5409 = CARTESIAN_POINT('',(10.85797817144,-8.306569860407,12.1));
#5410 = DIRECTION('',(0.,0.,1.));
#5411 = DIRECTION('',(0.5,-0.866025403784,0.));
#5412 = DEFINITIONAL_REPRESENTATION('',(#5413),#5417);
#5413 = CIRCLE('',#5414,3.1);
#5414 = AXIS2_PLACEMENT_2D('',#5415,#5416);
#5415 = CARTESIAN_POINT('',(-2.75,0.45));
#5416 = DIRECTION('',(0.866025403784,0.5));
#5417 = ( GEOMETRIC_REPRESENTATION_CONTEXT(2) 
PARAMETRIC_REPRESENTATION_CONTEXT() REPRESENTATION_CONTEXT('2D SPACE',''
  ) );
#5418 = ORIENTED_EDGE('',*,*,#5419,.F.);
#5419 = EDGE_CURVE('',#5334,#5391,#5420,.T.);
#5420 = SURFACE_CURVE('',#5421,(#5425,#5432),.PCURVE_S1.);
#5421 = LINE('',#5422,#5423);
#5422 = CARTESIAN_POINT('',(11.795983442152,-8.131242647049,10.2));
#5423 = VECTOR('',#5424,1.);
#5424 = DIRECTION('',(0.,0.,1.));
#5425 = PCURVE('',#2392,#5426);
#5426 = DEFINITIONAL_REPRESENTATION('',(#5427),#5431);
#5427 = LINE('',#5428,#5429);
#5428 = CARTESIAN_POINT('',(5.905262519135,0.));
#5429 = VECTOR('',#5430,1.);
#5430 = DIRECTION('',(0.,1.));
#5431 = ( GEOMETRIC_REPRESENTATION_CONTEXT(2) 
PARAMETRIC_REPRESENTATION_CONTEXT() REPRESENTATION_CONTEXT('2D SPACE',''
  ) );
#5432 = PCURVE('',#5433,#5438);
#5433 = PLANE('',#5434);
#5434 = AXIS2_PLACEMENT_3D('',#5435,#5436,#5437);
#5435 = CARTESIAN_POINT('',(11.637401034846,-7.856569860407,10.6));
#5436 = DIRECTION('',(0.866025403784,0.5,0.));
#5437 = DIRECTION('',(0.,0.,1.));
#5438 = DEFINITIONAL_REPRESENTATION('',(#5439),#5443);
#5439 = LINE('',#5440,#5441);
#5440 = CARTESIAN_POINT('',(-0.4,0.317164814613));
#5441 = VECTOR('',#5442,1.);
#5442 = DIRECTION('',(1.,0.));
#5443 = ( GEOMETRIC_REPRESENTATION_CONTEXT(2) 
PARAMETRIC_REPRESENTATION_CONTEXT() REPRESENTATION_CONTEXT('2D SPACE',''
  ) );
#5444 = ADVANCED_FACE('',(#5445),#3651,.T.);
#5445 = FACE_BOUND('',#5446,.T.);
#5446 = EDGE_LOOP('',(#5447,#5448,#5449,#5472,#5499,#5500));
#5447 = ORIENTED_EDGE('',*,*,#3637,.T.);
#5448 = ORIENTED_EDGE('',*,*,#3714,.F.);
#5449 = ORIENTED_EDGE('',*,*,#5450,.F.);
#5450 = EDGE_CURVE('',#5451,#3668,#5453,.T.);
#5451 = VERTEX_POINT('',#5452);
#5452 = CARTESIAN_POINT('',(12.219618447398,-7.055,5.675));
#5453 = SEAM_CURVE('',#5454,(#5458,#5465),.PCURVE_S1.);
#5454 = LINE('',#5455,#5456);
#5455 = CARTESIAN_POINT('',(12.219618447398,-7.055,5.675));
#5456 = VECTOR('',#5457,1.);
#5457 = DIRECTION('',(0.,0.,1.));
#5458 = PCURVE('',#3651,#5459);
#5459 = DEFINITIONAL_REPRESENTATION('',(#5460),#5464);
#5460 = LINE('',#5461,#5462);
#5461 = CARTESIAN_POINT('',(6.28318530718,-0.));
#5462 = VECTOR('',#5463,1.);
#5463 = DIRECTION('',(0.,1.));
#5464 = ( GEOMETRIC_REPRESENTATION_CONTEXT(2) 
PARAMETRIC_REPRESENTATION_CONTEXT() REPRESENTATION_CONTEXT('2D SPACE',''
  ) );
#5465 = PCURVE('',#3651,#5466);
#5466 = DEFINITIONAL_REPRESENTATION('',(#5467),#5471);
#5467 = LINE('',#5468,#5469);
#5468 = CARTESIAN_POINT('',(0.,-0.));
#5469 = VECTOR('',#5470,1.);
#5470 = DIRECTION('',(0.,1.));
#5471 = ( GEOMETRIC_REPRESENTATION_CONTEXT(2) 
PARAMETRIC_REPRESENTATION_CONTEXT() REPRESENTATION_CONTEXT('2D SPACE',''
  ) );
#5472 = ORIENTED_EDGE('',*,*,#5473,.T.);
#5473 = EDGE_CURVE('',#5451,#5451,#5474,.T.);
#5474 = SURFACE_CURVE('',#5475,(#5480,#5487),.PCURVE_S1.);
#5475 = CIRCLE('',#5476,2.71);
#5476 = AXIS2_PLACEMENT_3D('',#5477,#5478,#5479);
#5477 = CARTESIAN_POINT('',(9.872689603143,-5.7,5.675));
#5478 = DIRECTION('',(-0.,0.,1.));
#5479 = DIRECTION('',(0.866025403784,-0.5,0.));
#5480 = PCURVE('',#3651,#5481);
#5481 = DEFINITIONAL_REPRESENTATION('',(#5482),#5486);
#5482 = LINE('',#5483,#5484);
#5483 = CARTESIAN_POINT('',(0.,0.));
#5484 = VECTOR('',#5485,1.);
#5485 = DIRECTION('',(1.,0.));
#5486 = ( GEOMETRIC_REPRESENTATION_CONTEXT(2) 
PARAMETRIC_REPRESENTATION_CONTEXT() REPRESENTATION_CONTEXT('2D SPACE',''
  ) );
#5487 = PCURVE('',#5488,#5493);
#5488 = PLANE('',#5489);
#5489 = AXIS2_PLACEMENT_3D('',#5490,#5491,#5492);
#5490 = CARTESIAN_POINT('',(9.872689603143,-5.7,5.675));
#5491 = DIRECTION('',(0.,0.,1.));
#5492 = DIRECTION('',(0.866025403784,-0.5,0.));
#5493 = DEFINITIONAL_REPRESENTATION('',(#5494),#5498);
#5494 = CIRCLE('',#5495,2.71);
#5495 = AXIS2_PLACEMENT_2D('',#5496,#5497);
#5496 = CARTESIAN_POINT('',(0.,0.));
#5497 = DIRECTION('',(1.,0.));
#5498 = ( GEOMETRIC_REPRESENTATION_CONTEXT(2) 
PARAMETRIC_REPRESENTATION_CONTEXT() REPRESENTATION_CONTEXT('2D SPACE',''
  ) );
#5499 = ORIENTED_EDGE('',*,*,#5450,.T.);
#5500 = ORIENTED_EDGE('',*,*,#3667,.T.);
#5501 = ADVANCED_FACE('',(#5502),#3952,.T.);
#5502 = FACE_BOUND('',#5503,.T.);
#5503 = EDGE_LOOP('',(#5504,#5527,#5555,#5576,#5577));
#5504 = ORIENTED_EDGE('',*,*,#5505,.F.);
#5505 = EDGE_CURVE('',#5506,#4097,#5508,.T.);
#5506 = VERTEX_POINT('',#5507);
#5507 = CARTESIAN_POINT('',(12.47925946355,-6.685288568297,10.6));
#5508 = SURFACE_CURVE('',#5509,(#5513,#5520),.PCURVE_S1.);
#5509 = LINE('',#5510,#5511);
#5510 = CARTESIAN_POINT('',(12.47925946355,-6.685288568297,10.6));
#5511 = VECTOR('',#5512,1.);
#5512 = DIRECTION('',(0.866025403784,-0.5,0.));
#5513 = PCURVE('',#3952,#5514);
#5514 = DEFINITIONAL_REPRESENTATION('',(#5515),#5519);
#5515 = LINE('',#5516,#5517);
#5516 = CARTESIAN_POINT('',(-7.216449660064E-16,0.9));
#5517 = VECTOR('',#5518,1.);
#5518 = DIRECTION('',(1.,0.));
#5519 = ( GEOMETRIC_REPRESENTATION_CONTEXT(2) 
PARAMETRIC_REPRESENTATION_CONTEXT() REPRESENTATION_CONTEXT('2D SPACE',''
  ) );
#5520 = PCURVE('',#4112,#5521);
#5521 = DEFINITIONAL_REPRESENTATION('',(#5522),#5526);
#5522 = LINE('',#5523,#5524);
#5523 = CARTESIAN_POINT('',(0.,0.));
#5524 = VECTOR('',#5525,1.);
#5525 = DIRECTION('',(0.,1.));
#5526 = ( GEOMETRIC_REPRESENTATION_CONTEXT(2) 
PARAMETRIC_REPRESENTATION_CONTEXT() REPRESENTATION_CONTEXT('2D SPACE',''
  ) );
#5527 = ORIENTED_EDGE('',*,*,#5528,.F.);
#5528 = EDGE_CURVE('',#5529,#5506,#5531,.T.);
#5529 = VERTEX_POINT('',#5530);
#5530 = CARTESIAN_POINT('',(12.02925946355,-7.464711431703,10.6));
#5531 = SURFACE_CURVE('',#5532,(#5536,#5543),.PCURVE_S1.);
#5532 = LINE('',#5533,#5534);
#5533 = CARTESIAN_POINT('',(12.02925946355,-7.464711431703,10.6));
#5534 = VECTOR('',#5535,1.);
#5535 = DIRECTION('',(0.5,0.866025403784,0.));
#5536 = PCURVE('',#3952,#5537);
#5537 = DEFINITIONAL_REPRESENTATION('',(#5538),#5542);
#5538 = LINE('',#5539,#5540);
#5539 = CARTESIAN_POINT('',(0.,0.));
#5540 = VECTOR('',#5541,1.);
#5541 = DIRECTION('',(0.,1.));
#5542 = ( GEOMETRIC_REPRESENTATION_CONTEXT(2) 
PARAMETRIC_REPRESENTATION_CONTEXT() REPRESENTATION_CONTEXT('2D SPACE',''
  ) );
#5543 = PCURVE('',#5544,#5549);
#5544 = PLANE('',#5545);
#5545 = AXIS2_PLACEMENT_3D('',#5546,#5547,#5548);
#5546 = CARTESIAN_POINT('',(12.02925946355,-7.464711431703,10.6));
#5547 = DIRECTION('',(0.866025403784,-0.5,0.));
#5548 = DIRECTION('',(0.,0.,1.));
#5549 = DEFINITIONAL_REPRESENTATION('',(#5550),#5554);
#5550 = LINE('',#5551,#5552);
#5551 = CARTESIAN_POINT('',(0.,0.));
#5552 = VECTOR('',#5553,1.);
#5553 = DIRECTION('',(0.,-1.));
#5554 = ( GEOMETRIC_REPRESENTATION_CONTEXT(2) 
PARAMETRIC_REPRESENTATION_CONTEXT() REPRESENTATION_CONTEXT('2D SPACE',''
  ) );
#5555 = ORIENTED_EDGE('',*,*,#5556,.T.);
#5556 = EDGE_CURVE('',#5529,#3934,#5557,.T.);
#5557 = SURFACE_CURVE('',#5558,(#5562,#5569),.PCURVE_S1.);
#5558 = LINE('',#5559,#5560);
#5559 = CARTESIAN_POINT('',(12.02925946355,-7.464711431703,10.6));
#5560 = VECTOR('',#5561,1.);
#5561 = DIRECTION('',(0.866025403784,-0.5,0.));
#5562 = PCURVE('',#3952,#5563);
#5563 = DEFINITIONAL_REPRESENTATION('',(#5564),#5568);
#5564 = LINE('',#5565,#5566);
#5565 = CARTESIAN_POINT('',(0.,0.));
#5566 = VECTOR('',#5567,1.);
#5567 = DIRECTION('',(1.,0.));
#5568 = ( GEOMETRIC_REPRESENTATION_CONTEXT(2) 
PARAMETRIC_REPRESENTATION_CONTEXT() REPRESENTATION_CONTEXT('2D SPACE',''
  ) );
#5569 = PCURVE('',#3980,#5570);
#5570 = DEFINITIONAL_REPRESENTATION('',(#5571),#5575);
#5571 = LINE('',#5572,#5573);
#5572 = CARTESIAN_POINT('',(0.,0.));
#5573 = VECTOR('',#5574,1.);
#5574 = DIRECTION('',(0.,1.));
#5575 = ( GEOMETRIC_REPRESENTATION_CONTEXT(2) 
PARAMETRIC_REPRESENTATION_CONTEXT() REPRESENTATION_CONTEXT('2D SPACE',''
  ) );
#5576 = ORIENTED_EDGE('',*,*,#3933,.T.);
#5577 = ORIENTED_EDGE('',*,*,#4124,.T.);
#5578 = ADVANCED_FACE('',(#5579),#4112,.F.);
#5579 = FACE_BOUND('',#5580,.F.);
#5580 = EDGE_LOOP('',(#5581,#5582,#5605,#5626));
#5581 = ORIENTED_EDGE('',*,*,#5505,.F.);
#5582 = ORIENTED_EDGE('',*,*,#5583,.T.);
#5583 = EDGE_CURVE('',#5506,#5584,#5586,.T.);
#5584 = VERTEX_POINT('',#5585);
#5585 = CARTESIAN_POINT('',(12.47925946355,-6.685288568297,12.1));
#5586 = SURFACE_CURVE('',#5587,(#5591,#5598),.PCURVE_S1.);
#5587 = LINE('',#5588,#5589);
#5588 = CARTESIAN_POINT('',(12.47925946355,-6.685288568297,10.6));
#5589 = VECTOR('',#5590,1.);
#5590 = DIRECTION('',(0.,0.,1.));
#5591 = PCURVE('',#4112,#5592);
#5592 = DEFINITIONAL_REPRESENTATION('',(#5593),#5597);
#5593 = LINE('',#5594,#5595);
#5594 = CARTESIAN_POINT('',(0.,0.));
#5595 = VECTOR('',#5596,1.);
#5596 = DIRECTION('',(1.,0.));
#5597 = ( GEOMETRIC_REPRESENTATION_CONTEXT(2) 
PARAMETRIC_REPRESENTATION_CONTEXT() REPRESENTATION_CONTEXT('2D SPACE',''
  ) );
#5598 = PCURVE('',#5544,#5599);
#5599 = DEFINITIONAL_REPRESENTATION('',(#5600),#5604);
#5600 = LINE('',#5601,#5602);
#5601 = CARTESIAN_POINT('',(0.,-0.9));
#5602 = VECTOR('',#5603,1.);
#5603 = DIRECTION('',(1.,0.));
#5604 = ( GEOMETRIC_REPRESENTATION_CONTEXT(2) 
PARAMETRIC_REPRESENTATION_CONTEXT() REPRESENTATION_CONTEXT('2D SPACE',''
  ) );
#5605 = ORIENTED_EDGE('',*,*,#5606,.T.);
#5606 = EDGE_CURVE('',#5584,#4073,#5607,.T.);
#5607 = SURFACE_CURVE('',#5608,(#5612,#5619),.PCURVE_S1.);
#5608 = LINE('',#5609,#5610);
#5609 = CARTESIAN_POINT('',(12.47925946355,-6.685288568297,12.1));
#5610 = VECTOR('',#5611,1.);
#5611 = DIRECTION('',(0.866025403784,-0.5,0.));
#5612 = PCURVE('',#4112,#5613);
#5613 = DEFINITIONAL_REPRESENTATION('',(#5614),#5618);
#5614 = LINE('',#5615,#5616);
#5615 = CARTESIAN_POINT('',(1.5,0.));
#5616 = VECTOR('',#5617,1.);
#5617 = DIRECTION('',(0.,1.));
#5618 = ( GEOMETRIC_REPRESENTATION_CONTEXT(2) 
PARAMETRIC_REPRESENTATION_CONTEXT() REPRESENTATION_CONTEXT('2D SPACE',''
  ) );
#5619 = PCURVE('',#4009,#5620);
#5620 = DEFINITIONAL_REPRESENTATION('',(#5621),#5625);
#5621 = LINE('',#5622,#5623);
#5622 = CARTESIAN_POINT('',(-7.216449660064E-16,0.9));
#5623 = VECTOR('',#5624,1.);
#5624 = DIRECTION('',(1.,0.));
#5625 = ( GEOMETRIC_REPRESENTATION_CONTEXT(2) 
PARAMETRIC_REPRESENTATION_CONTEXT() REPRESENTATION_CONTEXT('2D SPACE',''
  ) );
#5626 = ORIENTED_EDGE('',*,*,#4096,.F.);
#5627 = ADVANCED_FACE('',(#5628),#4009,.F.);
#5628 = FACE_BOUND('',#5629,.F.);
#5629 = EDGE_LOOP('',(#5630,#5631,#5654,#5675,#5676));
#5630 = ORIENTED_EDGE('',*,*,#5606,.F.);
#5631 = ORIENTED_EDGE('',*,*,#5632,.F.);
#5632 = EDGE_CURVE('',#5633,#5584,#5635,.T.);
#5633 = VERTEX_POINT('',#5634);
#5634 = CARTESIAN_POINT('',(12.02925946355,-7.464711431703,12.1));
#5635 = SURFACE_CURVE('',#5636,(#5640,#5647),.PCURVE_S1.);
#5636 = LINE('',#5637,#5638);
#5637 = CARTESIAN_POINT('',(12.02925946355,-7.464711431703,12.1));
#5638 = VECTOR('',#5639,1.);
#5639 = DIRECTION('',(0.5,0.866025403784,0.));
#5640 = PCURVE('',#4009,#5641);
#5641 = DEFINITIONAL_REPRESENTATION('',(#5642),#5646);
#5642 = LINE('',#5643,#5644);
#5643 = CARTESIAN_POINT('',(0.,0.));
#5644 = VECTOR('',#5645,1.);
#5645 = DIRECTION('',(0.,1.));
#5646 = ( GEOMETRIC_REPRESENTATION_CONTEXT(2) 
PARAMETRIC_REPRESENTATION_CONTEXT() REPRESENTATION_CONTEXT('2D SPACE',''
  ) );
#5647 = PCURVE('',#5544,#5648);
#5648 = DEFINITIONAL_REPRESENTATION('',(#5649),#5653);
#5649 = LINE('',#5650,#5651);
#5650 = CARTESIAN_POINT('',(1.5,0.));
#5651 = VECTOR('',#5652,1.);
#5652 = DIRECTION('',(0.,-1.));
#5653 = ( GEOMETRIC_REPRESENTATION_CONTEXT(2) 
PARAMETRIC_REPRESENTATION_CONTEXT() REPRESENTATION_CONTEXT('2D SPACE',''
  ) );
#5654 = ORIENTED_EDGE('',*,*,#5655,.T.);
#5655 = EDGE_CURVE('',#5633,#3965,#5656,.T.);
#5656 = SURFACE_CURVE('',#5657,(#5661,#5668),.PCURVE_S1.);
#5657 = LINE('',#5658,#5659);
#5658 = CARTESIAN_POINT('',(12.02925946355,-7.464711431703,12.1));
#5659 = VECTOR('',#5660,1.);
#5660 = DIRECTION('',(0.866025403784,-0.5,0.));
#5661 = PCURVE('',#4009,#5662);
#5662 = DEFINITIONAL_REPRESENTATION('',(#5663),#5667);
#5663 = LINE('',#5664,#5665);
#5664 = CARTESIAN_POINT('',(0.,0.));
#5665 = VECTOR('',#5666,1.);
#5666 = DIRECTION('',(1.,0.));
#5667 = ( GEOMETRIC_REPRESENTATION_CONTEXT(2) 
PARAMETRIC_REPRESENTATION_CONTEXT() REPRESENTATION_CONTEXT('2D SPACE',''
  ) );
#5668 = PCURVE('',#3980,#5669);
#5669 = DEFINITIONAL_REPRESENTATION('',(#5670),#5674);
#5670 = LINE('',#5671,#5672);
#5671 = CARTESIAN_POINT('',(1.5,0.));
#5672 = VECTOR('',#5673,1.);
#5673 = DIRECTION('',(0.,1.));
#5674 = ( GEOMETRIC_REPRESENTATION_CONTEXT(2) 
PARAMETRIC_REPRESENTATION_CONTEXT() REPRESENTATION_CONTEXT('2D SPACE',''
  ) );
#5675 = ORIENTED_EDGE('',*,*,#3992,.T.);
#5676 = ORIENTED_EDGE('',*,*,#4072,.T.);
#5677 = ADVANCED_FACE('',(#5678,#5681),#4059,.T.);
#5678 = FACE_BOUND('',#5679,.T.);
#5679 = EDGE_LOOP('',(#5680));
#5680 = ORIENTED_EDGE('',*,*,#4044,.T.);
#5681 = FACE_BOUND('',#5682,.T.);
#5682 = EDGE_LOOP('',(#5683,#5713,#5741,#5769,#5797,#5825));
#5683 = ORIENTED_EDGE('',*,*,#5684,.T.);
#5684 = EDGE_CURVE('',#5685,#5687,#5689,.T.);
#5685 = VERTEX_POINT('',#5686);
#5686 = CARTESIAN_POINT('',(9.872689603143,-4.545299461621,12.2));
#5687 = VERTEX_POINT('',#5688);
#5688 = CARTESIAN_POINT('',(10.872689603143,-5.12264973081,12.2));
#5689 = SURFACE_CURVE('',#5690,(#5694,#5701),.PCURVE_S1.);
#5690 = LINE('',#5691,#5692);
#5691 = CARTESIAN_POINT('',(10.622689603143,-4.978312163513,12.2));
#5692 = VECTOR('',#5693,1.);
#5693 = DIRECTION('',(0.866025403784,-0.5,0.));
#5694 = PCURVE('',#4059,#5695);
#5695 = DEFINITIONAL_REPRESENTATION('',(#5696),#5700);
#5696 = LINE('',#5697,#5698);
#5697 = CARTESIAN_POINT('',(0.288675134595,1.));
#5698 = VECTOR('',#5699,1.);
#5699 = DIRECTION('',(1.,-1.665334536938E-16));
#5700 = ( GEOMETRIC_REPRESENTATION_CONTEXT(2) 
PARAMETRIC_REPRESENTATION_CONTEXT() REPRESENTATION_CONTEXT('2D SPACE',''
  ) );
#5701 = PCURVE('',#5702,#5707);
#5702 = PLANE('',#5703);
#5703 = AXIS2_PLACEMENT_3D('',#5704,#5705,#5706);
#5704 = CARTESIAN_POINT('',(10.872689603143,-5.12264973081,9.8));
#5705 = DIRECTION('',(-0.5,-0.866025403784,0.));
#5706 = DIRECTION('',(-0.866025403784,0.5,0.));
#5707 = DEFINITIONAL_REPRESENTATION('',(#5708),#5712);
#5708 = LINE('',#5709,#5710);
#5709 = CARTESIAN_POINT('',(0.288675134595,-2.4));
#5710 = VECTOR('',#5711,1.);
#5711 = DIRECTION('',(-1.,0.));
#5712 = ( GEOMETRIC_REPRESENTATION_CONTEXT(2) 
PARAMETRIC_REPRESENTATION_CONTEXT() REPRESENTATION_CONTEXT('2D SPACE',''
  ) );
#5713 = ORIENTED_EDGE('',*,*,#5714,.T.);
#5714 = EDGE_CURVE('',#5687,#5715,#5717,.T.);
#5715 = VERTEX_POINT('',#5716);
#5716 = CARTESIAN_POINT('',(10.872689603143,-6.27735026919,12.2));
#5717 = SURFACE_CURVE('',#5718,(#5722,#5729),.PCURVE_S1.);
#5718 = LINE('',#5719,#5720);
#5719 = CARTESIAN_POINT('',(10.872689603143,-5.988675134595,12.2));
#5720 = VECTOR('',#5721,1.);
#5721 = DIRECTION('',(-5.551115123126E-16,-1.,0.));
#5722 = PCURVE('',#4059,#5723);
#5723 = DEFINITIONAL_REPRESENTATION('',(#5724),#5728);
#5724 = LINE('',#5725,#5726);
#5725 = CARTESIAN_POINT('',(1.010362971082,0.25));
#5726 = VECTOR('',#5727,1.);
#5727 = DIRECTION('',(0.5,-0.866025403784));
#5728 = ( GEOMETRIC_REPRESENTATION_CONTEXT(2) 
PARAMETRIC_REPRESENTATION_CONTEXT() REPRESENTATION_CONTEXT('2D SPACE',''
  ) );
#5729 = PCURVE('',#5730,#5735);
#5730 = PLANE('',#5731);
#5731 = AXIS2_PLACEMENT_3D('',#5732,#5733,#5734);
#5732 = CARTESIAN_POINT('',(10.872689603143,-6.27735026919,9.8));
#5733 = DIRECTION('',(-1.,5.551115123126E-16,0.));
#5734 = DIRECTION('',(5.551115123126E-16,1.,0.));
#5735 = DEFINITIONAL_REPRESENTATION('',(#5736),#5740);
#5736 = LINE('',#5737,#5738);
#5737 = CARTESIAN_POINT('',(0.288675134595,-2.4));
#5738 = VECTOR('',#5739,1.);
#5739 = DIRECTION('',(-1.,-0.));
#5740 = ( GEOMETRIC_REPRESENTATION_CONTEXT(2) 
PARAMETRIC_REPRESENTATION_CONTEXT() REPRESENTATION_CONTEXT('2D SPACE',''
  ) );
#5741 = ORIENTED_EDGE('',*,*,#5742,.T.);
#5742 = EDGE_CURVE('',#5715,#5743,#5745,.T.);
#5743 = VERTEX_POINT('',#5744);
#5744 = CARTESIAN_POINT('',(9.872689603143,-6.854700538379,12.2));
#5745 = SURFACE_CURVE('',#5746,(#5750,#5757),.PCURVE_S1.);
#5746 = LINE('',#5747,#5748);
#5747 = CARTESIAN_POINT('',(10.122689603143,-6.710362971082,12.2));
#5748 = VECTOR('',#5749,1.);
#5749 = DIRECTION('',(-0.866025403784,-0.5,0.));
#5750 = PCURVE('',#4059,#5751);
#5751 = DEFINITIONAL_REPRESENTATION('',(#5752),#5756);
#5752 = LINE('',#5753,#5754);
#5753 = CARTESIAN_POINT('',(0.721687836487,-0.75));
#5754 = VECTOR('',#5755,1.);
#5755 = DIRECTION('',(-0.5,-0.866025403784));
#5756 = ( GEOMETRIC_REPRESENTATION_CONTEXT(2) 
PARAMETRIC_REPRESENTATION_CONTEXT() REPRESENTATION_CONTEXT('2D SPACE',''
  ) );
#5757 = PCURVE('',#5758,#5763);
#5758 = PLANE('',#5759);
#5759 = AXIS2_PLACEMENT_3D('',#5760,#5761,#5762);
#5760 = CARTESIAN_POINT('',(9.872689603143,-6.854700538379,9.8));
#5761 = DIRECTION('',(-0.5,0.866025403784,0.));
#5762 = DIRECTION('',(0.866025403784,0.5,0.));
#5763 = DEFINITIONAL_REPRESENTATION('',(#5764),#5768);
#5764 = LINE('',#5765,#5766);
#5765 = CARTESIAN_POINT('',(0.288675134595,-2.4));
#5766 = VECTOR('',#5767,1.);
#5767 = DIRECTION('',(-1.,-0.));
#5768 = ( GEOMETRIC_REPRESENTATION_CONTEXT(2) 
PARAMETRIC_REPRESENTATION_CONTEXT() REPRESENTATION_CONTEXT('2D SPACE',''
  ) );
#5769 = ORIENTED_EDGE('',*,*,#5770,.T.);
#5770 = EDGE_CURVE('',#5743,#5771,#5773,.T.);
#5771 = VERTEX_POINT('',#5772);
#5772 = CARTESIAN_POINT('',(8.872689603143,-6.27735026919,12.2));
#5773 = SURFACE_CURVE('',#5774,(#5778,#5785),.PCURVE_S1.);
#5774 = LINE('',#5775,#5776);
#5775 = CARTESIAN_POINT('',(9.122689603143,-6.421687836487,12.2));
#5776 = VECTOR('',#5777,1.);
#5777 = DIRECTION('',(-0.866025403784,0.5,0.));
#5778 = PCURVE('',#4059,#5779);
#5779 = DEFINITIONAL_REPRESENTATION('',(#5780),#5784);
#5780 = LINE('',#5781,#5782);
#5781 = CARTESIAN_POINT('',(-0.288675134595,-1.));
#5782 = VECTOR('',#5783,1.);
#5783 = DIRECTION('',(-1.,6.106226635438E-16));
#5784 = ( GEOMETRIC_REPRESENTATION_CONTEXT(2) 
PARAMETRIC_REPRESENTATION_CONTEXT() REPRESENTATION_CONTEXT('2D SPACE',''
  ) );
#5785 = PCURVE('',#5786,#5791);
#5786 = PLANE('',#5787);
#5787 = AXIS2_PLACEMENT_3D('',#5788,#5789,#5790);
#5788 = CARTESIAN_POINT('',(8.872689603143,-6.27735026919,9.8));
#5789 = DIRECTION('',(0.5,0.866025403784,0.));
#5790 = DIRECTION('',(0.866025403784,-0.5,0.));
#5791 = DEFINITIONAL_REPRESENTATION('',(#5792),#5796);
#5792 = LINE('',#5793,#5794);
#5793 = CARTESIAN_POINT('',(0.288675134595,-2.4));
#5794 = VECTOR('',#5795,1.);
#5795 = DIRECTION('',(-1.,-0.));
#5796 = ( GEOMETRIC_REPRESENTATION_CONTEXT(2) 
PARAMETRIC_REPRESENTATION_CONTEXT() REPRESENTATION_CONTEXT('2D SPACE',''
  ) );
#5797 = ORIENTED_EDGE('',*,*,#5798,.T.);
#5798 = EDGE_CURVE('',#5771,#5799,#5801,.T.);
#5799 = VERTEX_POINT('',#5800);
#5800 = CARTESIAN_POINT('',(8.872689603143,-5.12264973081,12.2));
#5801 = SURFACE_CURVE('',#5802,(#5806,#5813),.PCURVE_S1.);
#5802 = LINE('',#5803,#5804);
#5803 = CARTESIAN_POINT('',(8.872689603143,-5.411324865405,12.2));
#5804 = VECTOR('',#5805,1.);
#5805 = DIRECTION('',(9.992007221626E-16,1.,0.));
#5806 = PCURVE('',#4059,#5807);
#5807 = DEFINITIONAL_REPRESENTATION('',(#5808),#5812);
#5808 = LINE('',#5809,#5810);
#5809 = CARTESIAN_POINT('',(-1.010362971082,-0.25));
#5810 = VECTOR('',#5811,1.);
#5811 = DIRECTION('',(-0.5,0.866025403784));
#5812 = ( GEOMETRIC_REPRESENTATION_CONTEXT(2) 
PARAMETRIC_REPRESENTATION_CONTEXT() REPRESENTATION_CONTEXT('2D SPACE',''
  ) );
#5813 = PCURVE('',#5814,#5819);
#5814 = PLANE('',#5815);
#5815 = AXIS2_PLACEMENT_3D('',#5816,#5817,#5818);
#5816 = CARTESIAN_POINT('',(8.872689603143,-5.12264973081,9.8));
#5817 = DIRECTION('',(1.,-9.992007221626E-16,0.));
#5818 = DIRECTION('',(-9.992007221626E-16,-1.,0.));
#5819 = DEFINITIONAL_REPRESENTATION('',(#5820),#5824);
#5820 = LINE('',#5821,#5822);
#5821 = CARTESIAN_POINT('',(0.288675134595,-2.4));
#5822 = VECTOR('',#5823,1.);
#5823 = DIRECTION('',(-1.,0.));
#5824 = ( GEOMETRIC_REPRESENTATION_CONTEXT(2) 
PARAMETRIC_REPRESENTATION_CONTEXT() REPRESENTATION_CONTEXT('2D SPACE',''
  ) );
#5825 = ORIENTED_EDGE('',*,*,#5826,.T.);
#5826 = EDGE_CURVE('',#5799,#5685,#5827,.T.);
#5827 = SURFACE_CURVE('',#5828,(#5832,#5839),.PCURVE_S1.);
#5828 = LINE('',#5829,#5830);
#5829 = CARTESIAN_POINT('',(9.622689603143,-4.689637028918,12.2));
#5830 = VECTOR('',#5831,1.);
#5831 = DIRECTION('',(0.866025403784,0.5,0.));
#5832 = PCURVE('',#4059,#5833);
#5833 = DEFINITIONAL_REPRESENTATION('',(#5834),#5838);
#5834 = LINE('',#5835,#5836);
#5835 = CARTESIAN_POINT('',(-0.721687836487,0.75));
#5836 = VECTOR('',#5837,1.);
#5837 = DIRECTION('',(0.5,0.866025403784));
#5838 = ( GEOMETRIC_REPRESENTATION_CONTEXT(2) 
PARAMETRIC_REPRESENTATION_CONTEXT() REPRESENTATION_CONTEXT('2D SPACE',''
  ) );
#5839 = PCURVE('',#5840,#5845);
#5840 = PLANE('',#5841);
#5841 = AXIS2_PLACEMENT_3D('',#5842,#5843,#5844);
#5842 = CARTESIAN_POINT('',(9.872689603143,-4.545299461621,9.8));
#5843 = DIRECTION('',(0.5,-0.866025403784,0.));
#5844 = DIRECTION('',(-0.866025403784,-0.5,0.));
#5845 = DEFINITIONAL_REPRESENTATION('',(#5846),#5850);
#5846 = LINE('',#5847,#5848);
#5847 = CARTESIAN_POINT('',(0.288675134595,-2.4));
#5848 = VECTOR('',#5849,1.);
#5849 = DIRECTION('',(-1.,0.));
#5850 = ( GEOMETRIC_REPRESENTATION_CONTEXT(2) 
PARAMETRIC_REPRESENTATION_CONTEXT() REPRESENTATION_CONTEXT('2D SPACE',''
  ) );
#5851 = ADVANCED_FACE('',(#5852),#3980,.T.);
#5852 = FACE_BOUND('',#5853,.T.);
#5853 = EDGE_LOOP('',(#5854,#5855,#5876,#5877));
#5854 = ORIENTED_EDGE('',*,*,#5556,.F.);
#5855 = ORIENTED_EDGE('',*,*,#5856,.T.);
#5856 = EDGE_CURVE('',#5529,#5633,#5857,.T.);
#5857 = SURFACE_CURVE('',#5858,(#5862,#5869),.PCURVE_S1.);
#5858 = LINE('',#5859,#5860);
#5859 = CARTESIAN_POINT('',(12.02925946355,-7.464711431703,10.6));
#5860 = VECTOR('',#5861,1.);
#5861 = DIRECTION('',(0.,0.,1.));
#5862 = PCURVE('',#3980,#5863);
#5863 = DEFINITIONAL_REPRESENTATION('',(#5864),#5868);
#5864 = LINE('',#5865,#5866);
#5865 = CARTESIAN_POINT('',(0.,0.));
#5866 = VECTOR('',#5867,1.);
#5867 = DIRECTION('',(1.,0.));
#5868 = ( GEOMETRIC_REPRESENTATION_CONTEXT(2) 
PARAMETRIC_REPRESENTATION_CONTEXT() REPRESENTATION_CONTEXT('2D SPACE',''
  ) );
#5869 = PCURVE('',#5544,#5870);
#5870 = DEFINITIONAL_REPRESENTATION('',(#5871),#5875);
#5871 = LINE('',#5872,#5873);
#5872 = CARTESIAN_POINT('',(0.,0.));
#5873 = VECTOR('',#5874,1.);
#5874 = DIRECTION('',(1.,0.));
#5875 = ( GEOMETRIC_REPRESENTATION_CONTEXT(2) 
PARAMETRIC_REPRESENTATION_CONTEXT() REPRESENTATION_CONTEXT('2D SPACE',''
  ) );
#5876 = ORIENTED_EDGE('',*,*,#5655,.T.);
#5877 = ORIENTED_EDGE('',*,*,#3964,.F.);
#5878 = ADVANCED_FACE('',(#5879),#4190,.T.);
#5879 = FACE_BOUND('',#5880,.T.);
#5880 = EDGE_LOOP('',(#5881,#5904,#5932,#5953));
#5881 = ORIENTED_EDGE('',*,*,#5882,.F.);
#5882 = EDGE_CURVE('',#5883,#4174,#5885,.T.);
#5883 = VERTEX_POINT('',#5884);
#5884 = CARTESIAN_POINT('',(12.622689603143,-5.25,10.6));
#5885 = SURFACE_CURVE('',#5886,(#5890,#5897),.PCURVE_S1.);
#5886 = LINE('',#5887,#5888);
#5887 = CARTESIAN_POINT('',(12.622689603143,-5.25,10.6));
#5888 = VECTOR('',#5889,1.);
#5889 = DIRECTION('',(1.,-6.106226635438E-16,0.));
#5890 = PCURVE('',#4190,#5891);
#5891 = DEFINITIONAL_REPRESENTATION('',(#5892),#5896);
#5892 = LINE('',#5893,#5894);
#5893 = CARTESIAN_POINT('',(-5.495603971895E-16,0.9));
#5894 = VECTOR('',#5895,1.);
#5895 = DIRECTION('',(1.,0.));
#5896 = ( GEOMETRIC_REPRESENTATION_CONTEXT(2) 
PARAMETRIC_REPRESENTATION_CONTEXT() REPRESENTATION_CONTEXT('2D SPACE',''
  ) );
#5897 = PCURVE('',#4273,#5898);
#5898 = DEFINITIONAL_REPRESENTATION('',(#5899),#5903);
#5899 = LINE('',#5900,#5901);
#5900 = CARTESIAN_POINT('',(0.,0.));
#5901 = VECTOR('',#5902,1.);
#5902 = DIRECTION('',(0.,1.));
#5903 = ( GEOMETRIC_REPRESENTATION_CONTEXT(2) 
PARAMETRIC_REPRESENTATION_CONTEXT() REPRESENTATION_CONTEXT('2D SPACE',''
  ) );
#5904 = ORIENTED_EDGE('',*,*,#5905,.F.);
#5905 = EDGE_CURVE('',#5906,#5883,#5908,.T.);
#5906 = VERTEX_POINT('',#5907);
#5907 = CARTESIAN_POINT('',(12.622689603143,-6.15,10.6));
#5908 = SURFACE_CURVE('',#5909,(#5913,#5920),.PCURVE_S1.);
#5909 = LINE('',#5910,#5911);
#5910 = CARTESIAN_POINT('',(12.622689603143,-6.15,10.6));
#5911 = VECTOR('',#5912,1.);
#5912 = DIRECTION('',(6.106226635438E-16,1.,0.));
#5913 = PCURVE('',#4190,#5914);
#5914 = DEFINITIONAL_REPRESENTATION('',(#5915),#5919);
#5915 = LINE('',#5916,#5917);
#5916 = CARTESIAN_POINT('',(0.,0.));
#5917 = VECTOR('',#5918,1.);
#5918 = DIRECTION('',(0.,1.));
#5919 = ( GEOMETRIC_REPRESENTATION_CONTEXT(2) 
PARAMETRIC_REPRESENTATION_CONTEXT() REPRESENTATION_CONTEXT('2D SPACE',''
  ) );
#5920 = PCURVE('',#5921,#5926);
#5921 = PLANE('',#5922);
#5922 = AXIS2_PLACEMENT_3D('',#5923,#5924,#5925);
#5923 = CARTESIAN_POINT('',(12.622689603143,-6.15,10.6));
#5924 = DIRECTION('',(1.,-6.106226635438E-16,0.));
#5925 = DIRECTION('',(0.,0.,1.));
#5926 = DEFINITIONAL_REPRESENTATION('',(#5927),#5931);
#5927 = LINE('',#5928,#5929);
#5928 = CARTESIAN_POINT('',(0.,0.));
#5929 = VECTOR('',#5930,1.);
#5930 = DIRECTION('',(0.,-1.));
#5931 = ( GEOMETRIC_REPRESENTATION_CONTEXT(2) 
PARAMETRIC_REPRESENTATION_CONTEXT() REPRESENTATION_CONTEXT('2D SPACE',''
  ) );
#5932 = ORIENTED_EDGE('',*,*,#5933,.T.);
#5933 = EDGE_CURVE('',#5906,#4172,#5934,.T.);
#5934 = SURFACE_CURVE('',#5935,(#5939,#5946),.PCURVE_S1.);
#5935 = LINE('',#5936,#5937);
#5936 = CARTESIAN_POINT('',(12.622689603143,-6.15,10.6));
#5937 = VECTOR('',#5938,1.);
#5938 = DIRECTION('',(1.,-6.106226635438E-16,0.));
#5939 = PCURVE('',#4190,#5940);
#5940 = DEFINITIONAL_REPRESENTATION('',(#5941),#5945);
#5941 = LINE('',#5942,#5943);
#5942 = CARTESIAN_POINT('',(0.,0.));
#5943 = VECTOR('',#5944,1.);
#5944 = DIRECTION('',(1.,0.));
#5945 = ( GEOMETRIC_REPRESENTATION_CONTEXT(2) 
PARAMETRIC_REPRESENTATION_CONTEXT() REPRESENTATION_CONTEXT('2D SPACE',''
  ) );
#5946 = PCURVE('',#4218,#5947);
#5947 = DEFINITIONAL_REPRESENTATION('',(#5948),#5952);
#5948 = LINE('',#5949,#5950);
#5949 = CARTESIAN_POINT('',(0.,0.));
#5950 = VECTOR('',#5951,1.);
#5951 = DIRECTION('',(0.,1.));
#5952 = ( GEOMETRIC_REPRESENTATION_CONTEXT(2) 
PARAMETRIC_REPRESENTATION_CONTEXT() REPRESENTATION_CONTEXT('2D SPACE',''
  ) );
#5953 = ORIENTED_EDGE('',*,*,#4171,.T.);
#5954 = ADVANCED_FACE('',(#5955),#4218,.T.);
#5955 = FACE_BOUND('',#5956,.T.);
#5956 = EDGE_LOOP('',(#5957,#5958,#5981,#6002));
#5957 = ORIENTED_EDGE('',*,*,#5933,.F.);
#5958 = ORIENTED_EDGE('',*,*,#5959,.T.);
#5959 = EDGE_CURVE('',#5906,#5960,#5962,.T.);
#5960 = VERTEX_POINT('',#5961);
#5961 = CARTESIAN_POINT('',(12.622689603143,-6.15,12.1));
#5962 = SURFACE_CURVE('',#5963,(#5967,#5974),.PCURVE_S1.);
#5963 = LINE('',#5964,#5965);
#5964 = CARTESIAN_POINT('',(12.622689603143,-6.15,10.6));
#5965 = VECTOR('',#5966,1.);
#5966 = DIRECTION('',(0.,0.,1.));
#5967 = PCURVE('',#4218,#5968);
#5968 = DEFINITIONAL_REPRESENTATION('',(#5969),#5973);
#5969 = LINE('',#5970,#5971);
#5970 = CARTESIAN_POINT('',(0.,0.));
#5971 = VECTOR('',#5972,1.);
#5972 = DIRECTION('',(1.,0.));
#5973 = ( GEOMETRIC_REPRESENTATION_CONTEXT(2) 
PARAMETRIC_REPRESENTATION_CONTEXT() REPRESENTATION_CONTEXT('2D SPACE',''
  ) );
#5974 = PCURVE('',#5921,#5975);
#5975 = DEFINITIONAL_REPRESENTATION('',(#5976),#5980);
#5976 = LINE('',#5977,#5978);
#5977 = CARTESIAN_POINT('',(0.,0.));
#5978 = VECTOR('',#5979,1.);
#5979 = DIRECTION('',(1.,0.));
#5980 = ( GEOMETRIC_REPRESENTATION_CONTEXT(2) 
PARAMETRIC_REPRESENTATION_CONTEXT() REPRESENTATION_CONTEXT('2D SPACE',''
  ) );
#5981 = ORIENTED_EDGE('',*,*,#5982,.T.);
#5982 = EDGE_CURVE('',#5960,#4203,#5983,.T.);
#5983 = SURFACE_CURVE('',#5984,(#5988,#5995),.PCURVE_S1.);
#5984 = LINE('',#5985,#5986);
#5985 = CARTESIAN_POINT('',(12.622689603143,-6.15,12.1));
#5986 = VECTOR('',#5987,1.);
#5987 = DIRECTION('',(1.,-6.106226635438E-16,0.));
#5988 = PCURVE('',#4218,#5989);
#5989 = DEFINITIONAL_REPRESENTATION('',(#5990),#5994);
#5990 = LINE('',#5991,#5992);
#5991 = CARTESIAN_POINT('',(1.5,0.));
#5992 = VECTOR('',#5993,1.);
#5993 = DIRECTION('',(0.,1.));
#5994 = ( GEOMETRIC_REPRESENTATION_CONTEXT(2) 
PARAMETRIC_REPRESENTATION_CONTEXT() REPRESENTATION_CONTEXT('2D SPACE',''
  ) );
#5995 = PCURVE('',#4247,#5996);
#5996 = DEFINITIONAL_REPRESENTATION('',(#5997),#6001);
#5997 = LINE('',#5998,#5999);
#5998 = CARTESIAN_POINT('',(0.,0.));
#5999 = VECTOR('',#6000,1.);
#6000 = DIRECTION('',(1.,0.));
#6001 = ( GEOMETRIC_REPRESENTATION_CONTEXT(2) 
PARAMETRIC_REPRESENTATION_CONTEXT() REPRESENTATION_CONTEXT('2D SPACE',''
  ) );
#6002 = ORIENTED_EDGE('',*,*,#4202,.F.);
#6003 = ADVANCED_FACE('',(#6004),#4273,.F.);
#6004 = FACE_BOUND('',#6005,.F.);
#6005 = EDGE_LOOP('',(#6006,#6007,#6030,#6051));
#6006 = ORIENTED_EDGE('',*,*,#5882,.F.);
#6007 = ORIENTED_EDGE('',*,*,#6008,.T.);
#6008 = EDGE_CURVE('',#5883,#6009,#6011,.T.);
#6009 = VERTEX_POINT('',#6010);
#6010 = CARTESIAN_POINT('',(12.622689603143,-5.25,12.1));
#6011 = SURFACE_CURVE('',#6012,(#6016,#6023),.PCURVE_S1.);
#6012 = LINE('',#6013,#6014);
#6013 = CARTESIAN_POINT('',(12.622689603143,-5.25,10.6));
#6014 = VECTOR('',#6015,1.);
#6015 = DIRECTION('',(0.,0.,1.));
#6016 = PCURVE('',#4273,#6017);
#6017 = DEFINITIONAL_REPRESENTATION('',(#6018),#6022);
#6018 = LINE('',#6019,#6020);
#6019 = CARTESIAN_POINT('',(0.,0.));
#6020 = VECTOR('',#6021,1.);
#6021 = DIRECTION('',(1.,0.));
#6022 = ( GEOMETRIC_REPRESENTATION_CONTEXT(2) 
PARAMETRIC_REPRESENTATION_CONTEXT() REPRESENTATION_CONTEXT('2D SPACE',''
  ) );
#6023 = PCURVE('',#5921,#6024);
#6024 = DEFINITIONAL_REPRESENTATION('',(#6025),#6029);
#6025 = LINE('',#6026,#6027);
#6026 = CARTESIAN_POINT('',(0.,-0.9));
#6027 = VECTOR('',#6028,1.);
#6028 = DIRECTION('',(1.,0.));
#6029 = ( GEOMETRIC_REPRESENTATION_CONTEXT(2) 
PARAMETRIC_REPRESENTATION_CONTEXT() REPRESENTATION_CONTEXT('2D SPACE',''
  ) );
#6030 = ORIENTED_EDGE('',*,*,#6031,.T.);
#6031 = EDGE_CURVE('',#6009,#4231,#6032,.T.);
#6032 = SURFACE_CURVE('',#6033,(#6037,#6044),.PCURVE_S1.);
#6033 = LINE('',#6034,#6035);
#6034 = CARTESIAN_POINT('',(12.622689603143,-5.25,12.1));
#6035 = VECTOR('',#6036,1.);
#6036 = DIRECTION('',(1.,-6.106226635438E-16,0.));
#6037 = PCURVE('',#4273,#6038);
#6038 = DEFINITIONAL_REPRESENTATION('',(#6039),#6043);
#6039 = LINE('',#6040,#6041);
#6040 = CARTESIAN_POINT('',(1.5,0.));
#6041 = VECTOR('',#6042,1.);
#6042 = DIRECTION('',(0.,1.));
#6043 = ( GEOMETRIC_REPRESENTATION_CONTEXT(2) 
PARAMETRIC_REPRESENTATION_CONTEXT() REPRESENTATION_CONTEXT('2D SPACE',''
  ) );
#6044 = PCURVE('',#4247,#6045);
#6045 = DEFINITIONAL_REPRESENTATION('',(#6046),#6050);
#6046 = LINE('',#6047,#6048);
#6047 = CARTESIAN_POINT('',(-5.495603971895E-16,0.9));
#6048 = VECTOR('',#6049,1.);
#6049 = DIRECTION('',(1.,0.));
#6050 = ( GEOMETRIC_REPRESENTATION_CONTEXT(2) 
PARAMETRIC_REPRESENTATION_CONTEXT() REPRESENTATION_CONTEXT('2D SPACE',''
  ) );
#6051 = ORIENTED_EDGE('',*,*,#4259,.F.);
#6052 = ADVANCED_FACE('',(#6053),#4247,.F.);
#6053 = FACE_BOUND('',#6054,.F.);
#6054 = EDGE_LOOP('',(#6055,#6056,#6077,#6078));
#6055 = ORIENTED_EDGE('',*,*,#6031,.F.);
#6056 = ORIENTED_EDGE('',*,*,#6057,.F.);
#6057 = EDGE_CURVE('',#5960,#6009,#6058,.T.);
#6058 = SURFACE_CURVE('',#6059,(#6063,#6070),.PCURVE_S1.);
#6059 = LINE('',#6060,#6061);
#6060 = CARTESIAN_POINT('',(12.622689603143,-6.15,12.1));
#6061 = VECTOR('',#6062,1.);
#6062 = DIRECTION('',(6.106226635438E-16,1.,0.));
#6063 = PCURVE('',#4247,#6064);
#6064 = DEFINITIONAL_REPRESENTATION('',(#6065),#6069);
#6065 = LINE('',#6066,#6067);
#6066 = CARTESIAN_POINT('',(0.,0.));
#6067 = VECTOR('',#6068,1.);
#6068 = DIRECTION('',(0.,1.));
#6069 = ( GEOMETRIC_REPRESENTATION_CONTEXT(2) 
PARAMETRIC_REPRESENTATION_CONTEXT() REPRESENTATION_CONTEXT('2D SPACE',''
  ) );
#6070 = PCURVE('',#5921,#6071);
#6071 = DEFINITIONAL_REPRESENTATION('',(#6072),#6076);
#6072 = LINE('',#6073,#6074);
#6073 = CARTESIAN_POINT('',(1.5,0.));
#6074 = VECTOR('',#6075,1.);
#6075 = DIRECTION('',(0.,-1.));
#6076 = ( GEOMETRIC_REPRESENTATION_CONTEXT(2) 
PARAMETRIC_REPRESENTATION_CONTEXT() REPRESENTATION_CONTEXT('2D SPACE',''
  ) );
#6077 = ORIENTED_EDGE('',*,*,#5982,.T.);
#6078 = ORIENTED_EDGE('',*,*,#4230,.T.);
#6079 = ADVANCED_FACE('',(#6080),#4306,.T.);
#6080 = FACE_BOUND('',#6081,.T.);
#6081 = EDGE_LOOP('',(#6082,#6105,#6133,#6154));
#6082 = ORIENTED_EDGE('',*,*,#6083,.F.);
#6083 = EDGE_CURVE('',#6084,#4290,#6086,.T.);
#6084 = VERTEX_POINT('',#6085);
#6085 = CARTESIAN_POINT('',(12.02925946355,-3.935288568297,10.6));
#6086 = SURFACE_CURVE('',#6087,(#6091,#6098),.PCURVE_S1.);
#6087 = LINE('',#6088,#6089);
#6088 = CARTESIAN_POINT('',(12.02925946355,-3.935288568297,10.6));
#6089 = VECTOR('',#6090,1.);
#6090 = DIRECTION('',(0.866025403784,0.5,0.));
#6091 = PCURVE('',#4306,#6092);
#6092 = DEFINITIONAL_REPRESENTATION('',(#6093),#6097);
#6093 = LINE('',#6094,#6095);
#6094 = CARTESIAN_POINT('',(2.775557561563E-16,0.9));
#6095 = VECTOR('',#6096,1.);
#6096 = DIRECTION('',(1.,0.));
#6097 = ( GEOMETRIC_REPRESENTATION_CONTEXT(2) 
PARAMETRIC_REPRESENTATION_CONTEXT() REPRESENTATION_CONTEXT('2D SPACE',''
  ) );
#6098 = PCURVE('',#4389,#6099);
#6099 = DEFINITIONAL_REPRESENTATION('',(#6100),#6104);
#6100 = LINE('',#6101,#6102);
#6101 = CARTESIAN_POINT('',(0.,0.));
#6102 = VECTOR('',#6103,1.);
#6103 = DIRECTION('',(0.,1.));
#6104 = ( GEOMETRIC_REPRESENTATION_CONTEXT(2) 
PARAMETRIC_REPRESENTATION_CONTEXT() REPRESENTATION_CONTEXT('2D SPACE',''
  ) );
#6105 = ORIENTED_EDGE('',*,*,#6106,.F.);
#6106 = EDGE_CURVE('',#6107,#6084,#6109,.T.);
#6107 = VERTEX_POINT('',#6108);
#6108 = CARTESIAN_POINT('',(12.47925946355,-4.714711431703,10.6));
#6109 = SURFACE_CURVE('',#6110,(#6114,#6121),.PCURVE_S1.);
#6110 = LINE('',#6111,#6112);
#6111 = CARTESIAN_POINT('',(12.47925946355,-4.714711431703,10.6));
#6112 = VECTOR('',#6113,1.);
#6113 = DIRECTION('',(-0.5,0.866025403784,0.));
#6114 = PCURVE('',#4306,#6115);
#6115 = DEFINITIONAL_REPRESENTATION('',(#6116),#6120);
#6116 = LINE('',#6117,#6118);
#6117 = CARTESIAN_POINT('',(0.,0.));
#6118 = VECTOR('',#6119,1.);
#6119 = DIRECTION('',(0.,1.));
#6120 = ( GEOMETRIC_REPRESENTATION_CONTEXT(2) 
PARAMETRIC_REPRESENTATION_CONTEXT() REPRESENTATION_CONTEXT('2D SPACE',''
  ) );
#6121 = PCURVE('',#6122,#6127);
#6122 = PLANE('',#6123);
#6123 = AXIS2_PLACEMENT_3D('',#6124,#6125,#6126);
#6124 = CARTESIAN_POINT('',(12.47925946355,-4.714711431703,10.6));
#6125 = DIRECTION('',(0.866025403784,0.5,0.));
#6126 = DIRECTION('',(0.,0.,1.));
#6127 = DEFINITIONAL_REPRESENTATION('',(#6128),#6132);
#6128 = LINE('',#6129,#6130);
#6129 = CARTESIAN_POINT('',(0.,0.));
#6130 = VECTOR('',#6131,1.);
#6131 = DIRECTION('',(0.,-1.));
#6132 = ( GEOMETRIC_REPRESENTATION_CONTEXT(2) 
PARAMETRIC_REPRESENTATION_CONTEXT() REPRESENTATION_CONTEXT('2D SPACE',''
  ) );
#6133 = ORIENTED_EDGE('',*,*,#6134,.T.);
#6134 = EDGE_CURVE('',#6107,#4288,#6135,.T.);
#6135 = SURFACE_CURVE('',#6136,(#6140,#6147),.PCURVE_S1.);
#6136 = LINE('',#6137,#6138);
#6137 = CARTESIAN_POINT('',(12.47925946355,-4.714711431703,10.6));
#6138 = VECTOR('',#6139,1.);
#6139 = DIRECTION('',(0.866025403784,0.5,0.));
#6140 = PCURVE('',#4306,#6141);
#6141 = DEFINITIONAL_REPRESENTATION('',(#6142),#6146);
#6142 = LINE('',#6143,#6144);
#6143 = CARTESIAN_POINT('',(0.,0.));
#6144 = VECTOR('',#6145,1.);
#6145 = DIRECTION('',(1.,0.));
#6146 = ( GEOMETRIC_REPRESENTATION_CONTEXT(2) 
PARAMETRIC_REPRESENTATION_CONTEXT() REPRESENTATION_CONTEXT('2D SPACE',''
  ) );
#6147 = PCURVE('',#4334,#6148);
#6148 = DEFINITIONAL_REPRESENTATION('',(#6149),#6153);
#6149 = LINE('',#6150,#6151);
#6150 = CARTESIAN_POINT('',(0.,0.));
#6151 = VECTOR('',#6152,1.);
#6152 = DIRECTION('',(0.,1.));
#6153 = ( GEOMETRIC_REPRESENTATION_CONTEXT(2) 
PARAMETRIC_REPRESENTATION_CONTEXT() REPRESENTATION_CONTEXT('2D SPACE',''
  ) );
#6154 = ORIENTED_EDGE('',*,*,#4287,.T.);
#6155 = ADVANCED_FACE('',(#6156),#4334,.T.);
#6156 = FACE_BOUND('',#6157,.T.);
#6157 = EDGE_LOOP('',(#6158,#6159,#6182,#6203));
#6158 = ORIENTED_EDGE('',*,*,#6134,.F.);
#6159 = ORIENTED_EDGE('',*,*,#6160,.T.);
#6160 = EDGE_CURVE('',#6107,#6161,#6163,.T.);
#6161 = VERTEX_POINT('',#6162);
#6162 = CARTESIAN_POINT('',(12.47925946355,-4.714711431703,12.1));
#6163 = SURFACE_CURVE('',#6164,(#6168,#6175),.PCURVE_S1.);
#6164 = LINE('',#6165,#6166);
#6165 = CARTESIAN_POINT('',(12.47925946355,-4.714711431703,10.6));
#6166 = VECTOR('',#6167,1.);
#6167 = DIRECTION('',(0.,0.,1.));
#6168 = PCURVE('',#4334,#6169);
#6169 = DEFINITIONAL_REPRESENTATION('',(#6170),#6174);
#6170 = LINE('',#6171,#6172);
#6171 = CARTESIAN_POINT('',(0.,0.));
#6172 = VECTOR('',#6173,1.);
#6173 = DIRECTION('',(1.,0.));
#6174 = ( GEOMETRIC_REPRESENTATION_CONTEXT(2) 
PARAMETRIC_REPRESENTATION_CONTEXT() REPRESENTATION_CONTEXT('2D SPACE',''
  ) );
#6175 = PCURVE('',#6122,#6176);
#6176 = DEFINITIONAL_REPRESENTATION('',(#6177),#6181);
#6177 = LINE('',#6178,#6179);
#6178 = CARTESIAN_POINT('',(0.,0.));
#6179 = VECTOR('',#6180,1.);
#6180 = DIRECTION('',(1.,0.));
#6181 = ( GEOMETRIC_REPRESENTATION_CONTEXT(2) 
PARAMETRIC_REPRESENTATION_CONTEXT() REPRESENTATION_CONTEXT('2D SPACE',''
  ) );
#6182 = ORIENTED_EDGE('',*,*,#6183,.T.);
#6183 = EDGE_CURVE('',#6161,#4319,#6184,.T.);
#6184 = SURFACE_CURVE('',#6185,(#6189,#6196),.PCURVE_S1.);
#6185 = LINE('',#6186,#6187);
#6186 = CARTESIAN_POINT('',(12.47925946355,-4.714711431703,12.1));
#6187 = VECTOR('',#6188,1.);
#6188 = DIRECTION('',(0.866025403784,0.5,0.));
#6189 = PCURVE('',#4334,#6190);
#6190 = DEFINITIONAL_REPRESENTATION('',(#6191),#6195);
#6191 = LINE('',#6192,#6193);
#6192 = CARTESIAN_POINT('',(1.5,0.));
#6193 = VECTOR('',#6194,1.);
#6194 = DIRECTION('',(0.,1.));
#6195 = ( GEOMETRIC_REPRESENTATION_CONTEXT(2) 
PARAMETRIC_REPRESENTATION_CONTEXT() REPRESENTATION_CONTEXT('2D SPACE',''
  ) );
#6196 = PCURVE('',#4363,#6197);
#6197 = DEFINITIONAL_REPRESENTATION('',(#6198),#6202);
#6198 = LINE('',#6199,#6200);
#6199 = CARTESIAN_POINT('',(0.,0.));
#6200 = VECTOR('',#6201,1.);
#6201 = DIRECTION('',(1.,0.));
#6202 = ( GEOMETRIC_REPRESENTATION_CONTEXT(2) 
PARAMETRIC_REPRESENTATION_CONTEXT() REPRESENTATION_CONTEXT('2D SPACE',''
  ) );
#6203 = ORIENTED_EDGE('',*,*,#4318,.F.);
#6204 = ADVANCED_FACE('',(#6205),#4389,.F.);
#6205 = FACE_BOUND('',#6206,.F.);
#6206 = EDGE_LOOP('',(#6207,#6208,#6231,#6252));
#6207 = ORIENTED_EDGE('',*,*,#6083,.F.);
#6208 = ORIENTED_EDGE('',*,*,#6209,.T.);
#6209 = EDGE_CURVE('',#6084,#6210,#6212,.T.);
#6210 = VERTEX_POINT('',#6211);
#6211 = CARTESIAN_POINT('',(12.02925946355,-3.935288568297,12.1));
#6212 = SURFACE_CURVE('',#6213,(#6217,#6224),.PCURVE_S1.);
#6213 = LINE('',#6214,#6215);
#6214 = CARTESIAN_POINT('',(12.02925946355,-3.935288568297,10.6));
#6215 = VECTOR('',#6216,1.);
#6216 = DIRECTION('',(0.,0.,1.));
#6217 = PCURVE('',#4389,#6218);
#6218 = DEFINITIONAL_REPRESENTATION('',(#6219),#6223);
#6219 = LINE('',#6220,#6221);
#6220 = CARTESIAN_POINT('',(0.,0.));
#6221 = VECTOR('',#6222,1.);
#6222 = DIRECTION('',(1.,0.));
#6223 = ( GEOMETRIC_REPRESENTATION_CONTEXT(2) 
PARAMETRIC_REPRESENTATION_CONTEXT() REPRESENTATION_CONTEXT('2D SPACE',''
  ) );
#6224 = PCURVE('',#6122,#6225);
#6225 = DEFINITIONAL_REPRESENTATION('',(#6226),#6230);
#6226 = LINE('',#6227,#6228);
#6227 = CARTESIAN_POINT('',(0.,-0.9));
#6228 = VECTOR('',#6229,1.);
#6229 = DIRECTION('',(1.,0.));
#6230 = ( GEOMETRIC_REPRESENTATION_CONTEXT(2) 
PARAMETRIC_REPRESENTATION_CONTEXT() REPRESENTATION_CONTEXT('2D SPACE',''
  ) );
#6231 = ORIENTED_EDGE('',*,*,#6232,.T.);
#6232 = EDGE_CURVE('',#6210,#4347,#6233,.T.);
#6233 = SURFACE_CURVE('',#6234,(#6238,#6245),.PCURVE_S1.);
#6234 = LINE('',#6235,#6236);
#6235 = CARTESIAN_POINT('',(12.02925946355,-3.935288568297,12.1));
#6236 = VECTOR('',#6237,1.);
#6237 = DIRECTION('',(0.866025403784,0.5,0.));
#6238 = PCURVE('',#4389,#6239);
#6239 = DEFINITIONAL_REPRESENTATION('',(#6240),#6244);
#6240 = LINE('',#6241,#6242);
#6241 = CARTESIAN_POINT('',(1.5,0.));
#6242 = VECTOR('',#6243,1.);
#6243 = DIRECTION('',(0.,1.));
#6244 = ( GEOMETRIC_REPRESENTATION_CONTEXT(2) 
PARAMETRIC_REPRESENTATION_CONTEXT() REPRESENTATION_CONTEXT('2D SPACE',''
  ) );
#6245 = PCURVE('',#4363,#6246);
#6246 = DEFINITIONAL_REPRESENTATION('',(#6247),#6251);
#6247 = LINE('',#6248,#6249);
#6248 = CARTESIAN_POINT('',(2.775557561563E-16,0.9));
#6249 = VECTOR('',#6250,1.);
#6250 = DIRECTION('',(1.,0.));
#6251 = ( GEOMETRIC_REPRESENTATION_CONTEXT(2) 
PARAMETRIC_REPRESENTATION_CONTEXT() REPRESENTATION_CONTEXT('2D SPACE',''
  ) );
#6252 = ORIENTED_EDGE('',*,*,#4375,.F.);
#6253 = ADVANCED_FACE('',(#6254),#4363,.F.);
#6254 = FACE_BOUND('',#6255,.F.);
#6255 = EDGE_LOOP('',(#6256,#6257,#6278,#6279));
#6256 = ORIENTED_EDGE('',*,*,#6232,.F.);
#6257 = ORIENTED_EDGE('',*,*,#6258,.F.);
#6258 = EDGE_CURVE('',#6161,#6210,#6259,.T.);
#6259 = SURFACE_CURVE('',#6260,(#6264,#6271),.PCURVE_S1.);
#6260 = LINE('',#6261,#6262);
#6261 = CARTESIAN_POINT('',(12.47925946355,-4.714711431703,12.1));
#6262 = VECTOR('',#6263,1.);
#6263 = DIRECTION('',(-0.5,0.866025403784,0.));
#6264 = PCURVE('',#4363,#6265);
#6265 = DEFINITIONAL_REPRESENTATION('',(#6266),#6270);
#6266 = LINE('',#6267,#6268);
#6267 = CARTESIAN_POINT('',(0.,0.));
#6268 = VECTOR('',#6269,1.);
#6269 = DIRECTION('',(0.,1.));
#6270 = ( GEOMETRIC_REPRESENTATION_CONTEXT(2) 
PARAMETRIC_REPRESENTATION_CONTEXT() REPRESENTATION_CONTEXT('2D SPACE',''
  ) );
#6271 = PCURVE('',#6122,#6272);
#6272 = DEFINITIONAL_REPRESENTATION('',(#6273),#6277);
#6273 = LINE('',#6274,#6275);
#6274 = CARTESIAN_POINT('',(1.5,0.));
#6275 = VECTOR('',#6276,1.);
#6276 = DIRECTION('',(0.,-1.));
#6277 = ( GEOMETRIC_REPRESENTATION_CONTEXT(2) 
PARAMETRIC_REPRESENTATION_CONTEXT() REPRESENTATION_CONTEXT('2D SPACE',''
  ) );
#6278 = ORIENTED_EDGE('',*,*,#6183,.T.);
#6279 = ORIENTED_EDGE('',*,*,#4346,.T.);
#6280 = ADVANCED_FACE('',(#6281),#4422,.T.);
#6281 = FACE_BOUND('',#6282,.T.);
#6282 = EDGE_LOOP('',(#6283,#6306,#6334,#6355));
#6283 = ORIENTED_EDGE('',*,*,#6284,.F.);
#6284 = EDGE_CURVE('',#6285,#4406,#6287,.T.);
#6285 = VERTEX_POINT('',#6286);
#6286 = CARTESIAN_POINT('',(10.85797817144,-3.093430139593,10.6));
#6287 = SURFACE_CURVE('',#6288,(#6292,#6299),.PCURVE_S1.);
#6288 = LINE('',#6289,#6290);
#6289 = CARTESIAN_POINT('',(10.85797817144,-3.093430139593,10.6));
#6290 = VECTOR('',#6291,1.);
#6291 = DIRECTION('',(0.5,0.866025403784,0.));
#6292 = PCURVE('',#4422,#6293);
#6293 = DEFINITIONAL_REPRESENTATION('',(#6294),#6298);
#6294 = LINE('',#6295,#6296);
#6295 = CARTESIAN_POINT('',(6.661338147751E-16,0.9));
#6296 = VECTOR('',#6297,1.);
#6297 = DIRECTION('',(1.,0.));
#6298 = ( GEOMETRIC_REPRESENTATION_CONTEXT(2) 
PARAMETRIC_REPRESENTATION_CONTEXT() REPRESENTATION_CONTEXT('2D SPACE',''
  ) );
#6299 = PCURVE('',#4505,#6300);
#6300 = DEFINITIONAL_REPRESENTATION('',(#6301),#6305);
#6301 = LINE('',#6302,#6303);
#6302 = CARTESIAN_POINT('',(0.,0.));
#6303 = VECTOR('',#6304,1.);
#6304 = DIRECTION('',(0.,1.));
#6305 = ( GEOMETRIC_REPRESENTATION_CONTEXT(2) 
PARAMETRIC_REPRESENTATION_CONTEXT() REPRESENTATION_CONTEXT('2D SPACE',''
  ) );
#6306 = ORIENTED_EDGE('',*,*,#6307,.F.);
#6307 = EDGE_CURVE('',#6308,#6285,#6310,.T.);
#6308 = VERTEX_POINT('',#6309);
#6309 = CARTESIAN_POINT('',(11.637401034846,-3.543430139593,10.6));
#6310 = SURFACE_CURVE('',#6311,(#6315,#6322),.PCURVE_S1.);
#6311 = LINE('',#6312,#6313);
#6312 = CARTESIAN_POINT('',(11.637401034846,-3.543430139593,10.6));
#6313 = VECTOR('',#6314,1.);
#6314 = DIRECTION('',(-0.866025403784,0.5,0.));
#6315 = PCURVE('',#4422,#6316);
#6316 = DEFINITIONAL_REPRESENTATION('',(#6317),#6321);
#6317 = LINE('',#6318,#6319);
#6318 = CARTESIAN_POINT('',(0.,0.));
#6319 = VECTOR('',#6320,1.);
#6320 = DIRECTION('',(0.,1.));
#6321 = ( GEOMETRIC_REPRESENTATION_CONTEXT(2) 
PARAMETRIC_REPRESENTATION_CONTEXT() REPRESENTATION_CONTEXT('2D SPACE',''
  ) );
#6322 = PCURVE('',#6323,#6328);
#6323 = PLANE('',#6324);
#6324 = AXIS2_PLACEMENT_3D('',#6325,#6326,#6327);
#6325 = CARTESIAN_POINT('',(11.637401034846,-3.543430139593,10.6));
#6326 = DIRECTION('',(0.5,0.866025403784,0.));
#6327 = DIRECTION('',(0.,0.,1.));
#6328 = DEFINITIONAL_REPRESENTATION('',(#6329),#6333);
#6329 = LINE('',#6330,#6331);
#6330 = CARTESIAN_POINT('',(0.,0.));
#6331 = VECTOR('',#6332,1.);
#6332 = DIRECTION('',(0.,-1.));
#6333 = ( GEOMETRIC_REPRESENTATION_CONTEXT(2) 
PARAMETRIC_REPRESENTATION_CONTEXT() REPRESENTATION_CONTEXT('2D SPACE',''
  ) );
#6334 = ORIENTED_EDGE('',*,*,#6335,.T.);
#6335 = EDGE_CURVE('',#6308,#4404,#6336,.T.);
#6336 = SURFACE_CURVE('',#6337,(#6341,#6348),.PCURVE_S1.);
#6337 = LINE('',#6338,#6339);
#6338 = CARTESIAN_POINT('',(11.637401034846,-3.543430139593,10.6));
#6339 = VECTOR('',#6340,1.);
#6340 = DIRECTION('',(0.5,0.866025403784,0.));
#6341 = PCURVE('',#4422,#6342);
#6342 = DEFINITIONAL_REPRESENTATION('',(#6343),#6347);
#6343 = LINE('',#6344,#6345);
#6344 = CARTESIAN_POINT('',(0.,0.));
#6345 = VECTOR('',#6346,1.);
#6346 = DIRECTION('',(1.,0.));
#6347 = ( GEOMETRIC_REPRESENTATION_CONTEXT(2) 
PARAMETRIC_REPRESENTATION_CONTEXT() REPRESENTATION_CONTEXT('2D SPACE',''
  ) );
#6348 = PCURVE('',#4450,#6349);
#6349 = DEFINITIONAL_REPRESENTATION('',(#6350),#6354);
#6350 = LINE('',#6351,#6352);
#6351 = CARTESIAN_POINT('',(0.,0.));
#6352 = VECTOR('',#6353,1.);
#6353 = DIRECTION('',(0.,1.));
#6354 = ( GEOMETRIC_REPRESENTATION_CONTEXT(2) 
PARAMETRIC_REPRESENTATION_CONTEXT() REPRESENTATION_CONTEXT('2D SPACE',''
  ) );
#6355 = ORIENTED_EDGE('',*,*,#4403,.T.);
#6356 = ADVANCED_FACE('',(#6357),#4450,.T.);
#6357 = FACE_BOUND('',#6358,.T.);
#6358 = EDGE_LOOP('',(#6359,#6360,#6383,#6404));
#6359 = ORIENTED_EDGE('',*,*,#6335,.F.);
#6360 = ORIENTED_EDGE('',*,*,#6361,.T.);
#6361 = EDGE_CURVE('',#6308,#6362,#6364,.T.);
#6362 = VERTEX_POINT('',#6363);
#6363 = CARTESIAN_POINT('',(11.637401034846,-3.543430139593,12.1));
#6364 = SURFACE_CURVE('',#6365,(#6369,#6376),.PCURVE_S1.);
#6365 = LINE('',#6366,#6367);
#6366 = CARTESIAN_POINT('',(11.637401034846,-3.543430139593,10.6));
#6367 = VECTOR('',#6368,1.);
#6368 = DIRECTION('',(0.,0.,1.));
#6369 = PCURVE('',#4450,#6370);
#6370 = DEFINITIONAL_REPRESENTATION('',(#6371),#6375);
#6371 = LINE('',#6372,#6373);
#6372 = CARTESIAN_POINT('',(0.,0.));
#6373 = VECTOR('',#6374,1.);
#6374 = DIRECTION('',(1.,0.));
#6375 = ( GEOMETRIC_REPRESENTATION_CONTEXT(2) 
PARAMETRIC_REPRESENTATION_CONTEXT() REPRESENTATION_CONTEXT('2D SPACE',''
  ) );
#6376 = PCURVE('',#6323,#6377);
#6377 = DEFINITIONAL_REPRESENTATION('',(#6378),#6382);
#6378 = LINE('',#6379,#6380);
#6379 = CARTESIAN_POINT('',(0.,0.));
#6380 = VECTOR('',#6381,1.);
#6381 = DIRECTION('',(1.,0.));
#6382 = ( GEOMETRIC_REPRESENTATION_CONTEXT(2) 
PARAMETRIC_REPRESENTATION_CONTEXT() REPRESENTATION_CONTEXT('2D SPACE',''
  ) );
#6383 = ORIENTED_EDGE('',*,*,#6384,.T.);
#6384 = EDGE_CURVE('',#6362,#4435,#6385,.T.);
#6385 = SURFACE_CURVE('',#6386,(#6390,#6397),.PCURVE_S1.);
#6386 = LINE('',#6387,#6388);
#6387 = CARTESIAN_POINT('',(11.637401034846,-3.543430139593,12.1));
#6388 = VECTOR('',#6389,1.);
#6389 = DIRECTION('',(0.5,0.866025403784,0.));
#6390 = PCURVE('',#4450,#6391);
#6391 = DEFINITIONAL_REPRESENTATION('',(#6392),#6396);
#6392 = LINE('',#6393,#6394);
#6393 = CARTESIAN_POINT('',(1.5,0.));
#6394 = VECTOR('',#6395,1.);
#6395 = DIRECTION('',(0.,1.));
#6396 = ( GEOMETRIC_REPRESENTATION_CONTEXT(2) 
PARAMETRIC_REPRESENTATION_CONTEXT() REPRESENTATION_CONTEXT('2D SPACE',''
  ) );
#6397 = PCURVE('',#4479,#6398);
#6398 = DEFINITIONAL_REPRESENTATION('',(#6399),#6403);
#6399 = LINE('',#6400,#6401);
#6400 = CARTESIAN_POINT('',(0.,0.));
#6401 = VECTOR('',#6402,1.);
#6402 = DIRECTION('',(1.,0.));
#6403 = ( GEOMETRIC_REPRESENTATION_CONTEXT(2) 
PARAMETRIC_REPRESENTATION_CONTEXT() REPRESENTATION_CONTEXT('2D SPACE',''
  ) );
#6404 = ORIENTED_EDGE('',*,*,#4434,.F.);
#6405 = ADVANCED_FACE('',(#6406),#4505,.F.);
#6406 = FACE_BOUND('',#6407,.F.);
#6407 = EDGE_LOOP('',(#6408,#6409,#6432,#6453));
#6408 = ORIENTED_EDGE('',*,*,#6284,.F.);
#6409 = ORIENTED_EDGE('',*,*,#6410,.T.);
#6410 = EDGE_CURVE('',#6285,#6411,#6413,.T.);
#6411 = VERTEX_POINT('',#6412);
#6412 = CARTESIAN_POINT('',(10.85797817144,-3.093430139593,12.1));
#6413 = SURFACE_CURVE('',#6414,(#6418,#6425),.PCURVE_S1.);
#6414 = LINE('',#6415,#6416);
#6415 = CARTESIAN_POINT('',(10.85797817144,-3.093430139593,10.6));
#6416 = VECTOR('',#6417,1.);
#6417 = DIRECTION('',(0.,0.,1.));
#6418 = PCURVE('',#4505,#6419);
#6419 = DEFINITIONAL_REPRESENTATION('',(#6420),#6424);
#6420 = LINE('',#6421,#6422);
#6421 = CARTESIAN_POINT('',(0.,0.));
#6422 = VECTOR('',#6423,1.);
#6423 = DIRECTION('',(1.,0.));
#6424 = ( GEOMETRIC_REPRESENTATION_CONTEXT(2) 
PARAMETRIC_REPRESENTATION_CONTEXT() REPRESENTATION_CONTEXT('2D SPACE',''
  ) );
#6425 = PCURVE('',#6323,#6426);
#6426 = DEFINITIONAL_REPRESENTATION('',(#6427),#6431);
#6427 = LINE('',#6428,#6429);
#6428 = CARTESIAN_POINT('',(0.,-0.9));
#6429 = VECTOR('',#6430,1.);
#6430 = DIRECTION('',(1.,0.));
#6431 = ( GEOMETRIC_REPRESENTATION_CONTEXT(2) 
PARAMETRIC_REPRESENTATION_CONTEXT() REPRESENTATION_CONTEXT('2D SPACE',''
  ) );
#6432 = ORIENTED_EDGE('',*,*,#6433,.T.);
#6433 = EDGE_CURVE('',#6411,#4463,#6434,.T.);
#6434 = SURFACE_CURVE('',#6435,(#6439,#6446),.PCURVE_S1.);
#6435 = LINE('',#6436,#6437);
#6436 = CARTESIAN_POINT('',(10.85797817144,-3.093430139593,12.1));
#6437 = VECTOR('',#6438,1.);
#6438 = DIRECTION('',(0.5,0.866025403784,0.));
#6439 = PCURVE('',#4505,#6440);
#6440 = DEFINITIONAL_REPRESENTATION('',(#6441),#6445);
#6441 = LINE('',#6442,#6443);
#6442 = CARTESIAN_POINT('',(1.5,0.));
#6443 = VECTOR('',#6444,1.);
#6444 = DIRECTION('',(0.,1.));
#6445 = ( GEOMETRIC_REPRESENTATION_CONTEXT(2) 
PARAMETRIC_REPRESENTATION_CONTEXT() REPRESENTATION_CONTEXT('2D SPACE',''
  ) );
#6446 = PCURVE('',#4479,#6447);
#6447 = DEFINITIONAL_REPRESENTATION('',(#6448),#6452);
#6448 = LINE('',#6449,#6450);
#6449 = CARTESIAN_POINT('',(6.661338147751E-16,0.9));
#6450 = VECTOR('',#6451,1.);
#6451 = DIRECTION('',(1.,0.));
#6452 = ( GEOMETRIC_REPRESENTATION_CONTEXT(2) 
PARAMETRIC_REPRESENTATION_CONTEXT() REPRESENTATION_CONTEXT('2D SPACE',''
  ) );
#6453 = ORIENTED_EDGE('',*,*,#4491,.F.);
#6454 = ADVANCED_FACE('',(#6455),#4479,.F.);
#6455 = FACE_BOUND('',#6456,.F.);
#6456 = EDGE_LOOP('',(#6457,#6458,#6479,#6480));
#6457 = ORIENTED_EDGE('',*,*,#6433,.F.);
#6458 = ORIENTED_EDGE('',*,*,#6459,.F.);
#6459 = EDGE_CURVE('',#6362,#6411,#6460,.T.);
#6460 = SURFACE_CURVE('',#6461,(#6465,#6472),.PCURVE_S1.);
#6461 = LINE('',#6462,#6463);
#6462 = CARTESIAN_POINT('',(11.637401034846,-3.543430139593,12.1));
#6463 = VECTOR('',#6464,1.);
#6464 = DIRECTION('',(-0.866025403784,0.5,0.));
#6465 = PCURVE('',#4479,#6466);
#6466 = DEFINITIONAL_REPRESENTATION('',(#6467),#6471);
#6467 = LINE('',#6468,#6469);
#6468 = CARTESIAN_POINT('',(0.,0.));
#6469 = VECTOR('',#6470,1.);
#6470 = DIRECTION('',(0.,1.));
#6471 = ( GEOMETRIC_REPRESENTATION_CONTEXT(2) 
PARAMETRIC_REPRESENTATION_CONTEXT() REPRESENTATION_CONTEXT('2D SPACE',''
  ) );
#6472 = PCURVE('',#6323,#6473);
#6473 = DEFINITIONAL_REPRESENTATION('',(#6474),#6478);
#6474 = LINE('',#6475,#6476);
#6475 = CARTESIAN_POINT('',(1.5,0.));
#6476 = VECTOR('',#6477,1.);
#6477 = DIRECTION('',(0.,-1.));
#6478 = ( GEOMETRIC_REPRESENTATION_CONTEXT(2) 
PARAMETRIC_REPRESENTATION_CONTEXT() REPRESENTATION_CONTEXT('2D SPACE',''
  ) );
#6479 = ORIENTED_EDGE('',*,*,#6384,.T.);
#6480 = ORIENTED_EDGE('',*,*,#4462,.T.);
#6481 = ADVANCED_FACE('',(#6482),#4538,.T.);
#6482 = FACE_BOUND('',#6483,.T.);
#6483 = EDGE_LOOP('',(#6484,#6507,#6535,#6556));
#6484 = ORIENTED_EDGE('',*,*,#6485,.F.);
#6485 = EDGE_CURVE('',#6486,#4522,#6488,.T.);
#6486 = VERTEX_POINT('',#6487);
#6487 = CARTESIAN_POINT('',(9.422689603143,-2.95,10.6));
#6488 = SURFACE_CURVE('',#6489,(#6493,#6500),.PCURVE_S1.);
#6489 = LINE('',#6490,#6491);
#6490 = CARTESIAN_POINT('',(9.422689603143,-2.95,10.6));
#6491 = VECTOR('',#6492,1.);
#6492 = DIRECTION('',(7.771561172376E-16,1.,0.));
#6493 = PCURVE('',#4538,#6494);
#6494 = DEFINITIONAL_REPRESENTATION('',(#6495),#6499);
#6495 = LINE('',#6496,#6497);
#6496 = CARTESIAN_POINT('',(-2.553512956638E-16,0.9));
#6497 = VECTOR('',#6498,1.);
#6498 = DIRECTION('',(1.,0.));
#6499 = ( GEOMETRIC_REPRESENTATION_CONTEXT(2) 
PARAMETRIC_REPRESENTATION_CONTEXT() REPRESENTATION_CONTEXT('2D SPACE',''
  ) );
#6500 = PCURVE('',#4621,#6501);
#6501 = DEFINITIONAL_REPRESENTATION('',(#6502),#6506);
#6502 = LINE('',#6503,#6504);
#6503 = CARTESIAN_POINT('',(0.,0.));
#6504 = VECTOR('',#6505,1.);
#6505 = DIRECTION('',(0.,1.));
#6506 = ( GEOMETRIC_REPRESENTATION_CONTEXT(2) 
PARAMETRIC_REPRESENTATION_CONTEXT() REPRESENTATION_CONTEXT('2D SPACE',''
  ) );
#6507 = ORIENTED_EDGE('',*,*,#6508,.F.);
#6508 = EDGE_CURVE('',#6509,#6486,#6511,.T.);
#6509 = VERTEX_POINT('',#6510);
#6510 = CARTESIAN_POINT('',(10.322689603143,-2.95,10.6));
#6511 = SURFACE_CURVE('',#6512,(#6516,#6523),.PCURVE_S1.);
#6512 = LINE('',#6513,#6514);
#6513 = CARTESIAN_POINT('',(10.322689603143,-2.95,10.6));
#6514 = VECTOR('',#6515,1.);
#6515 = DIRECTION('',(-1.,7.771561172376E-16,0.));
#6516 = PCURVE('',#4538,#6517);
#6517 = DEFINITIONAL_REPRESENTATION('',(#6518),#6522);
#6518 = LINE('',#6519,#6520);
#6519 = CARTESIAN_POINT('',(0.,0.));
#6520 = VECTOR('',#6521,1.);
#6521 = DIRECTION('',(0.,1.));
#6522 = ( GEOMETRIC_REPRESENTATION_CONTEXT(2) 
PARAMETRIC_REPRESENTATION_CONTEXT() REPRESENTATION_CONTEXT('2D SPACE',''
  ) );
#6523 = PCURVE('',#6524,#6529);
#6524 = PLANE('',#6525);
#6525 = AXIS2_PLACEMENT_3D('',#6526,#6527,#6528);
#6526 = CARTESIAN_POINT('',(10.322689603143,-2.95,10.6));
#6527 = DIRECTION('',(7.771561172376E-16,1.,0.));
#6528 = DIRECTION('',(0.,0.,1.));
#6529 = DEFINITIONAL_REPRESENTATION('',(#6530),#6534);
#6530 = LINE('',#6531,#6532);
#6531 = CARTESIAN_POINT('',(0.,0.));
#6532 = VECTOR('',#6533,1.);
#6533 = DIRECTION('',(0.,-1.));
#6534 = ( GEOMETRIC_REPRESENTATION_CONTEXT(2) 
PARAMETRIC_REPRESENTATION_CONTEXT() REPRESENTATION_CONTEXT('2D SPACE',''
  ) );
#6535 = ORIENTED_EDGE('',*,*,#6536,.T.);
#6536 = EDGE_CURVE('',#6509,#4520,#6537,.T.);
#6537 = SURFACE_CURVE('',#6538,(#6542,#6549),.PCURVE_S1.);
#6538 = LINE('',#6539,#6540);
#6539 = CARTESIAN_POINT('',(10.322689603143,-2.95,10.6));
#6540 = VECTOR('',#6541,1.);
#6541 = DIRECTION('',(7.771561172376E-16,1.,0.));
#6542 = PCURVE('',#4538,#6543);
#6543 = DEFINITIONAL_REPRESENTATION('',(#6544),#6548);
#6544 = LINE('',#6545,#6546);
#6545 = CARTESIAN_POINT('',(0.,0.));
#6546 = VECTOR('',#6547,1.);
#6547 = DIRECTION('',(1.,0.));
#6548 = ( GEOMETRIC_REPRESENTATION_CONTEXT(2) 
PARAMETRIC_REPRESENTATION_CONTEXT() REPRESENTATION_CONTEXT('2D SPACE',''
  ) );
#6549 = PCURVE('',#4566,#6550);
#6550 = DEFINITIONAL_REPRESENTATION('',(#6551),#6555);
#6551 = LINE('',#6552,#6553);
#6552 = CARTESIAN_POINT('',(0.,0.));
#6553 = VECTOR('',#6554,1.);
#6554 = DIRECTION('',(0.,1.));
#6555 = ( GEOMETRIC_REPRESENTATION_CONTEXT(2) 
PARAMETRIC_REPRESENTATION_CONTEXT() REPRESENTATION_CONTEXT('2D SPACE',''
  ) );
#6556 = ORIENTED_EDGE('',*,*,#4519,.T.);
#6557 = ADVANCED_FACE('',(#6558),#4566,.T.);
#6558 = FACE_BOUND('',#6559,.T.);
#6559 = EDGE_LOOP('',(#6560,#6561,#6584,#6605));
#6560 = ORIENTED_EDGE('',*,*,#6536,.F.);
#6561 = ORIENTED_EDGE('',*,*,#6562,.T.);
#6562 = EDGE_CURVE('',#6509,#6563,#6565,.T.);
#6563 = VERTEX_POINT('',#6564);
#6564 = CARTESIAN_POINT('',(10.322689603143,-2.95,12.1));
#6565 = SURFACE_CURVE('',#6566,(#6570,#6577),.PCURVE_S1.);
#6566 = LINE('',#6567,#6568);
#6567 = CARTESIAN_POINT('',(10.322689603143,-2.95,10.6));
#6568 = VECTOR('',#6569,1.);
#6569 = DIRECTION('',(0.,0.,1.));
#6570 = PCURVE('',#4566,#6571);
#6571 = DEFINITIONAL_REPRESENTATION('',(#6572),#6576);
#6572 = LINE('',#6573,#6574);
#6573 = CARTESIAN_POINT('',(0.,0.));
#6574 = VECTOR('',#6575,1.);
#6575 = DIRECTION('',(1.,0.));
#6576 = ( GEOMETRIC_REPRESENTATION_CONTEXT(2) 
PARAMETRIC_REPRESENTATION_CONTEXT() REPRESENTATION_CONTEXT('2D SPACE',''
  ) );
#6577 = PCURVE('',#6524,#6578);
#6578 = DEFINITIONAL_REPRESENTATION('',(#6579),#6583);
#6579 = LINE('',#6580,#6581);
#6580 = CARTESIAN_POINT('',(0.,0.));
#6581 = VECTOR('',#6582,1.);
#6582 = DIRECTION('',(1.,0.));
#6583 = ( GEOMETRIC_REPRESENTATION_CONTEXT(2) 
PARAMETRIC_REPRESENTATION_CONTEXT() REPRESENTATION_CONTEXT('2D SPACE',''
  ) );
#6584 = ORIENTED_EDGE('',*,*,#6585,.T.);
#6585 = EDGE_CURVE('',#6563,#4551,#6586,.T.);
#6586 = SURFACE_CURVE('',#6587,(#6591,#6598),.PCURVE_S1.);
#6587 = LINE('',#6588,#6589);
#6588 = CARTESIAN_POINT('',(10.322689603143,-2.95,12.1));
#6589 = VECTOR('',#6590,1.);
#6590 = DIRECTION('',(7.771561172376E-16,1.,0.));
#6591 = PCURVE('',#4566,#6592);
#6592 = DEFINITIONAL_REPRESENTATION('',(#6593),#6597);
#6593 = LINE('',#6594,#6595);
#6594 = CARTESIAN_POINT('',(1.5,0.));
#6595 = VECTOR('',#6596,1.);
#6596 = DIRECTION('',(0.,1.));
#6597 = ( GEOMETRIC_REPRESENTATION_CONTEXT(2) 
PARAMETRIC_REPRESENTATION_CONTEXT() REPRESENTATION_CONTEXT('2D SPACE',''
  ) );
#6598 = PCURVE('',#4595,#6599);
#6599 = DEFINITIONAL_REPRESENTATION('',(#6600),#6604);
#6600 = LINE('',#6601,#6602);
#6601 = CARTESIAN_POINT('',(0.,0.));
#6602 = VECTOR('',#6603,1.);
#6603 = DIRECTION('',(1.,0.));
#6604 = ( GEOMETRIC_REPRESENTATION_CONTEXT(2) 
PARAMETRIC_REPRESENTATION_CONTEXT() REPRESENTATION_CONTEXT('2D SPACE',''
  ) );
#6605 = ORIENTED_EDGE('',*,*,#4550,.F.);
#6606 = ADVANCED_FACE('',(#6607),#4621,.F.);
#6607 = FACE_BOUND('',#6608,.F.);
#6608 = EDGE_LOOP('',(#6609,#6610,#6633,#6654));
#6609 = ORIENTED_EDGE('',*,*,#6485,.F.);
#6610 = ORIENTED_EDGE('',*,*,#6611,.T.);
#6611 = EDGE_CURVE('',#6486,#6612,#6614,.T.);
#6612 = VERTEX_POINT('',#6613);
#6613 = CARTESIAN_POINT('',(9.422689603143,-2.95,12.1));
#6614 = SURFACE_CURVE('',#6615,(#6619,#6626),.PCURVE_S1.);
#6615 = LINE('',#6616,#6617);
#6616 = CARTESIAN_POINT('',(9.422689603143,-2.95,10.6));
#6617 = VECTOR('',#6618,1.);
#6618 = DIRECTION('',(0.,0.,1.));
#6619 = PCURVE('',#4621,#6620);
#6620 = DEFINITIONAL_REPRESENTATION('',(#6621),#6625);
#6621 = LINE('',#6622,#6623);
#6622 = CARTESIAN_POINT('',(0.,0.));
#6623 = VECTOR('',#6624,1.);
#6624 = DIRECTION('',(1.,0.));
#6625 = ( GEOMETRIC_REPRESENTATION_CONTEXT(2) 
PARAMETRIC_REPRESENTATION_CONTEXT() REPRESENTATION_CONTEXT('2D SPACE',''
  ) );
#6626 = PCURVE('',#6524,#6627);
#6627 = DEFINITIONAL_REPRESENTATION('',(#6628),#6632);
#6628 = LINE('',#6629,#6630);
#6629 = CARTESIAN_POINT('',(0.,-0.9));
#6630 = VECTOR('',#6631,1.);
#6631 = DIRECTION('',(1.,0.));
#6632 = ( GEOMETRIC_REPRESENTATION_CONTEXT(2) 
PARAMETRIC_REPRESENTATION_CONTEXT() REPRESENTATION_CONTEXT('2D SPACE',''
  ) );
#6633 = ORIENTED_EDGE('',*,*,#6634,.T.);
#6634 = EDGE_CURVE('',#6612,#4579,#6635,.T.);
#6635 = SURFACE_CURVE('',#6636,(#6640,#6647),.PCURVE_S1.);
#6636 = LINE('',#6637,#6638);
#6637 = CARTESIAN_POINT('',(9.422689603143,-2.95,12.1));
#6638 = VECTOR('',#6639,1.);
#6639 = DIRECTION('',(7.771561172376E-16,1.,0.));
#6640 = PCURVE('',#4621,#6641);
#6641 = DEFINITIONAL_REPRESENTATION('',(#6642),#6646);
#6642 = LINE('',#6643,#6644);
#6643 = CARTESIAN_POINT('',(1.5,0.));
#6644 = VECTOR('',#6645,1.);
#6645 = DIRECTION('',(0.,1.));
#6646 = ( GEOMETRIC_REPRESENTATION_CONTEXT(2) 
PARAMETRIC_REPRESENTATION_CONTEXT() REPRESENTATION_CONTEXT('2D SPACE',''
  ) );
#6647 = PCURVE('',#4595,#6648);
#6648 = DEFINITIONAL_REPRESENTATION('',(#6649),#6653);
#6649 = LINE('',#6650,#6651);
#6650 = CARTESIAN_POINT('',(-2.553512956638E-16,0.9));
#6651 = VECTOR('',#6652,1.);
#6652 = DIRECTION('',(1.,0.));
#6653 = ( GEOMETRIC_REPRESENTATION_CONTEXT(2) 
PARAMETRIC_REPRESENTATION_CONTEXT() REPRESENTATION_CONTEXT('2D SPACE',''
  ) );
#6654 = ORIENTED_EDGE('',*,*,#4607,.F.);
#6655 = ADVANCED_FACE('',(#6656),#4595,.F.);
#6656 = FACE_BOUND('',#6657,.F.);
#6657 = EDGE_LOOP('',(#6658,#6659,#6680,#6681));
#6658 = ORIENTED_EDGE('',*,*,#6634,.F.);
#6659 = ORIENTED_EDGE('',*,*,#6660,.F.);
#6660 = EDGE_CURVE('',#6563,#6612,#6661,.T.);
#6661 = SURFACE_CURVE('',#6662,(#6666,#6673),.PCURVE_S1.);
#6662 = LINE('',#6663,#6664);
#6663 = CARTESIAN_POINT('',(10.322689603143,-2.95,12.1));
#6664 = VECTOR('',#6665,1.);
#6665 = DIRECTION('',(-1.,7.771561172376E-16,0.));
#6666 = PCURVE('',#4595,#6667);
#6667 = DEFINITIONAL_REPRESENTATION('',(#6668),#6672);
#6668 = LINE('',#6669,#6670);
#6669 = CARTESIAN_POINT('',(0.,0.));
#6670 = VECTOR('',#6671,1.);
#6671 = DIRECTION('',(0.,1.));
#6672 = ( GEOMETRIC_REPRESENTATION_CONTEXT(2) 
PARAMETRIC_REPRESENTATION_CONTEXT() REPRESENTATION_CONTEXT('2D SPACE',''
  ) );
#6673 = PCURVE('',#6524,#6674);
#6674 = DEFINITIONAL_REPRESENTATION('',(#6675),#6679);
#6675 = LINE('',#6676,#6677);
#6676 = CARTESIAN_POINT('',(1.5,0.));
#6677 = VECTOR('',#6678,1.);
#6678 = DIRECTION('',(0.,-1.));
#6679 = ( GEOMETRIC_REPRESENTATION_CONTEXT(2) 
PARAMETRIC_REPRESENTATION_CONTEXT() REPRESENTATION_CONTEXT('2D SPACE',''
  ) );
#6680 = ORIENTED_EDGE('',*,*,#6585,.T.);
#6681 = ORIENTED_EDGE('',*,*,#4578,.T.);
#6682 = ADVANCED_FACE('',(#6683),#4654,.T.);
#6683 = FACE_BOUND('',#6684,.T.);
#6684 = EDGE_LOOP('',(#6685,#6708,#6736,#6757));
#6685 = ORIENTED_EDGE('',*,*,#6686,.F.);
#6686 = EDGE_CURVE('',#6687,#4638,#6689,.T.);
#6687 = VERTEX_POINT('',#6688);
#6688 = CARTESIAN_POINT('',(8.10797817144,-3.543430139593,10.6));
#6689 = SURFACE_CURVE('',#6690,(#6694,#6701),.PCURVE_S1.);
#6690 = LINE('',#6691,#6692);
#6691 = CARTESIAN_POINT('',(8.10797817144,-3.543430139593,10.6));
#6692 = VECTOR('',#6693,1.);
#6693 = DIRECTION('',(-0.5,0.866025403784,0.));
#6694 = PCURVE('',#4654,#6695);
#6695 = DEFINITIONAL_REPRESENTATION('',(#6696),#6700);
#6696 = LINE('',#6697,#6698);
#6697 = CARTESIAN_POINT('',(1.554312234475E-15,0.9));
#6698 = VECTOR('',#6699,1.);
#6699 = DIRECTION('',(1.,0.));
#6700 = ( GEOMETRIC_REPRESENTATION_CONTEXT(2) 
PARAMETRIC_REPRESENTATION_CONTEXT() REPRESENTATION_CONTEXT('2D SPACE',''
  ) );
#6701 = PCURVE('',#4737,#6702);
#6702 = DEFINITIONAL_REPRESENTATION('',(#6703),#6707);
#6703 = LINE('',#6704,#6705);
#6704 = CARTESIAN_POINT('',(0.,0.));
#6705 = VECTOR('',#6706,1.);
#6706 = DIRECTION('',(0.,1.));
#6707 = ( GEOMETRIC_REPRESENTATION_CONTEXT(2) 
PARAMETRIC_REPRESENTATION_CONTEXT() REPRESENTATION_CONTEXT('2D SPACE',''
  ) );
#6708 = ORIENTED_EDGE('',*,*,#6709,.F.);
#6709 = EDGE_CURVE('',#6710,#6687,#6712,.T.);
#6710 = VERTEX_POINT('',#6711);
#6711 = CARTESIAN_POINT('',(8.887401034846,-3.093430139593,10.6));
#6712 = SURFACE_CURVE('',#6713,(#6717,#6724),.PCURVE_S1.);
#6713 = LINE('',#6714,#6715);
#6714 = CARTESIAN_POINT('',(8.887401034846,-3.093430139593,10.6));
#6715 = VECTOR('',#6716,1.);
#6716 = DIRECTION('',(-0.866025403784,-0.5,0.));
#6717 = PCURVE('',#4654,#6718);
#6718 = DEFINITIONAL_REPRESENTATION('',(#6719),#6723);
#6719 = LINE('',#6720,#6721);
#6720 = CARTESIAN_POINT('',(0.,0.));
#6721 = VECTOR('',#6722,1.);
#6722 = DIRECTION('',(0.,1.));
#6723 = ( GEOMETRIC_REPRESENTATION_CONTEXT(2) 
PARAMETRIC_REPRESENTATION_CONTEXT() REPRESENTATION_CONTEXT('2D SPACE',''
  ) );
#6724 = PCURVE('',#6725,#6730);
#6725 = PLANE('',#6726);
#6726 = AXIS2_PLACEMENT_3D('',#6727,#6728,#6729);
#6727 = CARTESIAN_POINT('',(8.887401034846,-3.093430139593,10.6));
#6728 = DIRECTION('',(-0.5,0.866025403784,0.));
#6729 = DIRECTION('',(0.,0.,1.));
#6730 = DEFINITIONAL_REPRESENTATION('',(#6731),#6735);
#6731 = LINE('',#6732,#6733);
#6732 = CARTESIAN_POINT('',(0.,0.));
#6733 = VECTOR('',#6734,1.);
#6734 = DIRECTION('',(0.,-1.));
#6735 = ( GEOMETRIC_REPRESENTATION_CONTEXT(2) 
PARAMETRIC_REPRESENTATION_CONTEXT() REPRESENTATION_CONTEXT('2D SPACE',''
  ) );
#6736 = ORIENTED_EDGE('',*,*,#6737,.T.);
#6737 = EDGE_CURVE('',#6710,#4636,#6738,.T.);
#6738 = SURFACE_CURVE('',#6739,(#6743,#6750),.PCURVE_S1.);
#6739 = LINE('',#6740,#6741);
#6740 = CARTESIAN_POINT('',(8.887401034846,-3.093430139593,10.6));
#6741 = VECTOR('',#6742,1.);
#6742 = DIRECTION('',(-0.5,0.866025403784,0.));
#6743 = PCURVE('',#4654,#6744);
#6744 = DEFINITIONAL_REPRESENTATION('',(#6745),#6749);
#6745 = LINE('',#6746,#6747);
#6746 = CARTESIAN_POINT('',(0.,0.));
#6747 = VECTOR('',#6748,1.);
#6748 = DIRECTION('',(1.,0.));
#6749 = ( GEOMETRIC_REPRESENTATION_CONTEXT(2) 
PARAMETRIC_REPRESENTATION_CONTEXT() REPRESENTATION_CONTEXT('2D SPACE',''
  ) );
#6750 = PCURVE('',#4682,#6751);
#6751 = DEFINITIONAL_REPRESENTATION('',(#6752),#6756);
#6752 = LINE('',#6753,#6754);
#6753 = CARTESIAN_POINT('',(0.,0.));
#6754 = VECTOR('',#6755,1.);
#6755 = DIRECTION('',(0.,1.));
#6756 = ( GEOMETRIC_REPRESENTATION_CONTEXT(2) 
PARAMETRIC_REPRESENTATION_CONTEXT() REPRESENTATION_CONTEXT('2D SPACE',''
  ) );
#6757 = ORIENTED_EDGE('',*,*,#4635,.T.);
#6758 = ADVANCED_FACE('',(#6759),#4682,.T.);
#6759 = FACE_BOUND('',#6760,.T.);
#6760 = EDGE_LOOP('',(#6761,#6762,#6785,#6806));
#6761 = ORIENTED_EDGE('',*,*,#6737,.F.);
#6762 = ORIENTED_EDGE('',*,*,#6763,.T.);
#6763 = EDGE_CURVE('',#6710,#6764,#6766,.T.);
#6764 = VERTEX_POINT('',#6765);
#6765 = CARTESIAN_POINT('',(8.887401034846,-3.093430139593,12.1));
#6766 = SURFACE_CURVE('',#6767,(#6771,#6778),.PCURVE_S1.);
#6767 = LINE('',#6768,#6769);
#6768 = CARTESIAN_POINT('',(8.887401034846,-3.093430139593,10.6));
#6769 = VECTOR('',#6770,1.);
#6770 = DIRECTION('',(0.,0.,1.));
#6771 = PCURVE('',#4682,#6772);
#6772 = DEFINITIONAL_REPRESENTATION('',(#6773),#6777);
#6773 = LINE('',#6774,#6775);
#6774 = CARTESIAN_POINT('',(0.,0.));
#6775 = VECTOR('',#6776,1.);
#6776 = DIRECTION('',(1.,0.));
#6777 = ( GEOMETRIC_REPRESENTATION_CONTEXT(2) 
PARAMETRIC_REPRESENTATION_CONTEXT() REPRESENTATION_CONTEXT('2D SPACE',''
  ) );
#6778 = PCURVE('',#6725,#6779);
#6779 = DEFINITIONAL_REPRESENTATION('',(#6780),#6784);
#6780 = LINE('',#6781,#6782);
#6781 = CARTESIAN_POINT('',(0.,0.));
#6782 = VECTOR('',#6783,1.);
#6783 = DIRECTION('',(1.,0.));
#6784 = ( GEOMETRIC_REPRESENTATION_CONTEXT(2) 
PARAMETRIC_REPRESENTATION_CONTEXT() REPRESENTATION_CONTEXT('2D SPACE',''
  ) );
#6785 = ORIENTED_EDGE('',*,*,#6786,.T.);
#6786 = EDGE_CURVE('',#6764,#4667,#6787,.T.);
#6787 = SURFACE_CURVE('',#6788,(#6792,#6799),.PCURVE_S1.);
#6788 = LINE('',#6789,#6790);
#6789 = CARTESIAN_POINT('',(8.887401034846,-3.093430139593,12.1));
#6790 = VECTOR('',#6791,1.);
#6791 = DIRECTION('',(-0.5,0.866025403784,0.));
#6792 = PCURVE('',#4682,#6793);
#6793 = DEFINITIONAL_REPRESENTATION('',(#6794),#6798);
#6794 = LINE('',#6795,#6796);
#6795 = CARTESIAN_POINT('',(1.5,0.));
#6796 = VECTOR('',#6797,1.);
#6797 = DIRECTION('',(0.,1.));
#6798 = ( GEOMETRIC_REPRESENTATION_CONTEXT(2) 
PARAMETRIC_REPRESENTATION_CONTEXT() REPRESENTATION_CONTEXT('2D SPACE',''
  ) );
#6799 = PCURVE('',#4711,#6800);
#6800 = DEFINITIONAL_REPRESENTATION('',(#6801),#6805);
#6801 = LINE('',#6802,#6803);
#6802 = CARTESIAN_POINT('',(0.,0.));
#6803 = VECTOR('',#6804,1.);
#6804 = DIRECTION('',(1.,0.));
#6805 = ( GEOMETRIC_REPRESENTATION_CONTEXT(2) 
PARAMETRIC_REPRESENTATION_CONTEXT() REPRESENTATION_CONTEXT('2D SPACE',''
  ) );
#6806 = ORIENTED_EDGE('',*,*,#4666,.F.);
#6807 = ADVANCED_FACE('',(#6808),#4737,.F.);
#6808 = FACE_BOUND('',#6809,.F.);
#6809 = EDGE_LOOP('',(#6810,#6811,#6834,#6855));
#6810 = ORIENTED_EDGE('',*,*,#6686,.F.);
#6811 = ORIENTED_EDGE('',*,*,#6812,.T.);
#6812 = EDGE_CURVE('',#6687,#6813,#6815,.T.);
#6813 = VERTEX_POINT('',#6814);
#6814 = CARTESIAN_POINT('',(8.10797817144,-3.543430139593,12.1));
#6815 = SURFACE_CURVE('',#6816,(#6820,#6827),.PCURVE_S1.);
#6816 = LINE('',#6817,#6818);
#6817 = CARTESIAN_POINT('',(8.10797817144,-3.543430139593,10.6));
#6818 = VECTOR('',#6819,1.);
#6819 = DIRECTION('',(0.,0.,1.));
#6820 = PCURVE('',#4737,#6821);
#6821 = DEFINITIONAL_REPRESENTATION('',(#6822),#6826);
#6822 = LINE('',#6823,#6824);
#6823 = CARTESIAN_POINT('',(0.,0.));
#6824 = VECTOR('',#6825,1.);
#6825 = DIRECTION('',(1.,0.));
#6826 = ( GEOMETRIC_REPRESENTATION_CONTEXT(2) 
PARAMETRIC_REPRESENTATION_CONTEXT() REPRESENTATION_CONTEXT('2D SPACE',''
  ) );
#6827 = PCURVE('',#6725,#6828);
#6828 = DEFINITIONAL_REPRESENTATION('',(#6829),#6833);
#6829 = LINE('',#6830,#6831);
#6830 = CARTESIAN_POINT('',(0.,-0.9));
#6831 = VECTOR('',#6832,1.);
#6832 = DIRECTION('',(1.,0.));
#6833 = ( GEOMETRIC_REPRESENTATION_CONTEXT(2) 
PARAMETRIC_REPRESENTATION_CONTEXT() REPRESENTATION_CONTEXT('2D SPACE',''
  ) );
#6834 = ORIENTED_EDGE('',*,*,#6835,.T.);
#6835 = EDGE_CURVE('',#6813,#4695,#6836,.T.);
#6836 = SURFACE_CURVE('',#6837,(#6841,#6848),.PCURVE_S1.);
#6837 = LINE('',#6838,#6839);
#6838 = CARTESIAN_POINT('',(8.10797817144,-3.543430139593,12.1));
#6839 = VECTOR('',#6840,1.);
#6840 = DIRECTION('',(-0.5,0.866025403784,0.));
#6841 = PCURVE('',#4737,#6842);
#6842 = DEFINITIONAL_REPRESENTATION('',(#6843),#6847);
#6843 = LINE('',#6844,#6845);
#6844 = CARTESIAN_POINT('',(1.5,0.));
#6845 = VECTOR('',#6846,1.);
#6846 = DIRECTION('',(0.,1.));
#6847 = ( GEOMETRIC_REPRESENTATION_CONTEXT(2) 
PARAMETRIC_REPRESENTATION_CONTEXT() REPRESENTATION_CONTEXT('2D SPACE',''
  ) );
#6848 = PCURVE('',#4711,#6849);
#6849 = DEFINITIONAL_REPRESENTATION('',(#6850),#6854);
#6850 = LINE('',#6851,#6852);
#6851 = CARTESIAN_POINT('',(1.554312234475E-15,0.9));
#6852 = VECTOR('',#6853,1.);
#6853 = DIRECTION('',(1.,0.));
#6854 = ( GEOMETRIC_REPRESENTATION_CONTEXT(2) 
PARAMETRIC_REPRESENTATION_CONTEXT() REPRESENTATION_CONTEXT('2D SPACE',''
  ) );
#6855 = ORIENTED_EDGE('',*,*,#4723,.F.);
#6856 = ADVANCED_FACE('',(#6857),#4711,.F.);
#6857 = FACE_BOUND('',#6858,.F.);
#6858 = EDGE_LOOP('',(#6859,#6860,#6881,#6882));
#6859 = ORIENTED_EDGE('',*,*,#6835,.F.);
#6860 = ORIENTED_EDGE('',*,*,#6861,.F.);
#6861 = EDGE_CURVE('',#6764,#6813,#6862,.T.);
#6862 = SURFACE_CURVE('',#6863,(#6867,#6874),.PCURVE_S1.);
#6863 = LINE('',#6864,#6865);
#6864 = CARTESIAN_POINT('',(8.887401034846,-3.093430139593,12.1));
#6865 = VECTOR('',#6866,1.);
#6866 = DIRECTION('',(-0.866025403784,-0.5,0.));
#6867 = PCURVE('',#4711,#6868);
#6868 = DEFINITIONAL_REPRESENTATION('',(#6869),#6873);
#6869 = LINE('',#6870,#6871);
#6870 = CARTESIAN_POINT('',(0.,0.));
#6871 = VECTOR('',#6872,1.);
#6872 = DIRECTION('',(0.,1.));
#6873 = ( GEOMETRIC_REPRESENTATION_CONTEXT(2) 
PARAMETRIC_REPRESENTATION_CONTEXT() REPRESENTATION_CONTEXT('2D SPACE',''
  ) );
#6874 = PCURVE('',#6725,#6875);
#6875 = DEFINITIONAL_REPRESENTATION('',(#6876),#6880);
#6876 = LINE('',#6877,#6878);
#6877 = CARTESIAN_POINT('',(1.5,0.));
#6878 = VECTOR('',#6879,1.);
#6879 = DIRECTION('',(0.,-1.));
#6880 = ( GEOMETRIC_REPRESENTATION_CONTEXT(2) 
PARAMETRIC_REPRESENTATION_CONTEXT() REPRESENTATION_CONTEXT('2D SPACE',''
  ) );
#6881 = ORIENTED_EDGE('',*,*,#6786,.T.);
#6882 = ORIENTED_EDGE('',*,*,#4694,.T.);
#6883 = ADVANCED_FACE('',(#6884),#4770,.T.);
#6884 = FACE_BOUND('',#6885,.T.);
#6885 = EDGE_LOOP('',(#6886,#6909,#6937,#6958));
#6886 = ORIENTED_EDGE('',*,*,#6887,.F.);
#6887 = EDGE_CURVE('',#6888,#4754,#6890,.T.);
#6888 = VERTEX_POINT('',#6889);
#6889 = CARTESIAN_POINT('',(7.266119742735,-4.714711431703,10.6));
#6890 = SURFACE_CURVE('',#6891,(#6895,#6902),.PCURVE_S1.);
#6891 = LINE('',#6892,#6893);
#6892 = CARTESIAN_POINT('',(7.266119742735,-4.714711431703,10.6));
#6893 = VECTOR('',#6894,1.);
#6894 = DIRECTION('',(-0.866025403784,0.5,0.));
#6895 = PCURVE('',#4770,#6896);
#6896 = DEFINITIONAL_REPRESENTATION('',(#6897),#6901);
#6897 = LINE('',#6898,#6899);
#6898 = CARTESIAN_POINT('',(-3.330669073875E-16,0.9));
#6899 = VECTOR('',#6900,1.);
#6900 = DIRECTION('',(1.,0.));
#6901 = ( GEOMETRIC_REPRESENTATION_CONTEXT(2) 
PARAMETRIC_REPRESENTATION_CONTEXT() REPRESENTATION_CONTEXT('2D SPACE',''
  ) );
#6902 = PCURVE('',#4853,#6903);
#6903 = DEFINITIONAL_REPRESENTATION('',(#6904),#6908);
#6904 = LINE('',#6905,#6906);
#6905 = CARTESIAN_POINT('',(0.,0.));
#6906 = VECTOR('',#6907,1.);
#6907 = DIRECTION('',(0.,1.));
#6908 = ( GEOMETRIC_REPRESENTATION_CONTEXT(2) 
PARAMETRIC_REPRESENTATION_CONTEXT() REPRESENTATION_CONTEXT('2D SPACE',''
  ) );
#6909 = ORIENTED_EDGE('',*,*,#6910,.F.);
#6910 = EDGE_CURVE('',#6911,#6888,#6913,.T.);
#6911 = VERTEX_POINT('',#6912);
#6912 = CARTESIAN_POINT('',(7.716119742735,-3.935288568297,10.6));
#6913 = SURFACE_CURVE('',#6914,(#6918,#6925),.PCURVE_S1.);
#6914 = LINE('',#6915,#6916);
#6915 = CARTESIAN_POINT('',(7.716119742735,-3.935288568297,10.6));
#6916 = VECTOR('',#6917,1.);
#6917 = DIRECTION('',(-0.5,-0.866025403784,0.));
#6918 = PCURVE('',#4770,#6919);
#6919 = DEFINITIONAL_REPRESENTATION('',(#6920),#6924);
#6920 = LINE('',#6921,#6922);
#6921 = CARTESIAN_POINT('',(0.,0.));
#6922 = VECTOR('',#6923,1.);
#6923 = DIRECTION('',(0.,1.));
#6924 = ( GEOMETRIC_REPRESENTATION_CONTEXT(2) 
PARAMETRIC_REPRESENTATION_CONTEXT() REPRESENTATION_CONTEXT('2D SPACE',''
  ) );
#6925 = PCURVE('',#6926,#6931);
#6926 = PLANE('',#6927);
#6927 = AXIS2_PLACEMENT_3D('',#6928,#6929,#6930);
#6928 = CARTESIAN_POINT('',(7.716119742735,-3.935288568297,10.6));
#6929 = DIRECTION('',(-0.866025403784,0.5,0.));
#6930 = DIRECTION('',(0.,0.,1.));
#6931 = DEFINITIONAL_REPRESENTATION('',(#6932),#6936);
#6932 = LINE('',#6933,#6934);
#6933 = CARTESIAN_POINT('',(0.,0.));
#6934 = VECTOR('',#6935,1.);
#6935 = DIRECTION('',(0.,-1.));
#6936 = ( GEOMETRIC_REPRESENTATION_CONTEXT(2) 
PARAMETRIC_REPRESENTATION_CONTEXT() REPRESENTATION_CONTEXT('2D SPACE',''
  ) );
#6937 = ORIENTED_EDGE('',*,*,#6938,.T.);
#6938 = EDGE_CURVE('',#6911,#4752,#6939,.T.);
#6939 = SURFACE_CURVE('',#6940,(#6944,#6951),.PCURVE_S1.);
#6940 = LINE('',#6941,#6942);
#6941 = CARTESIAN_POINT('',(7.716119742735,-3.935288568297,10.6));
#6942 = VECTOR('',#6943,1.);
#6943 = DIRECTION('',(-0.866025403784,0.5,0.));
#6944 = PCURVE('',#4770,#6945);
#6945 = DEFINITIONAL_REPRESENTATION('',(#6946),#6950);
#6946 = LINE('',#6947,#6948);
#6947 = CARTESIAN_POINT('',(0.,0.));
#6948 = VECTOR('',#6949,1.);
#6949 = DIRECTION('',(1.,0.));
#6950 = ( GEOMETRIC_REPRESENTATION_CONTEXT(2) 
PARAMETRIC_REPRESENTATION_CONTEXT() REPRESENTATION_CONTEXT('2D SPACE',''
  ) );
#6951 = PCURVE('',#4798,#6952);
#6952 = DEFINITIONAL_REPRESENTATION('',(#6953),#6957);
#6953 = LINE('',#6954,#6955);
#6954 = CARTESIAN_POINT('',(0.,0.));
#6955 = VECTOR('',#6956,1.);
#6956 = DIRECTION('',(0.,1.));
#6957 = ( GEOMETRIC_REPRESENTATION_CONTEXT(2) 
PARAMETRIC_REPRESENTATION_CONTEXT() REPRESENTATION_CONTEXT('2D SPACE',''
  ) );
#6958 = ORIENTED_EDGE('',*,*,#4751,.T.);
#6959 = ADVANCED_FACE('',(#6960),#4798,.T.);
#6960 = FACE_BOUND('',#6961,.T.);
#6961 = EDGE_LOOP('',(#6962,#6963,#6986,#7007));
#6962 = ORIENTED_EDGE('',*,*,#6938,.F.);
#6963 = ORIENTED_EDGE('',*,*,#6964,.T.);
#6964 = EDGE_CURVE('',#6911,#6965,#6967,.T.);
#6965 = VERTEX_POINT('',#6966);
#6966 = CARTESIAN_POINT('',(7.716119742735,-3.935288568297,12.1));
#6967 = SURFACE_CURVE('',#6968,(#6972,#6979),.PCURVE_S1.);
#6968 = LINE('',#6969,#6970);
#6969 = CARTESIAN_POINT('',(7.716119742735,-3.935288568297,10.6));
#6970 = VECTOR('',#6971,1.);
#6971 = DIRECTION('',(0.,0.,1.));
#6972 = PCURVE('',#4798,#6973);
#6973 = DEFINITIONAL_REPRESENTATION('',(#6974),#6978);
#6974 = LINE('',#6975,#6976);
#6975 = CARTESIAN_POINT('',(0.,0.));
#6976 = VECTOR('',#6977,1.);
#6977 = DIRECTION('',(1.,0.));
#6978 = ( GEOMETRIC_REPRESENTATION_CONTEXT(2) 
PARAMETRIC_REPRESENTATION_CONTEXT() REPRESENTATION_CONTEXT('2D SPACE',''
  ) );
#6979 = PCURVE('',#6926,#6980);
#6980 = DEFINITIONAL_REPRESENTATION('',(#6981),#6985);
#6981 = LINE('',#6982,#6983);
#6982 = CARTESIAN_POINT('',(0.,0.));
#6983 = VECTOR('',#6984,1.);
#6984 = DIRECTION('',(1.,0.));
#6985 = ( GEOMETRIC_REPRESENTATION_CONTEXT(2) 
PARAMETRIC_REPRESENTATION_CONTEXT() REPRESENTATION_CONTEXT('2D SPACE',''
  ) );
#6986 = ORIENTED_EDGE('',*,*,#6987,.T.);
#6987 = EDGE_CURVE('',#6965,#4783,#6988,.T.);
#6988 = SURFACE_CURVE('',#6989,(#6993,#7000),.PCURVE_S1.);
#6989 = LINE('',#6990,#6991);
#6990 = CARTESIAN_POINT('',(7.716119742735,-3.935288568297,12.1));
#6991 = VECTOR('',#6992,1.);
#6992 = DIRECTION('',(-0.866025403784,0.5,0.));
#6993 = PCURVE('',#4798,#6994);
#6994 = DEFINITIONAL_REPRESENTATION('',(#6995),#6999);
#6995 = LINE('',#6996,#6997);
#6996 = CARTESIAN_POINT('',(1.5,0.));
#6997 = VECTOR('',#6998,1.);
#6998 = DIRECTION('',(0.,1.));
#6999 = ( GEOMETRIC_REPRESENTATION_CONTEXT(2) 
PARAMETRIC_REPRESENTATION_CONTEXT() REPRESENTATION_CONTEXT('2D SPACE',''
  ) );
#7000 = PCURVE('',#4827,#7001);
#7001 = DEFINITIONAL_REPRESENTATION('',(#7002),#7006);
#7002 = LINE('',#7003,#7004);
#7003 = CARTESIAN_POINT('',(0.,0.));
#7004 = VECTOR('',#7005,1.);
#7005 = DIRECTION('',(1.,0.));
#7006 = ( GEOMETRIC_REPRESENTATION_CONTEXT(2) 
PARAMETRIC_REPRESENTATION_CONTEXT() REPRESENTATION_CONTEXT('2D SPACE',''
  ) );
#7007 = ORIENTED_EDGE('',*,*,#4782,.F.);
#7008 = ADVANCED_FACE('',(#7009),#4853,.F.);
#7009 = FACE_BOUND('',#7010,.F.);
#7010 = EDGE_LOOP('',(#7011,#7012,#7035,#7056));
#7011 = ORIENTED_EDGE('',*,*,#6887,.F.);
#7012 = ORIENTED_EDGE('',*,*,#7013,.T.);
#7013 = EDGE_CURVE('',#6888,#7014,#7016,.T.);
#7014 = VERTEX_POINT('',#7015);
#7015 = CARTESIAN_POINT('',(7.266119742735,-4.714711431703,12.1));
#7016 = SURFACE_CURVE('',#7017,(#7021,#7028),.PCURVE_S1.);
#7017 = LINE('',#7018,#7019);
#7018 = CARTESIAN_POINT('',(7.266119742735,-4.714711431703,10.6));
#7019 = VECTOR('',#7020,1.);
#7020 = DIRECTION('',(0.,0.,1.));
#7021 = PCURVE('',#4853,#7022);
#7022 = DEFINITIONAL_REPRESENTATION('',(#7023),#7027);
#7023 = LINE('',#7024,#7025);
#7024 = CARTESIAN_POINT('',(0.,0.));
#7025 = VECTOR('',#7026,1.);
#7026 = DIRECTION('',(1.,0.));
#7027 = ( GEOMETRIC_REPRESENTATION_CONTEXT(2) 
PARAMETRIC_REPRESENTATION_CONTEXT() REPRESENTATION_CONTEXT('2D SPACE',''
  ) );
#7028 = PCURVE('',#6926,#7029);
#7029 = DEFINITIONAL_REPRESENTATION('',(#7030),#7034);
#7030 = LINE('',#7031,#7032);
#7031 = CARTESIAN_POINT('',(0.,-0.9));
#7032 = VECTOR('',#7033,1.);
#7033 = DIRECTION('',(1.,0.));
#7034 = ( GEOMETRIC_REPRESENTATION_CONTEXT(2) 
PARAMETRIC_REPRESENTATION_CONTEXT() REPRESENTATION_CONTEXT('2D SPACE',''
  ) );
#7035 = ORIENTED_EDGE('',*,*,#7036,.T.);
#7036 = EDGE_CURVE('',#7014,#4811,#7037,.T.);
#7037 = SURFACE_CURVE('',#7038,(#7042,#7049),.PCURVE_S1.);
#7038 = LINE('',#7039,#7040);
#7039 = CARTESIAN_POINT('',(7.266119742735,-4.714711431703,12.1));
#7040 = VECTOR('',#7041,1.);
#7041 = DIRECTION('',(-0.866025403784,0.5,0.));
#7042 = PCURVE('',#4853,#7043);
#7043 = DEFINITIONAL_REPRESENTATION('',(#7044),#7048);
#7044 = LINE('',#7045,#7046);
#7045 = CARTESIAN_POINT('',(1.5,0.));
#7046 = VECTOR('',#7047,1.);
#7047 = DIRECTION('',(0.,1.));
#7048 = ( GEOMETRIC_REPRESENTATION_CONTEXT(2) 
PARAMETRIC_REPRESENTATION_CONTEXT() REPRESENTATION_CONTEXT('2D SPACE',''
  ) );
#7049 = PCURVE('',#4827,#7050);
#7050 = DEFINITIONAL_REPRESENTATION('',(#7051),#7055);
#7051 = LINE('',#7052,#7053);
#7052 = CARTESIAN_POINT('',(-3.330669073875E-16,0.9));
#7053 = VECTOR('',#7054,1.);
#7054 = DIRECTION('',(1.,0.));
#7055 = ( GEOMETRIC_REPRESENTATION_CONTEXT(2) 
PARAMETRIC_REPRESENTATION_CONTEXT() REPRESENTATION_CONTEXT('2D SPACE',''
  ) );
#7056 = ORIENTED_EDGE('',*,*,#4839,.F.);
#7057 = ADVANCED_FACE('',(#7058),#4827,.F.);
#7058 = FACE_BOUND('',#7059,.F.);
#7059 = EDGE_LOOP('',(#7060,#7061,#7082,#7083));
#7060 = ORIENTED_EDGE('',*,*,#7036,.F.);
#7061 = ORIENTED_EDGE('',*,*,#7062,.F.);
#7062 = EDGE_CURVE('',#6965,#7014,#7063,.T.);
#7063 = SURFACE_CURVE('',#7064,(#7068,#7075),.PCURVE_S1.);
#7064 = LINE('',#7065,#7066);
#7065 = CARTESIAN_POINT('',(7.716119742735,-3.935288568297,12.1));
#7066 = VECTOR('',#7067,1.);
#7067 = DIRECTION('',(-0.5,-0.866025403784,0.));
#7068 = PCURVE('',#4827,#7069);
#7069 = DEFINITIONAL_REPRESENTATION('',(#7070),#7074);
#7070 = LINE('',#7071,#7072);
#7071 = CARTESIAN_POINT('',(0.,0.));
#7072 = VECTOR('',#7073,1.);
#7073 = DIRECTION('',(0.,1.));
#7074 = ( GEOMETRIC_REPRESENTATION_CONTEXT(2) 
PARAMETRIC_REPRESENTATION_CONTEXT() REPRESENTATION_CONTEXT('2D SPACE',''
  ) );
#7075 = PCURVE('',#6926,#7076);
#7076 = DEFINITIONAL_REPRESENTATION('',(#7077),#7081);
#7077 = LINE('',#7078,#7079);
#7078 = CARTESIAN_POINT('',(1.5,0.));
#7079 = VECTOR('',#7080,1.);
#7080 = DIRECTION('',(0.,-1.));
#7081 = ( GEOMETRIC_REPRESENTATION_CONTEXT(2) 
PARAMETRIC_REPRESENTATION_CONTEXT() REPRESENTATION_CONTEXT('2D SPACE',''
  ) );
#7082 = ORIENTED_EDGE('',*,*,#6987,.T.);
#7083 = ORIENTED_EDGE('',*,*,#4810,.T.);
#7084 = ADVANCED_FACE('',(#7085),#4886,.T.);
#7085 = FACE_BOUND('',#7086,.T.);
#7086 = EDGE_LOOP('',(#7087,#7110,#7138,#7159));
#7087 = ORIENTED_EDGE('',*,*,#7088,.F.);
#7088 = EDGE_CURVE('',#7089,#4870,#7091,.T.);
#7089 = VERTEX_POINT('',#7090);
#7090 = CARTESIAN_POINT('',(7.122689603143,-6.15,10.6));
#7091 = SURFACE_CURVE('',#7092,(#7096,#7103),.PCURVE_S1.);
#7092 = LINE('',#7093,#7094);
#7093 = CARTESIAN_POINT('',(7.122689603143,-6.15,10.6));
#7094 = VECTOR('',#7095,1.);
#7095 = DIRECTION('',(-1.,3.885780586188E-16,0.));
#7096 = PCURVE('',#4886,#7097);
#7097 = DEFINITIONAL_REPRESENTATION('',(#7098),#7102);
#7098 = LINE('',#7099,#7100);
#7099 = CARTESIAN_POINT('',(-1.237898672457E-15,0.9));
#7100 = VECTOR('',#7101,1.);
#7101 = DIRECTION('',(1.,0.));
#7102 = ( GEOMETRIC_REPRESENTATION_CONTEXT(2) 
PARAMETRIC_REPRESENTATION_CONTEXT() REPRESENTATION_CONTEXT('2D SPACE',''
  ) );
#7103 = PCURVE('',#4969,#7104);
#7104 = DEFINITIONAL_REPRESENTATION('',(#7105),#7109);
#7105 = LINE('',#7106,#7107);
#7106 = CARTESIAN_POINT('',(0.,0.));
#7107 = VECTOR('',#7108,1.);
#7108 = DIRECTION('',(0.,1.));
#7109 = ( GEOMETRIC_REPRESENTATION_CONTEXT(2) 
PARAMETRIC_REPRESENTATION_CONTEXT() REPRESENTATION_CONTEXT('2D SPACE',''
  ) );
#7110 = ORIENTED_EDGE('',*,*,#7111,.F.);
#7111 = EDGE_CURVE('',#7112,#7089,#7114,.T.);
#7112 = VERTEX_POINT('',#7113);
#7113 = CARTESIAN_POINT('',(7.122689603143,-5.25,10.6));
#7114 = SURFACE_CURVE('',#7115,(#7119,#7126),.PCURVE_S1.);
#7115 = LINE('',#7116,#7117);
#7116 = CARTESIAN_POINT('',(7.122689603143,-5.25,10.6));
#7117 = VECTOR('',#7118,1.);
#7118 = DIRECTION('',(-3.885780586188E-16,-1.,0.));
#7119 = PCURVE('',#4886,#7120);
#7120 = DEFINITIONAL_REPRESENTATION('',(#7121),#7125);
#7121 = LINE('',#7122,#7123);
#7122 = CARTESIAN_POINT('',(0.,0.));
#7123 = VECTOR('',#7124,1.);
#7124 = DIRECTION('',(0.,1.));
#7125 = ( GEOMETRIC_REPRESENTATION_CONTEXT(2) 
PARAMETRIC_REPRESENTATION_CONTEXT() REPRESENTATION_CONTEXT('2D SPACE',''
  ) );
#7126 = PCURVE('',#7127,#7132);
#7127 = PLANE('',#7128);
#7128 = AXIS2_PLACEMENT_3D('',#7129,#7130,#7131);
#7129 = CARTESIAN_POINT('',(7.122689603143,-5.25,10.6));
#7130 = DIRECTION('',(-1.,3.885780586188E-16,0.));
#7131 = DIRECTION('',(0.,0.,1.));
#7132 = DEFINITIONAL_REPRESENTATION('',(#7133),#7137);
#7133 = LINE('',#7134,#7135);
#7134 = CARTESIAN_POINT('',(0.,0.));
#7135 = VECTOR('',#7136,1.);
#7136 = DIRECTION('',(0.,-1.));
#7137 = ( GEOMETRIC_REPRESENTATION_CONTEXT(2) 
PARAMETRIC_REPRESENTATION_CONTEXT() REPRESENTATION_CONTEXT('2D SPACE',''
  ) );
#7138 = ORIENTED_EDGE('',*,*,#7139,.T.);
#7139 = EDGE_CURVE('',#7112,#4868,#7140,.T.);
#7140 = SURFACE_CURVE('',#7141,(#7145,#7152),.PCURVE_S1.);
#7141 = LINE('',#7142,#7143);
#7142 = CARTESIAN_POINT('',(7.122689603143,-5.25,10.6));
#7143 = VECTOR('',#7144,1.);
#7144 = DIRECTION('',(-1.,3.885780586188E-16,0.));
#7145 = PCURVE('',#4886,#7146);
#7146 = DEFINITIONAL_REPRESENTATION('',(#7147),#7151);
#7147 = LINE('',#7148,#7149);
#7148 = CARTESIAN_POINT('',(0.,0.));
#7149 = VECTOR('',#7150,1.);
#7150 = DIRECTION('',(1.,0.));
#7151 = ( GEOMETRIC_REPRESENTATION_CONTEXT(2) 
PARAMETRIC_REPRESENTATION_CONTEXT() REPRESENTATION_CONTEXT('2D SPACE',''
  ) );
#7152 = PCURVE('',#4914,#7153);
#7153 = DEFINITIONAL_REPRESENTATION('',(#7154),#7158);
#7154 = LINE('',#7155,#7156);
#7155 = CARTESIAN_POINT('',(0.,0.));
#7156 = VECTOR('',#7157,1.);
#7157 = DIRECTION('',(0.,1.));
#7158 = ( GEOMETRIC_REPRESENTATION_CONTEXT(2) 
PARAMETRIC_REPRESENTATION_CONTEXT() REPRESENTATION_CONTEXT('2D SPACE',''
  ) );
#7159 = ORIENTED_EDGE('',*,*,#4867,.T.);
#7160 = ADVANCED_FACE('',(#7161),#4914,.T.);
#7161 = FACE_BOUND('',#7162,.T.);
#7162 = EDGE_LOOP('',(#7163,#7164,#7187,#7208));
#7163 = ORIENTED_EDGE('',*,*,#7139,.F.);
#7164 = ORIENTED_EDGE('',*,*,#7165,.T.);
#7165 = EDGE_CURVE('',#7112,#7166,#7168,.T.);
#7166 = VERTEX_POINT('',#7167);
#7167 = CARTESIAN_POINT('',(7.122689603143,-5.25,12.1));
#7168 = SURFACE_CURVE('',#7169,(#7173,#7180),.PCURVE_S1.);
#7169 = LINE('',#7170,#7171);
#7170 = CARTESIAN_POINT('',(7.122689603143,-5.25,10.6));
#7171 = VECTOR('',#7172,1.);
#7172 = DIRECTION('',(0.,0.,1.));
#7173 = PCURVE('',#4914,#7174);
#7174 = DEFINITIONAL_REPRESENTATION('',(#7175),#7179);
#7175 = LINE('',#7176,#7177);
#7176 = CARTESIAN_POINT('',(0.,0.));
#7177 = VECTOR('',#7178,1.);
#7178 = DIRECTION('',(1.,0.));
#7179 = ( GEOMETRIC_REPRESENTATION_CONTEXT(2) 
PARAMETRIC_REPRESENTATION_CONTEXT() REPRESENTATION_CONTEXT('2D SPACE',''
  ) );
#7180 = PCURVE('',#7127,#7181);
#7181 = DEFINITIONAL_REPRESENTATION('',(#7182),#7186);
#7182 = LINE('',#7183,#7184);
#7183 = CARTESIAN_POINT('',(0.,0.));
#7184 = VECTOR('',#7185,1.);
#7185 = DIRECTION('',(1.,0.));
#7186 = ( GEOMETRIC_REPRESENTATION_CONTEXT(2) 
PARAMETRIC_REPRESENTATION_CONTEXT() REPRESENTATION_CONTEXT('2D SPACE',''
  ) );
#7187 = ORIENTED_EDGE('',*,*,#7188,.T.);
#7188 = EDGE_CURVE('',#7166,#4899,#7189,.T.);
#7189 = SURFACE_CURVE('',#7190,(#7194,#7201),.PCURVE_S1.);
#7190 = LINE('',#7191,#7192);
#7191 = CARTESIAN_POINT('',(7.122689603143,-5.25,12.1));
#7192 = VECTOR('',#7193,1.);
#7193 = DIRECTION('',(-1.,3.885780586188E-16,0.));
#7194 = PCURVE('',#4914,#7195);
#7195 = DEFINITIONAL_REPRESENTATION('',(#7196),#7200);
#7196 = LINE('',#7197,#7198);
#7197 = CARTESIAN_POINT('',(1.5,0.));
#7198 = VECTOR('',#7199,1.);
#7199 = DIRECTION('',(0.,1.));
#7200 = ( GEOMETRIC_REPRESENTATION_CONTEXT(2) 
PARAMETRIC_REPRESENTATION_CONTEXT() REPRESENTATION_CONTEXT('2D SPACE',''
  ) );
#7201 = PCURVE('',#4943,#7202);
#7202 = DEFINITIONAL_REPRESENTATION('',(#7203),#7207);
#7203 = LINE('',#7204,#7205);
#7204 = CARTESIAN_POINT('',(0.,0.));
#7205 = VECTOR('',#7206,1.);
#7206 = DIRECTION('',(1.,0.));
#7207 = ( GEOMETRIC_REPRESENTATION_CONTEXT(2) 
PARAMETRIC_REPRESENTATION_CONTEXT() REPRESENTATION_CONTEXT('2D SPACE',''
  ) );
#7208 = ORIENTED_EDGE('',*,*,#4898,.F.);
#7209 = ADVANCED_FACE('',(#7210),#4969,.F.);
#7210 = FACE_BOUND('',#7211,.F.);
#7211 = EDGE_LOOP('',(#7212,#7213,#7236,#7257));
#7212 = ORIENTED_EDGE('',*,*,#7088,.F.);
#7213 = ORIENTED_EDGE('',*,*,#7214,.T.);
#7214 = EDGE_CURVE('',#7089,#7215,#7217,.T.);
#7215 = VERTEX_POINT('',#7216);
#7216 = CARTESIAN_POINT('',(7.122689603143,-6.15,12.1));
#7217 = SURFACE_CURVE('',#7218,(#7222,#7229),.PCURVE_S1.);
#7218 = LINE('',#7219,#7220);
#7219 = CARTESIAN_POINT('',(7.122689603143,-6.15,10.6));
#7220 = VECTOR('',#7221,1.);
#7221 = DIRECTION('',(0.,0.,1.));
#7222 = PCURVE('',#4969,#7223);
#7223 = DEFINITIONAL_REPRESENTATION('',(#7224),#7228);
#7224 = LINE('',#7225,#7226);
#7225 = CARTESIAN_POINT('',(0.,0.));
#7226 = VECTOR('',#7227,1.);
#7227 = DIRECTION('',(1.,0.));
#7228 = ( GEOMETRIC_REPRESENTATION_CONTEXT(2) 
PARAMETRIC_REPRESENTATION_CONTEXT() REPRESENTATION_CONTEXT('2D SPACE',''
  ) );
#7229 = PCURVE('',#7127,#7230);
#7230 = DEFINITIONAL_REPRESENTATION('',(#7231),#7235);
#7231 = LINE('',#7232,#7233);
#7232 = CARTESIAN_POINT('',(0.,-0.9));
#7233 = VECTOR('',#7234,1.);
#7234 = DIRECTION('',(1.,0.));
#7235 = ( GEOMETRIC_REPRESENTATION_CONTEXT(2) 
PARAMETRIC_REPRESENTATION_CONTEXT() REPRESENTATION_CONTEXT('2D SPACE',''
  ) );
#7236 = ORIENTED_EDGE('',*,*,#7237,.T.);
#7237 = EDGE_CURVE('',#7215,#4927,#7238,.T.);
#7238 = SURFACE_CURVE('',#7239,(#7243,#7250),.PCURVE_S1.);
#7239 = LINE('',#7240,#7241);
#7240 = CARTESIAN_POINT('',(7.122689603143,-6.15,12.1));
#7241 = VECTOR('',#7242,1.);
#7242 = DIRECTION('',(-1.,3.885780586188E-16,0.));
#7243 = PCURVE('',#4969,#7244);
#7244 = DEFINITIONAL_REPRESENTATION('',(#7245),#7249);
#7245 = LINE('',#7246,#7247);
#7246 = CARTESIAN_POINT('',(1.5,0.));
#7247 = VECTOR('',#7248,1.);
#7248 = DIRECTION('',(0.,1.));
#7249 = ( GEOMETRIC_REPRESENTATION_CONTEXT(2) 
PARAMETRIC_REPRESENTATION_CONTEXT() REPRESENTATION_CONTEXT('2D SPACE',''
  ) );
#7250 = PCURVE('',#4943,#7251);
#7251 = DEFINITIONAL_REPRESENTATION('',(#7252),#7256);
#7252 = LINE('',#7253,#7254);
#7253 = CARTESIAN_POINT('',(-1.237898672457E-15,0.9));
#7254 = VECTOR('',#7255,1.);
#7255 = DIRECTION('',(1.,0.));
#7256 = ( GEOMETRIC_REPRESENTATION_CONTEXT(2) 
PARAMETRIC_REPRESENTATION_CONTEXT() REPRESENTATION_CONTEXT('2D SPACE',''
  ) );
#7257 = ORIENTED_EDGE('',*,*,#4955,.F.);
#7258 = ADVANCED_FACE('',(#7259),#4943,.F.);
#7259 = FACE_BOUND('',#7260,.F.);
#7260 = EDGE_LOOP('',(#7261,#7262,#7283,#7284));
#7261 = ORIENTED_EDGE('',*,*,#7237,.F.);
#7262 = ORIENTED_EDGE('',*,*,#7263,.F.);
#7263 = EDGE_CURVE('',#7166,#7215,#7264,.T.);
#7264 = SURFACE_CURVE('',#7265,(#7269,#7276),.PCURVE_S1.);
#7265 = LINE('',#7266,#7267);
#7266 = CARTESIAN_POINT('',(7.122689603143,-5.25,12.1));
#7267 = VECTOR('',#7268,1.);
#7268 = DIRECTION('',(-3.885780586188E-16,-1.,0.));
#7269 = PCURVE('',#4943,#7270);
#7270 = DEFINITIONAL_REPRESENTATION('',(#7271),#7275);
#7271 = LINE('',#7272,#7273);
#7272 = CARTESIAN_POINT('',(0.,0.));
#7273 = VECTOR('',#7274,1.);
#7274 = DIRECTION('',(0.,1.));
#7275 = ( GEOMETRIC_REPRESENTATION_CONTEXT(2) 
PARAMETRIC_REPRESENTATION_CONTEXT() REPRESENTATION_CONTEXT('2D SPACE',''
  ) );
#7276 = PCURVE('',#7127,#7277);
#7277 = DEFINITIONAL_REPRESENTATION('',(#7278),#7282);
#7278 = LINE('',#7279,#7280);
#7279 = CARTESIAN_POINT('',(1.5,0.));
#7280 = VECTOR('',#7281,1.);
#7281 = DIRECTION('',(0.,-1.));
#7282 = ( GEOMETRIC_REPRESENTATION_CONTEXT(2) 
PARAMETRIC_REPRESENTATION_CONTEXT() REPRESENTATION_CONTEXT('2D SPACE',''
  ) );
#7283 = ORIENTED_EDGE('',*,*,#7188,.T.);
#7284 = ORIENTED_EDGE('',*,*,#4926,.T.);
#7285 = ADVANCED_FACE('',(#7286),#5002,.T.);
#7286 = FACE_BOUND('',#7287,.T.);
#7287 = EDGE_LOOP('',(#7288,#7311,#7339,#7360));
#7288 = ORIENTED_EDGE('',*,*,#7289,.F.);
#7289 = EDGE_CURVE('',#7290,#4986,#7292,.T.);
#7290 = VERTEX_POINT('',#7291);
#7291 = CARTESIAN_POINT('',(7.716119742735,-7.464711431703,10.6));
#7292 = SURFACE_CURVE('',#7293,(#7297,#7304),.PCURVE_S1.);
#7293 = LINE('',#7294,#7295);
#7294 = CARTESIAN_POINT('',(7.716119742735,-7.464711431703,10.6));
#7295 = VECTOR('',#7296,1.);
#7296 = DIRECTION('',(-0.866025403784,-0.5,0.));
#7297 = PCURVE('',#5002,#7298);
#7298 = DEFINITIONAL_REPRESENTATION('',(#7299),#7303);
#7299 = LINE('',#7300,#7301);
#7300 = CARTESIAN_POINT('',(2.22044604925E-16,0.9));
#7301 = VECTOR('',#7302,1.);
#7302 = DIRECTION('',(1.,0.));
#7303 = ( GEOMETRIC_REPRESENTATION_CONTEXT(2) 
PARAMETRIC_REPRESENTATION_CONTEXT() REPRESENTATION_CONTEXT('2D SPACE',''
  ) );
#7304 = PCURVE('',#5085,#7305);
#7305 = DEFINITIONAL_REPRESENTATION('',(#7306),#7310);
#7306 = LINE('',#7307,#7308);
#7307 = CARTESIAN_POINT('',(0.,0.));
#7308 = VECTOR('',#7309,1.);
#7309 = DIRECTION('',(0.,1.));
#7310 = ( GEOMETRIC_REPRESENTATION_CONTEXT(2) 
PARAMETRIC_REPRESENTATION_CONTEXT() REPRESENTATION_CONTEXT('2D SPACE',''
  ) );
#7311 = ORIENTED_EDGE('',*,*,#7312,.F.);
#7312 = EDGE_CURVE('',#7313,#7290,#7315,.T.);
#7313 = VERTEX_POINT('',#7314);
#7314 = CARTESIAN_POINT('',(7.266119742735,-6.685288568297,10.6));
#7315 = SURFACE_CURVE('',#7316,(#7320,#7327),.PCURVE_S1.);
#7316 = LINE('',#7317,#7318);
#7317 = CARTESIAN_POINT('',(7.266119742735,-6.685288568297,10.6));
#7318 = VECTOR('',#7319,1.);
#7319 = DIRECTION('',(0.5,-0.866025403784,0.));
#7320 = PCURVE('',#5002,#7321);
#7321 = DEFINITIONAL_REPRESENTATION('',(#7322),#7326);
#7322 = LINE('',#7323,#7324);
#7323 = CARTESIAN_POINT('',(0.,0.));
#7324 = VECTOR('',#7325,1.);
#7325 = DIRECTION('',(0.,1.));
#7326 = ( GEOMETRIC_REPRESENTATION_CONTEXT(2) 
PARAMETRIC_REPRESENTATION_CONTEXT() REPRESENTATION_CONTEXT('2D SPACE',''
  ) );
#7327 = PCURVE('',#7328,#7333);
#7328 = PLANE('',#7329);
#7329 = AXIS2_PLACEMENT_3D('',#7330,#7331,#7332);
#7330 = CARTESIAN_POINT('',(7.266119742735,-6.685288568297,10.6));
#7331 = DIRECTION('',(-0.866025403784,-0.5,0.));
#7332 = DIRECTION('',(0.,0.,1.));
#7333 = DEFINITIONAL_REPRESENTATION('',(#7334),#7338);
#7334 = LINE('',#7335,#7336);
#7335 = CARTESIAN_POINT('',(0.,0.));
#7336 = VECTOR('',#7337,1.);
#7337 = DIRECTION('',(0.,-1.));
#7338 = ( GEOMETRIC_REPRESENTATION_CONTEXT(2) 
PARAMETRIC_REPRESENTATION_CONTEXT() REPRESENTATION_CONTEXT('2D SPACE',''
  ) );
#7339 = ORIENTED_EDGE('',*,*,#7340,.T.);
#7340 = EDGE_CURVE('',#7313,#4984,#7341,.T.);
#7341 = SURFACE_CURVE('',#7342,(#7346,#7353),.PCURVE_S1.);
#7342 = LINE('',#7343,#7344);
#7343 = CARTESIAN_POINT('',(7.266119742735,-6.685288568297,10.6));
#7344 = VECTOR('',#7345,1.);
#7345 = DIRECTION('',(-0.866025403784,-0.5,0.));
#7346 = PCURVE('',#5002,#7347);
#7347 = DEFINITIONAL_REPRESENTATION('',(#7348),#7352);
#7348 = LINE('',#7349,#7350);
#7349 = CARTESIAN_POINT('',(0.,0.));
#7350 = VECTOR('',#7351,1.);
#7351 = DIRECTION('',(1.,0.));
#7352 = ( GEOMETRIC_REPRESENTATION_CONTEXT(2) 
PARAMETRIC_REPRESENTATION_CONTEXT() REPRESENTATION_CONTEXT('2D SPACE',''
  ) );
#7353 = PCURVE('',#5030,#7354);
#7354 = DEFINITIONAL_REPRESENTATION('',(#7355),#7359);
#7355 = LINE('',#7356,#7357);
#7356 = CARTESIAN_POINT('',(0.,0.));
#7357 = VECTOR('',#7358,1.);
#7358 = DIRECTION('',(0.,1.));
#7359 = ( GEOMETRIC_REPRESENTATION_CONTEXT(2) 
PARAMETRIC_REPRESENTATION_CONTEXT() REPRESENTATION_CONTEXT('2D SPACE',''
  ) );
#7360 = ORIENTED_EDGE('',*,*,#4983,.T.);
#7361 = ADVANCED_FACE('',(#7362),#5030,.T.);
#7362 = FACE_BOUND('',#7363,.T.);
#7363 = EDGE_LOOP('',(#7364,#7365,#7388,#7409));
#7364 = ORIENTED_EDGE('',*,*,#7340,.F.);
#7365 = ORIENTED_EDGE('',*,*,#7366,.T.);
#7366 = EDGE_CURVE('',#7313,#7367,#7369,.T.);
#7367 = VERTEX_POINT('',#7368);
#7368 = CARTESIAN_POINT('',(7.266119742735,-6.685288568297,12.1));
#7369 = SURFACE_CURVE('',#7370,(#7374,#7381),.PCURVE_S1.);
#7370 = LINE('',#7371,#7372);
#7371 = CARTESIAN_POINT('',(7.266119742735,-6.685288568297,10.6));
#7372 = VECTOR('',#7373,1.);
#7373 = DIRECTION('',(0.,0.,1.));
#7374 = PCURVE('',#5030,#7375);
#7375 = DEFINITIONAL_REPRESENTATION('',(#7376),#7380);
#7376 = LINE('',#7377,#7378);
#7377 = CARTESIAN_POINT('',(0.,0.));
#7378 = VECTOR('',#7379,1.);
#7379 = DIRECTION('',(1.,0.));
#7380 = ( GEOMETRIC_REPRESENTATION_CONTEXT(2) 
PARAMETRIC_REPRESENTATION_CONTEXT() REPRESENTATION_CONTEXT('2D SPACE',''
  ) );
#7381 = PCURVE('',#7328,#7382);
#7382 = DEFINITIONAL_REPRESENTATION('',(#7383),#7387);
#7383 = LINE('',#7384,#7385);
#7384 = CARTESIAN_POINT('',(0.,0.));
#7385 = VECTOR('',#7386,1.);
#7386 = DIRECTION('',(1.,0.));
#7387 = ( GEOMETRIC_REPRESENTATION_CONTEXT(2) 
PARAMETRIC_REPRESENTATION_CONTEXT() REPRESENTATION_CONTEXT('2D SPACE',''
  ) );
#7388 = ORIENTED_EDGE('',*,*,#7389,.T.);
#7389 = EDGE_CURVE('',#7367,#5015,#7390,.T.);
#7390 = SURFACE_CURVE('',#7391,(#7395,#7402),.PCURVE_S1.);
#7391 = LINE('',#7392,#7393);
#7392 = CARTESIAN_POINT('',(7.266119742735,-6.685288568297,12.1));
#7393 = VECTOR('',#7394,1.);
#7394 = DIRECTION('',(-0.866025403784,-0.5,0.));
#7395 = PCURVE('',#5030,#7396);
#7396 = DEFINITIONAL_REPRESENTATION('',(#7397),#7401);
#7397 = LINE('',#7398,#7399);
#7398 = CARTESIAN_POINT('',(1.5,0.));
#7399 = VECTOR('',#7400,1.);
#7400 = DIRECTION('',(0.,1.));
#7401 = ( GEOMETRIC_REPRESENTATION_CONTEXT(2) 
PARAMETRIC_REPRESENTATION_CONTEXT() REPRESENTATION_CONTEXT('2D SPACE',''
  ) );
#7402 = PCURVE('',#5059,#7403);
#7403 = DEFINITIONAL_REPRESENTATION('',(#7404),#7408);
#7404 = LINE('',#7405,#7406);
#7405 = CARTESIAN_POINT('',(0.,0.));
#7406 = VECTOR('',#7407,1.);
#7407 = DIRECTION('',(1.,0.));
#7408 = ( GEOMETRIC_REPRESENTATION_CONTEXT(2) 
PARAMETRIC_REPRESENTATION_CONTEXT() REPRESENTATION_CONTEXT('2D SPACE',''
  ) );
#7409 = ORIENTED_EDGE('',*,*,#5014,.F.);
#7410 = ADVANCED_FACE('',(#7411),#5085,.F.);
#7411 = FACE_BOUND('',#7412,.F.);
#7412 = EDGE_LOOP('',(#7413,#7414,#7437,#7458));
#7413 = ORIENTED_EDGE('',*,*,#7289,.F.);
#7414 = ORIENTED_EDGE('',*,*,#7415,.T.);
#7415 = EDGE_CURVE('',#7290,#7416,#7418,.T.);
#7416 = VERTEX_POINT('',#7417);
#7417 = CARTESIAN_POINT('',(7.716119742735,-7.464711431703,12.1));
#7418 = SURFACE_CURVE('',#7419,(#7423,#7430),.PCURVE_S1.);
#7419 = LINE('',#7420,#7421);
#7420 = CARTESIAN_POINT('',(7.716119742735,-7.464711431703,10.6));
#7421 = VECTOR('',#7422,1.);
#7422 = DIRECTION('',(0.,0.,1.));
#7423 = PCURVE('',#5085,#7424);
#7424 = DEFINITIONAL_REPRESENTATION('',(#7425),#7429);
#7425 = LINE('',#7426,#7427);
#7426 = CARTESIAN_POINT('',(0.,0.));
#7427 = VECTOR('',#7428,1.);
#7428 = DIRECTION('',(1.,0.));
#7429 = ( GEOMETRIC_REPRESENTATION_CONTEXT(2) 
PARAMETRIC_REPRESENTATION_CONTEXT() REPRESENTATION_CONTEXT('2D SPACE',''
  ) );
#7430 = PCURVE('',#7328,#7431);
#7431 = DEFINITIONAL_REPRESENTATION('',(#7432),#7436);
#7432 = LINE('',#7433,#7434);
#7433 = CARTESIAN_POINT('',(0.,-0.9));
#7434 = VECTOR('',#7435,1.);
#7435 = DIRECTION('',(1.,0.));
#7436 = ( GEOMETRIC_REPRESENTATION_CONTEXT(2) 
PARAMETRIC_REPRESENTATION_CONTEXT() REPRESENTATION_CONTEXT('2D SPACE',''
  ) );
#7437 = ORIENTED_EDGE('',*,*,#7438,.T.);
#7438 = EDGE_CURVE('',#7416,#5043,#7439,.T.);
#7439 = SURFACE_CURVE('',#7440,(#7444,#7451),.PCURVE_S1.);
#7440 = LINE('',#7441,#7442);
#7441 = CARTESIAN_POINT('',(7.716119742735,-7.464711431703,12.1));
#7442 = VECTOR('',#7443,1.);
#7443 = DIRECTION('',(-0.866025403784,-0.5,0.));
#7444 = PCURVE('',#5085,#7445);
#7445 = DEFINITIONAL_REPRESENTATION('',(#7446),#7450);
#7446 = LINE('',#7447,#7448);
#7447 = CARTESIAN_POINT('',(1.5,0.));
#7448 = VECTOR('',#7449,1.);
#7449 = DIRECTION('',(0.,1.));
#7450 = ( GEOMETRIC_REPRESENTATION_CONTEXT(2) 
PARAMETRIC_REPRESENTATION_CONTEXT() REPRESENTATION_CONTEXT('2D SPACE',''
  ) );
#7451 = PCURVE('',#5059,#7452);
#7452 = DEFINITIONAL_REPRESENTATION('',(#7453),#7457);
#7453 = LINE('',#7454,#7455);
#7454 = CARTESIAN_POINT('',(2.22044604925E-16,0.9));
#7455 = VECTOR('',#7456,1.);
#7456 = DIRECTION('',(1.,0.));
#7457 = ( GEOMETRIC_REPRESENTATION_CONTEXT(2) 
PARAMETRIC_REPRESENTATION_CONTEXT() REPRESENTATION_CONTEXT('2D SPACE',''
  ) );
#7458 = ORIENTED_EDGE('',*,*,#5071,.F.);
#7459 = ADVANCED_FACE('',(#7460),#5059,.F.);
#7460 = FACE_BOUND('',#7461,.F.);
#7461 = EDGE_LOOP('',(#7462,#7463,#7484,#7485));
#7462 = ORIENTED_EDGE('',*,*,#7438,.F.);
#7463 = ORIENTED_EDGE('',*,*,#7464,.F.);
#7464 = EDGE_CURVE('',#7367,#7416,#7465,.T.);
#7465 = SURFACE_CURVE('',#7466,(#7470,#7477),.PCURVE_S1.);
#7466 = LINE('',#7467,#7468);
#7467 = CARTESIAN_POINT('',(7.266119742735,-6.685288568297,12.1));
#7468 = VECTOR('',#7469,1.);
#7469 = DIRECTION('',(0.5,-0.866025403784,0.));
#7470 = PCURVE('',#5059,#7471);
#7471 = DEFINITIONAL_REPRESENTATION('',(#7472),#7476);
#7472 = LINE('',#7473,#7474);
#7473 = CARTESIAN_POINT('',(0.,0.));
#7474 = VECTOR('',#7475,1.);
#7475 = DIRECTION('',(0.,1.));
#7476 = ( GEOMETRIC_REPRESENTATION_CONTEXT(2) 
PARAMETRIC_REPRESENTATION_CONTEXT() REPRESENTATION_CONTEXT('2D SPACE',''
  ) );
#7477 = PCURVE('',#7328,#7478);
#7478 = DEFINITIONAL_REPRESENTATION('',(#7479),#7483);
#7479 = LINE('',#7480,#7481);
#7480 = CARTESIAN_POINT('',(1.5,0.));
#7481 = VECTOR('',#7482,1.);
#7482 = DIRECTION('',(0.,-1.));
#7483 = ( GEOMETRIC_REPRESENTATION_CONTEXT(2) 
PARAMETRIC_REPRESENTATION_CONTEXT() REPRESENTATION_CONTEXT('2D SPACE',''
  ) );
#7484 = ORIENTED_EDGE('',*,*,#7389,.T.);
#7485 = ORIENTED_EDGE('',*,*,#5042,.T.);
#7486 = ADVANCED_FACE('',(#7487),#5118,.T.);
#7487 = FACE_BOUND('',#7488,.T.);
#7488 = EDGE_LOOP('',(#7489,#7512,#7540,#7561));
#7489 = ORIENTED_EDGE('',*,*,#7490,.F.);
#7490 = EDGE_CURVE('',#7491,#5102,#7493,.T.);
#7491 = VERTEX_POINT('',#7492);
#7492 = CARTESIAN_POINT('',(8.887401034846,-8.306569860407,10.6));
#7493 = SURFACE_CURVE('',#7494,(#7498,#7505),.PCURVE_S1.);
#7494 = LINE('',#7495,#7496);
#7495 = CARTESIAN_POINT('',(8.887401034846,-8.306569860407,10.6));
#7496 = VECTOR('',#7497,1.);
#7497 = DIRECTION('',(-0.5,-0.866025403784,0.));
#7498 = PCURVE('',#5118,#7499);
#7499 = DEFINITIONAL_REPRESENTATION('',(#7500),#7504);
#7500 = LINE('',#7501,#7502);
#7501 = CARTESIAN_POINT('',(1.387778780781E-15,0.9));
#7502 = VECTOR('',#7503,1.);
#7503 = DIRECTION('',(1.,0.));
#7504 = ( GEOMETRIC_REPRESENTATION_CONTEXT(2) 
PARAMETRIC_REPRESENTATION_CONTEXT() REPRESENTATION_CONTEXT('2D SPACE',''
  ) );
#7505 = PCURVE('',#5201,#7506);
#7506 = DEFINITIONAL_REPRESENTATION('',(#7507),#7511);
#7507 = LINE('',#7508,#7509);
#7508 = CARTESIAN_POINT('',(0.,0.));
#7509 = VECTOR('',#7510,1.);
#7510 = DIRECTION('',(0.,1.));
#7511 = ( GEOMETRIC_REPRESENTATION_CONTEXT(2) 
PARAMETRIC_REPRESENTATION_CONTEXT() REPRESENTATION_CONTEXT('2D SPACE',''
  ) );
#7512 = ORIENTED_EDGE('',*,*,#7513,.F.);
#7513 = EDGE_CURVE('',#7514,#7491,#7516,.T.);
#7514 = VERTEX_POINT('',#7515);
#7515 = CARTESIAN_POINT('',(8.10797817144,-7.856569860407,10.6));
#7516 = SURFACE_CURVE('',#7517,(#7521,#7528),.PCURVE_S1.);
#7517 = LINE('',#7518,#7519);
#7518 = CARTESIAN_POINT('',(8.10797817144,-7.856569860407,10.6));
#7519 = VECTOR('',#7520,1.);
#7520 = DIRECTION('',(0.866025403784,-0.5,0.));
#7521 = PCURVE('',#5118,#7522);
#7522 = DEFINITIONAL_REPRESENTATION('',(#7523),#7527);
#7523 = LINE('',#7524,#7525);
#7524 = CARTESIAN_POINT('',(0.,0.));
#7525 = VECTOR('',#7526,1.);
#7526 = DIRECTION('',(0.,1.));
#7527 = ( GEOMETRIC_REPRESENTATION_CONTEXT(2) 
PARAMETRIC_REPRESENTATION_CONTEXT() REPRESENTATION_CONTEXT('2D SPACE',''
  ) );
#7528 = PCURVE('',#7529,#7534);
#7529 = PLANE('',#7530);
#7530 = AXIS2_PLACEMENT_3D('',#7531,#7532,#7533);
#7531 = CARTESIAN_POINT('',(8.10797817144,-7.856569860407,10.6));
#7532 = DIRECTION('',(-0.5,-0.866025403784,0.));
#7533 = DIRECTION('',(0.,0.,1.));
#7534 = DEFINITIONAL_REPRESENTATION('',(#7535),#7539);
#7535 = LINE('',#7536,#7537);
#7536 = CARTESIAN_POINT('',(0.,0.));
#7537 = VECTOR('',#7538,1.);
#7538 = DIRECTION('',(0.,-1.));
#7539 = ( GEOMETRIC_REPRESENTATION_CONTEXT(2) 
PARAMETRIC_REPRESENTATION_CONTEXT() REPRESENTATION_CONTEXT('2D SPACE',''
  ) );
#7540 = ORIENTED_EDGE('',*,*,#7541,.T.);
#7541 = EDGE_CURVE('',#7514,#5100,#7542,.T.);
#7542 = SURFACE_CURVE('',#7543,(#7547,#7554),.PCURVE_S1.);
#7543 = LINE('',#7544,#7545);
#7544 = CARTESIAN_POINT('',(8.10797817144,-7.856569860407,10.6));
#7545 = VECTOR('',#7546,1.);
#7546 = DIRECTION('',(-0.5,-0.866025403784,0.));
#7547 = PCURVE('',#5118,#7548);
#7548 = DEFINITIONAL_REPRESENTATION('',(#7549),#7553);
#7549 = LINE('',#7550,#7551);
#7550 = CARTESIAN_POINT('',(0.,0.));
#7551 = VECTOR('',#7552,1.);
#7552 = DIRECTION('',(1.,0.));
#7553 = ( GEOMETRIC_REPRESENTATION_CONTEXT(2) 
PARAMETRIC_REPRESENTATION_CONTEXT() REPRESENTATION_CONTEXT('2D SPACE',''
  ) );
#7554 = PCURVE('',#5146,#7555);
#7555 = DEFINITIONAL_REPRESENTATION('',(#7556),#7560);
#7556 = LINE('',#7557,#7558);
#7557 = CARTESIAN_POINT('',(0.,0.));
#7558 = VECTOR('',#7559,1.);
#7559 = DIRECTION('',(0.,1.));
#7560 = ( GEOMETRIC_REPRESENTATION_CONTEXT(2) 
PARAMETRIC_REPRESENTATION_CONTEXT() REPRESENTATION_CONTEXT('2D SPACE',''
  ) );
#7561 = ORIENTED_EDGE('',*,*,#5099,.T.);
#7562 = ADVANCED_FACE('',(#7563),#5146,.T.);
#7563 = FACE_BOUND('',#7564,.T.);
#7564 = EDGE_LOOP('',(#7565,#7566,#7589,#7610));
#7565 = ORIENTED_EDGE('',*,*,#7541,.F.);
#7566 = ORIENTED_EDGE('',*,*,#7567,.T.);
#7567 = EDGE_CURVE('',#7514,#7568,#7570,.T.);
#7568 = VERTEX_POINT('',#7569);
#7569 = CARTESIAN_POINT('',(8.10797817144,-7.856569860407,12.1));
#7570 = SURFACE_CURVE('',#7571,(#7575,#7582),.PCURVE_S1.);
#7571 = LINE('',#7572,#7573);
#7572 = CARTESIAN_POINT('',(8.10797817144,-7.856569860407,10.6));
#7573 = VECTOR('',#7574,1.);
#7574 = DIRECTION('',(0.,0.,1.));
#7575 = PCURVE('',#5146,#7576);
#7576 = DEFINITIONAL_REPRESENTATION('',(#7577),#7581);
#7577 = LINE('',#7578,#7579);
#7578 = CARTESIAN_POINT('',(0.,0.));
#7579 = VECTOR('',#7580,1.);
#7580 = DIRECTION('',(1.,0.));
#7581 = ( GEOMETRIC_REPRESENTATION_CONTEXT(2) 
PARAMETRIC_REPRESENTATION_CONTEXT() REPRESENTATION_CONTEXT('2D SPACE',''
  ) );
#7582 = PCURVE('',#7529,#7583);
#7583 = DEFINITIONAL_REPRESENTATION('',(#7584),#7588);
#7584 = LINE('',#7585,#7586);
#7585 = CARTESIAN_POINT('',(0.,0.));
#7586 = VECTOR('',#7587,1.);
#7587 = DIRECTION('',(1.,0.));
#7588 = ( GEOMETRIC_REPRESENTATION_CONTEXT(2) 
PARAMETRIC_REPRESENTATION_CONTEXT() REPRESENTATION_CONTEXT('2D SPACE',''
  ) );
#7589 = ORIENTED_EDGE('',*,*,#7590,.T.);
#7590 = EDGE_CURVE('',#7568,#5131,#7591,.T.);
#7591 = SURFACE_CURVE('',#7592,(#7596,#7603),.PCURVE_S1.);
#7592 = LINE('',#7593,#7594);
#7593 = CARTESIAN_POINT('',(8.10797817144,-7.856569860407,12.1));
#7594 = VECTOR('',#7595,1.);
#7595 = DIRECTION('',(-0.5,-0.866025403784,0.));
#7596 = PCURVE('',#5146,#7597);
#7597 = DEFINITIONAL_REPRESENTATION('',(#7598),#7602);
#7598 = LINE('',#7599,#7600);
#7599 = CARTESIAN_POINT('',(1.5,0.));
#7600 = VECTOR('',#7601,1.);
#7601 = DIRECTION('',(0.,1.));
#7602 = ( GEOMETRIC_REPRESENTATION_CONTEXT(2) 
PARAMETRIC_REPRESENTATION_CONTEXT() REPRESENTATION_CONTEXT('2D SPACE',''
  ) );
#7603 = PCURVE('',#5175,#7604);
#7604 = DEFINITIONAL_REPRESENTATION('',(#7605),#7609);
#7605 = LINE('',#7606,#7607);
#7606 = CARTESIAN_POINT('',(0.,0.));
#7607 = VECTOR('',#7608,1.);
#7608 = DIRECTION('',(1.,0.));
#7609 = ( GEOMETRIC_REPRESENTATION_CONTEXT(2) 
PARAMETRIC_REPRESENTATION_CONTEXT() REPRESENTATION_CONTEXT('2D SPACE',''
  ) );
#7610 = ORIENTED_EDGE('',*,*,#5130,.F.);
#7611 = ADVANCED_FACE('',(#7612),#5201,.F.);
#7612 = FACE_BOUND('',#7613,.F.);
#7613 = EDGE_LOOP('',(#7614,#7615,#7638,#7659));
#7614 = ORIENTED_EDGE('',*,*,#7490,.F.);
#7615 = ORIENTED_EDGE('',*,*,#7616,.T.);
#7616 = EDGE_CURVE('',#7491,#7617,#7619,.T.);
#7617 = VERTEX_POINT('',#7618);
#7618 = CARTESIAN_POINT('',(8.887401034846,-8.306569860407,12.1));
#7619 = SURFACE_CURVE('',#7620,(#7624,#7631),.PCURVE_S1.);
#7620 = LINE('',#7621,#7622);
#7621 = CARTESIAN_POINT('',(8.887401034846,-8.306569860407,10.6));
#7622 = VECTOR('',#7623,1.);
#7623 = DIRECTION('',(0.,0.,1.));
#7624 = PCURVE('',#5201,#7625);
#7625 = DEFINITIONAL_REPRESENTATION('',(#7626),#7630);
#7626 = LINE('',#7627,#7628);
#7627 = CARTESIAN_POINT('',(0.,0.));
#7628 = VECTOR('',#7629,1.);
#7629 = DIRECTION('',(1.,0.));
#7630 = ( GEOMETRIC_REPRESENTATION_CONTEXT(2) 
PARAMETRIC_REPRESENTATION_CONTEXT() REPRESENTATION_CONTEXT('2D SPACE',''
  ) );
#7631 = PCURVE('',#7529,#7632);
#7632 = DEFINITIONAL_REPRESENTATION('',(#7633),#7637);
#7633 = LINE('',#7634,#7635);
#7634 = CARTESIAN_POINT('',(0.,-0.9));
#7635 = VECTOR('',#7636,1.);
#7636 = DIRECTION('',(1.,0.));
#7637 = ( GEOMETRIC_REPRESENTATION_CONTEXT(2) 
PARAMETRIC_REPRESENTATION_CONTEXT() REPRESENTATION_CONTEXT('2D SPACE',''
  ) );
#7638 = ORIENTED_EDGE('',*,*,#7639,.T.);
#7639 = EDGE_CURVE('',#7617,#5159,#7640,.T.);
#7640 = SURFACE_CURVE('',#7641,(#7645,#7652),.PCURVE_S1.);
#7641 = LINE('',#7642,#7643);
#7642 = CARTESIAN_POINT('',(8.887401034846,-8.306569860407,12.1));
#7643 = VECTOR('',#7644,1.);
#7644 = DIRECTION('',(-0.5,-0.866025403784,0.));
#7645 = PCURVE('',#5201,#7646);
#7646 = DEFINITIONAL_REPRESENTATION('',(#7647),#7651);
#7647 = LINE('',#7648,#7649);
#7648 = CARTESIAN_POINT('',(1.5,0.));
#7649 = VECTOR('',#7650,1.);
#7650 = DIRECTION('',(0.,1.));
#7651 = ( GEOMETRIC_REPRESENTATION_CONTEXT(2) 
PARAMETRIC_REPRESENTATION_CONTEXT() REPRESENTATION_CONTEXT('2D SPACE',''
  ) );
#7652 = PCURVE('',#5175,#7653);
#7653 = DEFINITIONAL_REPRESENTATION('',(#7654),#7658);
#7654 = LINE('',#7655,#7656);
#7655 = CARTESIAN_POINT('',(1.387778780781E-15,0.9));
#7656 = VECTOR('',#7657,1.);
#7657 = DIRECTION('',(1.,0.));
#7658 = ( GEOMETRIC_REPRESENTATION_CONTEXT(2) 
PARAMETRIC_REPRESENTATION_CONTEXT() REPRESENTATION_CONTEXT('2D SPACE',''
  ) );
#7659 = ORIENTED_EDGE('',*,*,#5187,.F.);
#7660 = ADVANCED_FACE('',(#7661),#5175,.F.);
#7661 = FACE_BOUND('',#7662,.F.);
#7662 = EDGE_LOOP('',(#7663,#7664,#7685,#7686));
#7663 = ORIENTED_EDGE('',*,*,#7639,.F.);
#7664 = ORIENTED_EDGE('',*,*,#7665,.F.);
#7665 = EDGE_CURVE('',#7568,#7617,#7666,.T.);
#7666 = SURFACE_CURVE('',#7667,(#7671,#7678),.PCURVE_S1.);
#7667 = LINE('',#7668,#7669);
#7668 = CARTESIAN_POINT('',(8.10797817144,-7.856569860407,12.1));
#7669 = VECTOR('',#7670,1.);
#7670 = DIRECTION('',(0.866025403784,-0.5,0.));
#7671 = PCURVE('',#5175,#7672);
#7672 = DEFINITIONAL_REPRESENTATION('',(#7673),#7677);
#7673 = LINE('',#7674,#7675);
#7674 = CARTESIAN_POINT('',(0.,0.));
#7675 = VECTOR('',#7676,1.);
#7676 = DIRECTION('',(0.,1.));
#7677 = ( GEOMETRIC_REPRESENTATION_CONTEXT(2) 
PARAMETRIC_REPRESENTATION_CONTEXT() REPRESENTATION_CONTEXT('2D SPACE',''
  ) );
#7678 = PCURVE('',#7529,#7679);
#7679 = DEFINITIONAL_REPRESENTATION('',(#7680),#7684);
#7680 = LINE('',#7681,#7682);
#7681 = CARTESIAN_POINT('',(1.5,0.));
#7682 = VECTOR('',#7683,1.);
#7683 = DIRECTION('',(0.,-1.));
#7684 = ( GEOMETRIC_REPRESENTATION_CONTEXT(2) 
PARAMETRIC_REPRESENTATION_CONTEXT() REPRESENTATION_CONTEXT('2D SPACE',''
  ) );
#7685 = ORIENTED_EDGE('',*,*,#7590,.T.);
#7686 = ORIENTED_EDGE('',*,*,#5158,.T.);
#7687 = ADVANCED_FACE('',(#7688),#5234,.T.);
#7688 = FACE_BOUND('',#7689,.T.);
#7689 = EDGE_LOOP('',(#7690,#7713,#7741,#7762));
#7690 = ORIENTED_EDGE('',*,*,#7691,.F.);
#7691 = EDGE_CURVE('',#7692,#5218,#7694,.T.);
#7692 = VERTEX_POINT('',#7693);
#7693 = CARTESIAN_POINT('',(10.322689603143,-8.45,10.6));
#7694 = SURFACE_CURVE('',#7695,(#7699,#7706),.PCURVE_S1.);
#7695 = LINE('',#7696,#7697);
#7696 = CARTESIAN_POINT('',(10.322689603143,-8.45,10.6));
#7697 = VECTOR('',#7698,1.);
#7698 = DIRECTION('',(-3.885780586188E-16,-1.,0.));
#7699 = PCURVE('',#5234,#7700);
#7700 = DEFINITIONAL_REPRESENTATION('',(#7701),#7705);
#7701 = LINE('',#7702,#7703);
#7702 = CARTESIAN_POINT('',(1.426636586643E-15,0.9));
#7703 = VECTOR('',#7704,1.);
#7704 = DIRECTION('',(1.,0.));
#7705 = ( GEOMETRIC_REPRESENTATION_CONTEXT(2) 
PARAMETRIC_REPRESENTATION_CONTEXT() REPRESENTATION_CONTEXT('2D SPACE',''
  ) );
#7706 = PCURVE('',#5317,#7707);
#7707 = DEFINITIONAL_REPRESENTATION('',(#7708),#7712);
#7708 = LINE('',#7709,#7710);
#7709 = CARTESIAN_POINT('',(0.,0.));
#7710 = VECTOR('',#7711,1.);
#7711 = DIRECTION('',(0.,1.));
#7712 = ( GEOMETRIC_REPRESENTATION_CONTEXT(2) 
PARAMETRIC_REPRESENTATION_CONTEXT() REPRESENTATION_CONTEXT('2D SPACE',''
  ) );
#7713 = ORIENTED_EDGE('',*,*,#7714,.F.);
#7714 = EDGE_CURVE('',#7715,#7692,#7717,.T.);
#7715 = VERTEX_POINT('',#7716);
#7716 = CARTESIAN_POINT('',(9.422689603143,-8.45,10.6));
#7717 = SURFACE_CURVE('',#7718,(#7722,#7729),.PCURVE_S1.);
#7718 = LINE('',#7719,#7720);
#7719 = CARTESIAN_POINT('',(9.422689603143,-8.45,10.6));
#7720 = VECTOR('',#7721,1.);
#7721 = DIRECTION('',(1.,-3.885780586188E-16,0.));
#7722 = PCURVE('',#5234,#7723);
#7723 = DEFINITIONAL_REPRESENTATION('',(#7724),#7728);
#7724 = LINE('',#7725,#7726);
#7725 = CARTESIAN_POINT('',(0.,0.));
#7726 = VECTOR('',#7727,1.);
#7727 = DIRECTION('',(0.,1.));
#7728 = ( GEOMETRIC_REPRESENTATION_CONTEXT(2) 
PARAMETRIC_REPRESENTATION_CONTEXT() REPRESENTATION_CONTEXT('2D SPACE',''
  ) );
#7729 = PCURVE('',#7730,#7735);
#7730 = PLANE('',#7731);
#7731 = AXIS2_PLACEMENT_3D('',#7732,#7733,#7734);
#7732 = CARTESIAN_POINT('',(9.422689603143,-8.45,10.6));
#7733 = DIRECTION('',(-3.885780586188E-16,-1.,0.));
#7734 = DIRECTION('',(0.,0.,1.));
#7735 = DEFINITIONAL_REPRESENTATION('',(#7736),#7740);
#7736 = LINE('',#7737,#7738);
#7737 = CARTESIAN_POINT('',(0.,0.));
#7738 = VECTOR('',#7739,1.);
#7739 = DIRECTION('',(0.,-1.));
#7740 = ( GEOMETRIC_REPRESENTATION_CONTEXT(2) 
PARAMETRIC_REPRESENTATION_CONTEXT() REPRESENTATION_CONTEXT('2D SPACE',''
  ) );
#7741 = ORIENTED_EDGE('',*,*,#7742,.T.);
#7742 = EDGE_CURVE('',#7715,#5216,#7743,.T.);
#7743 = SURFACE_CURVE('',#7744,(#7748,#7755),.PCURVE_S1.);
#7744 = LINE('',#7745,#7746);
#7745 = CARTESIAN_POINT('',(9.422689603143,-8.45,10.6));
#7746 = VECTOR('',#7747,1.);
#7747 = DIRECTION('',(-3.885780586188E-16,-1.,0.));
#7748 = PCURVE('',#5234,#7749);
#7749 = DEFINITIONAL_REPRESENTATION('',(#7750),#7754);
#7750 = LINE('',#7751,#7752);
#7751 = CARTESIAN_POINT('',(0.,0.));
#7752 = VECTOR('',#7753,1.);
#7753 = DIRECTION('',(1.,0.));
#7754 = ( GEOMETRIC_REPRESENTATION_CONTEXT(2) 
PARAMETRIC_REPRESENTATION_CONTEXT() REPRESENTATION_CONTEXT('2D SPACE',''
  ) );
#7755 = PCURVE('',#5262,#7756);
#7756 = DEFINITIONAL_REPRESENTATION('',(#7757),#7761);
#7757 = LINE('',#7758,#7759);
#7758 = CARTESIAN_POINT('',(0.,0.));
#7759 = VECTOR('',#7760,1.);
#7760 = DIRECTION('',(0.,1.));
#7761 = ( GEOMETRIC_REPRESENTATION_CONTEXT(2) 
PARAMETRIC_REPRESENTATION_CONTEXT() REPRESENTATION_CONTEXT('2D SPACE',''
  ) );
#7762 = ORIENTED_EDGE('',*,*,#5215,.T.);
#7763 = ADVANCED_FACE('',(#7764),#5262,.T.);
#7764 = FACE_BOUND('',#7765,.T.);
#7765 = EDGE_LOOP('',(#7766,#7767,#7790,#7811));
#7766 = ORIENTED_EDGE('',*,*,#7742,.F.);
#7767 = ORIENTED_EDGE('',*,*,#7768,.T.);
#7768 = EDGE_CURVE('',#7715,#7769,#7771,.T.);
#7769 = VERTEX_POINT('',#7770);
#7770 = CARTESIAN_POINT('',(9.422689603143,-8.45,12.1));
#7771 = SURFACE_CURVE('',#7772,(#7776,#7783),.PCURVE_S1.);
#7772 = LINE('',#7773,#7774);
#7773 = CARTESIAN_POINT('',(9.422689603143,-8.45,10.6));
#7774 = VECTOR('',#7775,1.);
#7775 = DIRECTION('',(0.,0.,1.));
#7776 = PCURVE('',#5262,#7777);
#7777 = DEFINITIONAL_REPRESENTATION('',(#7778),#7782);
#7778 = LINE('',#7779,#7780);
#7779 = CARTESIAN_POINT('',(0.,0.));
#7780 = VECTOR('',#7781,1.);
#7781 = DIRECTION('',(1.,0.));
#7782 = ( GEOMETRIC_REPRESENTATION_CONTEXT(2) 
PARAMETRIC_REPRESENTATION_CONTEXT() REPRESENTATION_CONTEXT('2D SPACE',''
  ) );
#7783 = PCURVE('',#7730,#7784);
#7784 = DEFINITIONAL_REPRESENTATION('',(#7785),#7789);
#7785 = LINE('',#7786,#7787);
#7786 = CARTESIAN_POINT('',(0.,0.));
#7787 = VECTOR('',#7788,1.);
#7788 = DIRECTION('',(1.,0.));
#7789 = ( GEOMETRIC_REPRESENTATION_CONTEXT(2) 
PARAMETRIC_REPRESENTATION_CONTEXT() REPRESENTATION_CONTEXT('2D SPACE',''
  ) );
#7790 = ORIENTED_EDGE('',*,*,#7791,.T.);
#7791 = EDGE_CURVE('',#7769,#5247,#7792,.T.);
#7792 = SURFACE_CURVE('',#7793,(#7797,#7804),.PCURVE_S1.);
#7793 = LINE('',#7794,#7795);
#7794 = CARTESIAN_POINT('',(9.422689603143,-8.45,12.1));
#7795 = VECTOR('',#7796,1.);
#7796 = DIRECTION('',(-3.885780586188E-16,-1.,0.));
#7797 = PCURVE('',#5262,#7798);
#7798 = DEFINITIONAL_REPRESENTATION('',(#7799),#7803);
#7799 = LINE('',#7800,#7801);
#7800 = CARTESIAN_POINT('',(1.5,0.));
#7801 = VECTOR('',#7802,1.);
#7802 = DIRECTION('',(0.,1.));
#7803 = ( GEOMETRIC_REPRESENTATION_CONTEXT(2) 
PARAMETRIC_REPRESENTATION_CONTEXT() REPRESENTATION_CONTEXT('2D SPACE',''
  ) );
#7804 = PCURVE('',#5291,#7805);
#7805 = DEFINITIONAL_REPRESENTATION('',(#7806),#7810);
#7806 = LINE('',#7807,#7808);
#7807 = CARTESIAN_POINT('',(0.,0.));
#7808 = VECTOR('',#7809,1.);
#7809 = DIRECTION('',(1.,0.));
#7810 = ( GEOMETRIC_REPRESENTATION_CONTEXT(2) 
PARAMETRIC_REPRESENTATION_CONTEXT() REPRESENTATION_CONTEXT('2D SPACE',''
  ) );
#7811 = ORIENTED_EDGE('',*,*,#5246,.F.);
#7812 = ADVANCED_FACE('',(#7813),#5317,.F.);
#7813 = FACE_BOUND('',#7814,.F.);
#7814 = EDGE_LOOP('',(#7815,#7816,#7839,#7860));
#7815 = ORIENTED_EDGE('',*,*,#7691,.F.);
#7816 = ORIENTED_EDGE('',*,*,#7817,.T.);
#7817 = EDGE_CURVE('',#7692,#7818,#7820,.T.);
#7818 = VERTEX_POINT('',#7819);
#7819 = CARTESIAN_POINT('',(10.322689603143,-8.45,12.1));
#7820 = SURFACE_CURVE('',#7821,(#7825,#7832),.PCURVE_S1.);
#7821 = LINE('',#7822,#7823);
#7822 = CARTESIAN_POINT('',(10.322689603143,-8.45,10.6));
#7823 = VECTOR('',#7824,1.);
#7824 = DIRECTION('',(0.,0.,1.));
#7825 = PCURVE('',#5317,#7826);
#7826 = DEFINITIONAL_REPRESENTATION('',(#7827),#7831);
#7827 = LINE('',#7828,#7829);
#7828 = CARTESIAN_POINT('',(0.,0.));
#7829 = VECTOR('',#7830,1.);
#7830 = DIRECTION('',(1.,0.));
#7831 = ( GEOMETRIC_REPRESENTATION_CONTEXT(2) 
PARAMETRIC_REPRESENTATION_CONTEXT() REPRESENTATION_CONTEXT('2D SPACE',''
  ) );
#7832 = PCURVE('',#7730,#7833);
#7833 = DEFINITIONAL_REPRESENTATION('',(#7834),#7838);
#7834 = LINE('',#7835,#7836);
#7835 = CARTESIAN_POINT('',(0.,-0.9));
#7836 = VECTOR('',#7837,1.);
#7837 = DIRECTION('',(1.,0.));
#7838 = ( GEOMETRIC_REPRESENTATION_CONTEXT(2) 
PARAMETRIC_REPRESENTATION_CONTEXT() REPRESENTATION_CONTEXT('2D SPACE',''
  ) );
#7839 = ORIENTED_EDGE('',*,*,#7840,.T.);
#7840 = EDGE_CURVE('',#7818,#5275,#7841,.T.);
#7841 = SURFACE_CURVE('',#7842,(#7846,#7853),.PCURVE_S1.);
#7842 = LINE('',#7843,#7844);
#7843 = CARTESIAN_POINT('',(10.322689603143,-8.45,12.1));
#7844 = VECTOR('',#7845,1.);
#7845 = DIRECTION('',(-3.885780586188E-16,-1.,0.));
#7846 = PCURVE('',#5317,#7847);
#7847 = DEFINITIONAL_REPRESENTATION('',(#7848),#7852);
#7848 = LINE('',#7849,#7850);
#7849 = CARTESIAN_POINT('',(1.5,0.));
#7850 = VECTOR('',#7851,1.);
#7851 = DIRECTION('',(0.,1.));
#7852 = ( GEOMETRIC_REPRESENTATION_CONTEXT(2) 
PARAMETRIC_REPRESENTATION_CONTEXT() REPRESENTATION_CONTEXT('2D SPACE',''
  ) );
#7853 = PCURVE('',#5291,#7854);
#7854 = DEFINITIONAL_REPRESENTATION('',(#7855),#7859);
#7855 = LINE('',#7856,#7857);
#7856 = CARTESIAN_POINT('',(1.426636586643E-15,0.9));
#7857 = VECTOR('',#7858,1.);
#7858 = DIRECTION('',(1.,0.));
#7859 = ( GEOMETRIC_REPRESENTATION_CONTEXT(2) 
PARAMETRIC_REPRESENTATION_CONTEXT() REPRESENTATION_CONTEXT('2D SPACE',''
  ) );
#7860 = ORIENTED_EDGE('',*,*,#5303,.F.);
#7861 = ADVANCED_FACE('',(#7862),#5291,.F.);
#7862 = FACE_BOUND('',#7863,.F.);
#7863 = EDGE_LOOP('',(#7864,#7865,#7886,#7887));
#7864 = ORIENTED_EDGE('',*,*,#7840,.F.);
#7865 = ORIENTED_EDGE('',*,*,#7866,.F.);
#7866 = EDGE_CURVE('',#7769,#7818,#7867,.T.);
#7867 = SURFACE_CURVE('',#7868,(#7872,#7879),.PCURVE_S1.);
#7868 = LINE('',#7869,#7870);
#7869 = CARTESIAN_POINT('',(9.422689603143,-8.45,12.1));
#7870 = VECTOR('',#7871,1.);
#7871 = DIRECTION('',(1.,-3.885780586188E-16,0.));
#7872 = PCURVE('',#5291,#7873);
#7873 = DEFINITIONAL_REPRESENTATION('',(#7874),#7878);
#7874 = LINE('',#7875,#7876);
#7875 = CARTESIAN_POINT('',(0.,0.));
#7876 = VECTOR('',#7877,1.);
#7877 = DIRECTION('',(0.,1.));
#7878 = ( GEOMETRIC_REPRESENTATION_CONTEXT(2) 
PARAMETRIC_REPRESENTATION_CONTEXT() REPRESENTATION_CONTEXT('2D SPACE',''
  ) );
#7879 = PCURVE('',#7730,#7880);
#7880 = DEFINITIONAL_REPRESENTATION('',(#7881),#7885);
#7881 = LINE('',#7882,#7883);
#7882 = CARTESIAN_POINT('',(1.5,0.));
#7883 = VECTOR('',#7884,1.);
#7884 = DIRECTION('',(0.,-1.));
#7885 = ( GEOMETRIC_REPRESENTATION_CONTEXT(2) 
PARAMETRIC_REPRESENTATION_CONTEXT() REPRESENTATION_CONTEXT('2D SPACE',''
  ) );
#7886 = ORIENTED_EDGE('',*,*,#7791,.T.);
#7887 = ORIENTED_EDGE('',*,*,#5274,.T.);
#7888 = ADVANCED_FACE('',(#7889),#5350,.T.);
#7889 = FACE_BOUND('',#7890,.T.);
#7890 = EDGE_LOOP('',(#7891,#7914,#7942,#7963));
#7891 = ORIENTED_EDGE('',*,*,#7892,.F.);
#7892 = EDGE_CURVE('',#7893,#5334,#7895,.T.);
#7893 = VERTEX_POINT('',#7894);
#7894 = CARTESIAN_POINT('',(11.637401034846,-7.856569860407,10.6));
#7895 = SURFACE_CURVE('',#7896,(#7900,#7907),.PCURVE_S1.);
#7896 = LINE('',#7897,#7898);
#7897 = CARTESIAN_POINT('',(11.637401034846,-7.856569860407,10.6));
#7898 = VECTOR('',#7899,1.);
#7899 = DIRECTION('',(0.5,-0.866025403784,0.));
#7900 = PCURVE('',#5350,#7901);
#7901 = DEFINITIONAL_REPRESENTATION('',(#7902),#7906);
#7902 = LINE('',#7903,#7904);
#7903 = CARTESIAN_POINT('',(-2.275957200482E-15,0.9));
#7904 = VECTOR('',#7905,1.);
#7905 = DIRECTION('',(1.,0.));
#7906 = ( GEOMETRIC_REPRESENTATION_CONTEXT(2) 
PARAMETRIC_REPRESENTATION_CONTEXT() REPRESENTATION_CONTEXT('2D SPACE',''
  ) );
#7907 = PCURVE('',#5433,#7908);
#7908 = DEFINITIONAL_REPRESENTATION('',(#7909),#7913);
#7909 = LINE('',#7910,#7911);
#7910 = CARTESIAN_POINT('',(0.,0.));
#7911 = VECTOR('',#7912,1.);
#7912 = DIRECTION('',(0.,1.));
#7913 = ( GEOMETRIC_REPRESENTATION_CONTEXT(2) 
PARAMETRIC_REPRESENTATION_CONTEXT() REPRESENTATION_CONTEXT('2D SPACE',''
  ) );
#7914 = ORIENTED_EDGE('',*,*,#7915,.F.);
#7915 = EDGE_CURVE('',#7916,#7893,#7918,.T.);
#7916 = VERTEX_POINT('',#7917);
#7917 = CARTESIAN_POINT('',(10.85797817144,-8.306569860407,10.6));
#7918 = SURFACE_CURVE('',#7919,(#7923,#7930),.PCURVE_S1.);
#7919 = LINE('',#7920,#7921);
#7920 = CARTESIAN_POINT('',(10.85797817144,-8.306569860407,10.6));
#7921 = VECTOR('',#7922,1.);
#7922 = DIRECTION('',(0.866025403784,0.5,0.));
#7923 = PCURVE('',#5350,#7924);
#7924 = DEFINITIONAL_REPRESENTATION('',(#7925),#7929);
#7925 = LINE('',#7926,#7927);
#7926 = CARTESIAN_POINT('',(0.,0.));
#7927 = VECTOR('',#7928,1.);
#7928 = DIRECTION('',(0.,1.));
#7929 = ( GEOMETRIC_REPRESENTATION_CONTEXT(2) 
PARAMETRIC_REPRESENTATION_CONTEXT() REPRESENTATION_CONTEXT('2D SPACE',''
  ) );
#7930 = PCURVE('',#7931,#7936);
#7931 = PLANE('',#7932);
#7932 = AXIS2_PLACEMENT_3D('',#7933,#7934,#7935);
#7933 = CARTESIAN_POINT('',(10.85797817144,-8.306569860407,10.6));
#7934 = DIRECTION('',(0.5,-0.866025403784,0.));
#7935 = DIRECTION('',(0.,0.,1.));
#7936 = DEFINITIONAL_REPRESENTATION('',(#7937),#7941);
#7937 = LINE('',#7938,#7939);
#7938 = CARTESIAN_POINT('',(0.,0.));
#7939 = VECTOR('',#7940,1.);
#7940 = DIRECTION('',(0.,-1.));
#7941 = ( GEOMETRIC_REPRESENTATION_CONTEXT(2) 
PARAMETRIC_REPRESENTATION_CONTEXT() REPRESENTATION_CONTEXT('2D SPACE',''
  ) );
#7942 = ORIENTED_EDGE('',*,*,#7943,.T.);
#7943 = EDGE_CURVE('',#7916,#5332,#7944,.T.);
#7944 = SURFACE_CURVE('',#7945,(#7949,#7956),.PCURVE_S1.);
#7945 = LINE('',#7946,#7947);
#7946 = CARTESIAN_POINT('',(10.85797817144,-8.306569860407,10.6));
#7947 = VECTOR('',#7948,1.);
#7948 = DIRECTION('',(0.5,-0.866025403784,0.));
#7949 = PCURVE('',#5350,#7950);
#7950 = DEFINITIONAL_REPRESENTATION('',(#7951),#7955);
#7951 = LINE('',#7952,#7953);
#7952 = CARTESIAN_POINT('',(0.,0.));
#7953 = VECTOR('',#7954,1.);
#7954 = DIRECTION('',(1.,0.));
#7955 = ( GEOMETRIC_REPRESENTATION_CONTEXT(2) 
PARAMETRIC_REPRESENTATION_CONTEXT() REPRESENTATION_CONTEXT('2D SPACE',''
  ) );
#7956 = PCURVE('',#5378,#7957);
#7957 = DEFINITIONAL_REPRESENTATION('',(#7958),#7962);
#7958 = LINE('',#7959,#7960);
#7959 = CARTESIAN_POINT('',(0.,0.));
#7960 = VECTOR('',#7961,1.);
#7961 = DIRECTION('',(0.,1.));
#7962 = ( GEOMETRIC_REPRESENTATION_CONTEXT(2) 
PARAMETRIC_REPRESENTATION_CONTEXT() REPRESENTATION_CONTEXT('2D SPACE',''
  ) );
#7963 = ORIENTED_EDGE('',*,*,#5331,.T.);
#7964 = ADVANCED_FACE('',(#7965),#5433,.F.);
#7965 = FACE_BOUND('',#7966,.F.);
#7966 = EDGE_LOOP('',(#7967,#7968,#7991,#8012));
#7967 = ORIENTED_EDGE('',*,*,#7892,.F.);
#7968 = ORIENTED_EDGE('',*,*,#7969,.T.);
#7969 = EDGE_CURVE('',#7893,#7970,#7972,.T.);
#7970 = VERTEX_POINT('',#7971);
#7971 = CARTESIAN_POINT('',(11.637401034846,-7.856569860407,12.1));
#7972 = SURFACE_CURVE('',#7973,(#7977,#7984),.PCURVE_S1.);
#7973 = LINE('',#7974,#7975);
#7974 = CARTESIAN_POINT('',(11.637401034846,-7.856569860407,10.6));
#7975 = VECTOR('',#7976,1.);
#7976 = DIRECTION('',(0.,0.,1.));
#7977 = PCURVE('',#5433,#7978);
#7978 = DEFINITIONAL_REPRESENTATION('',(#7979),#7983);
#7979 = LINE('',#7980,#7981);
#7980 = CARTESIAN_POINT('',(0.,0.));
#7981 = VECTOR('',#7982,1.);
#7982 = DIRECTION('',(1.,0.));
#7983 = ( GEOMETRIC_REPRESENTATION_CONTEXT(2) 
PARAMETRIC_REPRESENTATION_CONTEXT() REPRESENTATION_CONTEXT('2D SPACE',''
  ) );
#7984 = PCURVE('',#7931,#7985);
#7985 = DEFINITIONAL_REPRESENTATION('',(#7986),#7990);
#7986 = LINE('',#7987,#7988);
#7987 = CARTESIAN_POINT('',(0.,-0.9));
#7988 = VECTOR('',#7989,1.);
#7989 = DIRECTION('',(1.,0.));
#7990 = ( GEOMETRIC_REPRESENTATION_CONTEXT(2) 
PARAMETRIC_REPRESENTATION_CONTEXT() REPRESENTATION_CONTEXT('2D SPACE',''
  ) );
#7991 = ORIENTED_EDGE('',*,*,#7992,.T.);
#7992 = EDGE_CURVE('',#7970,#5391,#7993,.T.);
#7993 = SURFACE_CURVE('',#7994,(#7998,#8005),.PCURVE_S1.);
#7994 = LINE('',#7995,#7996);
#7995 = CARTESIAN_POINT('',(11.637401034846,-7.856569860407,12.1));
#7996 = VECTOR('',#7997,1.);
#7997 = DIRECTION('',(0.5,-0.866025403784,0.));
#7998 = PCURVE('',#5433,#7999);
#7999 = DEFINITIONAL_REPRESENTATION('',(#8000),#8004);
#8000 = LINE('',#8001,#8002);
#8001 = CARTESIAN_POINT('',(1.5,0.));
#8002 = VECTOR('',#8003,1.);
#8003 = DIRECTION('',(0.,1.));
#8004 = ( GEOMETRIC_REPRESENTATION_CONTEXT(2) 
PARAMETRIC_REPRESENTATION_CONTEXT() REPRESENTATION_CONTEXT('2D SPACE',''
  ) );
#8005 = PCURVE('',#5407,#8006);
#8006 = DEFINITIONAL_REPRESENTATION('',(#8007),#8011);
#8007 = LINE('',#8008,#8009);
#8008 = CARTESIAN_POINT('',(-2.275957200482E-15,0.9));
#8009 = VECTOR('',#8010,1.);
#8010 = DIRECTION('',(1.,0.));
#8011 = ( GEOMETRIC_REPRESENTATION_CONTEXT(2) 
PARAMETRIC_REPRESENTATION_CONTEXT() REPRESENTATION_CONTEXT('2D SPACE',''
  ) );
#8012 = ORIENTED_EDGE('',*,*,#5419,.F.);
#8013 = ADVANCED_FACE('',(#8014),#5407,.F.);
#8014 = FACE_BOUND('',#8015,.F.);
#8015 = EDGE_LOOP('',(#8016,#8017,#8040,#8061));
#8016 = ORIENTED_EDGE('',*,*,#7992,.F.);
#8017 = ORIENTED_EDGE('',*,*,#8018,.F.);
#8018 = EDGE_CURVE('',#8019,#7970,#8021,.T.);
#8019 = VERTEX_POINT('',#8020);
#8020 = CARTESIAN_POINT('',(10.85797817144,-8.306569860407,12.1));
#8021 = SURFACE_CURVE('',#8022,(#8026,#8033),.PCURVE_S1.);
#8022 = LINE('',#8023,#8024);
#8023 = CARTESIAN_POINT('',(10.85797817144,-8.306569860407,12.1));
#8024 = VECTOR('',#8025,1.);
#8025 = DIRECTION('',(0.866025403784,0.5,0.));
#8026 = PCURVE('',#5407,#8027);
#8027 = DEFINITIONAL_REPRESENTATION('',(#8028),#8032);
#8028 = LINE('',#8029,#8030);
#8029 = CARTESIAN_POINT('',(0.,0.));
#8030 = VECTOR('',#8031,1.);
#8031 = DIRECTION('',(0.,1.));
#8032 = ( GEOMETRIC_REPRESENTATION_CONTEXT(2) 
PARAMETRIC_REPRESENTATION_CONTEXT() REPRESENTATION_CONTEXT('2D SPACE',''
  ) );
#8033 = PCURVE('',#7931,#8034);
#8034 = DEFINITIONAL_REPRESENTATION('',(#8035),#8039);
#8035 = LINE('',#8036,#8037);
#8036 = CARTESIAN_POINT('',(1.5,0.));
#8037 = VECTOR('',#8038,1.);
#8038 = DIRECTION('',(0.,-1.));
#8039 = ( GEOMETRIC_REPRESENTATION_CONTEXT(2) 
PARAMETRIC_REPRESENTATION_CONTEXT() REPRESENTATION_CONTEXT('2D SPACE',''
  ) );
#8040 = ORIENTED_EDGE('',*,*,#8041,.T.);
#8041 = EDGE_CURVE('',#8019,#5363,#8042,.T.);
#8042 = SURFACE_CURVE('',#8043,(#8047,#8054),.PCURVE_S1.);
#8043 = LINE('',#8044,#8045);
#8044 = CARTESIAN_POINT('',(10.85797817144,-8.306569860407,12.1));
#8045 = VECTOR('',#8046,1.);
#8046 = DIRECTION('',(0.5,-0.866025403784,0.));
#8047 = PCURVE('',#5407,#8048);
#8048 = DEFINITIONAL_REPRESENTATION('',(#8049),#8053);
#8049 = LINE('',#8050,#8051);
#8050 = CARTESIAN_POINT('',(0.,0.));
#8051 = VECTOR('',#8052,1.);
#8052 = DIRECTION('',(1.,0.));
#8053 = ( GEOMETRIC_REPRESENTATION_CONTEXT(2) 
PARAMETRIC_REPRESENTATION_CONTEXT() REPRESENTATION_CONTEXT('2D SPACE',''
  ) );
#8054 = PCURVE('',#5378,#8055);
#8055 = DEFINITIONAL_REPRESENTATION('',(#8056),#8060);
#8056 = LINE('',#8057,#8058);
#8057 = CARTESIAN_POINT('',(1.5,0.));
#8058 = VECTOR('',#8059,1.);
#8059 = DIRECTION('',(0.,1.));
#8060 = ( GEOMETRIC_REPRESENTATION_CONTEXT(2) 
PARAMETRIC_REPRESENTATION_CONTEXT() REPRESENTATION_CONTEXT('2D SPACE',''
  ) );
#8061 = ORIENTED_EDGE('',*,*,#5390,.T.);
#8062 = ADVANCED_FACE('',(#8063),#5378,.T.);
#8063 = FACE_BOUND('',#8064,.T.);
#8064 = EDGE_LOOP('',(#8065,#8066,#8087,#8088));
#8065 = ORIENTED_EDGE('',*,*,#7943,.F.);
#8066 = ORIENTED_EDGE('',*,*,#8067,.T.);
#8067 = EDGE_CURVE('',#7916,#8019,#8068,.T.);
#8068 = SURFACE_CURVE('',#8069,(#8073,#8080),.PCURVE_S1.);
#8069 = LINE('',#8070,#8071);
#8070 = CARTESIAN_POINT('',(10.85797817144,-8.306569860407,10.6));
#8071 = VECTOR('',#8072,1.);
#8072 = DIRECTION('',(0.,0.,1.));
#8073 = PCURVE('',#5378,#8074);
#8074 = DEFINITIONAL_REPRESENTATION('',(#8075),#8079);
#8075 = LINE('',#8076,#8077);
#8076 = CARTESIAN_POINT('',(0.,0.));
#8077 = VECTOR('',#8078,1.);
#8078 = DIRECTION('',(1.,0.));
#8079 = ( GEOMETRIC_REPRESENTATION_CONTEXT(2) 
PARAMETRIC_REPRESENTATION_CONTEXT() REPRESENTATION_CONTEXT('2D SPACE',''
  ) );
#8080 = PCURVE('',#7931,#8081);
#8081 = DEFINITIONAL_REPRESENTATION('',(#8082),#8086);
#8082 = LINE('',#8083,#8084);
#8083 = CARTESIAN_POINT('',(0.,0.));
#8084 = VECTOR('',#8085,1.);
#8085 = DIRECTION('',(1.,0.));
#8086 = ( GEOMETRIC_REPRESENTATION_CONTEXT(2) 
PARAMETRIC_REPRESENTATION_CONTEXT() REPRESENTATION_CONTEXT('2D SPACE',''
  ) );
#8087 = ORIENTED_EDGE('',*,*,#8041,.T.);
#8088 = ORIENTED_EDGE('',*,*,#5362,.F.);
#8089 = ADVANCED_FACE('',(#8090,#8093),#5488,.F.);
#8090 = FACE_BOUND('',#8091,.F.);
#8091 = EDGE_LOOP('',(#8092));
#8092 = ORIENTED_EDGE('',*,*,#5473,.T.);
#8093 = FACE_BOUND('',#8094,.F.);
#8094 = EDGE_LOOP('',(#8095));
#8095 = ORIENTED_EDGE('',*,*,#8096,.F.);
#8096 = EDGE_CURVE('',#8097,#8097,#8099,.T.);
#8097 = VERTEX_POINT('',#8098);
#8098 = CARTESIAN_POINT('',(11.656701934939,-6.73,5.675));
#8099 = SURFACE_CURVE('',#8100,(#8105,#8112),.PCURVE_S1.);
#8100 = CIRCLE('',#8101,2.06);
#8101 = AXIS2_PLACEMENT_3D('',#8102,#8103,#8104);
#8102 = CARTESIAN_POINT('',(9.872689603143,-5.7,5.675));
#8103 = DIRECTION('',(-0.,0.,1.));
#8104 = DIRECTION('',(0.866025403784,-0.5,0.));
#8105 = PCURVE('',#5488,#8106);
#8106 = DEFINITIONAL_REPRESENTATION('',(#8107),#8111);
#8107 = CIRCLE('',#8108,2.06);
#8108 = AXIS2_PLACEMENT_2D('',#8109,#8110);
#8109 = CARTESIAN_POINT('',(0.,0.));
#8110 = DIRECTION('',(1.,0.));
#8111 = ( GEOMETRIC_REPRESENTATION_CONTEXT(2) 
PARAMETRIC_REPRESENTATION_CONTEXT() REPRESENTATION_CONTEXT('2D SPACE',''
  ) );
#8112 = PCURVE('',#8113,#8118);
#8113 = CYLINDRICAL_SURFACE('',#8114,2.06);
#8114 = AXIS2_PLACEMENT_3D('',#8115,#8116,#8117);
#8115 = CARTESIAN_POINT('',(9.872689603143,-5.7,5.6));
#8116 = DIRECTION('',(0.,0.,1.));
#8117 = DIRECTION('',(0.866025403784,-0.5,0.));
#8118 = DEFINITIONAL_REPRESENTATION('',(#8119),#8123);
#8119 = LINE('',#8120,#8121);
#8120 = CARTESIAN_POINT('',(0.,7.5E-02));
#8121 = VECTOR('',#8122,1.);
#8122 = DIRECTION('',(1.,0.));
#8123 = ( GEOMETRIC_REPRESENTATION_CONTEXT(2) 
PARAMETRIC_REPRESENTATION_CONTEXT() REPRESENTATION_CONTEXT('2D SPACE',''
  ) );
#8124 = ADVANCED_FACE('',(#8125),#5544,.T.);
#8125 = FACE_BOUND('',#8126,.T.);
#8126 = EDGE_LOOP('',(#8127,#8128,#8129,#8130));
#8127 = ORIENTED_EDGE('',*,*,#5856,.F.);
#8128 = ORIENTED_EDGE('',*,*,#5528,.T.);
#8129 = ORIENTED_EDGE('',*,*,#5583,.T.);
#8130 = ORIENTED_EDGE('',*,*,#5632,.F.);
#8131 = ADVANCED_FACE('',(#8132),#5702,.T.);
#8132 = FACE_BOUND('',#8133,.T.);
#8133 = EDGE_LOOP('',(#8134,#8164,#8185,#8186));
#8134 = ORIENTED_EDGE('',*,*,#8135,.F.);
#8135 = EDGE_CURVE('',#8136,#8138,#8140,.T.);
#8136 = VERTEX_POINT('',#8137);
#8137 = CARTESIAN_POINT('',(10.872689603143,-5.12264973081,9.8));
#8138 = VERTEX_POINT('',#8139);
#8139 = CARTESIAN_POINT('',(9.872689603143,-4.545299461621,9.8));
#8140 = SURFACE_CURVE('',#8141,(#8145,#8152),.PCURVE_S1.);
#8141 = LINE('',#8142,#8143);
#8142 = CARTESIAN_POINT('',(10.872689603143,-5.12264973081,9.8));
#8143 = VECTOR('',#8144,1.);
#8144 = DIRECTION('',(-0.866025403784,0.5,0.));
#8145 = PCURVE('',#5702,#8146);
#8146 = DEFINITIONAL_REPRESENTATION('',(#8147),#8151);
#8147 = LINE('',#8148,#8149);
#8148 = CARTESIAN_POINT('',(0.,0.));
#8149 = VECTOR('',#8150,1.);
#8150 = DIRECTION('',(1.,0.));
#8151 = ( GEOMETRIC_REPRESENTATION_CONTEXT(2) 
PARAMETRIC_REPRESENTATION_CONTEXT() REPRESENTATION_CONTEXT('2D SPACE',''
  ) );
#8152 = PCURVE('',#8153,#8158);
#8153 = PLANE('',#8154);
#8154 = AXIS2_PLACEMENT_3D('',#8155,#8156,#8157);
#8155 = CARTESIAN_POINT('',(9.872689603143,-5.7,9.8));
#8156 = DIRECTION('',(0.,0.,1.));
#8157 = DIRECTION('',(0.866025403784,-0.5,0.));
#8158 = DEFINITIONAL_REPRESENTATION('',(#8159),#8163);
#8159 = LINE('',#8160,#8161);
#8160 = CARTESIAN_POINT('',(0.57735026919,1.));
#8161 = VECTOR('',#8162,1.);
#8162 = DIRECTION('',(-1.,1.665334536938E-16));
#8163 = ( GEOMETRIC_REPRESENTATION_CONTEXT(2) 
PARAMETRIC_REPRESENTATION_CONTEXT() REPRESENTATION_CONTEXT('2D SPACE',''
  ) );
#8164 = ORIENTED_EDGE('',*,*,#8165,.T.);
#8165 = EDGE_CURVE('',#8136,#5687,#8166,.T.);
#8166 = SURFACE_CURVE('',#8167,(#8171,#8178),.PCURVE_S1.);
#8167 = LINE('',#8168,#8169);
#8168 = CARTESIAN_POINT('',(10.872689603143,-5.12264973081,9.8));
#8169 = VECTOR('',#8170,1.);
#8170 = DIRECTION('',(0.,0.,1.));
#8171 = PCURVE('',#5702,#8172);
#8172 = DEFINITIONAL_REPRESENTATION('',(#8173),#8177);
#8173 = LINE('',#8174,#8175);
#8174 = CARTESIAN_POINT('',(0.,0.));
#8175 = VECTOR('',#8176,1.);
#8176 = DIRECTION('',(0.,-1.));
#8177 = ( GEOMETRIC_REPRESENTATION_CONTEXT(2) 
PARAMETRIC_REPRESENTATION_CONTEXT() REPRESENTATION_CONTEXT('2D SPACE',''
  ) );
#8178 = PCURVE('',#5730,#8179);
#8179 = DEFINITIONAL_REPRESENTATION('',(#8180),#8184);
#8180 = LINE('',#8181,#8182);
#8181 = CARTESIAN_POINT('',(1.154700538379,0.));
#8182 = VECTOR('',#8183,1.);
#8183 = DIRECTION('',(0.,-1.));
#8184 = ( GEOMETRIC_REPRESENTATION_CONTEXT(2) 
PARAMETRIC_REPRESENTATION_CONTEXT() REPRESENTATION_CONTEXT('2D SPACE',''
  ) );
#8185 = ORIENTED_EDGE('',*,*,#5684,.F.);
#8186 = ORIENTED_EDGE('',*,*,#8187,.F.);
#8187 = EDGE_CURVE('',#8138,#5685,#8188,.T.);
#8188 = SURFACE_CURVE('',#8189,(#8193,#8200),.PCURVE_S1.);
#8189 = LINE('',#8190,#8191);
#8190 = CARTESIAN_POINT('',(9.872689603143,-4.545299461621,9.8));
#8191 = VECTOR('',#8192,1.);
#8192 = DIRECTION('',(0.,0.,1.));
#8193 = PCURVE('',#5702,#8194);
#8194 = DEFINITIONAL_REPRESENTATION('',(#8195),#8199);
#8195 = LINE('',#8196,#8197);
#8196 = CARTESIAN_POINT('',(1.154700538379,0.));
#8197 = VECTOR('',#8198,1.);
#8198 = DIRECTION('',(0.,-1.));
#8199 = ( GEOMETRIC_REPRESENTATION_CONTEXT(2) 
PARAMETRIC_REPRESENTATION_CONTEXT() REPRESENTATION_CONTEXT('2D SPACE',''
  ) );
#8200 = PCURVE('',#5840,#8201);
#8201 = DEFINITIONAL_REPRESENTATION('',(#8202),#8206);
#8202 = LINE('',#8203,#8204);
#8203 = CARTESIAN_POINT('',(0.,0.));
#8204 = VECTOR('',#8205,1.);
#8205 = DIRECTION('',(0.,-1.));
#8206 = ( GEOMETRIC_REPRESENTATION_CONTEXT(2) 
PARAMETRIC_REPRESENTATION_CONTEXT() REPRESENTATION_CONTEXT('2D SPACE',''
  ) );
#8207 = ADVANCED_FACE('',(#8208),#5840,.T.);
#8208 = FACE_BOUND('',#8209,.T.);
#8209 = EDGE_LOOP('',(#8210,#8233,#8234,#8235));
#8210 = ORIENTED_EDGE('',*,*,#8211,.F.);
#8211 = EDGE_CURVE('',#8138,#8212,#8214,.T.);
#8212 = VERTEX_POINT('',#8213);
#8213 = CARTESIAN_POINT('',(8.872689603143,-5.12264973081,9.8));
#8214 = SURFACE_CURVE('',#8215,(#8219,#8226),.PCURVE_S1.);
#8215 = LINE('',#8216,#8217);
#8216 = CARTESIAN_POINT('',(9.872689603143,-4.545299461621,9.8));
#8217 = VECTOR('',#8218,1.);
#8218 = DIRECTION('',(-0.866025403784,-0.5,0.));
#8219 = PCURVE('',#5840,#8220);
#8220 = DEFINITIONAL_REPRESENTATION('',(#8221),#8225);
#8221 = LINE('',#8222,#8223);
#8222 = CARTESIAN_POINT('',(0.,0.));
#8223 = VECTOR('',#8224,1.);
#8224 = DIRECTION('',(1.,0.));
#8225 = ( GEOMETRIC_REPRESENTATION_CONTEXT(2) 
PARAMETRIC_REPRESENTATION_CONTEXT() REPRESENTATION_CONTEXT('2D SPACE',''
  ) );
#8226 = PCURVE('',#8153,#8227);
#8227 = DEFINITIONAL_REPRESENTATION('',(#8228),#8232);
#8228 = LINE('',#8229,#8230);
#8229 = CARTESIAN_POINT('',(-0.57735026919,1.));
#8230 = VECTOR('',#8231,1.);
#8231 = DIRECTION('',(-0.5,-0.866025403784));
#8232 = ( GEOMETRIC_REPRESENTATION_CONTEXT(2) 
PARAMETRIC_REPRESENTATION_CONTEXT() REPRESENTATION_CONTEXT('2D SPACE',''
  ) );
#8233 = ORIENTED_EDGE('',*,*,#8187,.T.);
#8234 = ORIENTED_EDGE('',*,*,#5826,.F.);
#8235 = ORIENTED_EDGE('',*,*,#8236,.F.);
#8236 = EDGE_CURVE('',#8212,#5799,#8237,.T.);
#8237 = SURFACE_CURVE('',#8238,(#8242,#8249),.PCURVE_S1.);
#8238 = LINE('',#8239,#8240);
#8239 = CARTESIAN_POINT('',(8.872689603143,-5.12264973081,9.8));
#8240 = VECTOR('',#8241,1.);
#8241 = DIRECTION('',(0.,0.,1.));
#8242 = PCURVE('',#5840,#8243);
#8243 = DEFINITIONAL_REPRESENTATION('',(#8244),#8248);
#8244 = LINE('',#8245,#8246);
#8245 = CARTESIAN_POINT('',(1.154700538379,0.));
#8246 = VECTOR('',#8247,1.);
#8247 = DIRECTION('',(0.,-1.));
#8248 = ( GEOMETRIC_REPRESENTATION_CONTEXT(2) 
PARAMETRIC_REPRESENTATION_CONTEXT() REPRESENTATION_CONTEXT('2D SPACE',''
  ) );
#8249 = PCURVE('',#5814,#8250);
#8250 = DEFINITIONAL_REPRESENTATION('',(#8251),#8255);
#8251 = LINE('',#8252,#8253);
#8252 = CARTESIAN_POINT('',(0.,0.));
#8253 = VECTOR('',#8254,1.);
#8254 = DIRECTION('',(0.,-1.));
#8255 = ( GEOMETRIC_REPRESENTATION_CONTEXT(2) 
PARAMETRIC_REPRESENTATION_CONTEXT() REPRESENTATION_CONTEXT('2D SPACE',''
  ) );
#8256 = ADVANCED_FACE('',(#8257),#5814,.T.);
#8257 = FACE_BOUND('',#8258,.T.);
#8258 = EDGE_LOOP('',(#8259,#8282,#8283,#8284));
#8259 = ORIENTED_EDGE('',*,*,#8260,.F.);
#8260 = EDGE_CURVE('',#8212,#8261,#8263,.T.);
#8261 = VERTEX_POINT('',#8262);
#8262 = CARTESIAN_POINT('',(8.872689603143,-6.27735026919,9.8));
#8263 = SURFACE_CURVE('',#8264,(#8268,#8275),.PCURVE_S1.);
#8264 = LINE('',#8265,#8266);
#8265 = CARTESIAN_POINT('',(8.872689603143,-5.12264973081,9.8));
#8266 = VECTOR('',#8267,1.);
#8267 = DIRECTION('',(-9.992007221626E-16,-1.,0.));
#8268 = PCURVE('',#5814,#8269);
#8269 = DEFINITIONAL_REPRESENTATION('',(#8270),#8274);
#8270 = LINE('',#8271,#8272);
#8271 = CARTESIAN_POINT('',(0.,0.));
#8272 = VECTOR('',#8273,1.);
#8273 = DIRECTION('',(1.,0.));
#8274 = ( GEOMETRIC_REPRESENTATION_CONTEXT(2) 
PARAMETRIC_REPRESENTATION_CONTEXT() REPRESENTATION_CONTEXT('2D SPACE',''
  ) );
#8275 = PCURVE('',#8153,#8276);
#8276 = DEFINITIONAL_REPRESENTATION('',(#8277),#8281);
#8277 = LINE('',#8278,#8279);
#8278 = CARTESIAN_POINT('',(-1.154700538379,-3.330669073875E-16));
#8279 = VECTOR('',#8280,1.);
#8280 = DIRECTION('',(0.5,-0.866025403784));
#8281 = ( GEOMETRIC_REPRESENTATION_CONTEXT(2) 
PARAMETRIC_REPRESENTATION_CONTEXT() REPRESENTATION_CONTEXT('2D SPACE',''
  ) );
#8282 = ORIENTED_EDGE('',*,*,#8236,.T.);
#8283 = ORIENTED_EDGE('',*,*,#5798,.F.);
#8284 = ORIENTED_EDGE('',*,*,#8285,.F.);
#8285 = EDGE_CURVE('',#8261,#5771,#8286,.T.);
#8286 = SURFACE_CURVE('',#8287,(#8291,#8298),.PCURVE_S1.);
#8287 = LINE('',#8288,#8289);
#8288 = CARTESIAN_POINT('',(8.872689603143,-6.27735026919,9.8));
#8289 = VECTOR('',#8290,1.);
#8290 = DIRECTION('',(0.,0.,1.));
#8291 = PCURVE('',#5814,#8292);
#8292 = DEFINITIONAL_REPRESENTATION('',(#8293),#8297);
#8293 = LINE('',#8294,#8295);
#8294 = CARTESIAN_POINT('',(1.154700538379,0.));
#8295 = VECTOR('',#8296,1.);
#8296 = DIRECTION('',(0.,-1.));
#8297 = ( GEOMETRIC_REPRESENTATION_CONTEXT(2) 
PARAMETRIC_REPRESENTATION_CONTEXT() REPRESENTATION_CONTEXT('2D SPACE',''
  ) );
#8298 = PCURVE('',#5786,#8299);
#8299 = DEFINITIONAL_REPRESENTATION('',(#8300),#8304);
#8300 = LINE('',#8301,#8302);
#8301 = CARTESIAN_POINT('',(0.,0.));
#8302 = VECTOR('',#8303,1.);
#8303 = DIRECTION('',(0.,-1.));
#8304 = ( GEOMETRIC_REPRESENTATION_CONTEXT(2) 
PARAMETRIC_REPRESENTATION_CONTEXT() REPRESENTATION_CONTEXT('2D SPACE',''
  ) );
#8305 = ADVANCED_FACE('',(#8306),#5786,.T.);
#8306 = FACE_BOUND('',#8307,.T.);
#8307 = EDGE_LOOP('',(#8308,#8331,#8332,#8333));
#8308 = ORIENTED_EDGE('',*,*,#8309,.F.);
#8309 = EDGE_CURVE('',#8261,#8310,#8312,.T.);
#8310 = VERTEX_POINT('',#8311);
#8311 = CARTESIAN_POINT('',(9.872689603143,-6.854700538379,9.8));
#8312 = SURFACE_CURVE('',#8313,(#8317,#8324),.PCURVE_S1.);
#8313 = LINE('',#8314,#8315);
#8314 = CARTESIAN_POINT('',(8.872689603143,-6.27735026919,9.8));
#8315 = VECTOR('',#8316,1.);
#8316 = DIRECTION('',(0.866025403784,-0.5,0.));
#8317 = PCURVE('',#5786,#8318);
#8318 = DEFINITIONAL_REPRESENTATION('',(#8319),#8323);
#8319 = LINE('',#8320,#8321);
#8320 = CARTESIAN_POINT('',(0.,0.));
#8321 = VECTOR('',#8322,1.);
#8322 = DIRECTION('',(1.,0.));
#8323 = ( GEOMETRIC_REPRESENTATION_CONTEXT(2) 
PARAMETRIC_REPRESENTATION_CONTEXT() REPRESENTATION_CONTEXT('2D SPACE',''
  ) );
#8324 = PCURVE('',#8153,#8325);
#8325 = DEFINITIONAL_REPRESENTATION('',(#8326),#8330);
#8326 = LINE('',#8327,#8328);
#8327 = CARTESIAN_POINT('',(-0.57735026919,-1.));
#8328 = VECTOR('',#8329,1.);
#8329 = DIRECTION('',(1.,-6.106226635438E-16));
#8330 = ( GEOMETRIC_REPRESENTATION_CONTEXT(2) 
PARAMETRIC_REPRESENTATION_CONTEXT() REPRESENTATION_CONTEXT('2D SPACE',''
  ) );
#8331 = ORIENTED_EDGE('',*,*,#8285,.T.);
#8332 = ORIENTED_EDGE('',*,*,#5770,.F.);
#8333 = ORIENTED_EDGE('',*,*,#8334,.F.);
#8334 = EDGE_CURVE('',#8310,#5743,#8335,.T.);
#8335 = SURFACE_CURVE('',#8336,(#8340,#8347),.PCURVE_S1.);
#8336 = LINE('',#8337,#8338);
#8337 = CARTESIAN_POINT('',(9.872689603143,-6.854700538379,9.8));
#8338 = VECTOR('',#8339,1.);
#8339 = DIRECTION('',(0.,0.,1.));
#8340 = PCURVE('',#5786,#8341);
#8341 = DEFINITIONAL_REPRESENTATION('',(#8342),#8346);
#8342 = LINE('',#8343,#8344);
#8343 = CARTESIAN_POINT('',(1.154700538379,0.));
#8344 = VECTOR('',#8345,1.);
#8345 = DIRECTION('',(0.,-1.));
#8346 = ( GEOMETRIC_REPRESENTATION_CONTEXT(2) 
PARAMETRIC_REPRESENTATION_CONTEXT() REPRESENTATION_CONTEXT('2D SPACE',''
  ) );
#8347 = PCURVE('',#5758,#8348);
#8348 = DEFINITIONAL_REPRESENTATION('',(#8349),#8353);
#8349 = LINE('',#8350,#8351);
#8350 = CARTESIAN_POINT('',(0.,0.));
#8351 = VECTOR('',#8352,1.);
#8352 = DIRECTION('',(0.,-1.));
#8353 = ( GEOMETRIC_REPRESENTATION_CONTEXT(2) 
PARAMETRIC_REPRESENTATION_CONTEXT() REPRESENTATION_CONTEXT('2D SPACE',''
  ) );
#8354 = ADVANCED_FACE('',(#8355),#5758,.T.);
#8355 = FACE_BOUND('',#8356,.T.);
#8356 = EDGE_LOOP('',(#8357,#8380,#8381,#8382));
#8357 = ORIENTED_EDGE('',*,*,#8358,.F.);
#8358 = EDGE_CURVE('',#8310,#8359,#8361,.T.);
#8359 = VERTEX_POINT('',#8360);
#8360 = CARTESIAN_POINT('',(10.872689603143,-6.27735026919,9.8));
#8361 = SURFACE_CURVE('',#8362,(#8366,#8373),.PCURVE_S1.);
#8362 = LINE('',#8363,#8364);
#8363 = CARTESIAN_POINT('',(9.872689603143,-6.854700538379,9.8));
#8364 = VECTOR('',#8365,1.);
#8365 = DIRECTION('',(0.866025403784,0.5,0.));
#8366 = PCURVE('',#5758,#8367);
#8367 = DEFINITIONAL_REPRESENTATION('',(#8368),#8372);
#8368 = LINE('',#8369,#8370);
#8369 = CARTESIAN_POINT('',(0.,0.));
#8370 = VECTOR('',#8371,1.);
#8371 = DIRECTION('',(1.,0.));
#8372 = ( GEOMETRIC_REPRESENTATION_CONTEXT(2) 
PARAMETRIC_REPRESENTATION_CONTEXT() REPRESENTATION_CONTEXT('2D SPACE',''
  ) );
#8373 = PCURVE('',#8153,#8374);
#8374 = DEFINITIONAL_REPRESENTATION('',(#8375),#8379);
#8375 = LINE('',#8376,#8377);
#8376 = CARTESIAN_POINT('',(0.57735026919,-1.));
#8377 = VECTOR('',#8378,1.);
#8378 = DIRECTION('',(0.5,0.866025403784));
#8379 = ( GEOMETRIC_REPRESENTATION_CONTEXT(2) 
PARAMETRIC_REPRESENTATION_CONTEXT() REPRESENTATION_CONTEXT('2D SPACE',''
  ) );
#8380 = ORIENTED_EDGE('',*,*,#8334,.T.);
#8381 = ORIENTED_EDGE('',*,*,#5742,.F.);
#8382 = ORIENTED_EDGE('',*,*,#8383,.F.);
#8383 = EDGE_CURVE('',#8359,#5715,#8384,.T.);
#8384 = SURFACE_CURVE('',#8385,(#8389,#8396),.PCURVE_S1.);
#8385 = LINE('',#8386,#8387);
#8386 = CARTESIAN_POINT('',(10.872689603143,-6.27735026919,9.8));
#8387 = VECTOR('',#8388,1.);
#8388 = DIRECTION('',(0.,0.,1.));
#8389 = PCURVE('',#5758,#8390);
#8390 = DEFINITIONAL_REPRESENTATION('',(#8391),#8395);
#8391 = LINE('',#8392,#8393);
#8392 = CARTESIAN_POINT('',(1.154700538379,0.));
#8393 = VECTOR('',#8394,1.);
#8394 = DIRECTION('',(0.,-1.));
#8395 = ( GEOMETRIC_REPRESENTATION_CONTEXT(2) 
PARAMETRIC_REPRESENTATION_CONTEXT() REPRESENTATION_CONTEXT('2D SPACE',''
  ) );
#8396 = PCURVE('',#5730,#8397);
#8397 = DEFINITIONAL_REPRESENTATION('',(#8398),#8402);
#8398 = LINE('',#8399,#8400);
#8399 = CARTESIAN_POINT('',(0.,0.));
#8400 = VECTOR('',#8401,1.);
#8401 = DIRECTION('',(0.,-1.));
#8402 = ( GEOMETRIC_REPRESENTATION_CONTEXT(2) 
PARAMETRIC_REPRESENTATION_CONTEXT() REPRESENTATION_CONTEXT('2D SPACE',''
  ) );
#8403 = ADVANCED_FACE('',(#8404),#5730,.T.);
#8404 = FACE_BOUND('',#8405,.T.);
#8405 = EDGE_LOOP('',(#8406,#8427,#8428,#8429));
#8406 = ORIENTED_EDGE('',*,*,#8407,.F.);
#8407 = EDGE_CURVE('',#8359,#8136,#8408,.T.);
#8408 = SURFACE_CURVE('',#8409,(#8413,#8420),.PCURVE_S1.);
#8409 = LINE('',#8410,#8411);
#8410 = CARTESIAN_POINT('',(10.872689603143,-6.27735026919,9.8));
#8411 = VECTOR('',#8412,1.);
#8412 = DIRECTION('',(5.551115123126E-16,1.,0.));
#8413 = PCURVE('',#5730,#8414);
#8414 = DEFINITIONAL_REPRESENTATION('',(#8415),#8419);
#8415 = LINE('',#8416,#8417);
#8416 = CARTESIAN_POINT('',(0.,0.));
#8417 = VECTOR('',#8418,1.);
#8418 = DIRECTION('',(1.,0.));
#8419 = ( GEOMETRIC_REPRESENTATION_CONTEXT(2) 
PARAMETRIC_REPRESENTATION_CONTEXT() REPRESENTATION_CONTEXT('2D SPACE',''
  ) );
#8420 = PCURVE('',#8153,#8421);
#8421 = DEFINITIONAL_REPRESENTATION('',(#8422),#8426);
#8422 = LINE('',#8423,#8424);
#8423 = CARTESIAN_POINT('',(1.154700538379,2.22044604925E-16));
#8424 = VECTOR('',#8425,1.);
#8425 = DIRECTION('',(-0.5,0.866025403784));
#8426 = ( GEOMETRIC_REPRESENTATION_CONTEXT(2) 
PARAMETRIC_REPRESENTATION_CONTEXT() REPRESENTATION_CONTEXT('2D SPACE',''
  ) );
#8427 = ORIENTED_EDGE('',*,*,#8383,.T.);
#8428 = ORIENTED_EDGE('',*,*,#5714,.F.);
#8429 = ORIENTED_EDGE('',*,*,#8165,.F.);
#8430 = ADVANCED_FACE('',(#8431),#5921,.T.);
#8431 = FACE_BOUND('',#8432,.T.);
#8432 = EDGE_LOOP('',(#8433,#8434,#8435,#8436));
#8433 = ORIENTED_EDGE('',*,*,#5959,.F.);
#8434 = ORIENTED_EDGE('',*,*,#5905,.T.);
#8435 = ORIENTED_EDGE('',*,*,#6008,.T.);
#8436 = ORIENTED_EDGE('',*,*,#6057,.F.);
#8437 = ADVANCED_FACE('',(#8438),#6122,.T.);
#8438 = FACE_BOUND('',#8439,.T.);
#8439 = EDGE_LOOP('',(#8440,#8441,#8442,#8443));
#8440 = ORIENTED_EDGE('',*,*,#6160,.F.);
#8441 = ORIENTED_EDGE('',*,*,#6106,.T.);
#8442 = ORIENTED_EDGE('',*,*,#6209,.T.);
#8443 = ORIENTED_EDGE('',*,*,#6258,.F.);
#8444 = ADVANCED_FACE('',(#8445),#6323,.T.);
#8445 = FACE_BOUND('',#8446,.T.);
#8446 = EDGE_LOOP('',(#8447,#8448,#8449,#8450));
#8447 = ORIENTED_EDGE('',*,*,#6361,.F.);
#8448 = ORIENTED_EDGE('',*,*,#6307,.T.);
#8449 = ORIENTED_EDGE('',*,*,#6410,.T.);
#8450 = ORIENTED_EDGE('',*,*,#6459,.F.);
#8451 = ADVANCED_FACE('',(#8452),#6524,.T.);
#8452 = FACE_BOUND('',#8453,.T.);
#8453 = EDGE_LOOP('',(#8454,#8455,#8456,#8457));
#8454 = ORIENTED_EDGE('',*,*,#6562,.F.);
#8455 = ORIENTED_EDGE('',*,*,#6508,.T.);
#8456 = ORIENTED_EDGE('',*,*,#6611,.T.);
#8457 = ORIENTED_EDGE('',*,*,#6660,.F.);
#8458 = ADVANCED_FACE('',(#8459),#6725,.T.);
#8459 = FACE_BOUND('',#8460,.T.);
#8460 = EDGE_LOOP('',(#8461,#8462,#8463,#8464));
#8461 = ORIENTED_EDGE('',*,*,#6763,.F.);
#8462 = ORIENTED_EDGE('',*,*,#6709,.T.);
#8463 = ORIENTED_EDGE('',*,*,#6812,.T.);
#8464 = ORIENTED_EDGE('',*,*,#6861,.F.);
#8465 = ADVANCED_FACE('',(#8466),#6926,.T.);
#8466 = FACE_BOUND('',#8467,.T.);
#8467 = EDGE_LOOP('',(#8468,#8469,#8470,#8471));
#8468 = ORIENTED_EDGE('',*,*,#6964,.F.);
#8469 = ORIENTED_EDGE('',*,*,#6910,.T.);
#8470 = ORIENTED_EDGE('',*,*,#7013,.T.);
#8471 = ORIENTED_EDGE('',*,*,#7062,.F.);
#8472 = ADVANCED_FACE('',(#8473),#7127,.T.);
#8473 = FACE_BOUND('',#8474,.T.);
#8474 = EDGE_LOOP('',(#8475,#8476,#8477,#8478));
#8475 = ORIENTED_EDGE('',*,*,#7165,.F.);
#8476 = ORIENTED_EDGE('',*,*,#7111,.T.);
#8477 = ORIENTED_EDGE('',*,*,#7214,.T.);
#8478 = ORIENTED_EDGE('',*,*,#7263,.F.);
#8479 = ADVANCED_FACE('',(#8480),#7328,.T.);
#8480 = FACE_BOUND('',#8481,.T.);
#8481 = EDGE_LOOP('',(#8482,#8483,#8484,#8485));
#8482 = ORIENTED_EDGE('',*,*,#7366,.F.);
#8483 = ORIENTED_EDGE('',*,*,#7312,.T.);
#8484 = ORIENTED_EDGE('',*,*,#7415,.T.);
#8485 = ORIENTED_EDGE('',*,*,#7464,.F.);
#8486 = ADVANCED_FACE('',(#8487),#7529,.T.);
#8487 = FACE_BOUND('',#8488,.T.);
#8488 = EDGE_LOOP('',(#8489,#8490,#8491,#8492));
#8489 = ORIENTED_EDGE('',*,*,#7567,.F.);
#8490 = ORIENTED_EDGE('',*,*,#7513,.T.);
#8491 = ORIENTED_EDGE('',*,*,#7616,.T.);
#8492 = ORIENTED_EDGE('',*,*,#7665,.F.);
#8493 = ADVANCED_FACE('',(#8494),#7730,.T.);
#8494 = FACE_BOUND('',#8495,.T.);
#8495 = EDGE_LOOP('',(#8496,#8497,#8498,#8499));
#8496 = ORIENTED_EDGE('',*,*,#7768,.F.);
#8497 = ORIENTED_EDGE('',*,*,#7714,.T.);
#8498 = ORIENTED_EDGE('',*,*,#7817,.T.);
#8499 = ORIENTED_EDGE('',*,*,#7866,.F.);
#8500 = ADVANCED_FACE('',(#8501),#7931,.T.);
#8501 = FACE_BOUND('',#8502,.T.);
#8502 = EDGE_LOOP('',(#8503,#8504,#8505,#8506));
#8503 = ORIENTED_EDGE('',*,*,#8067,.F.);
#8504 = ORIENTED_EDGE('',*,*,#7915,.T.);
#8505 = ORIENTED_EDGE('',*,*,#7969,.T.);
#8506 = ORIENTED_EDGE('',*,*,#8018,.F.);
#8507 = ADVANCED_FACE('',(#8508),#8113,.F.);
#8508 = FACE_BOUND('',#8509,.F.);
#8509 = EDGE_LOOP('',(#8510,#8533,#8560,#8561));
#8510 = ORIENTED_EDGE('',*,*,#8511,.T.);
#8511 = EDGE_CURVE('',#8097,#8512,#8514,.T.);
#8512 = VERTEX_POINT('',#8513);
#8513 = CARTESIAN_POINT('',(11.656701934939,-6.73,7.2));
#8514 = SEAM_CURVE('',#8515,(#8519,#8526),.PCURVE_S1.);
#8515 = LINE('',#8516,#8517);
#8516 = CARTESIAN_POINT('',(11.656701934939,-6.73,5.6));
#8517 = VECTOR('',#8518,1.);
#8518 = DIRECTION('',(0.,0.,1.));
#8519 = PCURVE('',#8113,#8520);
#8520 = DEFINITIONAL_REPRESENTATION('',(#8521),#8525);
#8521 = LINE('',#8522,#8523);
#8522 = CARTESIAN_POINT('',(6.28318530718,-0.));
#8523 = VECTOR('',#8524,1.);
#8524 = DIRECTION('',(0.,1.));
#8525 = ( GEOMETRIC_REPRESENTATION_CONTEXT(2) 
PARAMETRIC_REPRESENTATION_CONTEXT() REPRESENTATION_CONTEXT('2D SPACE',''
  ) );
#8526 = PCURVE('',#8113,#8527);
#8527 = DEFINITIONAL_REPRESENTATION('',(#8528),#8532);
#8528 = LINE('',#8529,#8530);
#8529 = CARTESIAN_POINT('',(0.,-0.));
#8530 = VECTOR('',#8531,1.);
#8531 = DIRECTION('',(0.,1.));
#8532 = ( GEOMETRIC_REPRESENTATION_CONTEXT(2) 
PARAMETRIC_REPRESENTATION_CONTEXT() REPRESENTATION_CONTEXT('2D SPACE',''
  ) );
#8533 = ORIENTED_EDGE('',*,*,#8534,.F.);
#8534 = EDGE_CURVE('',#8512,#8512,#8535,.T.);
#8535 = SURFACE_CURVE('',#8536,(#8541,#8548),.PCURVE_S1.);
#8536 = CIRCLE('',#8537,2.06);
#8537 = AXIS2_PLACEMENT_3D('',#8538,#8539,#8540);
#8538 = CARTESIAN_POINT('',(9.872689603143,-5.7,7.2));
#8539 = DIRECTION('',(-0.,0.,1.));
#8540 = DIRECTION('',(0.866025403784,-0.5,0.));
#8541 = PCURVE('',#8113,#8542);
#8542 = DEFINITIONAL_REPRESENTATION('',(#8543),#8547);
#8543 = LINE('',#8544,#8545);
#8544 = CARTESIAN_POINT('',(0.,1.6));
#8545 = VECTOR('',#8546,1.);
#8546 = DIRECTION('',(1.,0.));
#8547 = ( GEOMETRIC_REPRESENTATION_CONTEXT(2) 
PARAMETRIC_REPRESENTATION_CONTEXT() REPRESENTATION_CONTEXT('2D SPACE',''
  ) );
#8548 = PCURVE('',#8549,#8554);
#8549 = PLANE('',#8550);
#8550 = AXIS2_PLACEMENT_3D('',#8551,#8552,#8553);
#8551 = CARTESIAN_POINT('',(9.872689603143,-5.7,7.2));
#8552 = DIRECTION('',(0.,0.,1.));
#8553 = DIRECTION('',(0.866025403784,-0.5,0.));
#8554 = DEFINITIONAL_REPRESENTATION('',(#8555),#8559);
#8555 = CIRCLE('',#8556,2.06);
#8556 = AXIS2_PLACEMENT_2D('',#8557,#8558);
#8557 = CARTESIAN_POINT('',(0.,0.));
#8558 = DIRECTION('',(1.,0.));
#8559 = ( GEOMETRIC_REPRESENTATION_CONTEXT(2) 
PARAMETRIC_REPRESENTATION_CONTEXT() REPRESENTATION_CONTEXT('2D SPACE',''
  ) );
#8560 = ORIENTED_EDGE('',*,*,#8511,.F.);
#8561 = ORIENTED_EDGE('',*,*,#8096,.T.);
#8562 = ADVANCED_FACE('',(#8563),#8153,.T.);
#8563 = FACE_BOUND('',#8564,.T.);
#8564 = EDGE_LOOP('',(#8565,#8566,#8567,#8568,#8569,#8570));
#8565 = ORIENTED_EDGE('',*,*,#8407,.T.);
#8566 = ORIENTED_EDGE('',*,*,#8135,.T.);
#8567 = ORIENTED_EDGE('',*,*,#8211,.T.);
#8568 = ORIENTED_EDGE('',*,*,#8260,.T.);
#8569 = ORIENTED_EDGE('',*,*,#8309,.T.);
#8570 = ORIENTED_EDGE('',*,*,#8358,.T.);
#8571 = ADVANCED_FACE('',(#8572),#8549,.F.);
#8572 = FACE_BOUND('',#8573,.F.);
#8573 = EDGE_LOOP('',(#8574));
#8574 = ORIENTED_EDGE('',*,*,#8534,.T.);
#8575 = ( GEOMETRIC_REPRESENTATION_CONTEXT(3) 
GLOBAL_UNCERTAINTY_ASSIGNED_CONTEXT((#8579)) 
GLOBAL_UNIT_ASSIGNED_CONTEXT((#8576,#8577,#8578)) REPRESENTATION_CONTEXT
('Context #1','3D Context with UNIT and UNCERTAINTY') );
#8576 = ( LENGTH_UNIT() NAMED_UNIT(*) SI_UNIT(.MILLI.,.METRE.) );
#8577 = ( NAMED_UNIT(*) PLANE_ANGLE_UNIT() SI_UNIT($,.RADIAN.) );
#8578 = ( NAMED_UNIT(*) SI_UNIT($,.STERADIAN.) SOLID_ANGLE_UNIT() );
#8579 = UNCERTAINTY_MEASURE_WITH_UNIT(LENGTH_MEASURE(2.E-06),#8576,
  'distance_accuracy_value','confusion accuracy');
#8580 = PRODUCT_RELATED_PRODUCT_CATEGORY('part',$,(#7));
ENDSEC;
END-ISO-10303-21;
