WARNING: Python interpreter "C:\Espressif\tools\python\v6.1\venv\Scripts\python.exe" used to start idf.py is not from installed venv "C:/Espressif/tools/python/v6.1/venv"
-- IDF_TARGET is not set, guessed 'esp32s3' from sdkconfig 'E:/UnrealProjects/PoseDollLab_UE58_Design/PoseDoll_HW44_Plan/design/Firmware/PoseDollFullBody/revO/sdkconfig.N1.defaults'
-- Found Git: D:/ProgramFiles/Git/cmd/git.exe (found version "2.49.0.windows.1")
-- Minimal build - OFF
-- The C compiler identification is GNU 15.2.0
-- The CXX compiler identification is GNU 15.2.0
-- The ASM compiler identification is GNU
-- Found assembler: C:/Espressif/tools/xtensa-esp-elf/esp-15.2.0_20251204/xtensa-esp-elf/bin/xtensa-esp32s3-elf-gcc.exe
-- Detecting C compiler ABI info
-- Detecting C compiler ABI info - done
-- Check for working C compiler: C:/Espressif/tools/xtensa-esp-elf/esp-15.2.0_20251204/xtensa-esp-elf/bin/xtensa-esp32s3-elf-gcc.exe - skipped
-- Detecting C compile features
-- Detecting C compile features - done
-- Detecting CXX compiler ABI info
-- Detecting CXX compiler ABI info - done
-- Check for working CXX compiler: C:/Espressif/tools/xtensa-esp-elf/esp-15.2.0_20251204/xtensa-esp-elf/bin/xtensa-esp32s3-elf-g++.exe - skipped
-- Detecting CXX compile features
-- Detecting CXX compile features - done
-- Building ESP-IDF components for target esp32s3
-- KCONFIG_REPORT_VERBOSITY not set, using default
-- Project sdkconfig file E:/UnrealProjects/PoseDollLab_UE58_Design/PoseDoll_HW44_Plan/design/Firmware/PoseDollFullBody/revO/build_N1/sdkconfig
NOTE: D:/ProgramFiles/esp/v6.1/esp-idf/components/bt/host/nimble/Kconfig.in:1428: BT_NIMBLE_MESH_PROVISIONER: 'default 0' is not a valid bool value (only 'y' and 'n' are allowed). Value is treated as 'n'.
NOTE: D:/ProgramFiles/esp/v6.1/esp-idf/components/fatfs/Kconfig:240: FATFS_PRINT_LLI: 'default 0' is not a valid bool value (only 'y' and 'n' are allowed). Value is treated as 'n'.
NOTE: D:/ProgramFiles/esp/v6.1/esp-idf/components/fatfs/Kconfig:245: FATFS_PRINT_FLOAT: 'default 0' is not a valid bool value (only 'y' and 'n' are allowed). Value is treated as 'n'.
NOTE: D:/ProgramFiles/esp/v6.1/esp-idf/components/bt/sdkconfig.rename.esp32s3:4: duplicate rename mapping for CONFIG_BT_NIMBLE_COEX_PHY_CODED_TX_RX_TLIM_EN: previous target CONFIG_BT_LE_COEX_PHY_CODED_TX_RX_TLIM_EN, new target CONFIG_BT_CTRL_COEX_PHY_CODED_TX_RX_TLIM_EN - last mapping is used
NOTE: D:/ProgramFiles/esp/v6.1/esp-idf/components/bt/sdkconfig.rename.esp32s3:5: duplicate rename mapping for CONFIG_BT_NIMBLE_COEX_PHY_CODED_TX_RX_TLIM_DIS: previous target CONFIG_BT_LE_COEX_PHY_CODED_TX_RX_TLIM_DIS, new target CONFIG_BT_CTRL_COEX_PHY_CODED_TX_RX_TLIM_DIS - last mapping is used
Loading defaults file E:/UnrealProjects/PoseDollLab_UE58_Design/PoseDoll_HW44_Plan/design/Firmware/PoseDollFullBody/revO/sdkconfig.N1.defaults...
NOTE: Kconfig parser version: 1
NOTE: Kconfig defaults policy: use sdkconfig
NOTE: Status: Finished successfully
-- Compiler supported targets: xtensa-esp-elf
-- Detecting C compiler ABI info
-- Detecting C compiler ABI info - done
-- Detecting CXX compiler ABI info
-- Detecting CXX compiler ABI info - done
-- Detecting C compiler ABI info
-- Detecting C compiler ABI info - done
-- Detecting CXX compiler ABI info
-- Detecting CXX compiler ABI info - done
-- App "posedoll_revo_pd41" version: 458f3b0
-- Found Python3: C:/Espressif/tools/python/v6.1/venv/Scripts/python.exe (found version "3.13.12") found components: Interpreter
-- Performing Test CMAKE_HAVE_LIBC_PTHREAD
-- Performing Test CMAKE_HAVE_LIBC_PTHREAD - Success
-- Found Threads: TRUE
-- Performing Test C_COMPILER_SUPPORTS_WFORMAT_SIGNEDNESS
-- Performing Test C_COMPILER_SUPPORTS_WFORMAT_SIGNEDNESS - Success
-- Setting up mbedtls configuration
-- Linkage type is PUBLIC
-- Adding linker script D:/ProgramFiles/esp/v6.1/esp-idf/components/esp_hal_wdt/esp32s3/rom.wdt.ld
-- Adding linker script D:/ProgramFiles/esp/v6.1/esp-idf/components/esp_system/ld/esp32s3/memory.ld.in
--   -> Preprocessing .in script: D:/ProgramFiles/esp/v6.1/esp-idf/components/esp_system/ld/esp32s3/memory.ld.in
-- Adding linker script D:/ProgramFiles/esp/v6.1/esp-idf/components/esp_system/ld/esp32s3/sections.ld.in
--   -> Preprocessing .in script: D:/ProgramFiles/esp/v6.1/esp-idf/components/esp_system/ld/esp32s3/sections.ld.in
--   -> Applying ldgen processing: E:/UnrealProjects/PoseDollLab_UE58_Design/PoseDoll_HW44_Plan/design/Firmware/PoseDollFullBody/revO/build_N1/esp-idf/esp_system/ld/sections.ld.in
-- Adding linker script D:/ProgramFiles/esp/v6.1/esp-idf/components/esp_rom/esp32s3/ld/esp32s3.rom.ld
-- Adding linker script D:/ProgramFiles/esp/v6.1/esp-idf/components/esp_rom/esp32s3/ld/esp32s3.rom.api.ld
-- Adding linker script D:/ProgramFiles/esp/v6.1/esp-idf/components/esp_rom/esp32s3/ld/esp32s3.rom.bt_funcs.ld
-- Adding linker script D:/ProgramFiles/esp/v6.1/esp-idf/components/esp_rom/esp32s3/ld/esp32s3.rom.libgcc.ld
-- Adding linker script D:/ProgramFiles/esp/v6.1/esp-idf/components/esp_rom/esp32s3/ld/esp32s3.rom.version.ld
-- Adding linker script D:/ProgramFiles/esp/v6.1/esp-idf/components/esp_rom/esp32s3/ld/esp32s3.rom.ble_master.ld
-- Adding linker script D:/ProgramFiles/esp/v6.1/esp-idf/components/esp_rom/esp32s3/ld/esp32s3.rom.ble_50.ld
-- Adding linker script D:/ProgramFiles/esp/v6.1/esp-idf/components/esp_rom/esp32s3/ld/esp32s3.rom.ble_smp.ld
-- Adding linker script D:/ProgramFiles/esp/v6.1/esp-idf/components/esp_rom/esp32s3/ld/esp32s3.rom.ble_dtm.ld
-- Adding linker script D:/ProgramFiles/esp/v6.1/esp-idf/components/esp_rom/esp32s3/ld/esp32s3.rom.ble_test.ld
-- Adding linker script D:/ProgramFiles/esp/v6.1/esp-idf/components/esp_rom/esp32s3/ld/esp32s3.rom.ble_scan.ld
-- Adding linker script D:/ProgramFiles/esp/v6.1/esp-idf/components/esp_rom/esp32s3/ld/esp32s3.rom.libc.ld
-- Adding linker script D:/ProgramFiles/esp/v6.1/esp-idf/components/soc/esp32s3/ld/esp32s3.peripherals.ld
-- Adding linker script D:/ProgramFiles/esp/v6.1/esp-idf/components/esp_hal_regi2c/esp32s3/rom.regi2c.ld
CMake Warning at D:/ProgramFiles/esp/v6.1/esp-idf/tools/cmake/component_validation.cmake:106 (message):
  Private include directory
  'D:/ProgramFiles/esp/v6.1/esp-idf/components/esp_wifi/wifi_apps/roaming_app/include'
  belongs to component esp_wifi but is being used by component
  wpa_supplicant.  It is recommended to define the component dependency for
  wpa_supplicant on the component esp_wifi, i.e.  'idf_component_register(...
  PRIV_REQUIRES esp_wifi)' in the CMakeLists.txt of wpa_supplicant, and
  specify the included directory as idf_component_register(...
  PRIV_INCLUDE_DIRS <dir relative to component>) in the CMakeLists.txt of
  component esp_wifi.
Call Stack (most recent call first):
  D:/ProgramFiles/esp/v6.1/esp-idf/tools/cmake/component_validation.cmake:130 (__component_validation_check_include_dirs)
  D:/ProgramFiles/esp/v6.1/esp-idf/CMakeLists.txt:356 (__component_validation_run_checks)


CMake Warning at D:/ProgramFiles/esp/v6.1/esp-idf/tools/cmake/component_validation.cmake:106 (message):
  Private include directory
  'D:/ProgramFiles/esp/v6.1/esp-idf/components/esp_wifi/wifi_apps/roaming_app/src'
  belongs to component esp_wifi but is being used by component
  wpa_supplicant.  It is recommended to define the component dependency for
  wpa_supplicant on the component esp_wifi, i.e.  'idf_component_register(...
  PRIV_REQUIRES esp_wifi)' in the CMakeLists.txt of wpa_supplicant, and
  specify the included directory as idf_component_register(...
  PRIV_INCLUDE_DIRS <dir relative to component>) in the CMakeLists.txt of
  component esp_wifi.
Call Stack (most recent call first):
  D:/ProgramFiles/esp/v6.1/esp-idf/tools/cmake/component_validation.cmake:130 (__component_validation_check_include_dirs)
  D:/ProgramFiles/esp/v6.1/esp-idf/CMakeLists.txt:356 (__component_validation_run_checks)


CMake Warning at D:/ProgramFiles/esp/v6.1/esp-idf/tools/cmake/component_validation.cmake:106 (message):
  Private include directory
  'D:/ProgramFiles/esp/v6.1/esp-idf/components/esp_wifi/wifi_apps/include/apps_private'
  belongs to component esp_wifi but is being used by component
  wpa_supplicant.  It is recommended to define the component dependency for
  wpa_supplicant on the component esp_wifi, i.e.  'idf_component_register(...
  PRIV_REQUIRES esp_wifi)' in the CMakeLists.txt of wpa_supplicant, and
  specify the included directory as idf_component_register(...
  PRIV_INCLUDE_DIRS <dir relative to component>) in the CMakeLists.txt of
  component esp_wifi.
Call Stack (most recent call first):
  D:/ProgramFiles/esp/v6.1/esp-idf/tools/cmake/component_validation.cmake:130 (__component_validation_check_include_dirs)
  D:/ProgramFiles/esp/v6.1/esp-idf/CMakeLists.txt:356 (__component_validation_run_checks)


CMake Warning at D:/ProgramFiles/esp/v6.1/esp-idf/tools/cmake/component_validation.cmake:106 (message):
  Private include directory
  'D:/ProgramFiles/esp/v6.1/esp-idf/components/wpa_supplicant/src' belongs to
  component wpa_supplicant but is being used by component esp_wifi.  It is
  recommended to define the component dependency for esp_wifi on the
  component wpa_supplicant, i.e.  'idf_component_register(...  PRIV_REQUIRES
  wpa_supplicant)' in the CMakeLists.txt of esp_wifi, and specify the
  included directory as idf_component_register(...  PRIV_INCLUDE_DIRS <dir
  relative to component>) in the CMakeLists.txt of component wpa_supplicant.
Call Stack (most recent call first):
  D:/ProgramFiles/esp/v6.1/esp-idf/tools/cmake/component_validation.cmake:130 (__component_validation_check_include_dirs)
  D:/ProgramFiles/esp/v6.1/esp-idf/CMakeLists.txt:356 (__component_validation_run_checks)


CMake Warning at D:/ProgramFiles/esp/v6.1/esp-idf/tools/cmake/component_validation.cmake:106 (message):
  Private include directory
  'D:/ProgramFiles/esp/v6.1/esp-idf/components/wpa_supplicant/esp_supplicant/src'
  belongs to component wpa_supplicant but is being used by component
  esp_wifi.  It is recommended to define the component dependency for
  esp_wifi on the component wpa_supplicant, i.e.  'idf_component_register(...
  PRIV_REQUIRES wpa_supplicant)' in the CMakeLists.txt of esp_wifi, and
  specify the included directory as idf_component_register(...
  PRIV_INCLUDE_DIRS <dir relative to component>) in the CMakeLists.txt of
  component wpa_supplicant.
Call Stack (most recent call first):
  D:/ProgramFiles/esp/v6.1/esp-idf/tools/cmake/component_validation.cmake:130 (__component_validation_check_include_dirs)
  D:/ProgramFiles/esp/v6.1/esp-idf/CMakeLists.txt:356 (__component_validation_run_checks)


-- Component idf::esp_trace will be linked with -Wl,--whole-archive
-- Components: app_trace app_update bootloader bootloader_support bt cmock console cxx driver efuse esp-tls esp_adc esp_app_format esp_asrc_adapter esp_blockdev esp_blockdev_util esp_bootloader_format esp_coex esp_common esp_driver_ana_cmpr esp_driver_bitscrambler esp_driver_cam esp_driver_cordic esp_driver_dac esp_driver_dma esp_driver_gpio esp_driver_gptimer esp_driver_i2c esp_driver_i2s esp_driver_i3c esp_driver_isp esp_driver_jpeg esp_driver_ledc esp_driver_mcpwm esp_driver_parlio esp_driver_pcnt esp_driver_ppa esp_driver_rmt esp_driver_sd_intf esp_driver_sdio esp_driver_sdm esp_driver_sdmmc esp_driver_sdspi esp_driver_spi esp_driver_touch_sens esp_driver_tsens esp_driver_twai esp_driver_uart esp_driver_usb_serial_jtag esp_eth esp_event esp_gdbstub esp_hal_ana_cmpr esp_hal_ana_conv esp_hal_asrc esp_hal_cam esp_hal_clock esp_hal_cordic esp_hal_dma esp_hal_emac esp_hal_gpio esp_hal_gpspi esp_hal_i2c esp_hal_i2s esp_hal_i3c esp_hal_ieee802154 esp_hal_jpeg esp_hal_lcd esp_hal_ledc esp_hal_mcpwm esp_hal_mspi esp_hal_parlio esp_hal_pcnt esp_hal_pmu esp_hal_ppa esp_hal_regi2c esp_hal_rmt esp_hal_rtc_timer esp_hal_sd esp_hal_security esp_hal_systimer esp_hal_timg esp_hal_touch_sens esp_hal_twai esp_hal_uart esp_hal_usb esp_hal_wdt esp_hid esp_http_client esp_http_server esp_https_ota esp_https_server esp_hw_support esp_lcd esp_libc esp_local_ctrl esp_mm esp_netif esp_netif_stack esp_partition esp_phy esp_pm esp_psram esp_ringbuf esp_rom esp_security esp_stdio esp_system esp_timer esp_trace esp_usb_cdc_rom_console esp_wifi espcoredump esptool_py fatfs freertos hal heap http_parser ieee802154 log lwip main mbedtls nvs_flash nvs_sec_provider openthread partition_table perfmon protobuf-c protocomm pthread rt sdmmc soc spi_flash spiffs tcp_transport ulp unity vfs wear_levelling wpa_supplicant xtensa
-- Component paths: D:/ProgramFiles/esp/v6.1/esp-idf/components/app_trace D:/ProgramFiles/esp/v6.1/esp-idf/components/app_update D:/ProgramFiles/esp/v6.1/esp-idf/components/bootloader D:/ProgramFiles/esp/v6.1/esp-idf/components/bootloader_support D:/ProgramFiles/esp/v6.1/esp-idf/components/bt D:/ProgramFiles/esp/v6.1/esp-idf/components/cmock D:/ProgramFiles/esp/v6.1/esp-idf/components/console D:/ProgramFiles/esp/v6.1/esp-idf/components/cxx D:/ProgramFiles/esp/v6.1/esp-idf/components/driver D:/ProgramFiles/esp/v6.1/esp-idf/components/efuse D:/ProgramFiles/esp/v6.1/esp-idf/components/esp-tls D:/ProgramFiles/esp/v6.1/esp-idf/components/esp_adc D:/ProgramFiles/esp/v6.1/esp-idf/components/esp_app_format D:/ProgramFiles/esp/v6.1/esp-idf/components/esp_asrc_adapter D:/ProgramFiles/esp/v6.1/esp-idf/components/esp_blockdev D:/ProgramFiles/esp/v6.1/esp-idf/components/esp_blockdev_util D:/ProgramFiles/esp/v6.1/esp-idf/components/esp_bootloader_format D:/ProgramFiles/esp/v6.1/esp-idf/components/esp_coex D:/ProgramFiles/esp/v6.1/esp-idf/components/esp_common D:/ProgramFiles/esp/v6.1/esp-idf/components/esp_driver_ana_cmpr D:/ProgramFiles/esp/v6.1/esp-idf/components/esp_driver_bitscrambler D:/ProgramFiles/esp/v6.1/esp-idf/components/esp_driver_cam D:/ProgramFiles/esp/v6.1/esp-idf/components/esp_driver_cordic D:/ProgramFiles/esp/v6.1/esp-idf/components/esp_driver_dac D:/ProgramFiles/esp/v6.1/esp-idf/components/esp_driver_dma D:/ProgramFiles/esp/v6.1/esp-idf/components/esp_driver_gpio D:/ProgramFiles/esp/v6.1/esp-idf/components/esp_driver_gptimer D:/ProgramFiles/esp/v6.1/esp-idf/components/esp_driver_i2c D:/ProgramFiles/esp/v6.1/esp-idf/components/esp_driver_i2s D:/ProgramFiles/esp/v6.1/esp-idf/components/esp_driver_i3c D:/ProgramFiles/esp/v6.1/esp-idf/components/esp_driver_isp D:/ProgramFiles/esp/v6.1/esp-idf/components/esp_driver_jpeg D:/ProgramFiles/esp/v6.1/esp-idf/components/esp_driver_ledc D:/ProgramFiles/esp/v6.1/esp-idf/components/esp_driver_mcpwm D:/ProgramFiles/esp/v6.1/esp-idf/components/esp_driver_parlio D:/ProgramFiles/esp/v6.1/esp-idf/components/esp_driver_pcnt D:/ProgramFiles/esp/v6.1/esp-idf/components/esp_driver_ppa D:/ProgramFiles/esp/v6.1/esp-idf/components/esp_driver_rmt D:/ProgramFiles/esp/v6.1/esp-idf/components/esp_driver_sd_intf D:/ProgramFiles/esp/v6.1/esp-idf/components/esp_driver_sdio D:/ProgramFiles/esp/v6.1/esp-idf/components/esp_driver_sdm D:/ProgramFiles/esp/v6.1/esp-idf/components/esp_driver_sdmmc D:/ProgramFiles/esp/v6.1/esp-idf/components/esp_driver_sdspi D:/ProgramFiles/esp/v6.1/esp-idf/components/esp_driver_spi D:/ProgramFiles/esp/v6.1/esp-idf/components/esp_driver_touch_sens D:/ProgramFiles/esp/v6.1/esp-idf/components/esp_driver_tsens D:/ProgramFiles/esp/v6.1/esp-idf/components/esp_driver_twai D:/ProgramFiles/esp/v6.1/esp-idf/components/esp_driver_uart D:/ProgramFiles/esp/v6.1/esp-idf/components/esp_driver_usb_serial_jtag D:/ProgramFiles/esp/v6.1/esp-idf/components/esp_eth D:/ProgramFiles/esp/v6.1/esp-idf/components/esp_event D:/ProgramFiles/esp/v6.1/esp-idf/components/esp_gdbstub D:/ProgramFiles/esp/v6.1/esp-idf/components/esp_hal_ana_cmpr D:/ProgramFiles/esp/v6.1/esp-idf/components/esp_hal_ana_conv D:/ProgramFiles/esp/v6.1/esp-idf/components/esp_hal_asrc D:/ProgramFiles/esp/v6.1/esp-idf/components/esp_hal_cam D:/ProgramFiles/esp/v6.1/esp-idf/components/esp_hal_clock D:/ProgramFiles/esp/v6.1/esp-idf/components/esp_hal_cordic D:/ProgramFiles/esp/v6.1/esp-idf/components/esp_hal_dma D:/ProgramFiles/esp/v6.1/esp-idf/components/esp_hal_emac D:/ProgramFiles/esp/v6.1/esp-idf/components/esp_hal_gpio D:/ProgramFiles/esp/v6.1/esp-idf/components/esp_hal_gpspi D:/ProgramFiles/esp/v6.1/esp-idf/components/esp_hal_i2c D:/ProgramFiles/esp/v6.1/esp-idf/components/esp_hal_i2s D:/ProgramFiles/esp/v6.1/esp-idf/components/esp_hal_i3c D:/ProgramFiles/esp/v6.1/esp-idf/components/esp_hal_ieee802154 D:/ProgramFiles/esp/v6.1/esp-idf/components/esp_hal_jpeg D:/ProgramFiles/esp/v6.1/esp-idf/components/esp_hal_lcd D:/ProgramFiles/esp/v6.1/esp-idf/components/esp_hal_ledc D:/ProgramFiles/esp/v6.1/esp-idf/components/esp_hal_mcpwm D:/ProgramFiles/esp/v6.1/esp-idf/components/esp_hal_mspi D:/ProgramFiles/esp/v6.1/esp-idf/components/esp_hal_parlio D:/ProgramFiles/esp/v6.1/esp-idf/components/esp_hal_pcnt D:/ProgramFiles/esp/v6.1/esp-idf/components/esp_hal_pmu D:/ProgramFiles/esp/v6.1/esp-idf/components/esp_hal_ppa D:/ProgramFiles/esp/v6.1/esp-idf/components/esp_hal_regi2c D:/ProgramFiles/esp/v6.1/esp-idf/components/esp_hal_rmt D:/ProgramFiles/esp/v6.1/esp-idf/components/esp_hal_rtc_timer D:/ProgramFiles/esp/v6.1/esp-idf/components/esp_hal_sd D:/ProgramFiles/esp/v6.1/esp-idf/components/esp_hal_security D:/ProgramFiles/esp/v6.1/esp-idf/components/esp_hal_systimer D:/ProgramFiles/esp/v6.1/esp-idf/components/esp_hal_timg D:/ProgramFiles/esp/v6.1/esp-idf/components/esp_hal_touch_sens D:/ProgramFiles/esp/v6.1/esp-idf/components/esp_hal_twai D:/ProgramFiles/esp/v6.1/esp-idf/components/esp_hal_uart D:/ProgramFiles/esp/v6.1/esp-idf/components/esp_hal_usb D:/ProgramFiles/esp/v6.1/esp-idf/components/esp_hal_wdt D:/ProgramFiles/esp/v6.1/esp-idf/components/esp_hid D:/ProgramFiles/esp/v6.1/esp-idf/components/esp_http_client D:/ProgramFiles/esp/v6.1/esp-idf/components/esp_http_server D:/ProgramFiles/esp/v6.1/esp-idf/components/esp_https_ota D:/ProgramFiles/esp/v6.1/esp-idf/components/esp_https_server D:/ProgramFiles/esp/v6.1/esp-idf/components/esp_hw_support D:/ProgramFiles/esp/v6.1/esp-idf/components/esp_lcd D:/ProgramFiles/esp/v6.1/esp-idf/components/esp_libc D:/ProgramFiles/esp/v6.1/esp-idf/components/esp_local_ctrl D:/ProgramFiles/esp/v6.1/esp-idf/components/esp_mm D:/ProgramFiles/esp/v6.1/esp-idf/components/esp_netif D:/ProgramFiles/esp/v6.1/esp-idf/components/esp_netif_stack D:/ProgramFiles/esp/v6.1/esp-idf/components/esp_partition D:/ProgramFiles/esp/v6.1/esp-idf/components/esp_phy D:/ProgramFiles/esp/v6.1/esp-idf/components/esp_pm D:/ProgramFiles/esp/v6.1/esp-idf/components/esp_psram D:/ProgramFiles/esp/v6.1/esp-idf/components/esp_ringbuf D:/ProgramFiles/esp/v6.1/esp-idf/components/esp_rom D:/ProgramFiles/esp/v6.1/esp-idf/components/esp_security D:/ProgramFiles/esp/v6.1/esp-idf/components/esp_stdio D:/ProgramFiles/esp/v6.1/esp-idf/components/esp_system D:/ProgramFiles/esp/v6.1/esp-idf/components/esp_timer D:/ProgramFiles/esp/v6.1/esp-idf/components/esp_trace D:/ProgramFiles/esp/v6.1/esp-idf/components/esp_usb_cdc_rom_console D:/ProgramFiles/esp/v6.1/esp-idf/components/esp_wifi D:/ProgramFiles/esp/v6.1/esp-idf/components/espcoredump D:/ProgramFiles/esp/v6.1/esp-idf/components/esptool_py D:/ProgramFiles/esp/v6.1/esp-idf/components/fatfs D:/ProgramFiles/esp/v6.1/esp-idf/components/freertos D:/ProgramFiles/esp/v6.1/esp-idf/components/hal D:/ProgramFiles/esp/v6.1/esp-idf/components/heap D:/ProgramFiles/esp/v6.1/esp-idf/components/http_parser D:/ProgramFiles/esp/v6.1/esp-idf/components/ieee802154 D:/ProgramFiles/esp/v6.1/esp-idf/components/log D:/ProgramFiles/esp/v6.1/esp-idf/components/lwip E:/UnrealProjects/PoseDollLab_UE58_Design/PoseDoll_HW44_Plan/design/Firmware/PoseDollFullBody/revO/main D:/ProgramFiles/esp/v6.1/esp-idf/components/mbedtls D:/ProgramFiles/esp/v6.1/esp-idf/components/nvs_flash D:/ProgramFiles/esp/v6.1/esp-idf/components/nvs_sec_provider D:/ProgramFiles/esp/v6.1/esp-idf/components/openthread D:/ProgramFiles/esp/v6.1/esp-idf/components/partition_table D:/ProgramFiles/esp/v6.1/esp-idf/components/perfmon D:/ProgramFiles/esp/v6.1/esp-idf/components/protobuf-c D:/ProgramFiles/esp/v6.1/esp-idf/components/protocomm D:/ProgramFiles/esp/v6.1/esp-idf/components/pthread D:/ProgramFiles/esp/v6.1/esp-idf/components/rt D:/ProgramFiles/esp/v6.1/esp-idf/components/sdmmc D:/ProgramFiles/esp/v6.1/esp-idf/components/soc D:/ProgramFiles/esp/v6.1/esp-idf/components/spi_flash D:/ProgramFiles/esp/v6.1/esp-idf/components/spiffs D:/ProgramFiles/esp/v6.1/esp-idf/components/tcp_transport D:/ProgramFiles/esp/v6.1/esp-idf/components/ulp D:/ProgramFiles/esp/v6.1/esp-idf/components/unity D:/ProgramFiles/esp/v6.1/esp-idf/components/vfs D:/ProgramFiles/esp/v6.1/esp-idf/components/wear_levelling D:/ProgramFiles/esp/v6.1/esp-idf/components/wpa_supplicant D:/ProgramFiles/esp/v6.1/esp-idf/components/xtensa
-- Configuring done (27.3s)
CMake Warning in D:/ProgramFiles/esp/v6.1/esp-idf/components/mbedtls/mbedtls/tf-psa-crypto/core/CMakeLists.txt:
  The object file directory

    E:/UnrealProjects/PoseDollLab_UE58_Design/PoseDoll_HW44_Plan/design/Firmware/PoseDollFullBody/revO/build_N1/esp-idf/mbedtls/mbedtls/tf-psa-crypto/core/CMakeFiles/tfpsacrypto.dir/./

  has 180 characters.  The maximum full path to an object file is 250
  characters (see CMAKE_OBJECT_PATH_MAX).  Object file

    47022da7397dc2a2ebbd3ec177c55922/psa_crypto_driver_esp_hmac_transparent.c.obj

  cannot be safely placed under this directory.  The build may not work
  correctly.


-- Generating done (2.4s)
-- Build files have been written to: E:/UnrealProjects/PoseDollLab_UE58_Design/PoseDoll_HW44_Plan/design/Firmware/PoseDollFullBody/revO/build_N1
[1/1080] Generating project_elf_src_esp32s3.c
[2/1080] Preprocessing linker script D:/ProgramFiles/esp/v6.1/esp-idf/components/esp_system/ld/esp32s3/memory.ld.in -> E:/UnrealProjects/PoseDollLab_UE58_Design/PoseDoll_HW44_Plan/design/Firmware/PoseDollFullBody/revO/build_N1/esp-idf/esp_system/ld/memory.ld
[3/1080] Preprocessing linker script D:/ProgramFiles/esp/v6.1/esp-idf/components/esp_system/ld/esp32s3/sections.ld.in -> E:/UnrealProjects/PoseDollLab_UE58_Design/PoseDoll_HW44_Plan/design/Firmware/PoseDollFullBody/revO/build_N1/esp-idf/esp_system/ld/sections.ld.in
[4/1080] Generating ../../partition_table/partition-table.bin
Partition table binary generated. Contents:
*******************************************************************************
# ESP-IDF Partition Table
# Name, Type, SubType, Offset, Size, Flags
nvs,data,nvs,0x9000,24K,
phy_init,data,phy,0xf000,4K,
factory,app,factory,0x10000,1M,
*******************************************************************************
[5/1080] Building C object esp-idf/esp_http_server/CMakeFiles/__idf_esp_http_server.dir/src/httpd_main.c.obj
[6/1080] Building C object esp-idf/esp_https_ota/CMakeFiles/__idf_esp_https_ota.dir/src/esp_https_ota.c.obj
[7/1080] Building C object esp-idf/esp_http_server/CMakeFiles/__idf_esp_http_server.dir/src/httpd_parse.c.obj
[8/1080] Building C object esp-idf/esp_http_server/CMakeFiles/__idf_esp_http_server.dir/src/httpd_sess.c.obj
[9/1080] Building C object esp-idf/esp_http_server/CMakeFiles/__idf_esp_http_server.dir/src/httpd_uri.c.obj
[10/1080] Building C object esp-idf/esp_http_server/CMakeFiles/__idf_esp_http_server.dir/src/httpd_txrx.c.obj
[11/1080] Building C object esp-idf/esp_http_server/CMakeFiles/__idf_esp_http_server.dir/src/httpd_ws.c.obj
[12/1080] Linking C static library esp-idf\esp_https_ota\libesp_https_ota.a
[13/1080] Building C object esp-idf/esp_http_server/CMakeFiles/__idf_esp_http_server.dir/src/util/ctrl_sock.c.obj
[14/1080] Building C object esp-idf/esp_http_client/CMakeFiles/__idf_esp_http_client.dir/lib/http_header.c.obj
[15/1080] Building C object esp-idf/esp_http_client/CMakeFiles/__idf_esp_http_client.dir/lib/http_utils.c.obj
[16/1080] Building C object esp-idf/esp_http_client/CMakeFiles/__idf_esp_http_client.dir/lib/http_auth.c.obj
[17/1080] Linking C static library esp-idf\esp_http_server\libesp_http_server.a
[18/1080] Building C object esp-idf/esp_http_client/CMakeFiles/__idf_esp_http_client.dir/esp_http_client.c.obj
[19/1080] Building C object esp-idf/tcp_transport/CMakeFiles/__idf_tcp_transport.dir/transport.c.obj
[20/1080] Building C object esp-idf/tcp_transport/CMakeFiles/__idf_tcp_transport.dir/transport_internal.c.obj
[21/1080] Building C object esp-idf/tcp_transport/CMakeFiles/__idf_tcp_transport.dir/transport_ssl.c.obj
[22/1080] Building C object esp-idf/tcp_transport/CMakeFiles/__idf_tcp_transport.dir/transport_socks_proxy.c.obj
[23/1080] Linking C static library esp-idf\esp_http_client\libesp_http_client.a
[24/1080] Building C object esp-idf/esp_driver_i2s/CMakeFiles/__idf_esp_driver_i2s.dir/i2s_std.c.obj
[25/1080] Building C object esp-idf/tcp_transport/CMakeFiles/__idf_tcp_transport.dir/transport_ws.c.obj
[26/1080] Building C object esp-idf/esp_driver_i2s/CMakeFiles/__idf_esp_driver_i2s.dir/i2s_common.c.obj
[27/1080] Building C object esp-idf/esp_driver_i2s/CMakeFiles/__idf_esp_driver_i2s.dir/i2s_pdm.c.obj
[28/1080] Linking C static library esp-idf\tcp_transport\libtcp_transport.a
[29/1080] Building C object esp-idf/esp_hal_i2s/CMakeFiles/__idf_esp_hal_i2s.dir/i2s_hal.c.obj
[30/1080] Building C object esp-idf/esp_driver_i2s/CMakeFiles/__idf_esp_driver_i2s.dir/i2s_platform.c.obj
[31/1080] Building C object esp-idf/esp_driver_i2s/CMakeFiles/__idf_esp_driver_i2s.dir/i2s_tdm.c.obj
[32/1080] Building C object esp-idf/esp_hal_i2s/CMakeFiles/__idf_esp_hal_i2s.dir/esp32s3/i2s_periph.c.obj
[33/1080] Linking C static library esp-idf\esp_driver_i2s\libesp_driver_i2s.a
[34/1080] Building C object esp-idf/esp_adc/CMakeFiles/__idf_esp_adc.dir/adc_cali.c.obj
[35/1080] Building C object esp-idf/esp_adc/CMakeFiles/__idf_esp_adc.dir/adc_common.c.obj
[36/1080] Building C object esp-idf/esp_adc/CMakeFiles/__idf_esp_adc.dir/adc_oneshot.c.obj
[37/1080] Building C object esp-idf/esp_adc/CMakeFiles/__idf_esp_adc.dir/adc_cali_curve_fitting.c.obj
[38/1080] Building C object esp-idf/esp_adc/CMakeFiles/__idf_esp_adc.dir/adc_continuous.c.obj
[39/1080] Building C object esp-idf/esp_adc/CMakeFiles/__idf_esp_adc.dir/adc_monitor.c.obj
[40/1080] Building C object esp-idf/esp_adc/CMakeFiles/__idf_esp_adc.dir/gdma/adc_dma.c.obj
[41/1080] Building C object esp-idf/esp_adc/CMakeFiles/__idf_esp_adc.dir/adc_filter.c.obj
[42/1080] Linking C static library esp-idf\esp_hal_i2s\libesp_hal_i2s.a
[43/1080] Building C object esp-idf/esp_adc/CMakeFiles/__idf_esp_adc.dir/esp32s3/curve_fitting_coefficients.c.obj
[44/1080] Building C object esp-idf/esp-tls/CMakeFiles/__idf_esp-tls.dir/esp_tls_platform_port.c.obj
[45/1080] Building C object esp-idf/esp-tls/CMakeFiles/__idf_esp-tls.dir/esp-tls-crypto/esp_tls_crypto.c.obj
[46/1080] Building C object esp-idf/esp-tls/CMakeFiles/__idf_esp-tls.dir/esp_tls_error_capture.c.obj
[47/1080] Linking C static library esp-idf\esp_adc\libesp_adc.a
[48/1080] Building C object esp-idf/esp-tls/CMakeFiles/__idf_esp-tls.dir/esp_tls.c.obj
[49/1080] Building C object esp-idf/esp_hal_i2c/CMakeFiles/__idf_esp_hal_i2c.dir/i2c_hal.c.obj
[50/1080] Building C object esp-idf/esp_hal_i2c/CMakeFiles/__idf_esp_hal_i2c.dir/i2c_hal_iram.c.obj
[51/1080] Building C object esp-idf/esp_hal_i2c/CMakeFiles/__idf_esp_hal_i2c.dir/esp32s3/i2c_periph.c.obj
[52/1080] Building C object esp-idf/http_parser/CMakeFiles/__idf_http_parser.dir/http_parser.c.obj
[53/1080] Building C object esp-idf/esp-tls/CMakeFiles/__idf_esp-tls.dir/esp_tls_mbedtls.c.obj
[54/1080] Building C object esp-idf/esp_gdbstub/CMakeFiles/__idf_esp_gdbstub.dir/src/gdbstub.c.obj
[55/1080] Linking C static library esp-idf\esp-tls\libesp-tls.a
[56/1080] Building C object esp-idf/esp_gdbstub/CMakeFiles/__idf_esp_gdbstub.dir/src/gdbstub_transport.c.obj
[57/1080] Building C object esp-idf/esp_gdbstub/CMakeFiles/__idf_esp_gdbstub.dir/src/packet.c.obj
[58/1080] Building ASM object esp-idf/esp_gdbstub/CMakeFiles/__idf_esp_gdbstub.dir/src/port/xtensa/gdbstub-entry.S.obj
[59/1080] Linking C static library esp-idf\http_parser\libhttp_parser.a
[60/1080] Building ASM object esp-idf/esp_gdbstub/CMakeFiles/__idf_esp_gdbstub.dir/src/port/xtensa/xt_debugexception.S.obj
[61/1080] Building C object esp-idf/esp_gdbstub/CMakeFiles/__idf_esp_gdbstub.dir/src/port/xtensa/gdbstub_xtensa.c.obj
[62/1080] Linking C static library esp-idf\esp_hal_i2c\libesp_hal_i2c.a
[63/1080] Building C object esp-idf/esp_wifi/CMakeFiles/__idf_esp_wifi.dir/src/lib_printf.c.obj
[64/1080] Building C object esp-idf/esp_wifi/CMakeFiles/__idf_esp_wifi.dir/src/mesh_event.c.obj
[65/1080] Building C object esp-idf/esp_wifi/CMakeFiles/__idf_esp_wifi.dir/src/smartconfig.c.obj
[66/1080] Building C object esp-idf/esp_wifi/CMakeFiles/__idf_esp_wifi.dir/src/wifi_init.c.obj
[67/1080] Building C object esp-idf/esp_wifi/CMakeFiles/__idf_esp_wifi.dir/src/wifi_default.c.obj
[68/1080] Building C object esp-idf/esp_wifi/CMakeFiles/__idf_esp_wifi.dir/src/wifi_netif.c.obj
[69/1080] Building C object esp-idf/esp_wifi/CMakeFiles/__idf_esp_wifi.dir/src/wifi_default_ap.c.obj
[70/1080] Building C object esp-idf/esp_wifi/CMakeFiles/__idf_esp_wifi.dir/src/ftm_load_calibration.c.obj
[71/1080] Building C object esp-idf/esp_wifi/CMakeFiles/__idf_esp_wifi.dir/regulatory/esp_wifi_regulatory.c.obj
[72/1080] Building C object esp-idf/esp_wifi/CMakeFiles/__idf_esp_wifi.dir/esp32s3/esp_adapter.c.obj
[73/1080] Building C object esp-idf/esp_wifi/CMakeFiles/__idf_esp_wifi.dir/src/smartconfig_ack.c.obj
[74/1080] Building C object esp-idf/esp_wifi/CMakeFiles/__idf_esp_wifi.dir/remote/esp_wifi_remote_weak.c.obj
[75/1080] Building C object esp-idf/esp_wifi/CMakeFiles/__idf_esp_wifi.dir/remote/esp_eap_client_remote_weak.c.obj
[76/1080] Building C object esp-idf/esp_coex/CMakeFiles/__idf_esp_coex.dir/src/coexist_debug_diagram.c.obj
[77/1080] Linking C static library esp-idf\esp_gdbstub\libesp_gdbstub.a
[78/1080] Building C object esp-idf/esp_wifi/CMakeFiles/__idf_esp_wifi.dir/remote/esp_wifi_remote_net2.c.obj
[79/1080] Building C object esp-idf/esp_coex/CMakeFiles/__idf_esp_coex.dir/esp32s3/esp_coex_adapter.c.obj
[80/1080] Building C object esp-idf/esp_coex/CMakeFiles/__idf_esp_coex.dir/src/coexist_debug.c.obj
[81/1080] Linking C static library esp-idf\esp_wifi\libesp_wifi.a
[82/1080] Building C object esp-idf/wpa_supplicant/CMakeFiles/__idf_wpa_supplicant.dir/port/os_xtensa.c.obj
[83/1080] Building C object esp-idf/wpa_supplicant/CMakeFiles/__idf_wpa_supplicant.dir/src/ap/ap_config.c.obj
[84/1080] Building C object esp-idf/wpa_supplicant/CMakeFiles/__idf_wpa_supplicant.dir/port/eloop.c.obj
[85/1080] Building C object esp-idf/wpa_supplicant/CMakeFiles/__idf_wpa_supplicant.dir/src/ap/ieee802_1x.c.obj
[86/1080] Building C object esp-idf/wpa_supplicant/CMakeFiles/__idf_wpa_supplicant.dir/src/ap/pmksa_cache_auth.c.obj
[87/1080] Building C object esp-idf/wpa_supplicant/CMakeFiles/__idf_wpa_supplicant.dir/src/ap/wpa_auth_ie.c.obj
[88/1080] Building C object esp-idf/wpa_supplicant/CMakeFiles/__idf_wpa_supplicant.dir/src/ap/wpa_auth.c.obj
[89/1080] Building C object esp-idf/wpa_supplicant/CMakeFiles/__idf_wpa_supplicant.dir/src/ap/sta_info.c.obj
[90/1080] Building C object esp-idf/wpa_supplicant/CMakeFiles/__idf_wpa_supplicant.dir/src/ap/comeback_token.c.obj
[91/1080] Building C object esp-idf/wpa_supplicant/CMakeFiles/__idf_wpa_supplicant.dir/src/ap/ieee802_11.c.obj
[92/1080] Building C object esp-idf/wpa_supplicant/CMakeFiles/__idf_wpa_supplicant.dir/src/common/dragonfly.c.obj
[93/1080] Building C object esp-idf/wpa_supplicant/CMakeFiles/__idf_wpa_supplicant.dir/src/common/sae.c.obj
[94/1080] Building C object esp-idf/wpa_supplicant/CMakeFiles/__idf_wpa_supplicant.dir/src/utils/bitfield.c.obj
[95/1080] Building C object esp-idf/wpa_supplicant/CMakeFiles/__idf_wpa_supplicant.dir/src/common/wpa_common.c.obj
[96/1080] Building C object esp-idf/wpa_supplicant/CMakeFiles/__idf_wpa_supplicant.dir/src/crypto/aes-siv.c.obj
[97/1080] Building C object esp-idf/wpa_supplicant/CMakeFiles/__idf_wpa_supplicant.dir/src/crypto/sha256-kdf.c.obj
[98/1080] Building C object esp-idf/wpa_supplicant/CMakeFiles/__idf_wpa_supplicant.dir/src/crypto/ccmp.c.obj
[99/1080] Building C object esp-idf/wpa_supplicant/CMakeFiles/__idf_wpa_supplicant.dir/src/crypto/crypto_ops.c.obj
[100/1080] Building C object esp-idf/wpa_supplicant/CMakeFiles/__idf_wpa_supplicant.dir/src/crypto/aes-gcm.c.obj
[101/1080] Building C object esp-idf/wpa_supplicant/CMakeFiles/__idf_wpa_supplicant.dir/src/crypto/dh_group5.c.obj
[102/1080] Building C object esp-idf/wpa_supplicant/CMakeFiles/__idf_wpa_supplicant.dir/src/crypto/dh_groups.c.obj
[103/1080] Building C object esp-idf/wpa_supplicant/CMakeFiles/__idf_wpa_supplicant.dir/src/crypto/sha1-tlsprf.c.obj
[104/1080] Building C object esp-idf/wpa_supplicant/CMakeFiles/__idf_wpa_supplicant.dir/src/crypto/ms_funcs.c.obj
[105/1080] Building C object esp-idf/wpa_supplicant/CMakeFiles/__idf_wpa_supplicant.dir/src/crypto/sha256-tlsprf.c.obj
[106/1080] Building C object esp-idf/wpa_supplicant/CMakeFiles/__idf_wpa_supplicant.dir/src/crypto/sha384-tlsprf.c.obj
[107/1080] Building C object esp-idf/wpa_supplicant/CMakeFiles/__idf_wpa_supplicant.dir/src/crypto/sha256-prf.c.obj
[108/1080] Building C object esp-idf/wpa_supplicant/CMakeFiles/__idf_wpa_supplicant.dir/src/crypto/sha1-prf.c.obj
[109/1080] Building C object esp-idf/wpa_supplicant/CMakeFiles/__idf_wpa_supplicant.dir/src/crypto/sha384-prf.c.obj
[110/1080] Building C object esp-idf/wpa_supplicant/CMakeFiles/__idf_wpa_supplicant.dir/src/eap_common/eap_wsc_common.c.obj
[111/1080] Building C object esp-idf/wpa_supplicant/CMakeFiles/__idf_wpa_supplicant.dir/src/crypto/sha1-tprf.c.obj
[112/1080] Building C object esp-idf/wpa_supplicant/CMakeFiles/__idf_wpa_supplicant.dir/src/crypto/md4-internal.c.obj
[113/1080] Building C object esp-idf/wpa_supplicant/CMakeFiles/__idf_wpa_supplicant.dir/src/common/ieee802_11_common.c.obj
[114/1080] Building C object esp-idf/wpa_supplicant/CMakeFiles/__idf_wpa_supplicant.dir/src/eap_peer/chap.c.obj
[115/1080] Building C object esp-idf/wpa_supplicant/CMakeFiles/__idf_wpa_supplicant.dir/src/eap_peer/eap_common.c.obj
[116/1080] Building C object esp-idf/wpa_supplicant/CMakeFiles/__idf_wpa_supplicant.dir/src/eap_peer/eap.c.obj
[117/1080] Building C object esp-idf/wpa_supplicant/CMakeFiles/__idf_wpa_supplicant.dir/src/eap_peer/eap_mschapv2.c.obj
[118/1080] Building C object esp-idf/wpa_supplicant/CMakeFiles/__idf_wpa_supplicant.dir/src/eap_peer/eap_peap_common.c.obj
[119/1080] Building C object esp-idf/wpa_supplicant/CMakeFiles/__idf_wpa_supplicant.dir/src/eap_peer/eap_peap.c.obj
[120/1080] Building C object esp-idf/wpa_supplicant/CMakeFiles/__idf_wpa_supplicant.dir/src/eap_peer/eap_tls.c.obj
[121/1080] Building C object esp-idf/wpa_supplicant/CMakeFiles/__idf_wpa_supplicant.dir/src/eap_peer/eap_tls_common.c.obj
[122/1080] Building C object esp-idf/wpa_supplicant/CMakeFiles/__idf_wpa_supplicant.dir/src/eap_peer/mschapv2.c.obj
[123/1080] Building C object esp-idf/wpa_supplicant/CMakeFiles/__idf_wpa_supplicant.dir/src/eap_peer/eap_ttls.c.obj
[124/1080] Building C object esp-idf/wpa_supplicant/CMakeFiles/__idf_wpa_supplicant.dir/src/eap_peer/eap_fast.c.obj
[125/1080] Building C object esp-idf/wpa_supplicant/CMakeFiles/__idf_wpa_supplicant.dir/src/eap_peer/eap_fast_common.c.obj
[126/1080] Building C object esp-idf/wpa_supplicant/CMakeFiles/__idf_wpa_supplicant.dir/src/eap_peer/eap_fast_pac.c.obj
[127/1080] Building C object esp-idf/wpa_supplicant/CMakeFiles/__idf_wpa_supplicant.dir/src/rsn_supp/pmksa_cache.c.obj
[128/1080] Building C object esp-idf/wpa_supplicant/CMakeFiles/__idf_wpa_supplicant.dir/src/rsn_supp/wpa_ie.c.obj
[129/1080] Building C object esp-idf/wpa_supplicant/CMakeFiles/__idf_wpa_supplicant.dir/src/utils/base64.c.obj
[130/1080] Building C object esp-idf/wpa_supplicant/CMakeFiles/__idf_wpa_supplicant.dir/src/utils/common.c.obj
[131/1080] Building C object esp-idf/wpa_supplicant/CMakeFiles/__idf_wpa_supplicant.dir/src/rsn_supp/wpa.c.obj
[132/1080] Building C object esp-idf/wpa_supplicant/CMakeFiles/__idf_wpa_supplicant.dir/src/utils/ext_password.c.obj
[133/1080] Building C object esp-idf/wpa_supplicant/CMakeFiles/__idf_wpa_supplicant.dir/src/utils/uuid.c.obj
[134/1080] Building C object esp-idf/wpa_supplicant/CMakeFiles/__idf_wpa_supplicant.dir/src/utils/wpabuf.c.obj
[135/1080] Building C object esp-idf/wpa_supplicant/CMakeFiles/__idf_wpa_supplicant.dir/src/utils/wpa_debug.c.obj
[136/1080] Building C object esp-idf/wpa_supplicant/CMakeFiles/__idf_wpa_supplicant.dir/src/utils/json.c.obj
[137/1080] Building C object esp-idf/wpa_supplicant/CMakeFiles/__idf_wpa_supplicant.dir/src/wps/wps.c.obj
[138/1080] Building C object esp-idf/wpa_supplicant/CMakeFiles/__idf_wpa_supplicant.dir/src/wps/wps_attr_build.c.obj
[139/1080] Building C object esp-idf/wpa_supplicant/CMakeFiles/__idf_wpa_supplicant.dir/src/wps/wps_attr_parse.c.obj
[140/1080] Building C object esp-idf/wpa_supplicant/CMakeFiles/__idf_wpa_supplicant.dir/src/wps/wps_attr_process.c.obj
[141/1080] Building C object esp-idf/wpa_supplicant/CMakeFiles/__idf_wpa_supplicant.dir/src/wps/wps_common.c.obj
[142/1080] Building C object esp-idf/wpa_supplicant/CMakeFiles/__idf_wpa_supplicant.dir/src/wps/wps_dev_attr.c.obj
[143/1080] Building C object esp-idf/wpa_supplicant/CMakeFiles/__idf_wpa_supplicant.dir/src/wps/wps_enrollee.c.obj
[144/1080] Building C object esp-idf/wpa_supplicant/CMakeFiles/__idf_wpa_supplicant.dir/src/common/sae_pk.c.obj
[145/1080] Building C object esp-idf/wpa_supplicant/CMakeFiles/__idf_wpa_supplicant.dir/esp_supplicant/src/esp_wpa2_api_port.c.obj
[146/1080] Building C object esp-idf/wpa_supplicant/CMakeFiles/__idf_wpa_supplicant.dir/esp_supplicant/src/esp_wpa_main.c.obj
[147/1080] Building C object esp-idf/wpa_supplicant/CMakeFiles/__idf_wpa_supplicant.dir/esp_supplicant/src/esp_wpas_glue.c.obj
[148/1080] Building C object esp-idf/wpa_supplicant/CMakeFiles/__idf_wpa_supplicant.dir/esp_supplicant/src/esp_common.c.obj
[149/1080] Building C object esp-idf/wpa_supplicant/CMakeFiles/__idf_wpa_supplicant.dir/esp_supplicant/src/esp_eap_client.c.obj
[150/1080] Building C object esp-idf/wpa_supplicant/CMakeFiles/__idf_wpa_supplicant.dir/esp_supplicant/src/esp_nan_supplicant.c.obj
[151/1080] Building C object esp-idf/wpa_supplicant/CMakeFiles/__idf_wpa_supplicant.dir/esp_supplicant/src/esp_owe.c.obj
[152/1080] Building C object esp-idf/wpa_supplicant/CMakeFiles/__idf_wpa_supplicant.dir/esp_supplicant/src/esp_wpa3.c.obj
[153/1080] Building C object esp-idf/wpa_supplicant/CMakeFiles/__idf_wpa_supplicant.dir/esp_supplicant/src/esp_wps.c.obj
[154/1080] Building C object esp-idf/wpa_supplicant/CMakeFiles/__idf_wpa_supplicant.dir/esp_supplicant/src/esp_hostap.c.obj
[155/1080] Building C object esp-idf/wpa_supplicant/CMakeFiles/__idf_wpa_supplicant.dir/esp_supplicant/src/crypto/tls_mbedtls.c.obj
[156/1080] Building C object esp-idf/wpa_supplicant/CMakeFiles/__idf_wpa_supplicant.dir/esp_supplicant/src/crypto/crypto_mbedtls.c.obj
[157/1080] Building C object esp-idf/wpa_supplicant/CMakeFiles/__idf_wpa_supplicant.dir/esp_supplicant/src/crypto/crypto_mbedtls-bignum.c.obj
[158/1080] Building C object esp-idf/wpa_supplicant/CMakeFiles/__idf_wpa_supplicant.dir/esp_supplicant/src/crypto/crypto_mbedtls-rsa.c.obj
[159/1080] Building C object esp-idf/wpa_supplicant/CMakeFiles/__idf_wpa_supplicant.dir/esp_supplicant/src/crypto/fastpsk.c.obj
[160/1080] Building C object esp-idf/wpa_supplicant/CMakeFiles/__idf_wpa_supplicant.dir/src/crypto/rc4.c.obj
[161/1080] Building C object esp-idf/wpa_supplicant/CMakeFiles/__idf_wpa_supplicant.dir/src/crypto/aes-wrap.c.obj
[162/1080] Building C object esp-idf/wpa_supplicant/CMakeFiles/__idf_wpa_supplicant.dir/src/crypto/des-internal.c.obj
[163/1080] Building C object esp-idf/wpa_supplicant/CMakeFiles/__idf_wpa_supplicant.dir/src/crypto/aes-unwrap.c.obj
[164/1080] Linking C static library esp-idf\esp_coex\libesp_coex.a
[165/1080] Building C object esp-idf/wpa_supplicant/CMakeFiles/__idf_wpa_supplicant.dir/esp_supplicant/src/crypto/crypto_mbedtls-ec.c.obj
[166/1080] Building C object esp-idf/wpa_supplicant/CMakeFiles/__idf_wpa_supplicant.dir/src/crypto/aes-ccm.c.obj
[167/1080] Building C object esp-idf/esp_netif/CMakeFiles/__idf_esp_netif.dir/esp_netif_objects.c.obj
[168/1080] Building C object esp-idf/esp_netif/CMakeFiles/__idf_esp_netif.dir/esp_netif_handlers.c.obj
[169/1080] Building C object esp-idf/esp_netif/CMakeFiles/__idf_esp_netif.dir/esp_netif_defaults.c.obj
[170/1080] Building C object esp-idf/esp_netif/CMakeFiles/__idf_esp_netif.dir/lwip/esp_netif_sntp.c.obj
[171/1080] Building C object esp-idf/esp_netif/CMakeFiles/__idf_esp_netif.dir/lwip/esp_netif_lwip_defaults.c.obj
[172/1080] Building C object esp-idf/esp_netif/CMakeFiles/__idf_esp_netif.dir/lwip/netif/wlanif.c.obj
[173/1080] Building C object esp-idf/esp_netif/CMakeFiles/__idf_esp_netif.dir/lwip/netif/esp_pbuf_ref.c.obj
[174/1080] Building C object esp-idf/esp_netif/CMakeFiles/__idf_esp_netif.dir/lwip/netif/ethernetif.c.obj
[175/1080] Building C object esp-idf/esp_netif/CMakeFiles/__idf_esp_netif.dir/lwip/esp_netif_lwip.c.obj
[176/1080] Linking C static library esp-idf\wpa_supplicant\libwpa_supplicant.a
[177/1080] Building C object esp-idf/lwip/CMakeFiles/__idf_lwip.dir/apps/sntp/sntp.c.obj
[178/1080] Building C object esp-idf/lwip/CMakeFiles/__idf_lwip.dir/lwip/src/api/api_lib.c.obj
[179/1080] Building C object esp-idf/lwip/CMakeFiles/__idf_lwip.dir/lwip/src/api/err.c.obj
[180/1080] Building C object esp-idf/lwip/CMakeFiles/__idf_lwip.dir/lwip/src/api/api_msg.c.obj
[181/1080] Building C object esp-idf/lwip/CMakeFiles/__idf_lwip.dir/lwip/src/api/if_api.c.obj
[182/1080] Building C object esp-idf/lwip/CMakeFiles/__idf_lwip.dir/lwip/src/api/netbuf.c.obj
[183/1080] Building C object esp-idf/lwip/CMakeFiles/__idf_lwip.dir/lwip/src/api/netdb.c.obj
[184/1080] Building C object esp-idf/lwip/CMakeFiles/__idf_lwip.dir/lwip/src/api/netifapi.c.obj
[185/1080] Building C object esp-idf/lwip/CMakeFiles/__idf_lwip.dir/lwip/src/api/tcpip.c.obj
[186/1080] Building C object esp-idf/lwip/CMakeFiles/__idf_lwip.dir/lwip/src/apps/sntp/sntp.c.obj
[187/1080] Building C object esp-idf/lwip/CMakeFiles/__idf_lwip.dir/lwip/src/apps/netbiosns/netbiosns.c.obj
[188/1080] Building C object esp-idf/lwip/CMakeFiles/__idf_lwip.dir/lwip/src/api/sockets.c.obj
[189/1080] Building C object esp-idf/lwip/CMakeFiles/__idf_lwip.dir/lwip/src/core/def.c.obj
[190/1080] Building C object esp-idf/lwip/CMakeFiles/__idf_lwip.dir/lwip/src/core/inet_chksum.c.obj
[191/1080] Building C object esp-idf/lwip/CMakeFiles/__idf_lwip.dir/lwip/src/core/dns.c.obj
[192/1080] Building C object esp-idf/lwip/CMakeFiles/__idf_lwip.dir/lwip/src/core/init.c.obj
[193/1080] Building C object esp-idf/lwip/CMakeFiles/__idf_lwip.dir/lwip/src/core/ip.c.obj
[194/1080] Building C object esp-idf/lwip/CMakeFiles/__idf_lwip.dir/lwip/src/core/mem.c.obj
[195/1080] Building C object esp-idf/lwip/CMakeFiles/__idf_lwip.dir/lwip/src/core/memp.c.obj
[196/1080] Building C object esp-idf/lwip/CMakeFiles/__idf_lwip.dir/lwip/src/core/pbuf.c.obj
[197/1080] Building C object esp-idf/lwip/CMakeFiles/__idf_lwip.dir/lwip/src/core/netif.c.obj
[198/1080] Building C object esp-idf/lwip/CMakeFiles/__idf_lwip.dir/lwip/src/core/raw.c.obj
[199/1080] Building C object esp-idf/lwip/CMakeFiles/__idf_lwip.dir/lwip/src/core/stats.c.obj
[200/1080] Building C object esp-idf/lwip/CMakeFiles/__idf_lwip.dir/lwip/src/core/sys.c.obj
[201/1080] Building C object esp-idf/lwip/CMakeFiles/__idf_lwip.dir/lwip/src/core/tcp.c.obj
[202/1080] Building C object esp-idf/lwip/CMakeFiles/__idf_lwip.dir/lwip/src/core/tcp_in.c.obj
[203/1080] Building C object esp-idf/lwip/CMakeFiles/__idf_lwip.dir/lwip/src/core/timeouts.c.obj
[204/1080] Building C object esp-idf/lwip/CMakeFiles/__idf_lwip.dir/lwip/src/core/tcp_out.c.obj
[205/1080] Building C object esp-idf/lwip/CMakeFiles/__idf_lwip.dir/lwip/src/core/ipv4/autoip.c.obj
[206/1080] Building C object esp-idf/lwip/CMakeFiles/__idf_lwip.dir/lwip/src/core/udp.c.obj
[207/1080] Building C object esp-idf/lwip/CMakeFiles/__idf_lwip.dir/lwip/src/core/ipv4/etharp.c.obj
[208/1080] Building C object esp-idf/lwip/CMakeFiles/__idf_lwip.dir/lwip/src/core/ipv4/dhcp.c.obj
[209/1080] Building C object esp-idf/lwip/CMakeFiles/__idf_lwip.dir/lwip/src/core/ipv4/icmp.c.obj
[210/1080] Building C object esp-idf/lwip/CMakeFiles/__idf_lwip.dir/lwip/src/core/ipv4/igmp.c.obj
[211/1080] Building C object esp-idf/lwip/CMakeFiles/__idf_lwip.dir/lwip/src/core/ipv4/ip4_napt.c.obj
[212/1080] Building C object esp-idf/lwip/CMakeFiles/__idf_lwip.dir/lwip/src/core/ipv4/ip4.c.obj
[213/1080] Building C object esp-idf/lwip/CMakeFiles/__idf_lwip.dir/lwip/src/core/ipv4/ip4_addr.c.obj
[214/1080] Building C object esp-idf/lwip/CMakeFiles/__idf_lwip.dir/lwip/src/core/ipv4/ip4_frag.c.obj
[215/1080] Building C object esp-idf/lwip/CMakeFiles/__idf_lwip.dir/lwip/src/core/ipv6/dhcp6.c.obj
[216/1080] Building C object esp-idf/lwip/CMakeFiles/__idf_lwip.dir/lwip/src/core/ipv6/ethip6.c.obj
[217/1080] Building C object esp-idf/lwip/CMakeFiles/__idf_lwip.dir/lwip/src/core/ipv6/icmp6.c.obj
[218/1080] Building C object esp-idf/lwip/CMakeFiles/__idf_lwip.dir/lwip/src/core/ipv6/inet6.c.obj
[219/1080] Building C object esp-idf/lwip/CMakeFiles/__idf_lwip.dir/lwip/src/core/ipv6/ip6_addr.c.obj
[220/1080] Building C object esp-idf/lwip/CMakeFiles/__idf_lwip.dir/lwip/src/core/ipv6/ip6.c.obj
[221/1080] Building C object esp-idf/lwip/CMakeFiles/__idf_lwip.dir/lwip/src/core/ipv6/ip6_frag.c.obj
[222/1080] Building C object esp-idf/lwip/CMakeFiles/__idf_lwip.dir/lwip/src/core/ipv6/mld6.c.obj
[223/1080] Building C object esp-idf/lwip/CMakeFiles/__idf_lwip.dir/lwip/src/netif/ethernet.c.obj
[224/1080] Building C object esp-idf/lwip/CMakeFiles/__idf_lwip.dir/lwip/src/netif/bridgeif.c.obj
[225/1080] Building C object esp-idf/lwip/CMakeFiles/__idf_lwip.dir/lwip/src/netif/bridgeif_fdb.c.obj
[226/1080] Building C object esp-idf/lwip/CMakeFiles/__idf_lwip.dir/lwip/src/core/ipv6/nd6.c.obj
[227/1080] Building C object esp-idf/lwip/CMakeFiles/__idf_lwip.dir/lwip/src/netif/slipif.c.obj
[228/1080] Building C object esp-idf/lwip/CMakeFiles/__idf_lwip.dir/lwip/src/netif/ppp/auth.c.obj
[229/1080] Building C object esp-idf/lwip/CMakeFiles/__idf_lwip.dir/lwip/src/netif/ppp/ccp.c.obj
[230/1080] Building C object esp-idf/lwip/CMakeFiles/__idf_lwip.dir/lwip/src/netif/ppp/chap-md5.c.obj
[231/1080] Building C object esp-idf/lwip/CMakeFiles/__idf_lwip.dir/lwip/src/netif/ppp/chap-new.c.obj
[232/1080] Building C object esp-idf/lwip/CMakeFiles/__idf_lwip.dir/lwip/src/netif/ppp/chap_ms.c.obj
[233/1080] Building C object esp-idf/lwip/CMakeFiles/__idf_lwip.dir/lwip/src/netif/ppp/demand.c.obj
[234/1080] Building C object esp-idf/lwip/CMakeFiles/__idf_lwip.dir/lwip/src/netif/ppp/eap.c.obj
[235/1080] Building C object esp-idf/lwip/CMakeFiles/__idf_lwip.dir/lwip/src/netif/ppp/ecp.c.obj
[236/1080] Building C object esp-idf/lwip/CMakeFiles/__idf_lwip.dir/lwip/src/netif/ppp/eui64.c.obj
[237/1080] Building C object esp-idf/lwip/CMakeFiles/__idf_lwip.dir/lwip/src/netif/ppp/fsm.c.obj
[238/1080] Building C object esp-idf/lwip/CMakeFiles/__idf_lwip.dir/lwip/src/netif/ppp/ipcp.c.obj
[239/1080] Building C object esp-idf/lwip/CMakeFiles/__idf_lwip.dir/lwip/src/netif/ppp/ipv6cp.c.obj
[240/1080] Building C object esp-idf/lwip/CMakeFiles/__idf_lwip.dir/lwip/src/netif/ppp/lcp.c.obj
[241/1080] Building C object esp-idf/lwip/CMakeFiles/__idf_lwip.dir/lwip/src/netif/ppp/magic.c.obj
[242/1080] Building C object esp-idf/lwip/CMakeFiles/__idf_lwip.dir/lwip/src/netif/ppp/mppe.c.obj
[243/1080] Building C object esp-idf/lwip/CMakeFiles/__idf_lwip.dir/lwip/src/netif/ppp/multilink.c.obj
[244/1080] Building C object esp-idf/lwip/CMakeFiles/__idf_lwip.dir/lwip/src/netif/ppp/ppp.c.obj
[245/1080] Building C object esp-idf/lwip/CMakeFiles/__idf_lwip.dir/lwip/src/netif/ppp/pppapi.c.obj
[246/1080] Building C object esp-idf/lwip/CMakeFiles/__idf_lwip.dir/lwip/src/netif/ppp/pppcrypt.c.obj
[247/1080] Building C object esp-idf/lwip/CMakeFiles/__idf_lwip.dir/lwip/src/netif/ppp/pppoe.c.obj
[248/1080] Building C object esp-idf/lwip/CMakeFiles/__idf_lwip.dir/lwip/src/netif/ppp/pppol2tp.c.obj
[249/1080] Building C object esp-idf/lwip/CMakeFiles/__idf_lwip.dir/lwip/src/netif/ppp/upap.c.obj
[250/1080] Building C object esp-idf/lwip/CMakeFiles/__idf_lwip.dir/lwip/src/netif/ppp/pppos.c.obj
[251/1080] Building C object esp-idf/lwip/CMakeFiles/__idf_lwip.dir/lwip/src/netif/ppp/utils.c.obj
[252/1080] Building C object esp-idf/lwip/CMakeFiles/__idf_lwip.dir/lwip/src/netif/ppp/vj.c.obj
[253/1080] Building C object esp-idf/lwip/CMakeFiles/__idf_lwip.dir/port/hooks/tcp_isn_default.c.obj
[254/1080] Building C object esp-idf/lwip/CMakeFiles/__idf_lwip.dir/port/hooks/lwip_default_hooks.c.obj
[255/1080] Building C object esp-idf/lwip/CMakeFiles/__idf_lwip.dir/port/sockets_ext.c.obj
[256/1080] Building C object esp-idf/lwip/CMakeFiles/__idf_lwip.dir/port/debug/lwip_debug.c.obj
[257/1080] Building C object esp-idf/lwip/CMakeFiles/__idf_lwip.dir/port/if_index.c.obj
[258/1080] Building C object esp-idf/lwip/CMakeFiles/__idf_lwip.dir/port/freertos/sys_arch.c.obj
[259/1080] Building C object esp-idf/lwip/CMakeFiles/__idf_lwip.dir/port/acd_dhcp_check.c.obj
[260/1080] Building C object esp-idf/lwip/CMakeFiles/__idf_lwip.dir/port/esp32xx/vfs_lwip.c.obj
[261/1080] Building C object esp-idf/lwip/CMakeFiles/__idf_lwip.dir/lwip/src/netif/ppp/polarssl/arc4.c.obj
[262/1080] Building C object esp-idf/lwip/CMakeFiles/__idf_lwip.dir/apps/ping/ping_sock.c.obj
[263/1080] Building C object esp-idf/lwip/CMakeFiles/__idf_lwip.dir/lwip/src/netif/ppp/polarssl/des.c.obj
[264/1080] Building C object esp-idf/lwip/CMakeFiles/__idf_lwip.dir/lwip/src/netif/ppp/polarssl/md4.c.obj
[265/1080] Building C object esp-idf/lwip/CMakeFiles/__idf_lwip.dir/lwip/src/netif/ppp/polarssl/md5.c.obj
[266/1080] Building C object esp-idf/lwip/CMakeFiles/__idf_lwip.dir/lwip/src/netif/ppp/polarssl/sha1.c.obj
[267/1080] Linking C static library esp-idf\esp_netif\libesp_netif.a
[268/1080] Building C object esp-idf/lwip/CMakeFiles/__idf_lwip.dir/apps/dhcpserver/dhcpserver.c.obj
[269/1080] Building C object esp-idf/vfs/CMakeFiles/__idf_vfs.dir/vfs_eventfd.c.obj
[270/1080] Building C object esp-idf/vfs/CMakeFiles/__idf_vfs.dir/vfs.c.obj
[271/1080] Building C object esp-idf/vfs/CMakeFiles/__idf_vfs.dir/vfs_calls.c.obj
[272/1080] Building C object esp-idf/vfs/CMakeFiles/__idf_vfs.dir/nullfs.c.obj
[273/1080] Building C object esp-idf/vfs/CMakeFiles/__idf_vfs.dir/vfs_semihost.c.obj
[274/1080] Building C object esp-idf/esp_driver_usb_serial_jtag/CMakeFiles/__idf_esp_driver_usb_serial_jtag.dir/src/usb_serial_jtag.c.obj
[275/1080] Linking C static library esp-idf\lwip\liblwip.a
[276/1080] Building C object esp-idf/esp_phy/CMakeFiles/__idf_esp_phy.dir/src/lib_printf.c.obj
[277/1080] Building C object esp-idf/esp_driver_usb_serial_jtag/CMakeFiles/__idf_esp_driver_usb_serial_jtag.dir/src/usb_serial_jtag_connection_monitor.c.obj
[278/1080] Building C object esp-idf/esp_phy/CMakeFiles/__idf_esp_phy.dir/src/phy_override.c.obj
[279/1080] Linking C static library esp-idf\vfs\libvfs.a
[280/1080] Building C object esp-idf/esp_phy/CMakeFiles/__idf_esp_phy.dir/esp32s3/phy_init_data.c.obj
[281/1080] Building C object esp-idf/esp_phy/CMakeFiles/__idf_esp_phy.dir/src/phy_common.c.obj
[282/1080] Building C object esp-idf/esp_phy/CMakeFiles/__idf_esp_phy.dir/src/btbb_init.c.obj
[283/1080] Linking C static library esp-idf\esp_driver_usb_serial_jtag\libesp_driver_usb_serial_jtag.a
[284/1080] Building C object esp-idf/esp_phy/CMakeFiles/__idf_esp_phy.dir/src/phy_init.c.obj
[285/1080] Building CXX object esp-idf/nvs_flash/CMakeFiles/__idf_nvs_flash.dir/src/nvs_item_hash_list.cpp.obj
[286/1080] Building CXX object esp-idf/nvs_flash/CMakeFiles/__idf_nvs_flash.dir/src/nvs_cxx_api.cpp.obj
[287/1080] Building CXX object esp-idf/nvs_flash/CMakeFiles/__idf_nvs_flash.dir/src/nvs_page.cpp.obj
[288/1080] Building CXX object esp-idf/nvs_flash/CMakeFiles/__idf_nvs_flash.dir/src/nvs_api.cpp.obj
[289/1080] Building CXX object esp-idf/nvs_flash/CMakeFiles/__idf_nvs_flash.dir/src/nvs_pagemanager.cpp.obj
[290/1080] Building CXX object esp-idf/nvs_flash/CMakeFiles/__idf_nvs_flash.dir/src/nvs_storage.cpp.obj
[291/1080] Building CXX object esp-idf/nvs_flash/CMakeFiles/__idf_nvs_flash.dir/src/nvs_handle_simple.cpp.obj
[292/1080] Building CXX object esp-idf/nvs_flash/CMakeFiles/__idf_nvs_flash.dir/src/nvs_handle_locked.cpp.obj
[293/1080] Building CXX object esp-idf/nvs_flash/CMakeFiles/__idf_nvs_flash.dir/src/nvs_partition.cpp.obj
[294/1080] Building CXX object esp-idf/nvs_flash/CMakeFiles/__idf_nvs_flash.dir/src/nvs_partition_lookup.cpp.obj
[295/1080] Building CXX object esp-idf/nvs_flash/CMakeFiles/__idf_nvs_flash.dir/src/nvs_platform.cpp.obj
[296/1080] Building C object esp-idf/nvs_flash/CMakeFiles/__idf_nvs_flash.dir/src/nvs_bootloader.c.obj
[297/1080] Building C object esp-idf/nvs_flash/CMakeFiles/__idf_nvs_flash.dir/src/nvs_bootloader_aes.c.obj
[298/1080] Building C object esp-idf/nvs_flash/CMakeFiles/__idf_nvs_flash.dir/src/nvs_bootloader_xts_aes.c.obj
[299/1080] Linking C static library esp-idf\esp_phy\libesp_phy.a
[300/1080] Building CXX object esp-idf/nvs_flash/CMakeFiles/__idf_nvs_flash.dir/src/nvs_partition_manager.cpp.obj
[301/1080] Building CXX object esp-idf/nvs_flash/CMakeFiles/__idf_nvs_flash.dir/src/nvs_types.cpp.obj
[302/1080] Building C object esp-idf/esp_event/CMakeFiles/__idf_esp_event.dir/default_event_loop.c.obj
[303/1080] Building C object esp-idf/nvs_sec_provider/CMakeFiles/__idf_nvs_sec_provider.dir/nvs_sec_provider.c.obj
[304/1080] Building C object esp-idf/esp_event/CMakeFiles/__idf_esp_event.dir/esp_event.c.obj
[305/1080] Building CXX object esp-idf/nvs_flash/CMakeFiles/__idf_nvs_flash.dir/src/nvs_encrypted_partition.cpp.obj
[306/1080] Building C object esp-idf/esp_event/CMakeFiles/__idf_esp_event.dir/esp_event_private.c.obj
[307/1080] Building C object esp-idf/esp_driver_uart/CMakeFiles/__idf_esp_driver_uart.dir/src/uart_wakeup.c.obj
[308/1080] Linking C static library esp-idf\nvs_flash\libnvs_flash.a
[309/1080] Linking C static library esp-idf\nvs_sec_provider\libnvs_sec_provider.a
[310/1080] Building C object esp-idf/esp_driver_uart/CMakeFiles/__idf_esp_driver_uart.dir/src/uhci.c.obj
[311/1080] Linking C static library esp-idf\esp_event\libesp_event.a
[312/1080] Building C object esp-idf/esp_driver_uart/CMakeFiles/__idf_esp_driver_uart.dir/src/uart_vfs.c.obj
[313/1080] Building C object esp-idf/esp_driver_uart/CMakeFiles/__idf_esp_driver_uart.dir/src/uart.c.obj
[314/1080] Building C object esp-idf/esp_psram/CMakeFiles/__idf_esp_psram.dir/system_layer/esp_psram_mspi.c.obj
[315/1080] Linking C static library esp-idf\esp_driver_uart\libesp_driver_uart.a
[316/1080] Building C object esp-idf/esp_timer/CMakeFiles/__idf_esp_timer.dir/src/esp_timer_init.c.obj
[317/1080] Linking C static library esp-idf\esp_psram\libesp_psram.a
[318/1080] Building C object esp-idf/esp_timer/CMakeFiles/__idf_esp_timer.dir/src/esp_timer.c.obj
[319/1080] Building C object esp-idf/esp_ringbuf/CMakeFiles/__idf_esp_ringbuf.dir/ringbuf.c.obj
[320/1080] Building C object esp-idf/esp_timer/CMakeFiles/__idf_esp_timer.dir/src/system_time.c.obj
[321/1080] Building C object esp-idf/esp_timer/CMakeFiles/__idf_esp_timer.dir/src/ets_timer_legacy.c.obj
[322/1080] Building C object esp-idf/esp_timer/CMakeFiles/__idf_esp_timer.dir/src/esp_timer_impl_common.c.obj
[323/1080] Building C object esp-idf/esp_timer/CMakeFiles/__idf_esp_timer.dir/src/esp_timer_impl_systimer.c.obj
[324/1080] Linking C static library esp-idf\esp_ringbuf\libesp_ringbuf.a
[325/1080] Building CXX object esp-idf/cxx/CMakeFiles/__idf_cxx.dir/cxx_exception_stubs.cpp.obj
[326/1080] Building CXX object esp-idf/cxx/CMakeFiles/__idf_cxx.dir/cxx_init.cpp.obj
[327/1080] Linking C static library esp-idf\esp_timer\libesp_timer.a
[328/1080] Building C object esp-idf/pthread/CMakeFiles/__idf_pthread.dir/pthread_cond_var.c.obj
[329/1080] Building CXX object esp-idf/cxx/CMakeFiles/__idf_cxx.dir/cxx_guards.cpp.obj
[330/1080] Building C object esp-idf/pthread/CMakeFiles/__idf_pthread.dir/pthread_local_storage.c.obj
[331/1080] Building C object esp-idf/pthread/CMakeFiles/__idf_pthread.dir/pthread.c.obj
[332/1080] Linking C static library esp-idf\cxx\libcxx.a
[333/1080] Building C object esp-idf/esp_libc/CMakeFiles/__idf_esp_libc.dir/src/init.c.obj
[334/1080] Building C object esp-idf/pthread/CMakeFiles/__idf_pthread.dir/pthread_semaphore.c.obj
[335/1080] Building C object esp-idf/pthread/CMakeFiles/__idf_pthread.dir/pthread_rwlock.c.obj
[336/1080] Building C object esp-idf/esp_libc/CMakeFiles/__idf_esp_libc.dir/src/abort.c.obj
[337/1080] Building C object esp-idf/esp_libc/CMakeFiles/__idf_esp_libc.dir/src/assert.c.obj
[338/1080] Building C object esp-idf/esp_libc/CMakeFiles/__idf_esp_libc.dir/src/heap.c.obj
[339/1080] Building C object esp-idf/esp_libc/CMakeFiles/__idf_esp_libc.dir/src/locks.c.obj
[340/1080] Building C object esp-idf/esp_libc/CMakeFiles/__idf_esp_libc.dir/src/poll.c.obj
[341/1080] Building C object esp-idf/esp_libc/CMakeFiles/__idf_esp_libc.dir/src/pthread.c.obj
[342/1080] Building C object esp-idf/esp_libc/CMakeFiles/__idf_esp_libc.dir/src/termios.c.obj
[343/1080] Building C object esp-idf/esp_libc/CMakeFiles/__idf_esp_libc.dir/src/random.c.obj
[344/1080] Building C object esp-idf/esp_libc/CMakeFiles/__idf_esp_libc.dir/src/getentropy.c.obj
[345/1080] Building C object esp-idf/esp_libc/CMakeFiles/__idf_esp_libc.dir/src/timekeeping.c.obj
[346/1080] Building C object esp-idf/esp_libc/CMakeFiles/__idf_esp_libc.dir/src/sysconf.c.obj
[347/1080] Building C object esp-idf/esp_libc/CMakeFiles/__idf_esp_libc.dir/src/stdatomic.c.obj
[348/1080] Building C object esp-idf/esp_libc/CMakeFiles/__idf_esp_libc.dir/src/time.c.obj
[349/1080] Building C object esp-idf/esp_libc/CMakeFiles/__idf_esp_libc.dir/src/realpath.c.obj
[350/1080] Building C object esp-idf/esp_libc/CMakeFiles/__idf_esp_libc.dir/src/scandir.c.obj
[351/1080] Building C object esp-idf/esp_libc/CMakeFiles/__idf_esp_libc.dir/src/syscalls.c.obj
[352/1080] Building C object esp-idf/esp_libc/CMakeFiles/__idf_esp_libc.dir/src/reent_syscalls.c.obj
[353/1080] Building C object esp-idf/esp_libc/CMakeFiles/__idf_esp_libc.dir/src/port/esp_time_impl.c.obj
[354/1080] Building C object esp-idf/esp_libc/CMakeFiles/__idf_esp_libc.dir/src/picolibc/rand.c.obj
[355/1080] Building C object esp-idf/esp_libc/CMakeFiles/__idf_esp_libc.dir/src/picolibc/picolibc_init.c.obj
[356/1080] Building C object esp-idf/esp_libc/CMakeFiles/__idf_esp_libc.dir/src/picolibc/open_memstream.c.obj
[357/1080] Building C object esp-idf/esp_libc/CMakeFiles/__idf_esp_libc.dir/src/picolibc/errno.c.obj
[358/1080] Building C object esp-idf/esp_libc/CMakeFiles/__idf_esp_libc.dir/src/picolibc/bufio_setvbuf.c.obj
[359/1080] Building C object esp-idf/esp_libc/CMakeFiles/__idf_esp_libc.dir/src/picolibc/getreent.c.obj
[360/1080] Building C object esp-idf/esp_libc/CMakeFiles/__idf_esp_libc.dir/src/picolibc/fopencookie.c.obj
[361/1080] Linking C static library esp-idf\pthread\libpthread.a
[362/1080] Building C object esp-idf/freertos/CMakeFiles/__idf_freertos.dir/heap_idf.c.obj
[363/1080] Building C object esp-idf/freertos/CMakeFiles/__idf_freertos.dir/app_startup.c.obj
[364/1080] Building C object esp-idf/freertos/CMakeFiles/__idf_freertos.dir/port_common.c.obj
[365/1080] Building C object esp-idf/freertos/CMakeFiles/__idf_freertos.dir/port_systick.c.obj
[366/1080] Building C object esp-idf/freertos/CMakeFiles/__idf_freertos.dir/FreeRTOS-Kernel/list.c.obj
[367/1080] Building C object esp-idf/freertos/CMakeFiles/__idf_freertos.dir/FreeRTOS-Kernel/timers.c.obj
[368/1080] Building C object esp-idf/freertos/CMakeFiles/__idf_freertos.dir/FreeRTOS-Kernel/queue.c.obj
[369/1080] Building C object esp-idf/freertos/CMakeFiles/__idf_freertos.dir/FreeRTOS-Kernel/event_groups.c.obj
[370/1080] Building C object esp-idf/freertos/CMakeFiles/__idf_freertos.dir/FreeRTOS-Kernel/tasks.c.obj
[371/1080] Building ASM object esp-idf/freertos/CMakeFiles/__idf_freertos.dir/FreeRTOS-Kernel/portable/xtensa/portasm.S.obj
[372/1080] Building C object esp-idf/freertos/CMakeFiles/__idf_freertos.dir/FreeRTOS-Kernel/portable/xtensa/port.c.obj
[373/1080] Building C object esp-idf/freertos/CMakeFiles/__idf_freertos.dir/FreeRTOS-Kernel/stream_buffer.c.obj
[374/1080] Building C object esp-idf/freertos/CMakeFiles/__idf_freertos.dir/FreeRTOS-Kernel/portable/xtensa/xtensa_init.c.obj
[375/1080] Building C object esp-idf/freertos/CMakeFiles/__idf_freertos.dir/FreeRTOS-Kernel/portable/xtensa/xtensa_overlay_os_hook.c.obj
[376/1080] Building C object esp-idf/freertos/CMakeFiles/__idf_freertos.dir/esp_additions/idf_additions_event_groups.c.obj
[377/1080] Building C object esp-idf/freertos/CMakeFiles/__idf_freertos.dir/esp_additions/idf_additions.c.obj
[378/1080] Linking C static library esp-idf\esp_libc\libesp_libc.a
[379/1080] Building C object esp-idf/esp_hw_support/CMakeFiles/__idf_esp_hw_support.dir/cpu.c.obj
[380/1080] Building C object esp-idf/esp_hw_support/CMakeFiles/__idf_esp_hw_support.dir/port/esp32s3/esp_cpu_intr.c.obj
[381/1080] Building C object esp-idf/esp_hw_support/CMakeFiles/__idf_esp_hw_support.dir/esp_memory_utils.c.obj
[382/1080] Building C object esp-idf/esp_hw_support/CMakeFiles/__idf_esp_hw_support.dir/port/esp32s3/cpu_region_protect.c.obj
[383/1080] Building C object esp-idf/esp_hw_support/CMakeFiles/__idf_esp_hw_support.dir/clk_ctrl_os.c.obj
[384/1080] Building C object esp-idf/esp_hw_support/CMakeFiles/__idf_esp_hw_support.dir/esp_clk.c.obj
[385/1080] Building C object esp-idf/esp_hw_support/CMakeFiles/__idf_esp_hw_support.dir/hw_random.c.obj
[386/1080] Building C object esp-idf/esp_hw_support/CMakeFiles/__idf_esp_hw_support.dir/mac_addr.c.obj
[387/1080] Building C object esp-idf/esp_hw_support/CMakeFiles/__idf_esp_hw_support.dir/revision.c.obj
[388/1080] Building C object esp-idf/esp_hw_support/CMakeFiles/__idf_esp_hw_support.dir/intr_alloc.c.obj
[389/1080] Building C object esp-idf/esp_hw_support/CMakeFiles/__idf_esp_hw_support.dir/periph_ctrl.c.obj
[390/1080] Building C object esp-idf/esp_hw_support/CMakeFiles/__idf_esp_hw_support.dir/esp_gpio_reserve.c.obj
[391/1080] Building C object esp-idf/esp_hw_support/CMakeFiles/__idf_esp_hw_support.dir/regi2c_ctrl.c.obj
[392/1080] Building C object esp-idf/esp_hw_support/CMakeFiles/__idf_esp_hw_support.dir/rtc_module.c.obj
[393/1080] Building C object esp-idf/esp_hw_support/CMakeFiles/__idf_esp_hw_support.dir/sar_periph_ctrl_common.c.obj
[394/1080] Building C object esp-idf/esp_hw_support/CMakeFiles/__idf_esp_hw_support.dir/sar_tsens_ctrl.c.obj
[395/1080] Building C object esp-idf/esp_hw_support/CMakeFiles/__idf_esp_hw_support.dir/io_mux.c.obj
[396/1080] Building C object esp-idf/esp_hw_support/CMakeFiles/__idf_esp_hw_support.dir/port/esp32s3/io_mux.c.obj
[397/1080] Building C object esp-idf/esp_hw_support/CMakeFiles/__idf_esp_hw_support.dir/port/esp32s3/esp_clk_tree.c.obj
[398/1080] Building C object esp-idf/esp_hw_support/CMakeFiles/__idf_esp_hw_support.dir/heap_align_hw.c.obj
[399/1080] Building C object esp-idf/esp_hw_support/CMakeFiles/__idf_esp_hw_support.dir/spi_bus_lock.c.obj
[400/1080] Building C object esp-idf/esp_hw_support/CMakeFiles/__idf_esp_hw_support.dir/clk_utils.c.obj
[401/1080] Building C object esp-idf/esp_hw_support/CMakeFiles/__idf_esp_hw_support.dir/spi_share_hw_ctrl.c.obj
[402/1080] Building C object esp-idf/esp_hw_support/CMakeFiles/__idf_esp_hw_support.dir/usb_phy/usb_phy.c.obj
[403/1080] Building C object esp-idf/esp_hw_support/CMakeFiles/__idf_esp_hw_support.dir/port/esp_clk_tree_common.c.obj
[404/1080] Building C object esp-idf/esp_hw_support/CMakeFiles/__idf_esp_hw_support.dir/adc_share_hw_ctrl.c.obj
[405/1080] Building C object esp-idf/esp_hw_support/CMakeFiles/__idf_esp_hw_support.dir/sleep_modem.c.obj
[406/1080] Building C object esp-idf/esp_hw_support/CMakeFiles/__idf_esp_hw_support.dir/sleep_cache.c.obj
[407/1080] Building C object esp-idf/esp_hw_support/CMakeFiles/__idf_esp_hw_support.dir/sleep_uart.c.obj
[408/1080] Building C object esp-idf/esp_hw_support/CMakeFiles/__idf_esp_hw_support.dir/sleep_mspi.c.obj
[409/1080] Building C object esp-idf/esp_hw_support/CMakeFiles/__idf_esp_hw_support.dir/sleep_console.c.obj
[410/1080] Building C object esp-idf/esp_hw_support/CMakeFiles/__idf_esp_hw_support.dir/sleep_usb.c.obj
[411/1080] Building C object esp-idf/esp_hw_support/CMakeFiles/__idf_esp_hw_support.dir/port/esp32s3/systimer.c.obj
[412/1080] Building C object esp-idf/esp_hw_support/CMakeFiles/__idf_esp_hw_support.dir/sleep_event.c.obj
[413/1080] Building C object esp-idf/esp_hw_support/CMakeFiles/__idf_esp_hw_support.dir/sleep_gpio.c.obj
[414/1080] Building C object esp-idf/esp_hw_support/CMakeFiles/__idf_esp_hw_support.dir/sleep_modes.c.obj
[415/1080] Building C object esp-idf/esp_hw_support/CMakeFiles/__idf_esp_hw_support.dir/mspi/mspi_timing_tuning/mspi_timing_tuning.c.obj
[416/1080] Building C object esp-idf/esp_hw_support/CMakeFiles/__idf_esp_hw_support.dir/mspi/mspi_intr/mspi_intr.c.obj
[417/1080] Building C object esp-idf/esp_hw_support/CMakeFiles/__idf_esp_hw_support.dir/sleep_wake_stub.c.obj
[418/1080] Building C object esp-idf/esp_hw_support/CMakeFiles/__idf_esp_hw_support.dir/esp_clock_output.c.obj
[419/1080] Building C object esp-idf/esp_hw_support/CMakeFiles/__idf_esp_hw_support.dir/power_supply/brownout.c.obj
[420/1080] Building C object esp-idf/esp_hw_support/CMakeFiles/__idf_esp_hw_support.dir/port/esp32s3/rtc_clk_init.c.obj
[421/1080] Building C object esp-idf/esp_hw_support/CMakeFiles/__idf_esp_hw_support.dir/port/esp32s3/rtc_clk.c.obj
[422/1080] Building C object esp-idf/esp_hw_support/CMakeFiles/__idf_esp_hw_support.dir/port/esp32s3/rtc_init.c.obj
[423/1080] Building C object esp-idf/esp_hw_support/CMakeFiles/__idf_esp_hw_support.dir/port/esp32s3/chip_info.c.obj
[424/1080] Building C object esp-idf/esp_hw_support/CMakeFiles/__idf_esp_hw_support.dir/port/esp32s3/rtc_sleep.c.obj
[425/1080] Building C object esp-idf/esp_hw_support/CMakeFiles/__idf_esp_hw_support.dir/port/esp32s3/rtc_time.c.obj
[426/1080] Building C object esp-idf/esp_hw_support/CMakeFiles/__idf_esp_hw_support.dir/port/esp_memprot_conv.c.obj
[427/1080] Building C object esp-idf/esp_hw_support/CMakeFiles/__idf_esp_hw_support.dir/port/esp32s3/sar_periph_ctrl.c.obj
[428/1080] Building C object esp-idf/esp_hw_support/CMakeFiles/__idf_esp_hw_support.dir/mspi/mspi_timing_tuning/port/esp32s3/mspi_timing_config.c.obj
[429/1080] Linking C static library esp-idf\freertos\libfreertos.a
[430/1080] Building C object esp-idf/esp_hw_support/CMakeFiles/__idf_esp_hw_support.dir/port/esp32s3/esp_memprot.c.obj
[431/1080] Building C object esp-idf/esp_hw_support/CMakeFiles/__idf_esp_hw_support.dir/mspi/mspi_timing_tuning/port/esp32s3/mspi_timing_by_mspi_delay.c.obj
[432/1080] Building C object esp-idf/esp_hw_support/CMakeFiles/__idf_esp_hw_support.dir/lowpower/port/esp32s3/sleep_cpu.c.obj
[433/1080] Building C object esp-idf/esp_hal_touch_sens/CMakeFiles/__idf_esp_hal_touch_sens.dir/esp32s3/touch_sensor_periph.c.obj
[434/1080] Building C object esp-idf/esp_hal_touch_sens/CMakeFiles/__idf_esp_hal_touch_sens.dir/touch_sensor_legacy_hal.c.obj
[435/1080] Building C object esp-idf/esp_hal_touch_sens/CMakeFiles/__idf_esp_hal_touch_sens.dir/touch_sens_hal.c.obj
[436/1080] Building C object esp-idf/esp_hal_touch_sens/CMakeFiles/__idf_esp_hal_touch_sens.dir/esp32s3/touch_sensor_legacy_hal.c.obj
[437/1080] Building C object esp-idf/esp_hal_pmu/CMakeFiles/__idf_esp_hal_pmu.dir/brownout_hal.c.obj
[438/1080] Building C object esp-idf/esp_hal_systimer/CMakeFiles/__idf_esp_hal_systimer.dir/systimer_hal.c.obj
[439/1080] Building C object esp-idf/esp_hal_pmu/CMakeFiles/__idf_esp_hal_pmu.dir/esp32s3/rtc_cntl_hal.c.obj
[440/1080] Linking C static library esp-idf\esp_hw_support\libesp_hw_support.a
[441/1080] Building C object esp-idf/esp_hal_usb/CMakeFiles/__idf_esp_hal_usb.dir/esp32s3/usb_dwc_periph.c.obj
[442/1080] Building C object esp-idf/esp_hal_usb/CMakeFiles/__idf_esp_hal_usb.dir/usb_wrap_hal.c.obj
[443/1080] Linking C static library esp-idf\esp_hal_touch_sens\libesp_hal_touch_sens.a
[444/1080] Building C object esp-idf/esp_hal_usb/CMakeFiles/__idf_esp_hal_usb.dir/usb_dwc_hal.c.obj
[445/1080] Building C object esp-idf/esp_hal_usb/CMakeFiles/__idf_esp_hal_usb.dir/usb_serial_jtag_hal.c.obj
[446/1080] Building C object esp-idf/esp_hal_gpio/CMakeFiles/__idf_esp_hal_gpio.dir/gpio_hal.c.obj
[447/1080] Linking C static library esp-idf\esp_hal_systimer\libesp_hal_systimer.a
[448/1080] Building C object esp-idf/esp_hal_gpio/CMakeFiles/__idf_esp_hal_gpio.dir/esp32s3/rtc_io_periph.c.obj
[449/1080] Building C object esp-idf/esp_hal_gpio/CMakeFiles/__idf_esp_hal_gpio.dir/rtc_io_hal.c.obj
[450/1080] Building C object esp-idf/esp_hal_gpio/CMakeFiles/__idf_esp_hal_gpio.dir/esp32s3/dedic_gpio_periph.c.obj
[451/1080] Linking C static library esp-idf\esp_hal_pmu\libesp_hal_pmu.a
[452/1080] Building C object esp-idf/esp_hal_gpio/CMakeFiles/__idf_esp_hal_gpio.dir/esp32s3/sdm_periph.c.obj
[453/1080] Building C object esp-idf/esp_hal_gpio/CMakeFiles/__idf_esp_hal_gpio.dir/sdm_hal.c.obj
[454/1080] Building C object esp-idf/soc/CMakeFiles/__idf_soc.dir/lldesc.c.obj
[455/1080] Linking C static library esp-idf\esp_hal_usb\libesp_hal_usb.a
[456/1080] Building C object esp-idf/soc/CMakeFiles/__idf_soc.dir/esp32s3/interrupts.c.obj
[457/1080] Building C object esp-idf/soc/CMakeFiles/__idf_soc.dir/dport_access_common.c.obj
[458/1080] Building C object esp-idf/soc/CMakeFiles/__idf_soc.dir/esp32s3/gpio_periph.c.obj
[459/1080] Building C object esp-idf/soc/CMakeFiles/__idf_soc.dir/esp32s3/mpi_periph.c.obj
[460/1080] Building C object esp-idf/soc/CMakeFiles/__idf_soc.dir/esp32s3/power_supply_periph.c.obj
[461/1080] Linking C static library esp-idf\esp_hal_gpio\libesp_hal_gpio.a
[462/1080] Building C object esp-idf/heap/CMakeFiles/__idf_heap.dir/heap_caps_base.c.obj
[463/1080] Building C object esp-idf/heap/CMakeFiles/__idf_heap.dir/heap_caps_init.c.obj
[464/1080] Building C object esp-idf/heap/CMakeFiles/__idf_heap.dir/heap_caps.c.obj
[465/1080] Building C object esp-idf/heap/CMakeFiles/__idf_heap.dir/multi_heap.c.obj
[466/1080] Building C object esp-idf/heap/CMakeFiles/__idf_heap.dir/port/esp32s3/memory_layout.c.obj
[467/1080] Building C object esp-idf/heap/CMakeFiles/__idf_heap.dir/port/memory_layout_utils.c.obj
[468/1080] Linking C static library esp-idf\soc\libsoc.a
[469/1080] Building C object esp-idf/heap/CMakeFiles/__idf_heap.dir/tlsf/tlsf.c.obj
[470/1080] Building C object esp-idf/log/CMakeFiles/__idf_log.dir/src/os/log_timestamp.c.obj
[471/1080] Building C object esp-idf/log/CMakeFiles/__idf_log.dir/src/log_timestamp_common.c.obj
[472/1080] Building C object esp-idf/log/CMakeFiles/__idf_log.dir/src/os/log_lock.c.obj
[473/1080] Building C object esp-idf/log/CMakeFiles/__idf_log.dir/src/buffer/log_buffers.c.obj
[474/1080] Building C object esp-idf/log/CMakeFiles/__idf_log.dir/src/util.c.obj
[475/1080] Building C object esp-idf/log/CMakeFiles/__idf_log.dir/src/os/util.c.obj
[476/1080] Building C object esp-idf/log/CMakeFiles/__idf_log.dir/src/log_format_text.c.obj
[477/1080] Building C object esp-idf/log/CMakeFiles/__idf_log.dir/src/log_print.c.obj
[478/1080] Building C object esp-idf/log/CMakeFiles/__idf_log.dir/src/log.c.obj
[479/1080] Building C object esp-idf/log/CMakeFiles/__idf_log.dir/src/os/log_write.c.obj
[480/1080] Building C object esp-idf/log/CMakeFiles/__idf_log.dir/src/log_level/log_level.c.obj
[481/1080] Building C object esp-idf/log/CMakeFiles/__idf_log.dir/src/log_level/tag_log_level/tag_log_level.c.obj
[482/1080] Building C object esp-idf/log/CMakeFiles/__idf_log.dir/src/log_level/tag_log_level/linked_list/log_linked_list.c.obj
[483/1080] Building C object esp-idf/log/CMakeFiles/__idf_log.dir/src/log_level/tag_log_level/cache/log_binary_heap.c.obj
[484/1080] Linking C static library esp-idf\heap\libheap.a
[485/1080] Building C object esp-idf/hal/CMakeFiles/__idf_hal.dir/hal_utils.c.obj
[486/1080] Building C object esp-idf/hal/CMakeFiles/__idf_hal.dir/efuse_hal.c.obj
[487/1080] Building C object esp-idf/hal/CMakeFiles/__idf_hal.dir/esp32s3/efuse_hal.c.obj
[488/1080] Building C object esp-idf/hal/CMakeFiles/__idf_hal.dir/mmu_hal.c.obj
[489/1080] Building C object esp-idf/hal/CMakeFiles/__idf_hal.dir/cache_hal.c.obj
[490/1080] Building C object esp-idf/hal/CMakeFiles/__idf_hal.dir/color_hal.c.obj
[491/1080] Linking C static library esp-idf\log\liblog.a
[492/1080] Building C object esp-idf/esp_rom/CMakeFiles/__idf_esp_rom.dir/patches/esp_rom_sys.c.obj
[493/1080] Building C object esp-idf/esp_rom/CMakeFiles/__idf_esp_rom.dir/patches/esp_rom_crc.c.obj
[494/1080] Building C object esp-idf/esp_rom/CMakeFiles/__idf_esp_rom.dir/patches/esp_rom_print.c.obj
[495/1080] Building C object esp-idf/esp_rom/CMakeFiles/__idf_esp_rom.dir/patches/esp_rom_efuse.c.obj
[496/1080] Building C object esp-idf/esp_rom/CMakeFiles/__idf_esp_rom.dir/patches/esp_rom_spiflash.c.obj
[497/1080] Building C object esp-idf/esp_rom/CMakeFiles/__idf_esp_rom.dir/patches/esp_rom_serial_output.c.obj
[498/1080] Building C object esp-idf/esp_rom/CMakeFiles/__idf_esp_rom.dir/patches/esp_rom_gpio.c.obj
[499/1080] Building ASM object esp-idf/esp_rom/CMakeFiles/__idf_esp_rom.dir/patches/esp_rom_longjmp.S.obj
[500/1080] Building ASM object esp-idf/esp_rom/CMakeFiles/__idf_esp_rom.dir/patches/esp_rom_cache_writeback_esp32s3.S.obj
[501/1080] Building C object esp-idf/esp_rom/CMakeFiles/__idf_esp_rom.dir/patches/esp_rom_cache_esp32s2_esp32s3.c.obj
[502/1080] Linking C static library esp-idf\hal\libhal.a
[503/1080] Building C object esp-idf/esp_system/CMakeFiles/__idf_esp_system.dir/esp_err.c.obj
[504/1080] Linking C static library esp-idf\esp_rom\libesp_rom.a
[505/1080] Building C object esp-idf/esp_system/CMakeFiles/__idf_esp_system.dir/crosscore_int.c.obj
[506/1080] Building C object esp-idf/esp_system/CMakeFiles/__idf_esp_system.dir/esp_ipc.c.obj
[507/1080] Building C object esp-idf/esp_system/CMakeFiles/__idf_esp_system.dir/freertos_hooks.c.obj
[508/1080] Building C object esp-idf/esp_system/CMakeFiles/__idf_esp_system.dir/panic.c.obj
[509/1080] Building C object esp-idf/esp_system/CMakeFiles/__idf_esp_system.dir/esp_system.c.obj
[510/1080] Building C object esp-idf/esp_common/CMakeFiles/__idf_esp_common.dir/src/esp_err_to_name.c.obj
[511/1080] Building C object esp-idf/esp_system/CMakeFiles/__idf_esp_system.dir/startup.c.obj
[512/1080] Building C object esp-idf/esp_system/CMakeFiles/__idf_esp_system.dir/stack_check.c.obj
[513/1080] Building C object esp-idf/esp_system/CMakeFiles/__idf_esp_system.dir/system_time.c.obj
[514/1080] Building C object esp-idf/esp_system/CMakeFiles/__idf_esp_system.dir/startup_funcs.c.obj
[515/1080] Building C object esp-idf/esp_system/CMakeFiles/__idf_esp_system.dir/ubsan.c.obj
[516/1080] Building C object esp-idf/esp_system/CMakeFiles/__idf_esp_system.dir/int_wdt.c.obj
[517/1080] Building C object esp-idf/esp_system/CMakeFiles/__idf_esp_system.dir/xt_wdt.c.obj
[518/1080] Building C object esp-idf/esp_system/CMakeFiles/__idf_esp_system.dir/task_wdt/task_wdt.c.obj
[519/1080] Building C object esp-idf/esp_system/CMakeFiles/__idf_esp_system.dir/task_wdt/task_wdt_impl_timergroup.c.obj
[520/1080] Building C object esp-idf/esp_system/CMakeFiles/__idf_esp_system.dir/port/panic_handler.c.obj
[521/1080] Building C object esp-idf/esp_system/CMakeFiles/__idf_esp_system.dir/port/image_process.c.obj
[522/1080] Building C object esp-idf/esp_system/CMakeFiles/__idf_esp_system.dir/port/esp_system_chip.c.obj
[523/1080] Building C object esp-idf/esp_system/CMakeFiles/__idf_esp_system.dir/port/cpu_start.c.obj
[524/1080] Building ASM object esp-idf/esp_system/CMakeFiles/__idf_esp_system.dir/port/arch/xtensa/esp_ipc_isr_handler.S.obj
[525/1080] Building C object esp-idf/esp_system/CMakeFiles/__idf_esp_system.dir/port/arch/xtensa/esp_ipc_isr_port.c.obj
[526/1080] Building C object esp-idf/esp_system/CMakeFiles/__idf_esp_system.dir/port/esp_ipc_isr.c.obj
[527/1080] Building ASM object esp-idf/esp_system/CMakeFiles/__idf_esp_system.dir/port/arch/xtensa/esp_ipc_isr_routines.S.obj
[528/1080] Building ASM object esp-idf/esp_system/CMakeFiles/__idf_esp_system.dir/port/arch/xtensa/panic_handler_asm.S.obj
[529/1080] Building ASM object esp-idf/esp_system/CMakeFiles/__idf_esp_system.dir/port/arch/xtensa/expression_with_stack_asm.S.obj
[530/1080] Building C object esp-idf/esp_system/CMakeFiles/__idf_esp_system.dir/port/arch/xtensa/panic_arch.c.obj
[531/1080] Building C object esp-idf/esp_system/CMakeFiles/__idf_esp_system.dir/port/arch/xtensa/expression_with_stack.c.obj
[532/1080] Building ASM object esp-idf/esp_system/CMakeFiles/__idf_esp_system.dir/port/arch/xtensa/debug_helpers_asm.S.obj
[533/1080] Building C object esp-idf/esp_system/CMakeFiles/__idf_esp_system.dir/port/arch/xtensa/debug_stubs.c.obj
[534/1080] Building C object esp-idf/esp_system/CMakeFiles/__idf_esp_system.dir/port/arch/xtensa/debug_helpers.c.obj
[535/1080] Building ASM object esp-idf/esp_system/CMakeFiles/__idf_esp_system.dir/port/soc/esp32s3/highint_hdl.S.obj
[536/1080] Building C object esp-idf/esp_system/CMakeFiles/__idf_esp_system.dir/port/arch/xtensa/trax.c.obj
[537/1080] Building C object esp-idf/esp_system/CMakeFiles/__idf_esp_system.dir/port/soc/esp32s3/reset_reason.c.obj
[538/1080] Building C object esp-idf/esp_system/CMakeFiles/__idf_esp_system.dir/port/soc/esp32s3/system_internal.c.obj
[539/1080] Building C object esp-idf/esp_system/CMakeFiles/__idf_esp_system.dir/port/soc/esp32s3/clk.c.obj
[540/1080] Building C object esp-idf/esp_system/CMakeFiles/__idf_esp_system.dir/port/soc/esp32s3/cache_err_int.c.obj
[541/1080] Building C object esp-idf/esp_system/CMakeFiles/__idf_esp_system.dir/port/soc/esp32s3/apb_backup_dma.c.obj
[542/1080] Linking C static library esp-idf\esp_common\libesp_common.a
[543/1080] Building C object esp-idf/spi_flash/CMakeFiles/__idf_spi_flash.dir/flash_brownout_hook.c.obj
[544/1080] Building C object esp-idf/spi_flash/CMakeFiles/__idf_spi_flash.dir/esp32s3/spi_flash_oct_flash_init.c.obj
[545/1080] Building C object esp-idf/spi_flash/CMakeFiles/__idf_spi_flash.dir/spi_flash_hpm_enable.c.obj
[546/1080] Building C object esp-idf/spi_flash/CMakeFiles/__idf_spi_flash.dir/spi_flash_chip_drivers.c.obj
[547/1080] Building C object esp-idf/spi_flash/CMakeFiles/__idf_spi_flash.dir/spi_flash_chip_issi.c.obj
[548/1080] Building C object esp-idf/spi_flash/CMakeFiles/__idf_spi_flash.dir/spi_flash_chip_generic.c.obj
[549/1080] Building C object esp-idf/spi_flash/CMakeFiles/__idf_spi_flash.dir/spi_flash_chip_gd.c.obj
[550/1080] Building C object esp-idf/spi_flash/CMakeFiles/__idf_spi_flash.dir/spi_flash_chip_mxic.c.obj
[551/1080] Building C object esp-idf/spi_flash/CMakeFiles/__idf_spi_flash.dir/spi_flash_chip_winbond.c.obj
[552/1080] Building C object esp-idf/spi_flash/CMakeFiles/__idf_spi_flash.dir/spi_flash_chip_boya.c.obj
[553/1080] Building C object esp-idf/spi_flash/CMakeFiles/__idf_spi_flash.dir/spi_flash_chip_th.c.obj
[554/1080] Building C object esp-idf/spi_flash/CMakeFiles/__idf_spi_flash.dir/spi_flash_chip_mxic_opi.c.obj
[555/1080] Building C object esp-idf/spi_flash/CMakeFiles/__idf_spi_flash.dir/spi_flash_blockdev.c.obj
[556/1080] Building C object esp-idf/spi_flash/CMakeFiles/__idf_spi_flash.dir/memspi_host_driver.c.obj
[557/1080] Building C object esp-idf/spi_flash/CMakeFiles/__idf_spi_flash.dir/cache_utils.c.obj
[558/1080] Building C object esp-idf/spi_flash/CMakeFiles/__idf_spi_flash.dir/flash_mmap.c.obj
[559/1080] Building C object esp-idf/spi_flash/CMakeFiles/__idf_spi_flash.dir/spi_flash_wrap.c.obj
[560/1080] Building C object esp-idf/spi_flash/CMakeFiles/__idf_spi_flash.dir/flash_ops.c.obj
[561/1080] Building C object esp-idf/spi_flash/CMakeFiles/__idf_spi_flash.dir/spi_flash_os_func_noos.c.obj
[562/1080] Building C object esp-idf/spi_flash/CMakeFiles/__idf_spi_flash.dir/esp_flash_api.c.obj
[563/1080] Building C object esp-idf/spi_flash/CMakeFiles/__idf_spi_flash.dir/spi_flash_os_func_app.c.obj
[564/1080] Building C object esp-idf/spi_flash/CMakeFiles/__idf_spi_flash.dir/esp_flash_spi_init.c.obj
[565/1080] Linking C static library esp-idf\esp_system\libesp_system.a
[566/1080] Building C object esp-idf/bootloader_support/CMakeFiles/__idf_bootloader_support.dir/src/bootloader_clock_init.c.obj
[567/1080] Building C object esp-idf/bootloader_support/CMakeFiles/__idf_bootloader_support.dir/src/bootloader_common.c.obj
[568/1080] Building C object esp-idf/bootloader_support/CMakeFiles/__idf_bootloader_support.dir/src/bootloader_common_loader.c.obj
[569/1080] Building C object esp-idf/bootloader_support/CMakeFiles/__idf_bootloader_support.dir/src/bootloader_mem.c.obj
[570/1080] Building C object esp-idf/bootloader_support/CMakeFiles/__idf_bootloader_support.dir/src/bootloader_random.c.obj
[571/1080] Building C object esp-idf/bootloader_support/CMakeFiles/__idf_bootloader_support.dir/src/bootloader_efuse.c.obj
[572/1080] Building C object esp-idf/bootloader_support/CMakeFiles/__idf_bootloader_support.dir/src/flash_encrypt.c.obj
[573/1080] Building C object esp-idf/bootloader_support/CMakeFiles/__idf_bootloader_support.dir/src/secure_boot.c.obj
[574/1080] Building C object esp-idf/bootloader_support/CMakeFiles/__idf_bootloader_support.dir/src/bootloader_random_esp32s3.c.obj
[575/1080] Building C object esp-idf/bootloader_support/CMakeFiles/__idf_bootloader_support.dir/bootloader_flash/src/bootloader_flash.c.obj
[576/1080] Building C object esp-idf/bootloader_support/CMakeFiles/__idf_bootloader_support.dir/bootloader_flash/src/flash_qio_mode.c.obj
[577/1080] Building C object esp-idf/bootloader_support/CMakeFiles/__idf_bootloader_support.dir/bootloader_flash/src/bootloader_flash_config_esp32s3.c.obj
[578/1080] Building C object esp-idf/bootloader_support/CMakeFiles/__idf_bootloader_support.dir/src/flash_partitions.c.obj
[579/1080] Building C object esp-idf/bootloader_support/CMakeFiles/__idf_bootloader_support.dir/src/bootloader_utility.c.obj
[580/1080] Building C object esp-idf/bootloader_support/CMakeFiles/__idf_bootloader_support.dir/src/esp_image_format.c.obj
[581/1080] Building C object esp-idf/bootloader_support/CMakeFiles/__idf_bootloader_support.dir/src/esp32s3/secure_boot_secure_features.c.obj
[582/1080] Building C object esp-idf/bootloader_support/CMakeFiles/__idf_bootloader_support.dir/src/bootloader_sha.c.obj
[583/1080] Linking C static library esp-idf\spi_flash\libspi_flash.a
[584/1080] Building C object esp-idf/esp_hal_ana_conv/CMakeFiles/__idf_esp_hal_ana_conv.dir/esp32s3/adc_periph.c.obj
[585/1080] Building C object esp-idf/esp_hal_ana_conv/CMakeFiles/__idf_esp_hal_ana_conv.dir/adc_hal_common.c.obj
[586/1080] Building C object esp-idf/esp_hal_ana_conv/CMakeFiles/__idf_esp_hal_ana_conv.dir/adc_oneshot_hal.c.obj
[587/1080] Building C object esp-idf/esp_hal_ana_conv/CMakeFiles/__idf_esp_hal_ana_conv.dir/temperature_sensor_hal.c.obj
[588/1080] Building C object esp-idf/esp_hal_ana_conv/CMakeFiles/__idf_esp_hal_ana_conv.dir/adc_hal.c.obj
[589/1080] Building C object esp-idf/esp_hal_ana_conv/CMakeFiles/__idf_esp_hal_ana_conv.dir/esp32s3/temperature_sensor_periph.c.obj
[590/1080] Building C object esp-idf/esp_hal_wdt/CMakeFiles/__idf_esp_hal_wdt.dir/esp32s3/mwdt_periph.c.obj
[591/1080] Linking C static library esp-idf\bootloader_support\libbootloader_support.a
[592/1080] Building C object esp-idf/esp_hal_wdt/CMakeFiles/__idf_esp_hal_wdt.dir/rom_patch.c.obj
[593/1080] Building C object esp-idf/esp_hal_wdt/CMakeFiles/__idf_esp_hal_wdt.dir/xt_wdt_hal.c.obj
[594/1080] Building C object esp-idf/esp_hal_timg/CMakeFiles/__idf_esp_hal_timg.dir/timer_hal.c.obj
[595/1080] Linking C static library esp-idf\esp_hal_ana_conv\libesp_hal_ana_conv.a
[596/1080] Building C object esp-idf/esp_hal_timg/CMakeFiles/__idf_esp_hal_timg.dir/esp32s3/timer_periph.c.obj
[597/1080] Building C object esp-idf/mbedtls/mbedtls/tf-psa-crypto/drivers/everest/CMakeFiles/everest.dir/library/x25519.c.obj
[598/1080] Building C object esp-idf/mbedtls/mbedtls/tf-psa-crypto/drivers/everest/CMakeFiles/everest.dir/library/Hacl_Curve25519_joined.c.obj
[599/1080] Linking C static library esp-idf\esp_hal_wdt\libesp_hal_wdt.a
[600/1080] Building C object esp-idf/mbedtls/mbedtls/tf-psa-crypto/drivers/p256-m/CMakeFiles/p256-m.dir/p256-m_driver_entrypoints.c.obj
[601/1080] Building C object esp-idf/mbedtls/mbedtls/tf-psa-crypto/drivers/p256-m/CMakeFiles/p256-m.dir/p256-m/p256-m.c.obj
[602/1080] Linking C static library esp-idf\esp_hal_timg\libesp_hal_timg.a
[603/1080] Building C object esp-idf/mbedtls/mbedtls/tf-psa-crypto/drivers/builtin/CMakeFiles/builtin.dir/src/aesce.c.obj
[604/1080] Linking CXX static library esp-idf\mbedtls\mbedtls\tf-psa-crypto\drivers\everest\libeverest.a
[605/1080] Building C object esp-idf/mbedtls/mbedtls/tf-psa-crypto/drivers/builtin/CMakeFiles/builtin.dir/src/aesni.c.obj
[606/1080] Linking CXX static library esp-idf\mbedtls\mbedtls\tf-psa-crypto\drivers\p256-m\libp256-m.a
[607/1080] Building C object esp-idf/mbedtls/mbedtls/tf-psa-crypto/drivers/builtin/CMakeFiles/builtin.dir/src/aria.c.obj
[608/1080] Building C object esp-idf/mbedtls/mbedtls/tf-psa-crypto/drivers/builtin/CMakeFiles/builtin.dir/src/aes.c.obj
[609/1080] Building C object esp-idf/mbedtls/mbedtls/tf-psa-crypto/drivers/builtin/CMakeFiles/builtin.dir/src/bignum_mod.c.obj
[610/1080] Building C object esp-idf/mbedtls/mbedtls/tf-psa-crypto/drivers/builtin/CMakeFiles/builtin.dir/src/bignum_mod_raw.c.obj
[611/1080] Building C object esp-idf/mbedtls/mbedtls/tf-psa-crypto/drivers/builtin/CMakeFiles/builtin.dir/src/block_cipher.c.obj
[612/1080] Building C object esp-idf/mbedtls/mbedtls/tf-psa-crypto/drivers/builtin/CMakeFiles/builtin.dir/src/camellia.c.obj
[613/1080] Building C object esp-idf/mbedtls/mbedtls/tf-psa-crypto/drivers/builtin/CMakeFiles/builtin.dir/src/bignum_core.c.obj
[614/1080] Building C object esp-idf/mbedtls/mbedtls/tf-psa-crypto/drivers/builtin/CMakeFiles/builtin.dir/src/chacha20.c.obj
[615/1080] Building C object esp-idf/mbedtls/mbedtls/tf-psa-crypto/drivers/builtin/CMakeFiles/builtin.dir/src/bignum.c.obj
[616/1080] Building C object esp-idf/mbedtls/mbedtls/tf-psa-crypto/drivers/builtin/CMakeFiles/builtin.dir/src/chacha20_neon.c.obj
[617/1080] Building C object esp-idf/mbedtls/mbedtls/tf-psa-crypto/drivers/builtin/CMakeFiles/builtin.dir/src/ccm.c.obj
[618/1080] Building C object esp-idf/mbedtls/mbedtls/tf-psa-crypto/drivers/builtin/CMakeFiles/builtin.dir/src/chachapoly.c.obj
[619/1080] Building C object esp-idf/mbedtls/mbedtls/tf-psa-crypto/drivers/builtin/CMakeFiles/builtin.dir/src/cipher_wrap.c.obj
[620/1080] Building C object esp-idf/mbedtls/mbedtls/tf-psa-crypto/drivers/builtin/CMakeFiles/builtin.dir/src/cipher.c.obj
[621/1080] Building C object esp-idf/mbedtls/mbedtls/tf-psa-crypto/drivers/builtin/CMakeFiles/builtin.dir/src/cmac.c.obj
[622/1080] Building C object esp-idf/mbedtls/mbedtls/tf-psa-crypto/drivers/builtin/CMakeFiles/builtin.dir/src/ctr_drbg.c.obj
[623/1080] Building C object esp-idf/mbedtls/mbedtls/tf-psa-crypto/drivers/builtin/CMakeFiles/builtin.dir/src/ecjpake.c.obj
[624/1080] Building C object esp-idf/mbedtls/mbedtls/tf-psa-crypto/drivers/builtin/CMakeFiles/builtin.dir/src/ecdsa.c.obj
[625/1080] Building C object esp-idf/mbedtls/mbedtls/tf-psa-crypto/drivers/builtin/CMakeFiles/builtin.dir/src/ecp_curves_new.c.obj
[626/1080] Building C object esp-idf/mbedtls/mbedtls/tf-psa-crypto/drivers/builtin/CMakeFiles/builtin.dir/src/entropy.c.obj
[627/1080] Building C object esp-idf/mbedtls/mbedtls/tf-psa-crypto/drivers/builtin/CMakeFiles/builtin.dir/src/entropy_poll.c.obj
[628/1080] Building C object esp-idf/mbedtls/mbedtls/tf-psa-crypto/drivers/builtin/CMakeFiles/builtin.dir/src/ecp_curves.c.obj
[629/1080] Building C object esp-idf/mbedtls/mbedtls/tf-psa-crypto/drivers/builtin/CMakeFiles/builtin.dir/src/ecp.c.obj
[630/1080] Building C object esp-idf/mbedtls/mbedtls/tf-psa-crypto/drivers/builtin/CMakeFiles/builtin.dir/src/md5.c.obj
[631/1080] Building C object esp-idf/mbedtls/mbedtls/tf-psa-crypto/drivers/builtin/CMakeFiles/builtin.dir/src/hmac_drbg.c.obj
[632/1080] Building C object esp-idf/mbedtls/mbedtls/tf-psa-crypto/drivers/builtin/CMakeFiles/builtin.dir/src/gcm.c.obj
[633/1080] Building C object esp-idf/mbedtls/mbedtls/tf-psa-crypto/drivers/builtin/CMakeFiles/builtin.dir/src/poly1305.c.obj
[634/1080] Building C object esp-idf/mbedtls/mbedtls/tf-psa-crypto/drivers/builtin/CMakeFiles/builtin.dir/src/psa_crypto_aead.c.obj
[635/1080] Building C object esp-idf/mbedtls/mbedtls/tf-psa-crypto/drivers/builtin/CMakeFiles/builtin.dir/src/psa_crypto_cipher.c.obj
[636/1080] Building C object esp-idf/mbedtls/mbedtls/tf-psa-crypto/drivers/builtin/CMakeFiles/builtin.dir/src/psa_crypto_ecp.c.obj
[637/1080] Building C object esp-idf/mbedtls/mbedtls/tf-psa-crypto/drivers/builtin/CMakeFiles/builtin.dir/src/psa_crypto_ffdh.c.obj
[638/1080] Building C object esp-idf/mbedtls/mbedtls/tf-psa-crypto/drivers/builtin/CMakeFiles/builtin.dir/src/psa_crypto_hash.c.obj
[639/1080] Building C object esp-idf/mbedtls/mbedtls/tf-psa-crypto/drivers/builtin/CMakeFiles/builtin.dir/src/psa_crypto_pake.c.obj
[640/1080] Building C object esp-idf/mbedtls/mbedtls/tf-psa-crypto/drivers/builtin/CMakeFiles/builtin.dir/src/psa_crypto_mac.c.obj
[641/1080] Building C object esp-idf/mbedtls/mbedtls/tf-psa-crypto/drivers/builtin/CMakeFiles/builtin.dir/src/psa_crypto_xof.c.obj
[642/1080] Building C object esp-idf/mbedtls/mbedtls/tf-psa-crypto/drivers/builtin/CMakeFiles/builtin.dir/src/psa_crypto_rsa.c.obj
[643/1080] Building C object esp-idf/mbedtls/mbedtls/tf-psa-crypto/drivers/builtin/CMakeFiles/builtin.dir/src/ripemd160.c.obj
[644/1080] Building C object esp-idf/mbedtls/mbedtls/tf-psa-crypto/drivers/builtin/CMakeFiles/builtin.dir/src/psa_util_internal.c.obj
[645/1080] Building C object esp-idf/mbedtls/mbedtls/tf-psa-crypto/drivers/builtin/CMakeFiles/builtin.dir/src/rsa_alt_helpers.c.obj
[646/1080] Building C object esp-idf/mbedtls/mbedtls/tf-psa-crypto/drivers/builtin/CMakeFiles/builtin.dir/src/sha1.c.obj
[647/1080] Building C object esp-idf/mbedtls/mbedtls/tf-psa-crypto/drivers/builtin/CMakeFiles/builtin.dir/src/sha512.c.obj
[648/1080] Building C object esp-idf/mbedtls/mbedtls/tf-psa-crypto/drivers/builtin/CMakeFiles/builtin.dir/src/sha256.c.obj
[649/1080] Building C object esp-idf/mbedtls/mbedtls/tf-psa-crypto/drivers/builtin/CMakeFiles/builtin.dir/src/sha3.c.obj
[650/1080] Building C object esp-idf/mbedtls/mbedtls/tf-psa-crypto/drivers/pqcp/CMakeFiles/pqcp.dir/src/psa_crypto_mldsa.c.obj
[651/1080] Building C object esp-idf/mbedtls/mbedtls/tf-psa-crypto/drivers/builtin/CMakeFiles/builtin.dir/src/rsa.c.obj
[652/1080] Building C object esp-idf/mbedtls/mbedtls/tf-psa-crypto/drivers/pqcp/CMakeFiles/pqcp.dir/src/wrap_mldsa_native.c.obj
[653/1080] Building C object esp-idf/mbedtls/mbedtls/tf-psa-crypto/extras/CMakeFiles/extras.dir/lmots.c.obj
[654/1080] Building C object esp-idf/mbedtls/mbedtls/tf-psa-crypto/extras/CMakeFiles/extras.dir/lms.c.obj
[655/1080] Building C object esp-idf/mbedtls/mbedtls/tf-psa-crypto/extras/CMakeFiles/extras.dir/nist_kw.c.obj
[656/1080] Linking CXX static library esp-idf\mbedtls\mbedtls\tf-psa-crypto\drivers\builtin\libmbed-builtin.a
[657/1080] Building C object esp-idf/mbedtls/mbedtls/tf-psa-crypto/extras/CMakeFiles/extras.dir/md.c.obj
[658/1080] Linking CXX static library esp-idf\mbedtls\mbedtls\tf-psa-crypto\drivers\pqcp\libpqcp.a
[659/1080] Building C object esp-idf/mbedtls/mbedtls/tf-psa-crypto/extras/CMakeFiles/extras.dir/pk_ecc.c.obj
[660/1080] Building C object esp-idf/mbedtls/mbedtls/tf-psa-crypto/extras/CMakeFiles/extras.dir/pk_rsa.c.obj
[661/1080] Building C object esp-idf/mbedtls/mbedtls/tf-psa-crypto/extras/CMakeFiles/extras.dir/pk.c.obj
[662/1080] Building C object esp-idf/mbedtls/mbedtls/tf-psa-crypto/extras/CMakeFiles/extras.dir/pk_wrap.c.obj
[663/1080] Building C object esp-idf/mbedtls/mbedtls/tf-psa-crypto/platform/CMakeFiles/platform.dir/memory_buffer_alloc.c.obj
[664/1080] Building C object esp-idf/mbedtls/mbedtls/tf-psa-crypto/extras/CMakeFiles/extras.dir/pkparse.c.obj
[665/1080] Building C object esp-idf/mbedtls/mbedtls/tf-psa-crypto/platform/CMakeFiles/platform.dir/platform.c.obj
[666/1080] Building C object esp-idf/mbedtls/mbedtls/tf-psa-crypto/extras/CMakeFiles/extras.dir/pkwrite.c.obj
[667/1080] Building C object esp-idf/mbedtls/mbedtls/tf-psa-crypto/platform/CMakeFiles/platform.dir/platform_util.c.obj
[668/1080] Building C object esp-idf/mbedtls/mbedtls/tf-psa-crypto/platform/CMakeFiles/platform.dir/threading.c.obj
[669/1080] Linking CXX static library esp-idf\mbedtls\mbedtls\tf-psa-crypto\extras\libextras.a
[670/1080] Building C object esp-idf/mbedtls/mbedtls/tf-psa-crypto/utilities/CMakeFiles/utilities.dir/asn1parse.c.obj
[671/1080] Linking CXX static library esp-idf\mbedtls\mbedtls\tf-psa-crypto\platform\libplatform.a
[672/1080] Building C object esp-idf/mbedtls/mbedtls/tf-psa-crypto/utilities/CMakeFiles/utilities.dir/asn1write.c.obj
[673/1080] Building C object esp-idf/mbedtls/mbedtls/tf-psa-crypto/utilities/CMakeFiles/utilities.dir/base64.c.obj
[674/1080] Building C object esp-idf/mbedtls/mbedtls/tf-psa-crypto/utilities/CMakeFiles/utilities.dir/constant_time.c.obj
[675/1080] Building C object esp-idf/mbedtls/mbedtls/tf-psa-crypto/utilities/CMakeFiles/utilities.dir/oid.c.obj
[676/1080] Building C object esp-idf/mbedtls/mbedtls/tf-psa-crypto/utilities/CMakeFiles/utilities.dir/pem.c.obj
[677/1080] Building C object esp-idf/mbedtls/mbedtls/tf-psa-crypto/utilities/CMakeFiles/utilities.dir/pkcs5.c.obj
[678/1080] Building C object esp-idf/mbedtls/mbedtls/tf-psa-crypto/core/CMakeFiles/tfpsacrypto.dir/psa_crypto_random.c.obj
[679/1080] Building C object esp-idf/mbedtls/mbedtls/tf-psa-crypto/core/CMakeFiles/tfpsacrypto.dir/psa_crypto_client.c.obj
[680/1080] Linking CXX static library esp-idf\mbedtls\mbedtls\tf-psa-crypto\utilities\libutilities.a
[681/1080] Building C object esp-idf/mbedtls/mbedtls/tf-psa-crypto/core/CMakeFiles/tfpsacrypto.dir/psa_its_file.c.obj
[682/1080] Building C object esp-idf/mbedtls/mbedtls/tf-psa-crypto/core/CMakeFiles/tfpsacrypto.dir/psa_crypto_storage.c.obj
[683/1080] Building C object esp-idf/mbedtls/mbedtls/tf-psa-crypto/core/CMakeFiles/tfpsacrypto.dir/psa_crypto_slot_management.c.obj
[684/1080] Building C object esp-idf/mbedtls/mbedtls/tf-psa-crypto/core/CMakeFiles/tfpsacrypto.dir/psa_util.c.obj
[685/1080] Building C object esp-idf/mbedtls/mbedtls/tf-psa-crypto/core/CMakeFiles/tfpsacrypto.dir/tf_psa_crypto_config.c.obj
[686/1080] Building C object esp-idf/mbedtls/mbedtls/tf-psa-crypto/core/CMakeFiles/tfpsacrypto.dir/tf_psa_crypto_version.c.obj
[687/1080] Building C object esp-idf/mbedtls/mbedtls/tf-psa-crypto/core/CMakeFiles/tfpsacrypto.dir/ef601ee060fa8c4e00ed230aada8f9c5/port/sha/core/esp_sha_gdma_impl.c.obj
[688/1080] Building C object esp-idf/mbedtls/mbedtls/tf-psa-crypto/core/CMakeFiles/tfpsacrypto.dir/psa_crypto_driver_wrappers_no_static.c.obj
[689/1080] Building C object esp-idf/mbedtls/mbedtls/tf-psa-crypto/core/CMakeFiles/tfpsacrypto.dir/c7126800b743883dbf988638d50a4fe3/psa_crypto_storage/esp_psa_its.c.obj
[690/1080] Building C object esp-idf/mbedtls/mbedtls/tf-psa-crypto/core/CMakeFiles/tfpsacrypto.dir/ef601ee060fa8c4e00ed230aada8f9c5/port/aes/dma/esp_aes_gdma_impl.c.obj
[691/1080] Building C object esp-idf/mbedtls/mbedtls/tf-psa-crypto/core/CMakeFiles/tfpsacrypto.dir/877e4e6cbf2234b6b32c3df4bdbbd6e0/esp_crypto_shared_gdma.c.obj
[692/1080] Building C object esp-idf/mbedtls/mbedtls/tf-psa-crypto/core/CMakeFiles/tfpsacrypto.dir/e383932a0a44fe6fa638c57f1db17d35/mbedtls/port/esp_hardware.c.obj
[693/1080] Building C object esp-idf/mbedtls/mbedtls/tf-psa-crypto/core/CMakeFiles/tfpsacrypto.dir/ef601ee060fa8c4e00ed230aada8f9c5/port/aes/dma/esp_aes_dma_core.c.obj
[694/1080] Building C object esp-idf/mbedtls/mbedtls/tf-psa-crypto/core/CMakeFiles/tfpsacrypto.dir/psa_crypto.c.obj
[695/1080] Building C object esp-idf/mbedtls/mbedtls/tf-psa-crypto/core/CMakeFiles/tfpsacrypto.dir/e383932a0a44fe6fa638c57f1db17d35/mbedtls/port/aes/esp_aes_xts.c.obj
[696/1080] Building C object esp-idf/mbedtls/mbedtls/tf-psa-crypto/core/CMakeFiles/tfpsacrypto.dir/e383932a0a44fe6fa638c57f1db17d35/mbedtls/port/aes/esp_aes_common.c.obj
[697/1080] Building C object esp-idf/mbedtls/mbedtls/tf-psa-crypto/core/CMakeFiles/tfpsacrypto.dir/e383932a0a44fe6fa638c57f1db17d35/mbedtls/port/aes/esp_aes.c.obj
[698/1080] Building C object esp-idf/mbedtls/mbedtls/tf-psa-crypto/core/CMakeFiles/tfpsacrypto.dir/e383932a0a44fe6fa638c57f1db17d35/mbedtls/port/aes/esp_aes_gcm.c.obj
[699/1080] Building C object esp-idf/mbedtls/mbedtls/tf-psa-crypto/core/CMakeFiles/tfpsacrypto.dir/394b034da72f1af1557ee8e467a782af/psa_crypto_driver_esp_sha.c.obj
[700/1080] Building C object esp-idf/mbedtls/mbedtls/tf-psa-crypto/core/CMakeFiles/tfpsacrypto.dir/fb00fbe76cff7dc2fe0a496ef4f69134/psa_crypto_driver_esp_sha256.c.obj
[701/1080] Building C object esp-idf/mbedtls/mbedtls/tf-psa-crypto/core/CMakeFiles/tfpsacrypto.dir/fb00fbe76cff7dc2fe0a496ef4f69134/psa_crypto_driver_esp_sha512.c.obj
[702/1080] Building C object esp-idf/mbedtls/mbedtls/tf-psa-crypto/core/CMakeFiles/tfpsacrypto.dir/e383932a0a44fe6fa638c57f1db17d35/mbedtls/port/sha/esp_sha.c.obj
[703/1080] Building C object esp-idf/mbedtls/mbedtls/tf-psa-crypto/core/CMakeFiles/tfpsacrypto.dir/47022da7397dc2a2ebbd3ec177c55922/psa_crypto_driver_esp_hmac_transparent.c.obj
[704/1080] Building C object esp-idf/mbedtls/mbedtls/tf-psa-crypto/core/CMakeFiles/tfpsacrypto.dir/394b034da72f1af1557ee8e467a782af/core/psa_crypto_driver_esp_sha1.c.obj
[705/1080] Building C object esp-idf/mbedtls/mbedtls/tf-psa-crypto/core/CMakeFiles/tfpsacrypto.dir/5dc5c916b268ae2b2c9ae9f78c5c3746/psa_crypto_driver_esp_md5.c.obj
[706/1080] Building C object esp-idf/mbedtls/mbedtls/tf-psa-crypto/core/CMakeFiles/tfpsacrypto.dir/e383932a0a44fe6fa638c57f1db17d35/mbedtls/port/sha/core/sha.c.obj
[707/1080] Building C object esp-idf/mbedtls/mbedtls/tf-psa-crypto/core/CMakeFiles/tfpsacrypto.dir/47022da7397dc2a2ebbd3ec177c55922/psa_crypto_driver_esp_hmac_opaque.c.obj
[708/1080] Building C object esp-idf/mbedtls/mbedtls/tf-psa-crypto/core/CMakeFiles/tfpsacrypto.dir/79501652f9fff642a20e3a74b2cbc516/psa_crypto_driver_esp_rsa_ds_utilities.c.obj
[709/1080] Building C object esp-idf/mbedtls/mbedtls/tf-psa-crypto/core/CMakeFiles/tfpsacrypto.dir/79501652f9fff642a20e3a74b2cbc516/psa_crypto_driver_esp_rsa_ds.c.obj
[710/1080] Building C object esp-idf/mbedtls/mbedtls/tf-psa-crypto/core/CMakeFiles/tfpsacrypto.dir/e383932a0a44fe6fa638c57f1db17d35/mbedtls/port/esp_hmac_pbkdf2.c.obj
[711/1080] Building C object esp-idf/mbedtls/mbedtls/tf-psa-crypto/core/CMakeFiles/tfpsacrypto.dir/e383932a0a44fe6fa638c57f1db17d35/mbedtls/port/bignum/esp_bignum.c.obj
[712/1080] Building C object esp-idf/mbedtls/mbedtls/tf-psa-crypto/core/CMakeFiles/tfpsacrypto.dir/e383932a0a44fe6fa638c57f1db17d35/mbedtls/port/bignum/bignum_alt.c.obj
[713/1080] Building C object esp-idf/mbedtls/mbedtls/tf-psa-crypto/core/CMakeFiles/tfpsacrypto.dir/e3d256ebcfde62034ca944303870b8da/psa_crypto_driver_esp_aes_gcm.c.obj
[714/1080] Building C object esp-idf/mbedtls/mbedtls/tf-psa-crypto/core/CMakeFiles/tfpsacrypto.dir/e3d256ebcfde62034ca944303870b8da/psa_crypto_driver_esp_aes.c.obj
[715/1080] Building C object esp-idf/mbedtls/mbedtls/tf-psa-crypto/core/CMakeFiles/tfpsacrypto.dir/47022da7397dc2a2ebbd3ec177c55922/psa_crypto_driver_esp_cmac.c.obj
[716/1080] Building C object esp-idf/mbedtls/mbedtls/library/CMakeFiles/mbedtls.dir/debug.c.obj
[717/1080] Building C object esp-idf/mbedtls/mbedtls/library/CMakeFiles/mbedtls.dir/mps_reader.c.obj
[718/1080] Building C object esp-idf/mbedtls/mbedtls/library/CMakeFiles/mbedtls.dir/mps_trace.c.obj
[719/1080] Building C object esp-idf/mbedtls/mbedtls/library/CMakeFiles/mbedtls.dir/ssl_cache.c.obj
[720/1080] Building C object esp-idf/mbedtls/mbedtls/library/CMakeFiles/mbedtls.dir/ssl_ciphersuites.c.obj
[721/1080] Linking CXX static library esp-idf\mbedtls\mbedtls\tf-psa-crypto\core\libtfpsacrypto.a
[722/1080] Building C object esp-idf/mbedtls/mbedtls/library/CMakeFiles/mbedtls.dir/ssl_client.c.obj
[723/1080] Building C object esp-idf/mbedtls/mbedtls/library/CMakeFiles/mbedtls.dir/ssl_cookie.c.obj
[724/1080] Building C object esp-idf/mbedtls/mbedtls/library/CMakeFiles/mbedtls.dir/ssl_debug_helpers_generated.c.obj
[725/1080] Building C object esp-idf/mbedtls/mbedtls/library/CMakeFiles/mbedtls.dir/ssl_ticket.c.obj
[726/1080] Building C object esp-idf/mbedtls/mbedtls/library/CMakeFiles/mbedtls.dir/ssl_msg.c.obj
[727/1080] Building C object esp-idf/mbedtls/mbedtls/library/CMakeFiles/mbedtls.dir/ssl_tls12_client.c.obj
[728/1080] Building C object esp-idf/mbedtls/mbedtls/library/CMakeFiles/mbedtls.dir/ssl_tls13_keys.c.obj
[729/1080] Building C object esp-idf/mbedtls/mbedtls/library/CMakeFiles/mbedtls.dir/ssl_tls13_server.c.obj
[730/1080] Building C object esp-idf/mbedtls/mbedtls/library/CMakeFiles/mbedtls.dir/ssl_tls12_server.c.obj
[731/1080] Building C object esp-idf/mbedtls/mbedtls/library/CMakeFiles/mbedtls.dir/ssl_tls.c.obj
[732/1080] Building C object esp-idf/mbedtls/mbedtls/library/CMakeFiles/mbedtls.dir/ssl_tls13_client.c.obj
[733/1080] Building C object esp-idf/mbedtls/mbedtls/library/CMakeFiles/mbedtls.dir/ssl_tls13_generic.c.obj
[734/1080] Building C object esp-idf/mbedtls/mbedtls/library/CMakeFiles/mbedtls.dir/timing.c.obj
[735/1080] Building C object esp-idf/mbedtls/mbedtls/library/CMakeFiles/mbedtls.dir/version.c.obj
[736/1080] Building C object esp-idf/mbedtls/mbedtls/library/CMakeFiles/mbedtls.dir/version_features.c.obj
[737/1080] Building C object esp-idf/mbedtls/mbedtls/library/CMakeFiles/mbedtls.dir/D_/ProgramFiles/esp/v6.1/esp-idf/components/mbedtls/port/esp_platform_time.c.obj
[738/1080] Building C object esp-idf/mbedtls/mbedtls/library/CMakeFiles/mbedtls.dir/D_/ProgramFiles/esp/v6.1/esp-idf/components/mbedtls/port/mbedtls_debug.c.obj
[739/1080] Building C object esp-idf/mbedtls/mbedtls/library/CMakeFiles/mbedtls.dir/D_/ProgramFiles/esp/v6.1/esp-idf/components/mbedtls/port/esp_timing.c.obj
[740/1080] Building C object esp-idf/mbedtls/mbedtls/library/CMakeFiles/mbedtls.dir/D_/ProgramFiles/esp/v6.1/esp-idf/components/mbedtls/port/esp_psa_crypto_init.c.obj
[741/1080] Building C object esp-idf/mbedtls/mbedtls/library/CMakeFiles/mbedx509.dir/mbedtls_config.c.obj
[742/1080] Building C object esp-idf/mbedtls/mbedtls/library/CMakeFiles/mbedx509.dir/error.c.obj
[743/1080] Building C object esp-idf/mbedtls/mbedtls/library/CMakeFiles/mbedtls.dir/D_/ProgramFiles/esp/v6.1/esp-idf/components/mbedtls/port/net_sockets.c.obj
[744/1080] Building C object esp-idf/mbedtls/mbedtls/library/CMakeFiles/mbedx509.dir/pkcs7.c.obj
[745/1080] Building C object esp-idf/mbedtls/mbedtls/library/CMakeFiles/mbedx509.dir/x509_create.c.obj
[746/1080] Building C object esp-idf/mbedtls/mbedtls/library/CMakeFiles/mbedx509.dir/x509_crl.c.obj
[747/1080] Building C object esp-idf/mbedtls/mbedtls/library/CMakeFiles/mbedx509.dir/x509.c.obj
[748/1080] Building C object esp-idf/mbedtls/mbedtls/library/CMakeFiles/mbedx509.dir/x509_csr.c.obj
[749/1080] Building C object esp-idf/mbedtls/mbedtls/library/CMakeFiles/mbedx509.dir/x509write.c.obj
[750/1080] Building C object esp-idf/mbedtls/mbedtls/library/CMakeFiles/mbedx509.dir/x509_oid.c.obj
[751/1080] Building C object esp-idf/mbedtls/mbedtls/library/CMakeFiles/mbedx509.dir/x509write_crt.c.obj
[752/1080] Building C object esp-idf/mbedtls/mbedtls/library/CMakeFiles/mbedx509.dir/x509write_csr.c.obj
[753/1080] Creating directories for 'bootloader'
[754/1080] Building C object esp-idf/mbedtls/mbedtls/library/CMakeFiles/mbedx509.dir/x509_crt.c.obj
[755/1080] No download step for 'bootloader'
[756/1080] Linking CXX static library esp-idf\mbedtls\mbedtls\library\libmbedtls.a
[757/1080] No update step for 'bootloader'
[758/1080] Linking CXX static library esp-idf\mbedtls\mbedtls\library\libmbedx509.a
[759/1080] No patch step for 'bootloader'
[760/1080] Generating x509_crt_bundle
[761/1080] Generating ../../x509_crt_bundle.S
[762/1080] Building C object esp-idf/mbedtls/CMakeFiles/__idf_mbedtls.dir/port/esp_mem.c.obj
[763/1080] Building C object esp-idf/mbedtls/CMakeFiles/__idf_mbedtls.dir/port/psa_crypto_storage/esp_psa_key_file.c.obj
[764/1080] Building ASM object esp-idf/mbedtls/CMakeFiles/__idf_mbedtls.dir/__/__/x509_crt_bundle.S.obj
[765/1080] Building C object esp-idf/mbedtls/CMakeFiles/__idf_mbedtls.dir/esp_crt_bundle/esp_crt_bundle.c.obj
[766/1080] Building C object esp-idf/esp_driver_dma/CMakeFiles/__idf_esp_driver_dma.dir/src/esp_dma_utils.c.obj
[767/1080] Building C object esp-idf/esp_driver_dma/CMakeFiles/__idf_esp_driver_dma.dir/src/gdma_link.c.obj
[768/1080] Building C object esp-idf/esp_driver_dma/CMakeFiles/__idf_esp_driver_dma.dir/src/esp_async_memcpy.c.obj
[769/1080] Linking C static library esp-idf\mbedtls\libmbedtls.a
[770/1080] Building C object esp-idf/esp_driver_dma/CMakeFiles/__idf_esp_driver_dma.dir/src/gdma.c.obj
[771/1080] Building C object esp-idf/esp_driver_dma/CMakeFiles/__idf_esp_driver_dma.dir/src/async_memcpy_gdma.c.obj
[772/1080] Building C object esp-idf/esp_mm/CMakeFiles/__idf_esp_mm.dir/port/esp32s3/ext_mem_layout.c.obj
[773/1080] Building C object esp-idf/esp_mm/CMakeFiles/__idf_esp_mm.dir/esp_cache_msync.c.obj
[774/1080] Building C object esp-idf/esp_mm/CMakeFiles/__idf_esp_mm.dir/esp_mmu_map.c.obj
[775/1080] Building C object esp-idf/esp_mm/CMakeFiles/__idf_esp_mm.dir/esp_cache_utils.c.obj
[776/1080] Linking C static library esp-idf\esp_driver_dma\libesp_driver_dma.a
[777/1080] Building C object esp-idf/esp_pm/CMakeFiles/__idf_esp_pm.dir/pm_locks.c.obj
[778/1080] Building C object esp-idf/esp_pm/CMakeFiles/__idf_esp_pm.dir/pm_trace.c.obj
[779/1080] Linking C static library esp-idf\esp_mm\libesp_mm.a
[780/1080] Building C object esp-idf/esp_pm/CMakeFiles/__idf_esp_pm.dir/pm_impl.c.obj
[781/1080] Building C object esp-idf/esp_hal_uart/CMakeFiles/__idf_esp_hal_uart.dir/uart_hal.c.obj
[782/1080] Building C object esp-idf/esp_hal_uart/CMakeFiles/__idf_esp_hal_uart.dir/uart_hal_iram.c.obj
[783/1080] Building C object esp-idf/esp_hal_uart/CMakeFiles/__idf_esp_hal_uart.dir/esp32s3/uart_periph.c.obj
[784/1080] Building C object esp-idf/esp_hal_uart/CMakeFiles/__idf_esp_hal_uart.dir/uhci_hal.c.obj
[785/1080] Linking C static library esp-idf\esp_pm\libesp_pm.a
[786/1080] Building C object esp-idf/esp_driver_gpio/CMakeFiles/__idf_esp_driver_gpio.dir/src/gpio_glitch_filter_ops.c.obj
[787/1080] Building C object esp-idf/esp_driver_gpio/CMakeFiles/__idf_esp_driver_gpio.dir/src/rtc_io.c.obj
[788/1080] Building C object esp-idf/esp_driver_gpio/CMakeFiles/__idf_esp_driver_gpio.dir/src/gpio.c.obj
[789/1080] Building C object esp-idf/esp_driver_gpio/CMakeFiles/__idf_esp_driver_gpio.dir/src/dedic_gpio.c.obj
[790/1080] Linking C static library esp-idf\esp_hal_uart\libesp_hal_uart.a
[791/1080] Building C object esp-idf/esp_driver_gpio/CMakeFiles/__idf_esp_driver_gpio.dir/src/gpio_pin_glitch_filter.c.obj
[792/1080] Building C object esp-idf/esp_security/CMakeFiles/__idf_esp_security.dir/src/init.c.obj
[793/1080] Building C object esp-idf/esp_security/CMakeFiles/__idf_esp_security.dir/src/esp_crypto_lock.c.obj
[794/1080] Building C object esp-idf/esp_security/CMakeFiles/__idf_esp_security.dir/src/esp_hmac.c.obj
[795/1080] Building C object esp-idf/esp_security/CMakeFiles/__idf_esp_security.dir/src/esp_ds.c.obj
[796/1080] Building C object esp-idf/esp_security/CMakeFiles/__idf_esp_security.dir/src/esp32s3/esp_crypto_clk.c.obj
[797/1080] Building C object esp-idf/esp_security/CMakeFiles/__idf_esp_security.dir/src/esp_crypto_periph_clk.c.obj
[798/1080] Linking C static library esp-idf\esp_driver_gpio\libesp_driver_gpio.a
[799/1080] Building C object esp-idf/efuse/CMakeFiles/__idf_efuse.dir/esp32s3/esp_efuse_table.c.obj
[800/1080] Building C object esp-idf/efuse/CMakeFiles/__idf_efuse.dir/esp32s3/esp_efuse_fields.c.obj
[801/1080] Building C object esp-idf/efuse/CMakeFiles/__idf_efuse.dir/esp32s3/esp_efuse_rtc_calib.c.obj
[802/1080] Building C object esp-idf/efuse/CMakeFiles/__idf_efuse.dir/esp32s3/esp_efuse_utility.c.obj
[803/1080] Building C object esp-idf/efuse/CMakeFiles/__idf_efuse.dir/src/esp_efuse_fields.c.obj
[804/1080] Building C object esp-idf/efuse/CMakeFiles/__idf_efuse.dir/src/esp_efuse_api.c.obj
[805/1080] Building C object esp-idf/efuse/CMakeFiles/__idf_efuse.dir/src/esp_efuse_utility.c.obj
[806/1080] Building C object esp-idf/efuse/CMakeFiles/__idf_efuse.dir/src/esp_efuse_startup.c.obj
[807/1080] Building C object esp-idf/efuse/CMakeFiles/__idf_efuse.dir/src/efuse_controller/keys/with_key_purposes/esp_efuse_api_key.c.obj
[808/1080] Linking C static library esp-idf\esp_security\libesp_security.a
[809/1080] Linking C static library esp-idf\efuse\libefuse.a
[810/1080] Building C object esp-idf/esp_partition/CMakeFiles/__idf_esp_partition.dir/partition_target.c.obj
[811/1080] Building C object esp-idf/esp_partition/CMakeFiles/__idf_esp_partition.dir/partition.c.obj
[812/1080] Building C object esp-idf/esp_bootloader_format/CMakeFiles/__idf_esp_bootloader_format.dir/esp_bootloader_desc.c.obj
[813/1080] Linking C static library esp-idf\esp_partition\libesp_partition.a
[814/1080] Building C object esp-idf/app_update/CMakeFiles/__idf_app_update.dir/esp_ota_ops.c.obj
[815/1080] Building C object esp-idf/esp_app_format/CMakeFiles/__idf_esp_app_format.dir/esp_app_desc.c.obj
[816/1080] Building C object esp-idf/esp_hal_security/CMakeFiles/__idf_esp_hal_security.dir/mpi_hal.c.obj
[817/1080] Linking C static library esp-idf\app_update\libapp_update.a
[818/1080] Building C object esp-idf/esp_hal_security/CMakeFiles/__idf_esp_hal_security.dir/sha_hal.c.obj
[819/1080] Building C object esp-idf/esp_hal_security/CMakeFiles/__idf_esp_hal_security.dir/aes_hal.c.obj
[820/1080] Linking C static library esp-idf\esp_bootloader_format\libesp_bootloader_format.a
[821/1080] Building C object esp-idf/esp_hal_security/CMakeFiles/__idf_esp_hal_security.dir/hmac_hal.c.obj
[822/1080] Building C object esp-idf/esp_hal_security/CMakeFiles/__idf_esp_hal_security.dir/ds_hal.c.obj
[823/1080] Building C object esp-idf/esp_hal_security/CMakeFiles/__idf_esp_hal_security.dir/mpu_hal.c.obj
[824/1080] Linking C static library esp-idf\esp_app_format\libesp_app_format.a
[825/1080] Building C object esp-idf/esp_hal_mspi/CMakeFiles/__idf_esp_hal_mspi.dir/spi_flash_hal.c.obj
[826/1080] Building C object esp-idf/esp_hal_mspi/CMakeFiles/__idf_esp_hal_mspi.dir/spi_flash_encrypt_hal_iram.c.obj
[827/1080] Building C object esp-idf/esp_hal_mspi/CMakeFiles/__idf_esp_hal_mspi.dir/spi_flash_hal_iram.c.obj
[828/1080] Building C object esp-idf/esp_hal_mspi/CMakeFiles/__idf_esp_hal_mspi.dir/esp32s3/mspi_periph.c.obj
[829/1080] Linking C static library esp-idf\esp_hal_security\libesp_hal_security.a
[830/1080] Building C object esp-idf/esp_hal_mspi/CMakeFiles/__idf_esp_hal_mspi.dir/spi_flash_hal_gpspi.c.obj
[831/1080] Building C object esp-idf/esp_hal_gpspi/CMakeFiles/__idf_esp_hal_gpspi.dir/esp32s3/spi_periph.c.obj
[832/1080] Building C object esp-idf/esp_hal_clock/CMakeFiles/__idf_esp_hal_clock.dir/esp32s3/clk_tree_hal.c.obj
[833/1080] Linking C static library esp-idf\esp_hal_mspi\libesp_hal_mspi.a
[834/1080] Building C object esp-idf/esp_hal_gpspi/CMakeFiles/__idf_esp_hal_gpspi.dir/spi_slave_hal.c.obj
[835/1080] Building C object esp-idf/esp_hal_gpspi/CMakeFiles/__idf_esp_hal_gpspi.dir/spi_hal.c.obj
[836/1080] Building C object esp-idf/esp_hal_gpspi/CMakeFiles/__idf_esp_hal_gpspi.dir/spi_hal_iram.c.obj
[837/1080] Building C object esp-idf/esp_hal_gpspi/CMakeFiles/__idf_esp_hal_gpspi.dir/spi_slave_hal_iram.c.obj
[838/1080] Linking C static library esp-idf\esp_hal_clock\libesp_hal_clock.a
[839/1080] Building C object esp-idf/esp_hal_gpspi/CMakeFiles/__idf_esp_hal_gpspi.dir/spi_slave_hd_hal.c.obj
[840/1080] Building C object esp-idf/esp_hal_dma/CMakeFiles/__idf_esp_hal_dma.dir/gdma_hal_top.c.obj
[841/1080] Building C object esp-idf/esp_hal_dma/CMakeFiles/__idf_esp_hal_dma.dir/esp32s3/gdma_periph.c.obj
[842/1080] Building C object esp-idf/esp_hal_dma/CMakeFiles/__idf_esp_hal_dma.dir/gdma_hal_ahb_v1.c.obj
[843/1080] Linking C static library esp-idf\esp_hal_gpspi\libesp_hal_gpspi.a
[844/1080] Building C object esp-idf/esp_stdio/CMakeFiles/__idf_esp_stdio.dir/stdio_simple.c.obj
[845/1080] Building C object esp-idf/esp_stdio/CMakeFiles/__idf_esp_stdio.dir/stdio_port.c.obj
[846/1080] Building C object esp-idf/esp_stdio/CMakeFiles/__idf_esp_stdio.dir/stdio_syscalls_simple.c.obj
[847/1080] Linking C static library esp-idf\esp_hal_dma\libesp_hal_dma.a
[848/1080] Building C object esp-idf/xtensa/CMakeFiles/__idf_xtensa.dir/eri.c.obj
[849/1080] Building C object esp-idf/esp_stdio/CMakeFiles/__idf_esp_stdio.dir/stdio_vfs.c.obj
[850/1080] Building C object esp-idf/xtensa/CMakeFiles/__idf_xtensa.dir/xt_trax.c.obj
[851/1080] Building ASM object esp-idf/xtensa/CMakeFiles/__idf_xtensa.dir/xtensa_context.S.obj
[852/1080] Building ASM object esp-idf/xtensa/CMakeFiles/__idf_xtensa.dir/xtensa_intr_asm.S.obj
[853/1080] Building ASM object esp-idf/xtensa/CMakeFiles/__idf_xtensa.dir/xtensa_vectors.S.obj
[854/1080] Building C object esp-idf/xtensa/CMakeFiles/__idf_xtensa.dir/xtensa_intr.c.obj
[855/1080] Linking C static library esp-idf\esp_stdio\libesp_stdio.a
[856/1080] Building C object esp-idf/esp_hal_sd/CMakeFiles/__idf_esp_hal_sd.dir/sdmmc_hal.c.obj
[857/1080] Building C object esp-idf/esp_hal_sd/CMakeFiles/__idf_esp_hal_sd.dir/esp32s3/sdmmc_periph.c.obj
[858/1080] Linking C static library esp-idf\xtensa\libxtensa.a
[859/1080] Linking C static library esp-idf\esp_hal_sd\libesp_hal_sd.a
[860/1080] Building C object esp-idf/sdmmc/CMakeFiles/__idf_sdmmc.dir/sdmmc_common.c.obj
[861/1080] Building C object esp-idf/sdmmc/CMakeFiles/__idf_sdmmc.dir/sdmmc_cmd.c.obj
[862/1080] Building C object esp-idf/sdmmc/CMakeFiles/__idf_sdmmc.dir/sdmmc_init.c.obj
[863/1080] Building C object esp-idf/sdmmc/CMakeFiles/__idf_sdmmc.dir/sdmmc_mmc.c.obj
[864/1080] Building C object esp-idf/sdmmc/CMakeFiles/__idf_sdmmc.dir/sdmmc_blockdev.c.obj
[865/1080] Building C object esp-idf/sdmmc/CMakeFiles/__idf_sdmmc.dir/sdmmc_sd.c.obj
[866/1080] Building C object esp-idf/sdmmc/CMakeFiles/__idf_sdmmc.dir/sd_pwr_ctrl/sd_pwr_ctrl.c.obj
[867/1080] Building C object esp-idf/sdmmc/CMakeFiles/__idf_sdmmc.dir/sdmmc_io.c.obj
[868/1080] Building C object esp-idf/esp_driver_spi/CMakeFiles/__idf_esp_driver_spi.dir/src/gpspi/spi_common.c.obj
[869/1080] Building C object esp-idf/esp_driver_spi/CMakeFiles/__idf_esp_driver_spi.dir/src/gpspi/spi_master.c.obj
[870/1080] Building C object esp-idf/esp_driver_spi/CMakeFiles/__idf_esp_driver_spi.dir/src/gpspi/spi_slave.c.obj
[871/1080] Building C object esp-idf/console/CMakeFiles/__idf_console.dir/commands.c.obj
[872/1080] Building C object esp-idf/esp_driver_spi/CMakeFiles/__idf_esp_driver_spi.dir/src/gpspi/spi_slave_hd.c.obj
[873/1080] Building C object esp-idf/console/CMakeFiles/__idf_console.dir/esp_console_common.c.obj
[874/1080] Building C object esp-idf/console/CMakeFiles/__idf_console.dir/split_argv.c.obj
[875/1080] Building C object esp-idf/console/CMakeFiles/__idf_console.dir/esp_console_repl_chip.c.obj
[876/1080] Building C object esp-idf/console/CMakeFiles/__idf_console.dir/linenoise/linenoise.c.obj
[877/1080] Building C object esp-idf/console/CMakeFiles/__idf_console.dir/esp_console_repl_internal.c.obj
[878/1080] Building C object esp-idf/console/CMakeFiles/__idf_console.dir/argtable3/arg_cmd.c.obj
[879/1080] Building C object esp-idf/console/CMakeFiles/__idf_console.dir/argtable3/arg_date.c.obj
[880/1080] Building C object esp-idf/console/CMakeFiles/__idf_console.dir/argtable3/arg_dbl.c.obj
[881/1080] Building C object esp-idf/console/CMakeFiles/__idf_console.dir/argtable3/arg_dstr.c.obj
[882/1080] Building C object esp-idf/console/CMakeFiles/__idf_console.dir/argtable3/arg_end.c.obj
[883/1080] Building C object esp-idf/console/CMakeFiles/__idf_console.dir/argtable3/arg_file.c.obj
[884/1080] Building C object esp-idf/console/CMakeFiles/__idf_console.dir/argtable3/arg_hashtable.c.obj
[885/1080] Building C object esp-idf/console/CMakeFiles/__idf_console.dir/argtable3/arg_int.c.obj
[886/1080] Building C object esp-idf/console/CMakeFiles/__idf_console.dir/argtable3/arg_lit.c.obj
[887/1080] Building C object esp-idf/console/CMakeFiles/__idf_console.dir/argtable3/arg_rem.c.obj
[888/1080] Building C object esp-idf/console/CMakeFiles/__idf_console.dir/argtable3/arg_str.c.obj
[889/1080] Building C object esp-idf/console/CMakeFiles/__idf_console.dir/argtable3/arg_rex.c.obj
[890/1080] Building C object esp-idf/console/CMakeFiles/__idf_console.dir/argtable3/arg_utils.c.obj
[891/1080] Building C object esp-idf/esp_hal_twai/CMakeFiles/__idf_esp_hal_twai.dir/esp32s3/twai_periph.c.obj
[892/1080] Building C object esp-idf/console/CMakeFiles/__idf_console.dir/argtable3/argtable3.c.obj
[893/1080] Building C object esp-idf/esp_hal_twai/CMakeFiles/__idf_esp_hal_twai.dir/twai_hal_v1.c.obj
[894/1080] Linking C static library esp-idf\sdmmc\libsdmmc.a
[895/1080] Building C object esp-idf/esp_driver_sd_intf/CMakeFiles/__idf_esp_driver_sd_intf.dir/sd_host.c.obj
[896/1080] Linking C static library esp-idf\esp_driver_spi\libesp_driver_spi.a
[897/1080] Building C object esp-idf/unity/CMakeFiles/__idf_unity.dir/unity_compat.c.obj
[898/1080] Building C object esp-idf/protobuf-c/CMakeFiles/__idf_protobuf-c.dir/protobuf-c/protobuf-c/protobuf-c.c.obj
[899/1080] Building C object esp-idf/unity/CMakeFiles/__idf_unity.dir/unity/src/unity.c.obj
[900/1080] Building C object esp-idf/unity/CMakeFiles/__idf_unity.dir/unity_runner.c.obj
[901/1080] Building C object esp-idf/unity/CMakeFiles/__idf_unity.dir/unity_utils_cache.c.obj
[902/1080] Building C object esp-idf/unity/CMakeFiles/__idf_unity.dir/unity_utils_freertos.c.obj
[903/1080] Building C object esp-idf/unity/CMakeFiles/__idf_unity.dir/unity_utils_memory.c.obj
[904/1080] Building C object esp-idf/unity/CMakeFiles/__idf_unity.dir/unity_port_esp32.c.obj
[905/1080] Building C object esp-idf/unity/CMakeFiles/__idf_unity.dir/port/esp/unity_utils_memory_esp.c.obj
[906/1080] Linking C static library esp-idf\console\libconsole.a
[907/1080] Linking C static library esp-idf\esp_hal_twai\libesp_hal_twai.a
[908/1080] Building C object esp-idf/esp_hal_cam/CMakeFiles/__idf_esp_hal_cam.dir/cam_hal.c.obj
[909/1080] Building C object esp-idf/esp_hal_cam/CMakeFiles/__idf_esp_hal_cam.dir/esp32s3/cam_periph.c.obj
[910/1080] Building C object esp-idf/esp_driver_i2c/CMakeFiles/__idf_esp_driver_i2c.dir/i2c_common.c.obj
[911/1080] Building C object esp-idf/esp_driver_i2c/CMakeFiles/__idf_esp_driver_i2c.dir/i2c_slave.c.obj
[912/1080] Building C object esp-idf/esp_hal_ledc/CMakeFiles/__idf_esp_hal_ledc.dir/ledc_hal.c.obj
[913/1080] Building C object esp-idf/esp_driver_i2c/CMakeFiles/__idf_esp_driver_i2c.dir/i2c_master.c.obj
[914/1080] Building C object esp-idf/esp_hal_ledc/CMakeFiles/__idf_esp_hal_ledc.dir/ledc_hal_iram.c.obj
[915/1080] Building C object esp-idf/esp_hal_ledc/CMakeFiles/__idf_esp_hal_ledc.dir/esp32s3/ledc_periph.c.obj
[916/1080] Building C object esp-idf/esp_hal_mcpwm/CMakeFiles/__idf_esp_hal_mcpwm.dir/esp32s3/mcpwm_periph.c.obj
[917/1080] Building C object esp-idf/esp_hal_mcpwm/CMakeFiles/__idf_esp_hal_mcpwm.dir/mcpwm_hal.c.obj
[918/1080] Building C object esp-idf/esp_hal_pcnt/CMakeFiles/__idf_esp_hal_pcnt.dir/pcnt_hal.c.obj
[919/1080] Building C object esp-idf/esp_hal_pcnt/CMakeFiles/__idf_esp_hal_pcnt.dir/esp32s3/pcnt_periph.c.obj
[920/1080] Building C object esp-idf/esp_hal_rmt/CMakeFiles/__idf_esp_hal_rmt.dir/rmt_hal.c.obj
[921/1080] Building C object esp-idf/esp_hal_rmt/CMakeFiles/__idf_esp_hal_rmt.dir/esp32s3/rmt_periph.c.obj
[922/1080] Linking C static library esp-idf\esp_driver_sd_intf\libesp_driver_sd_intf.a
[923/1080] Building C object esp-idf/esp_driver_sdmmc/CMakeFiles/__idf_esp_driver_sdmmc.dir/legacy/src/sdmmc_transaction.c.obj
[924/1080] Building C object esp-idf/esp_driver_sdmmc/CMakeFiles/__idf_esp_driver_sdmmc.dir/legacy/src/sdmmc_host.c.obj
[925/1080] Building C object esp-idf/esp_driver_sdspi/CMakeFiles/__idf_esp_driver_sdspi.dir/src/sdspi_crc.c.obj
[926/1080] Building C object esp-idf/esp_driver_sdmmc/CMakeFiles/__idf_esp_driver_sdmmc.dir/src/sd_host_sdmmc.c.obj
[927/1080] Building C object esp-idf/esp_driver_sdmmc/CMakeFiles/__idf_esp_driver_sdmmc.dir/src/sd_trans_sdmmc.c.obj
[928/1080] Building C object esp-idf/esp_driver_sdspi/CMakeFiles/__idf_esp_driver_sdspi.dir/src/sdspi_host.c.obj
[929/1080] Building C object esp-idf/esp_driver_sdspi/CMakeFiles/__idf_esp_driver_sdspi.dir/src/sdspi_transaction.c.obj
[930/1080] Building C object esp-idf/esp_driver_twai/CMakeFiles/__idf_esp_driver_twai.dir/esp_twai.c.obj
[931/1080] Building C object esp-idf/esp_hal_lcd/CMakeFiles/__idf_esp_hal_lcd.dir/lcd_hal.c.obj
[932/1080] Building C object esp-idf/esp_driver_twai/CMakeFiles/__idf_esp_driver_twai.dir/twai_frame_queue.c.obj
[933/1080] Building C object esp-idf/esp_hal_lcd/CMakeFiles/__idf_esp_hal_lcd.dir/esp32s3/lcd_periph.c.obj
[934/1080] Building C object esp-idf/esp_driver_twai/CMakeFiles/__idf_esp_driver_twai.dir/esp_twai_onchip.c.obj
[935/1080] Linking C static library esp-idf\protobuf-c\libprotobuf-c.a
[936/1080] Building C object esp-idf/protocomm/CMakeFiles/__idf_protocomm.dir/proto-c/constants.pb-c.c.obj
[937/1080] Building C object esp-idf/protocomm/CMakeFiles/__idf_protocomm.dir/src/common/protocomm.c.obj
[938/1080] Building C object esp-idf/esp_https_server/CMakeFiles/__idf_esp_https_server.dir/src/https_server.c.obj
[939/1080] Building C object esp-idf/protocomm/CMakeFiles/__idf_protocomm.dir/proto-c/sec0.pb-c.c.obj
[940/1080] Building C object esp-idf/protocomm/CMakeFiles/__idf_protocomm.dir/proto-c/sec1.pb-c.c.obj
[941/1080] Building C object esp-idf/protocomm/CMakeFiles/__idf_protocomm.dir/proto-c/sec2.pb-c.c.obj
[942/1080] Building C object esp-idf/protocomm/CMakeFiles/__idf_protocomm.dir/proto-c/session.pb-c.c.obj
[943/1080] Building C object esp-idf/protocomm/CMakeFiles/__idf_protocomm.dir/src/transports/protocomm_console.c.obj
[944/1080] Building C object esp-idf/protocomm/CMakeFiles/__idf_protocomm.dir/src/transports/protocomm_httpd.c.obj
[945/1080] Building C object esp-idf/protocomm/CMakeFiles/__idf_protocomm.dir/src/security/security2.c.obj
[946/1080] Building C object esp-idf/protocomm/CMakeFiles/__idf_protocomm.dir/src/crypto/srp6a/esp_srp_mpi.c.obj
[947/1080] Building CXX object esp-idf/wear_levelling/CMakeFiles/__idf_wear_levelling.dir/Partition.cpp.obj
[948/1080] Building C object esp-idf/protocomm/CMakeFiles/__idf_protocomm.dir/src/crypto/srp6a/esp_srp.c.obj
[949/1080] Building CXX object esp-idf/wear_levelling/CMakeFiles/__idf_wear_levelling.dir/BDL_Access.cpp.obj
[950/1080] Building CXX object esp-idf/wear_levelling/CMakeFiles/__idf_wear_levelling.dir/SPI_Flash.cpp.obj
[951/1080] Building CXX object esp-idf/wear_levelling/CMakeFiles/__idf_wear_levelling.dir/WL_Ext_Perf.cpp.obj
[952/1080] Building CXX object esp-idf/wear_levelling/CMakeFiles/__idf_wear_levelling.dir/WL_Ext_Safe.cpp.obj
[953/1080] Building CXX object esp-idf/wear_levelling/CMakeFiles/__idf_wear_levelling.dir/crc32.cpp.obj
[954/1080] Building CXX object esp-idf/wear_levelling/CMakeFiles/__idf_wear_levelling.dir/wear_levelling.cpp.obj
[955/1080] Building CXX object esp-idf/wear_levelling/CMakeFiles/__idf_wear_levelling.dir/WL_Flash.cpp.obj
[956/1080] Building CXX object esp-idf/wear_levelling/CMakeFiles/__idf_wear_levelling.dir/wl_blockdev.cpp.obj
[957/1080] Linking C static library esp-idf\unity\libunity.a
[958/1080] Building C object esp-idf/esp_driver_gptimer/CMakeFiles/__idf_esp_driver_gptimer.dir/src/gptimer_common.c.obj
[959/1080] Building C object esp-idf/esp_driver_gptimer/CMakeFiles/__idf_esp_driver_gptimer.dir/src/gptimer.c.obj
[960/1080] Building C object esp-idf/cmock/CMakeFiles/__idf_cmock.dir/CMock/src/cmock.c.obj
[961/1080] Building C object esp-idf/driver/CMakeFiles/__idf_driver.dir/touch_sensor/touch_sensor_common.c.obj
[962/1080] Performing configure step for 'bootloader'
-- Found Git: D:/ProgramFiles/Git/cmd/git.exe (found version "2.49.0.windows.1")
-- Minimal build - OFF
-- The C compiler identification is GNU 15.2.0
-- The CXX compiler identification is GNU 15.2.0
-- The ASM compiler identification is GNU
-- Found assembler: C:/Espressif/tools/xtensa-esp-elf/esp-15.2.0_20251204/xtensa-esp-elf/bin/xtensa-esp32s3-elf-gcc.exe
-- Detecting C compiler ABI info
-- Detecting C compiler ABI info - done
-- Check for working C compiler: C:/Espressif/tools/xtensa-esp-elf/esp-15.2.0_20251204/xtensa-esp-elf/bin/xtensa-esp32s3-elf-gcc.exe - skipped
-- Detecting C compile features
-- Detecting C compile features - done
-- Detecting CXX compiler ABI info
-- Detecting CXX compiler ABI info - done
-- Check for working CXX compiler: C:/Espressif/tools/xtensa-esp-elf/esp-15.2.0_20251204/xtensa-esp-elf/bin/xtensa-esp32s3-elf-g++.exe - skipped
-- Detecting CXX compile features
-- Detecting CXX compile features - done
-- Building ESP-IDF components for target esp32s3
-- KCONFIG_REPORT_VERBOSITY not set, using default
-- Project sdkconfig file E:/UnrealProjects/PoseDollLab_UE58_Design/PoseDoll_HW44_Plan/design/Firmware/PoseDollFullBody/revO/build_N1/sdkconfig
NOTE: Kconfig parser version: 1
NOTE: Kconfig defaults policy: use sdkconfig
NOTE: Status: Finished successfully
-- Compiler supported targets: xtensa-esp-elf
-- Detecting C compiler ABI info
-- Detecting C compiler ABI info - done
-- Detecting CXX compiler ABI info
-- Detecting CXX compiler ABI info - done
-- Detecting C compiler ABI info
-- Detecting C compiler ABI info - done
-- Detecting CXX compiler ABI info
-- Detecting CXX compiler ABI info - done
-- Adding linker script D:/ProgramFiles/esp/v6.1/esp-idf/components/soc/esp32s3/ld/esp32s3.peripherals.ld
-- Adding linker script D:/ProgramFiles/esp/v6.1/esp-idf/components/esp_hal_regi2c/esp32s3/rom.regi2c.ld
-- Bootloader project name: "bootloader" version: 1
-- Adding linker script D:/ProgramFiles/esp/v6.1/esp-idf/components/esp_hal_wdt/esp32s3/rom.wdt.ld
-- Adding linker script D:/ProgramFiles/esp/v6.1/esp-idf/components/esp_rom/esp32s3/ld/esp32s3.rom.ld
-- Adding linker script D:/ProgramFiles/esp/v6.1/esp-idf/components/esp_rom/esp32s3/ld/esp32s3.rom.api.ld
-- Adding linker script D:/ProgramFiles/esp/v6.1/esp-idf/components/esp_rom/esp32s3/ld/esp32s3.rom.bt_funcs.ld
-- Adding linker script D:/ProgramFiles/esp/v6.1/esp-idf/components/esp_rom/esp32s3/ld/esp32s3.rom.libgcc.ld
-- Adding linker script D:/ProgramFiles/esp/v6.1/esp-idf/components/esp_rom/esp32s3/ld/esp32s3.rom.version.ld
-- Adding linker script D:/ProgramFiles/esp/v6.1/esp-idf/components/esp_rom/esp32s3/ld/esp32s3.rom.libc.ld
-- Components: bootloader bootloader_support efuse esp_app_format esp_blockdev esp_bootloader_format esp_common esp_hal_ana_conv esp_hal_clock esp_hal_dma esp_hal_gpio esp_hal_gpspi esp_hal_mspi esp_hal_pmu esp_hal_regi2c esp_hal_rtc_timer esp_hal_security esp_hal_systimer esp_hal_timg esp_hal_uart esp_hal_usb esp_hal_wdt esp_hw_support esp_libc esp_rom esp_security esp_stdio esp_system esptool_py freertos hal log main micro-ecc partition_table soc spi_flash xtensa
-- Component paths: D:/ProgramFiles/esp/v6.1/esp-idf/components/bootloader D:/ProgramFiles/esp/v6.1/esp-idf/components/bootloader_support D:/ProgramFiles/esp/v6.1/esp-idf/components/efuse D:/ProgramFiles/esp/v6.1/esp-idf/components/esp_app_format D:/ProgramFiles/esp/v6.1/esp-idf/components/esp_blockdev D:/ProgramFiles/esp/v6.1/esp-idf/components/esp_bootloader_format D:/ProgramFiles/esp/v6.1/esp-idf/components/esp_common D:/ProgramFiles/esp/v6.1/esp-idf/components/esp_hal_ana_conv D:/ProgramFiles/esp/v6.1/esp-idf/components/esp_hal_clock D:/ProgramFiles/esp/v6.1/esp-idf/components/esp_hal_dma D:/ProgramFiles/esp/v6.1/esp-idf/components/esp_hal_gpio D:/ProgramFiles/esp/v6.1/esp-idf/components/esp_hal_gpspi D:/ProgramFiles/esp/v6.1/esp-idf/components/esp_hal_mspi D:/ProgramFiles/esp/v6.1/esp-idf/components/esp_hal_pmu D:/ProgramFiles/esp/v6.1/esp-idf/components/esp_hal_regi2c D:/ProgramFiles/esp/v6.1/esp-idf/components/esp_hal_rtc_timer D:/ProgramFiles/esp/v6.1/esp-idf/components/esp_hal_security D:/ProgramFiles/esp/v6.1/esp-idf/components/esp_hal_systimer D:/ProgramFiles/esp/v6.1/esp-idf/components/esp_hal_timg D:/ProgramFiles/esp/v6.1/esp-idf/components/esp_hal_uart D:/ProgramFiles/esp/v6.1/esp-idf/components/esp_hal_usb D:/ProgramFiles/esp/v6.1/esp-idf/components/esp_hal_wdt D:/ProgramFiles/esp/v6.1/esp-idf/components/esp_hw_support D:/ProgramFiles/esp/v6.1/esp-idf/components/esp_libc D:/ProgramFiles/esp/v6.1/esp-idf/components/esp_rom D:/ProgramFiles/esp/v6.1/esp-idf/components/esp_security D:/ProgramFiles/esp/v6.1/esp-idf/components/esp_stdio D:/ProgramFiles/esp/v6.1/esp-idf/components/esp_system D:/ProgramFiles/esp/v6.1/esp-idf/components/esptool_py D:/ProgramFiles/esp/v6.1/esp-idf/components/freertos D:/ProgramFiles/esp/v6.1/esp-idf/components/hal D:/ProgramFiles/esp/v6.1/esp-idf/components/log D:/ProgramFiles/esp/v6.1/esp-idf/components/bootloader/subproject/main D:/ProgramFiles/esp/v6.1/esp-idf/components/bootloader/subproject/components/micro-ecc D:/ProgramFiles/esp/v6.1/esp-idf/components/partition_table D:/ProgramFiles/esp/v6.1/esp-idf/components/soc D:/ProgramFiles/esp/v6.1/esp-idf/components/spi_flash D:/ProgramFiles/esp/v6.1/esp-idf/components/xtensa
-- Adding linker script D:/ProgramFiles/esp/v6.1/esp-idf/components/bootloader/subproject/main/ld/esp32s3/bootloader.memory.ld.in
--   -> Preprocessing .in script: D:/ProgramFiles/esp/v6.1/esp-idf/components/bootloader/subproject/main/ld/esp32s3/bootloader.memory.ld.in
-- Adding linker script D:/ProgramFiles/esp/v6.1/esp-idf/components/bootloader/subproject/main/ld/esp32s3/bootloader.sections.ld.in
--   -> Preprocessing .in script: D:/ProgramFiles/esp/v6.1/esp-idf/components/bootloader/subproject/main/ld/esp32s3/bootloader.sections.ld.in
-- Configuring done (14.1s)
-- Generating done (0.4s)
-- Build files have been written to: E:/UnrealProjects/PoseDollLab_UE58_Design/PoseDoll_HW44_Plan/design/Firmware/PoseDollFullBody/revO/build_N1/bootloader
[963/1080] Building C object esp-idf/driver/CMakeFiles/__idf_driver.dir/touch_sensor/esp32s3/touch_sensor.c.obj
[964/1080] Building C object esp-idf/driver/CMakeFiles/__idf_driver.dir/i2c/i2c.c.obj
[965/1080] Building C object esp-idf/esp_blockdev_util/CMakeFiles/__idf_esp_blockdev_util.dir/generic_partition.c.obj
[966/1080] Linking C static library esp-idf\esp_hal_cam\libesp_hal_cam.a
[967/1080] Building C object esp-idf/esp_blockdev_util/CMakeFiles/__idf_esp_blockdev_util.dir/memory.c.obj
[968/1080] Building C object esp-idf/driver/CMakeFiles/__idf_driver.dir/twai/twai.c.obj
[969/1080] Building C object esp-idf/esp_driver_cam/CMakeFiles/__idf_esp_driver_cam.dir/esp_cam_ctlr.c.obj
[970/1080] Building C object esp-idf/esp_driver_cam/CMakeFiles/__idf_esp_driver_cam.dir/dvp_share_ctrl.c.obj
[971/1080] Building C object esp-idf/esp_driver_cam/CMakeFiles/__idf_esp_driver_cam.dir/dvp/src/esp_cam_ctlr_dvp_gdma.c.obj
[972/1080] Linking C static library esp-idf\esp_driver_i2c\libesp_driver_i2c.a
[973/1080] Linking C static library esp-idf\esp_hal_ledc\libesp_hal_ledc.a
[974/1080] Building C object esp-idf/esp_driver_cam/CMakeFiles/__idf_esp_driver_cam.dir/dvp/src/esp_cam_ctlr_dvp_cam.c.obj
[975/1080] Linking C static library esp-idf\esp_hal_mcpwm\libesp_hal_mcpwm.a
[976/1080] Building C object esp-idf/esp_driver_mcpwm/CMakeFiles/__idf_esp_driver_mcpwm.dir/src/mcpwm_cmpr.c.obj
[977/1080] Building C object esp-idf/esp_driver_mcpwm/CMakeFiles/__idf_esp_driver_mcpwm.dir/src/mcpwm_cap.c.obj
[978/1080] Building C object esp-idf/esp_driver_mcpwm/CMakeFiles/__idf_esp_driver_mcpwm.dir/src/mcpwm_com.c.obj
[979/1080] Building C object esp-idf/esp_driver_ledc/CMakeFiles/__idf_esp_driver_ledc.dir/src/ledc.c.obj
[980/1080] Building C object esp-idf/esp_driver_mcpwm/CMakeFiles/__idf_esp_driver_mcpwm.dir/src/mcpwm_fault.c.obj
[981/1080] Building C object esp-idf/esp_driver_mcpwm/CMakeFiles/__idf_esp_driver_mcpwm.dir/src/mcpwm_gen.c.obj
[982/1080] Building C object esp-idf/esp_driver_mcpwm/CMakeFiles/__idf_esp_driver_mcpwm.dir/src/mcpwm_oper.c.obj
[983/1080] Building C object esp-idf/esp_driver_mcpwm/CMakeFiles/__idf_esp_driver_mcpwm.dir/src/mcpwm_sync.c.obj
[984/1080] Linking C static library esp-idf\esp_hal_pcnt\libesp_hal_pcnt.a
[985/1080] Linking C static library esp-idf\esp_hal_rmt\libesp_hal_rmt.a
[986/1080] Building C object esp-idf/esp_driver_mcpwm/CMakeFiles/__idf_esp_driver_mcpwm.dir/src/mcpwm_timer.c.obj
[987/1080] Building C object esp-idf/esp_driver_pcnt/CMakeFiles/__idf_esp_driver_pcnt.dir/src/pulse_cnt.c.obj
[988/1080] Building C object esp-idf/esp_driver_rmt/CMakeFiles/__idf_esp_driver_rmt.dir/src/rmt_common.c.obj
[989/1080] Building C object esp-idf/esp_driver_rmt/CMakeFiles/__idf_esp_driver_rmt.dir/src/rmt_encoder.c.obj
[990/1080] Building C object esp-idf/esp_driver_rmt/CMakeFiles/__idf_esp_driver_rmt.dir/src/rmt_encoder_bytes.c.obj
[991/1080] Building C object esp-idf/esp_driver_rmt/CMakeFiles/__idf_esp_driver_rmt.dir/src/rmt_encoder_copy.c.obj
[992/1080] Building C object esp-idf/esp_driver_rmt/CMakeFiles/__idf_esp_driver_rmt.dir/src/rmt_encoder_simple.c.obj
[993/1080] Building C object esp-idf/esp_driver_rmt/CMakeFiles/__idf_esp_driver_rmt.dir/src/rmt_rx.c.obj
[994/1080] Linking C static library esp-idf\esp_driver_sdmmc\libesp_driver_sdmmc.a
[995/1080] Building C object esp-idf/esp_driver_sdm/CMakeFiles/__idf_esp_driver_sdm.dir/src/sdm.c.obj
[996/1080] Linking C static library esp-idf\esp_driver_sdspi\libesp_driver_sdspi.a
[997/1080] Building C object esp-idf/esp_driver_rmt/CMakeFiles/__idf_esp_driver_rmt.dir/src/rmt_tx.c.obj
[998/1080] Linking C static library esp-idf\esp_driver_twai\libesp_driver_twai.a
[999/1080] Building C object esp-idf/esp_driver_touch_sens/CMakeFiles/__idf_esp_driver_touch_sens.dir/common/touch_sens_common.c.obj
[1000/1080] Building C object esp-idf/esp_driver_tsens/CMakeFiles/__idf_esp_driver_tsens.dir/src/temperature_sensor.c.obj
[1001/1080] Building C object esp-idf/esp_driver_touch_sens/CMakeFiles/__idf_esp_driver_touch_sens.dir/hw_ver2/touch_version_specific.c.obj
[1002/1080] Linking C static library esp-idf\esp_hal_lcd\libesp_hal_lcd.a
[1003/1080] Building C object esp-idf/esp_eth/CMakeFiles/__idf_esp_eth.dir/src/esp_eth_netif_glue.c.obj
[1004/1080] Building C object esp-idf/esp_eth/CMakeFiles/__idf_esp_eth.dir/src/esp_eth.c.obj
[1005/1080] Building C object esp-idf/esp_eth/CMakeFiles/__idf_esp_eth.dir/src/phy/esp_eth_phy_802_3.c.obj
[1006/1080] Building C object esp-idf/esp_hid/CMakeFiles/__idf_esp_hid.dir/src/esp_hidd.c.obj
[1007/1080] Linking C static library esp-idf\esp_https_server\libesp_https_server.a
[1008/1080] Building C object esp-idf/esp_hid/CMakeFiles/__idf_esp_hid.dir/src/esp_hid_common.c.obj
[1009/1080] Building C object esp-idf/esp_hid/CMakeFiles/__idf_esp_hid.dir/src/esp_hidh.c.obj
[1010/1080] Building C object esp-idf/esp_lcd/CMakeFiles/__idf_esp_lcd.dir/src/esp_lcd_common.c.obj
[1011/1080] Building C object esp-idf/esp_lcd/CMakeFiles/__idf_esp_lcd.dir/src/esp_lcd_panel_io.c.obj
[1012/1080] Building C object esp-idf/esp_lcd/CMakeFiles/__idf_esp_lcd.dir/src/esp_lcd_panel_ssd1306.c.obj
[1013/1080] Building C object esp-idf/esp_lcd/CMakeFiles/__idf_esp_lcd.dir/src/esp_lcd_panel_ops.c.obj
[1014/1080] Building C object esp-idf/esp_lcd/CMakeFiles/__idf_esp_lcd.dir/src/esp_lcd_panel_st7789.c.obj
[1015/1080] Building C object esp-idf/esp_lcd/CMakeFiles/__idf_esp_lcd.dir/i2c/esp_lcd_panel_io_i2c.c.obj
[1016/1080] Linking C static library esp-idf\protocomm\libprotocomm.a
[1017/1080] Building C object esp-idf/esp_lcd/CMakeFiles/__idf_esp_lcd.dir/spi/esp_lcd_panel_io_spi.c.obj
[1018/1080] Building C object esp-idf/esp_lcd/CMakeFiles/__idf_esp_lcd.dir/rgb/esp_lcd_panel_rgb.c.obj
FAILED: esp-idf/esp_lcd/CMakeFiles/__idf_esp_lcd.dir/rgb/esp_lcd_panel_rgb.c.obj 
C:\Espressif\tools\xtensa-esp-elf\esp-15.2.0_20251204\xtensa-esp-elf\bin\xtensa-esp32s3-elf-gcc.exe -DESP_PLATFORM -DIDF_VER=\"v6.1\" -DSOC_MMU_PAGE_SIZE=CONFIG_MMU_PAGE_SIZE -DSOC_XTAL_FREQ_MHZ=CONFIG_XTAL_FREQ -D_GLIBCXX_HAVE_POSIX_SEMAPHORE -D_GLIBCXX_USE_POSIX_SEMAPHORE -D_GNU_SOURCE -D_POSIX_READER_WRITER_LOCKS -IE:/UnrealProjects/PoseDollLab_UE58_Design/PoseDoll_HW44_Plan/design/Firmware/PoseDollFullBody/revO/build_N1/config -ID:/ProgramFiles/esp/v6.1/esp-idf/components/esp_lcd/include -ID:/ProgramFiles/esp/v6.1/esp-idf/components/esp_lcd/interface -ID:/ProgramFiles/esp/v6.1/esp-idf/components/esp_lcd/rgb/include -ID:/ProgramFiles/esp/v6.1/esp-idf/components/esp_lcd/priv_include -ID:/ProgramFiles/esp/v6.1/esp-idf/components/esp_libc/platform_include -ID:/ProgramFiles/esp/v6.1/esp-idf/components/freertos/config/include -ID:/ProgramFiles/esp/v6.1/esp-idf/components/freertos/config/include/freertos -ID:/ProgramFiles/esp/v6.1/esp-idf/components/freertos/config/xtensa/include -ID:/ProgramFiles/esp/v6.1/esp-idf/components/freertos/FreeRTOS-Kernel/include -ID:/ProgramFiles/esp/v6.1/esp-idf/components/freertos/FreeRTOS-Kernel/portable/xtensa/include -ID:/ProgramFiles/esp/v6.1/esp-idf/components/freertos/FreeRTOS-Kernel/portable/xtensa/include/freertos -ID:/ProgramFiles/esp/v6.1/esp-idf/components/freertos/esp_additions/include -ID:/ProgramFiles/esp/v6.1/esp-idf/components/esp_hw_support/include -ID:/ProgramFiles/esp/v6.1/esp-idf/components/esp_hw_support/include/soc -ID:/ProgramFiles/esp/v6.1/esp-idf/components/esp_hw_support/ldo/include -ID:/ProgramFiles/esp/v6.1/esp-idf/components/esp_hw_support/debug_probe/include -ID:/ProgramFiles/esp/v6.1/esp-idf/components/esp_hw_support/etm/include -ID:/ProgramFiles/esp/v6.1/esp-idf/components/esp_hw_support/mspi/mspi_timing_tuning/include -ID:/ProgramFiles/esp/v6.1/esp-idf/components/esp_hw_support/mspi/mspi_timing_tuning/tuning_scheme_impl/include -ID:/ProgramFiles/esp/v6.1/esp-idf/components/esp_hw_support/mspi/mspi_intr/include -ID:/ProgramFiles/esp/v6.1/esp-idf/components/esp_hw_support/power_supply/include -ID:/ProgramFiles/esp/v6.1/esp-idf/components/esp_hw_support/modem/include -ID:/ProgramFiles/esp/v6.1/esp-idf/components/esp_hw_support/include/soc/esp32s3 -ID:/ProgramFiles/esp/v6.1/esp-idf/components/esp_hw_support/port/esp32s3/. -ID:/ProgramFiles/esp/v6.1/esp-idf/components/esp_hw_support/port/esp32s3/include -ID:/ProgramFiles/esp/v6.1/esp-idf/components/esp_hw_support/mspi/mspi_timing_tuning/port/esp32s3/. -ID:/ProgramFiles/esp/v6.1/esp-idf/components/esp_hw_support/mspi/mspi_timing_tuning/port/esp32s3/include -ID:/ProgramFiles/esp/v6.1/esp-idf/components/heap/include -ID:/ProgramFiles/esp/v6.1/esp-idf/components/heap/tlsf -ID:/ProgramFiles/esp/v6.1/esp-idf/components/log/include -ID:/ProgramFiles/esp/v6.1/esp-idf/components/soc/include -ID:/ProgramFiles/esp/v6.1/esp-idf/components/soc/esp32s3 -ID:/ProgramFiles/esp/v6.1/esp-idf/components/soc/esp32s3/include -ID:/ProgramFiles/esp/v6.1/esp-idf/components/soc/esp32s3/register -ID:/ProgramFiles/esp/v6.1/esp-idf/components/hal/platform_port/include -ID:/ProgramFiles/esp/v6.1/esp-idf/components/hal/esp32s3/include -ID:/ProgramFiles/esp/v6.1/esp-idf/components/hal/include -ID:/ProgramFiles/esp/v6.1/esp-idf/components/esp_rom/include -ID:/ProgramFiles/esp/v6.1/esp-idf/components/esp_rom/esp32s3/include -ID:/ProgramFiles/esp/v6.1/esp-idf/components/esp_rom/esp32s3/include/esp32s3 -ID:/ProgramFiles/esp/v6.1/esp-idf/components/esp_rom/esp32s3 -ID:/ProgramFiles/esp/v6.1/esp-idf/components/esp_common/include -ID:/ProgramFiles/esp/v6.1/esp-idf/components/esp_system/include -ID:/ProgramFiles/esp/v6.1/esp-idf/components/esp_system/port/soc -ID:/ProgramFiles/esp/v6.1/esp-idf/components/esp_system/port/include/private -ID:/ProgramFiles/esp/v6.1/esp-idf/components/esp_stdio/include -ID:/ProgramFiles/esp/v6.1/esp-idf/components/xtensa/esp32s3/include -ID:/ProgramFiles/esp/v6.1/esp-idf/components/xtensa/include -ID:/ProgramFiles/esp/v6.1/esp-idf/components/xtensa/deprecated_include -ID:/ProgramFiles/esp/v6.1/esp-idf/components/esp_hal_gpio/include -ID:/ProgramFiles/esp/v6.1/esp-idf/components/esp_hal_gpio/esp32s3/include -ID:/ProgramFiles/esp/v6.1/esp-idf/components/esp_hal_usb/include -ID:/ProgramFiles/esp/v6.1/esp-idf/components/esp_hal_usb/esp32s3/include -ID:/ProgramFiles/esp/v6.1/esp-idf/components/esp_hal_pmu/include -ID:/ProgramFiles/esp/v6.1/esp-idf/components/esp_hal_pmu/esp32s3/include -ID:/ProgramFiles/esp/v6.1/esp-idf/components/esp_hal_regi2c/include -ID:/ProgramFiles/esp/v6.1/esp-idf/components/esp_hal_regi2c/esp32s3/include -ID:/ProgramFiles/esp/v6.1/esp-idf/components/esp_hal_uart/include -ID:/ProgramFiles/esp/v6.1/esp-idf/components/esp_hal_uart/esp32s3/include -ID:/ProgramFiles/esp/v6.1/esp-idf/components/esp_hal_ana_conv/include -ID:/ProgramFiles/esp/v6.1/esp-idf/components/esp_hal_ana_conv/esp32s3/include -ID:/ProgramFiles/esp/v6.1/esp-idf/components/esp_hal_dma/include -ID:/ProgramFiles/esp/v6.1/esp-idf/components/esp_hal_dma/esp32s3/include -ID:/ProgramFiles/esp/v6.1/esp-idf/components/lwip/include -ID:/ProgramFiles/esp/v6.1/esp-idf/components/lwip/include/apps -ID:/ProgramFiles/esp/v6.1/esp-idf/components/lwip/lwip/src/include -ID:/ProgramFiles/esp/v6.1/esp-idf/components/lwip/port/include -ID:/ProgramFiles/esp/v6.1/esp-idf/components/lwip/port/freertos/include -ID:/ProgramFiles/esp/v6.1/esp-idf/components/lwip/port/esp32xx/include -ID:/ProgramFiles/esp/v6.1/esp-idf/components/lwip/port/esp32xx/include/arch -ID:/ProgramFiles/esp/v6.1/esp-idf/components/lwip/port/esp32xx/include/sys -ID:/ProgramFiles/esp/v6.1/esp-idf/components/esp_driver_gpio/include -ID:/ProgramFiles/esp/v6.1/esp-idf/components/esp_driver_i2c/include -ID:/ProgramFiles/esp/v6.1/esp-idf/components/esp_hal_i2c/esp32s3/include -ID:/ProgramFiles/esp/v6.1/esp-idf/components/esp_hal_i2c/include -ID:/ProgramFiles/esp/v6.1/esp-idf/components/esp_driver_spi/include -ID:/ProgramFiles/esp/v6.1/esp-idf/components/esp_pm/include -ID:/ProgramFiles/esp/v6.1/esp-idf/components/esp_hal_gpspi/include -ID:/ProgramFiles/esp/v6.1/esp-idf/components/esp_hal_gpspi/esp32s3/include -ID:/ProgramFiles/esp/v6.1/esp-idf/components/esp_driver_dma/include -ID:/ProgramFiles/esp/v6.1/esp-idf/components/esp_driver_parlio/include -ID:/ProgramFiles/esp/v6.1/esp-idf/components/esp_hal_parlio/include -ID:/ProgramFiles/esp/v6.1/esp-idf/components/esp_hal_lcd/include -ID:/ProgramFiles/esp/v6.1/esp-idf/components/esp_hal_lcd/esp32s3/include -ID:/ProgramFiles/esp/v6.1/esp-idf/components/esp_mm/include -ID:/ProgramFiles/esp/v6.1/esp-idf/components/esp_psram/include -ID:/ProgramFiles/esp/v6.1/esp-idf/components/esp_psram/device/include -ID:/ProgramFiles/esp/v6.1/esp-idf/components/esp_psram/xip_impl/include -ID:/ProgramFiles/esp/v6.1/esp-idf/components/esp_driver_i2s/include -ID:/ProgramFiles/esp/v6.1/esp-idf/components/esp_hal_i2s/include -ID:/ProgramFiles/esp/v6.1/esp-idf/components/esp_hal_i2s/esp32s3/include @"E:/UnrealProjects/PoseDollLab_UE58_Design/PoseDoll_HW44_Plan/design/Firmware/PoseDollFullBody/revO/build_N1/toolchain/cflags" -fdiagnostics-color=always -ffunction-sections -fdata-sections -Wall -Werror -Wno-error=unused-function -Wno-error=unused-variable -Wno-error=unused-but-set-variable -Wno-error=deprecated-declarations -Wextra -Wno-error=extra -Wno-unused-parameter -Wno-sign-compare -Wno-enum-conversion -gdwarf-4 -ggdb -Og -fno-shrink-wrap -fmacro-prefix-map=E:/UnrealProjects/PoseDollLab_UE58_Design/PoseDoll_HW44_Plan/design/Firmware/PoseDollFullBody/revO=. -fmacro-prefix-map=D:/ProgramFiles/esp/v6.1/esp-idf=/IDF -fstrict-volatile-bitfields -fno-jump-tables -fno-tree-switch-conversion -std=gnu23 -Wno-old-style-declaration -fzero-init-padding-bits=all -fno-malloc-dce -MD -MT esp-idf/esp_lcd/CMakeFiles/__idf_esp_lcd.dir/rgb/esp_lcd_panel_rgb.c.obj -MF esp-idf\esp_lcd\CMakeFiles\__idf_esp_lcd.dir\rgb\esp_lcd_panel_rgb.c.obj.d -o esp-idf/esp_lcd/CMakeFiles/__idf_esp_lcd.dir/rgb/esp_lcd_panel_rgb.c.obj -c D:/ProgramFiles/esp/v6.1/esp-idf/components/esp_lcd/rgb/esp_lcd_panel_rgb.c
during RTL pass: ira
D:/ProgramFiles/esp/v6.1/esp-idf/components/esp_lcd/rgb/esp_lcd_panel_rgb.c: In function 'rgb_panel_draw_bitmap':
D:/ProgramFiles/esp/v6.1/esp-idf/components/esp_lcd/rgb/esp_lcd_panel_rgb.c:788:1: internal compiler error: Segmentation fault
  788 | }
      | ^
Please submit a full bug report, with preprocessed source (by using -freport-bug).
See <https://gcc.gnu.org/bugs/> for instructions.
[1019/1080] Building C object esp-idf/esp_lcd/CMakeFiles/__idf_esp_lcd.dir/i80/esp_lcd_panel_io_i80.c.obj
[1020/1080] Building C object esp-idf/esp_local_ctrl/CMakeFiles/__idf_esp_local_ctrl.dir/src/esp_local_ctrl_handler.c.obj
[1021/1080] Building C object esp-idf/esp_local_ctrl/CMakeFiles/__idf_esp_local_ctrl.dir/src/esp_local_ctrl.c.obj
ninja: build stopped: subcommand failed.
ninja failed with exit code 1, output of the command is in the E:\UnrealProjects\PoseDollLab_UE58_Design\PoseDoll_HW44_Plan\design\Firmware\PoseDollFullBody\revO\build_N1\log\idf_py_stderr_output_2788 and E:\UnrealProjects\PoseDollLab_UE58_Design\PoseDoll_HW44_Plan\design\Firmware\PoseDollFullBody\revO\build_N1\log\idf_py_stdout_output_2788
Executing action: all (aliases: build)
Running cmake in directory E:\UnrealProjects\PoseDollLab_UE58_Design\PoseDoll_HW44_Plan\design\Firmware\PoseDollFullBody\revO\build_N1
Executing "cmake -G Ninja -B E:\UnrealProjects\PoseDollLab_UE58_Design\PoseDoll_HW44_Plan\design\Firmware\PoseDollFullBody\revO\build_N1 -DPYTHON_DEPS_CHECKED=1 -DPYTHON=C:\Espressif\tools\python\v6.1\venv\Scripts\python.exe -DESP_PLATFORM=1 -DSDKCONFIG=E:\UnrealProjects\PoseDollLab_UE58_Design\PoseDoll_HW44_Plan\design\Firmware\PoseDollFullBody\revO/build_N1/sdkconfig -DSDKCONFIG_DEFAULTS=E:\UnrealProjects\PoseDollLab_UE58_Design\PoseDoll_HW44_Plan\design\Firmware\PoseDollFullBody\revO/sdkconfig.N1.defaults -DCCACHE_ENABLE=False E:\UnrealProjects\PoseDollLab_UE58_Design\PoseDoll_HW44_Plan\design\Firmware\PoseDollFullBody\revO"...
Running ninja in directory E:\UnrealProjects\PoseDollLab_UE58_Design\PoseDoll_HW44_Plan\design\Firmware\PoseDollFullBody\revO\build_N1
Executing "ninja -j 4 all"...
